time,open,high,low,close,bid,ask
2017-01-02 00:00:00,116.78,116.934,116.727,116.779,116.78,117.08
2017-01-02 01:00:00,116.895,116.895,116.665,116.747,116.779,117.079
2017-01-02 02:00:00,116.74,116.79,116.701,116.742,116.747,116.842
2017-01-02 03:00:00,116.716,116.786,116.634,116.749,116.742,116.795
2017-01-02 04:00:00,116.75,116.962,116.682,116.804,116.761,116.804
2017-01-02 05:00:00,116.805,116.815,116.745,116.773,116.804,116.889
2017-01-02 06:00:00,116.79,116.844,116.781,116.817,116.773,116.851
2017-01-02 07:00:00,116.821,116.876,116.817,116.847,116.814,116.896
2017-01-02 08:00:00,116.847,116.902,116.811,116.844,116.847,116.888
2017-01-02 09:00:00,116.851,117.148,116.733,117.121,116.846,116.924
2017-01-02 10:00:00,117.121,117.451,117.088,117.377,117.121,117.157
2017-01-02 11:00:00,117.377,117.431,117.28,117.407,117.377,117.401
2017-01-02 12:00:00,117.407,117.424,117.247,117.338,117.407,117.44
2017-01-02 13:00:00,117.338,117.401,117.21,117.387,117.338,117.375
2017-01-02 14:00:00,117.379,117.48,117.337,117.48,117.387,117.411
2017-01-02 15:00:00,117.47,117.495,117.234,117.323,117.48,117.501
2017-01-02 16:00:00,117.322,117.389,117.299,117.356,117.323,117.347
2017-01-02 17:00:00,117.356,117.418,117.26,117.36,117.356,117.408
2017-01-02 18:00:00,117.361,117.388,117.1,117.372,117.36,117.391
2017-01-02 19:00:00,117.352,117.399,117.172,117.345,117.372,117.425
2017-01-02 20:00:00,117.386,117.468,117.181,117.455,117.345,117.403
2017-01-02 21:00:00,117.455,117.644,117.389,117.584,117.455,117.503
2017-01-02 22:00:00,117.586,117.633,117.428,117.562,117.584,117.625
2017-01-02 23:00:00,117.452,117.651,117.45,117.478,117.562,117.633
2017-01-03 00:00:00,117.461,117.535,117.25,117.299,117.508,117.545
2017-01-03 01:00:00,117.307,117.526,117.21,117.45,117.299,117.328
2017-01-03 02:00:00,117.453,117.518,117.336,117.351,117.45,117.47
2017-01-03 03:00:00,117.351,117.42,117.278,117.384,117.351,117.368
2017-01-03 04:00:00,117.385,117.437,117.32,117.379,117.384,117.396
2017-01-03 05:00:00,117.379,117.404,117.352,117.372,117.379,117.394
2017-01-03 06:00:00,117.371,117.388,117.31,117.319,117.372,117.385
2017-01-03 07:00:00,117.319,117.367,117.284,117.336,117.319,117.333
2017-01-03 08:00:00,117.336,117.5,117.311,117.485,117.336,117.351
2017-01-03 09:00:00,117.485,117.96,117.482,117.832,117.485,117.499
2017-01-03 10:00:00,117.834,118.069,117.797,118.054,117.832,117.846
2017-01-03 11:00:00,118.054,118.196,117.984,118.147,118.054,118.068
2017-01-03 12:00:00,118.148,118.285,118.059,118.257,118.147,118.161
2017-01-03 13:00:00,118.261,118.344,118.196,118.197,118.257,118.271
2017-01-03 14:00:00,118.197,118.311,118.138,118.157,118.197,118.209
2017-01-03 15:00:00,118.156,118.274,118.144,118.18,118.157,118.173
2017-01-03 16:00:00,118.18,118.261,118.062,118.233,118.18,118.192
2017-01-03 17:00:00,118.239,118.602,117.967,118.028,118.233,118.26
2017-01-03 18:00:00,118.025,118.081,117.347,117.685,118.028,118.041
2017-01-03 19:00:00,117.687,117.712,117.395,117.43,117.685,117.699
2017-01-03 20:00:00,117.431,117.598,117.217,117.585,117.43,117.442
2017-01-03 21:00:00,117.585,117.69,117.574,117.666,117.585,117.599
2017-01-03 22:00:00,117.669,117.735,117.511,117.727,117.666,117.68
2017-01-03 23:00:00,117.729,117.77,117.636,117.731,117.727,117.741
2017-01-04 00:00:00,117.72,117.766,117.616,117.69,117.726,117.786
2017-01-04 01:00:00,117.689,117.694,117.534,117.627,117.69,117.71
2017-01-04 02:00:00,117.632,117.952,117.626,117.941,117.627,117.643
2017-01-04 03:00:00,117.94,118.182,117.866,118.136,117.941,117.955
2017-01-04 04:00:00,118.139,118.144,117.933,117.94,118.136,118.151
2017-01-04 05:00:00,117.94,118.047,117.859,117.931,117.94,117.955
2017-01-04 06:00:00,117.929,118.008,117.887,118.001,117.931,117.944
2017-01-04 07:00:00,118.001,118.157,118.0,118.074,118.001,118.012
2017-01-04 08:00:00,118.075,118.178,117.933,118.05,118.074,118.085
2017-01-04 09:00:00,118.049,118.107,117.906,117.995,118.05,118.064
2017-01-04 10:00:00,117.998,117.998,117.675,117.759,117.995,118.009
2017-01-04 11:00:00,117.758,117.774,117.516,117.683,117.759,117.775
2017-01-04 12:00:00,117.683,117.77,117.557,117.595,117.683,117.697
2017-01-04 13:00:00,117.597,117.6,117.355,117.57,117.595,117.609
2017-01-04 14:00:00,117.57,117.704,117.479,117.51,117.57,117.583
2017-01-04 15:00:00,117.507,117.636,117.393,117.511,117.51,117.522
2017-01-04 16:00:00,117.51,117.545,117.096,117.171,117.511,117.523
2017-01-04 17:00:00,117.172,117.358,117.047,117.186,117.171,117.185
2017-01-04 18:00:00,117.182,117.451,117.174,117.378,117.186,117.196
2017-01-04 19:00:00,117.378,117.401,117.226,117.378,117.378,117.39
2017-01-04 20:00:00,117.379,117.454,117.329,117.398,117.378,117.391
2017-01-04 21:00:00,117.398,117.749,117.094,117.593,117.398,117.418
2017-01-04 22:00:00,117.598,117.61,117.322,117.363,117.593,117.607
2017-01-04 23:00:00,117.364,117.367,117.192,117.214,117.363,117.378
2017-01-05 00:00:00,117.215,117.276,117.116,117.265,117.227,117.282
2017-01-05 01:00:00,117.265,117.425,117.105,117.128,117.265,117.285
2017-01-05 02:00:00,117.129,117.13,116.296,116.357,117.128,117.143
2017-01-05 03:00:00,116.369,116.716,116.322,116.531,116.357,116.373
2017-01-05 04:00:00,116.533,116.652,116.388,116.516,116.531,116.544
2017-01-05 05:00:00,116.517,116.528,116.278,116.461,116.516,116.53
2017-01-05 06:00:00,116.461,116.556,116.34,116.391,116.461,116.477
2017-01-05 07:00:00,116.391,116.53,116.072,116.474,116.391,116.404
2017-01-05 08:00:00,116.474,116.489,115.572,115.739,116.474,116.49
2017-01-05 09:00:00,115.738,116.058,115.647,115.944,115.739,115.754
2017-01-05 10:00:00,115.943,116.48,115.67,116.333,115.944,115.953
2017-01-05 11:00:00,116.332,116.709,116.238,116.606,116.333,116.345
2017-01-05 12:00:00,116.605,116.788,116.422,116.746,116.606,116.621
2017-01-05 13:00:00,116.746,116.746,116.513,116.658,116.746,116.756
2017-01-05 14:00:00,116.66,116.765,116.414,116.532,116.658,116.67
2017-01-05 15:00:00,116.531,116.639,115.963,116.159,116.532,116.545
2017-01-05 16:00:00,116.16,116.173,115.877,116.01,116.159,116.171
2017-01-05 17:00:00,115.996,116.105,115.246,115.485,116.01,116.033
2017-01-05 18:00:00,115.487,115.57,115.213,115.462,115.485,115.497
2017-01-05 19:00:00,115.46,115.547,115.366,115.4,115.462,115.476
2017-01-05 20:00:00,115.4,115.67,115.334,115.528,115.4,115.412
2017-01-05 21:00:00,115.528,115.709,115.496,115.579,115.528,115.542
2017-01-05 22:00:00,115.58,115.688,115.544,115.561,115.579,115.592
2017-01-05 23:00:00,115.56,115.572,115.278,115.339,115.561,115.574
2017-01-06 00:00:00,115.328,115.473,115.281,115.434,115.319,115.388
2017-01-06 01:00:00,115.434,115.481,115.065,115.337,115.434,115.453
2017-01-06 02:00:00,115.337,115.756,115.237,115.722,115.337,115.356
2017-01-06 03:00:00,115.721,116.13,115.701,115.915,115.722,115.736
2017-01-06 04:00:00,115.913,115.978,115.716,115.781,115.915,115.925
2017-01-06 05:00:00,115.781,115.906,115.673,115.77,115.781,115.793
2017-01-06 06:00:00,115.77,115.94,115.658,115.935,115.77,115.784
2017-01-06 07:00:00,115.935,115.994,115.849,115.926,115.935,115.949
2017-01-06 08:00:00,115.925,116.245,115.768,116.181,115.926,115.938
2017-01-06 09:00:00,116.181,116.389,116.106,116.256,116.181,116.195
2017-01-06 10:00:00,116.256,116.276,116.057,116.058,116.256,116.266
2017-01-06 11:00:00,116.059,116.12,115.859,115.966,116.058,116.071
2017-01-06 12:00:00,115.964,116.02,115.755,115.764,115.966,115.977
2017-01-06 13:00:00,115.764,116.026,115.764,116.003,115.764,115.777
2017-01-06 14:00:00,116.0,116.152,116.0,116.12,116.003,116.014
2017-01-06 15:00:00,116.12,116.678,115.701,116.574,116.12,116.13
2017-01-06 16:00:00,116.575,116.749,116.307,116.57,116.574,116.587
2017-01-06 17:00:00,116.572,116.637,116.369,116.488,116.57,116.6
2017-01-06 18:00:00,116.486,116.963,116.427,116.852,116.488,116.498
2017-01-06 19:00:00,116.853,116.995,116.829,116.87,116.852,116.865
2017-01-06 20:00:00,116.87,117.175,116.777,117.164,116.87,116.883
2017-01-06 21:00:00,117.166,117.169,116.986,117.011,117.164,117.177
2017-01-06 22:00:00,117.011,117.058,116.946,117.011,117.011,117.024
2017-01-06 23:00:00,117.011,117.039,116.917,116.942,117.011,117.026
2017-01-09 00:00:00,116.993,117.176,116.986,117.165,116.994,117.031
2017-01-09 01:00:00,117.163,117.229,117.091,117.145,117.165,117.185
2017-01-09 02:00:00,117.149,117.339,117.108,117.177,117.145,117.16
2017-01-09 03:00:00,117.177,117.312,117.14,117.215,117.177,117.191
2017-01-09 04:00:00,117.215,117.316,117.182,117.306,117.215,117.229
2017-01-09 05:00:00,117.308,117.433,117.273,117.38,117.306,117.319
2017-01-09 06:00:00,117.38,117.496,117.357,117.49,117.38,117.393
2017-01-09 07:00:00,117.49,117.528,117.401,117.459,117.49,117.502
2017-01-09 08:00:00,117.459,117.506,117.33,117.378,117.459,117.472
2017-01-09 09:00:00,117.376,117.443,117.264,117.389,117.378,117.392
2017-01-09 10:00:00,117.388,117.388,117.101,117.138,117.389,117.403
2017-01-09 11:00:00,117.138,117.171,116.859,117.065,117.138,117.15
2017-01-09 12:00:00,117.065,117.185,116.995,117.04,117.065,117.078
2017-01-09 13:00:00,117.04,117.077,116.628,116.749,117.04,117.054
2017-01-09 14:00:00,116.749,116.791,116.597,116.676,116.749,116.761
2017-01-09 15:00:00,116.675,116.696,116.408,116.51,116.676,116.687
2017-01-09 16:00:00,116.508,116.532,116.144,116.41,116.51,116.523
2017-01-09 17:00:00,116.411,116.553,116.224,116.467,116.41,116.422
2017-01-09 18:00:00,116.466,116.512,115.949,116.078,116.467,116.477
2017-01-09 19:00:00,116.079,116.27,116.023,116.167,116.078,116.092
2017-01-09 20:00:00,116.167,116.279,116.077,116.275,116.167,116.179
2017-01-09 21:00:00,116.276,116.287,116.04,116.052,116.275,116.288
2017-01-09 22:00:00,116.057,116.186,115.994,116.027,116.052,116.065
2017-01-09 23:00:00,116.033,116.095,115.988,116.005,116.027,116.04
2017-01-10 00:00:00,115.999,115.999,115.65,115.912,115.919,115.944
2017-01-10 01:00:00,115.914,116.088,115.882,115.982,115.912,115.933
2017-01-10 02:00:00,115.982,116.085,115.809,116.022,115.982,115.997
2017-01-10 03:00:00,116.022,116.132,115.843,116.109,116.022,116.035
2017-01-10 04:00:00,116.11,116.205,115.479,115.623,116.109,116.122
2017-01-10 05:00:00,115.626,115.699,115.192,115.341,115.623,115.632
2017-01-10 06:00:00,115.344,115.482,115.273,115.46,115.341,115.354
2017-01-10 07:00:00,115.458,115.677,115.443,115.572,115.46,115.474
2017-01-10 08:00:00,115.575,115.793,115.382,115.755,115.572,115.584
2017-01-10 09:00:00,115.754,115.911,115.634,115.831,115.755,115.768
2017-01-10 10:00:00,115.831,115.978,115.685,115.708,115.831,115.843
2017-01-10 11:00:00,115.708,116.076,115.708,115.996,115.708,115.72
2017-01-10 12:00:00,115.995,116.066,115.751,115.811,115.996,116.008
2017-01-10 13:00:00,115.81,116.019,115.806,115.935,115.811,115.821
2017-01-10 14:00:00,115.935,116.304,115.857,116.202,115.935,115.947
2017-01-10 15:00:00,116.203,116.34,116.052,116.07,116.202,116.215
2017-01-10 16:00:00,116.071,116.176,115.443,115.621,116.07,116.084
2017-01-10 17:00:00,115.62,115.8,115.405,115.433,115.621,115.632
2017-01-10 18:00:00,115.434,115.77,115.277,115.757,115.433,115.444
2017-01-10 19:00:00,115.757,116.06,115.682,115.834,115.757,115.771
2017-01-10 20:00:00,115.84,115.912,115.702,115.714,115.834,115.846
2017-01-10 21:00:00,115.715,115.811,115.646,115.751,115.714,115.729
2017-01-10 22:00:00,115.753,115.795,115.614,115.628,115.751,115.766
2017-01-10 23:00:00,115.629,115.77,115.629,115.759,115.628,115.64
2017-01-11 00:00:00,115.743,115.838,115.724,115.826,115.751,115.783
2017-01-11 01:00:00,115.826,115.884,115.792,115.868,115.826,115.841
2017-01-11 02:00:00,115.867,115.95,115.664,115.913,115.868,115.88
2017-01-11 03:00:00,115.912,116.111,115.82,115.955,115.913,115.928
2017-01-11 04:00:00,115.956,116.238,115.931,116.144,115.955,115.967
2017-01-11 05:00:00,116.146,116.16,115.936,116.011,116.144,116.155
2017-01-11 06:00:00,116.011,116.163,115.97,116.064,116.011,116.025
2017-01-11 07:00:00,116.064,116.154,115.954,115.959,116.064,116.079
2017-01-11 08:00:00,115.959,116.095,115.845,115.92,115.959,115.971
2017-01-11 09:00:00,115.92,116.144,115.873,116.048,115.92,115.934
2017-01-11 10:00:00,116.048,116.144,115.811,115.958,116.048,116.061
2017-01-11 11:00:00,115.958,116.201,115.935,116.165,115.958,115.972
2017-01-11 12:00:00,116.163,116.46,116.149,116.337,116.165,116.177
2017-01-11 13:00:00,116.337,116.366,116.201,116.244,116.337,116.349
2017-01-11 14:00:00,116.244,116.379,116.1,116.25,116.244,116.255
2017-01-11 15:00:00,116.249,116.323,116.057,116.118,116.25,116.263
2017-01-11 16:00:00,116.118,116.597,116.095,116.568,116.118,116.13
2017-01-11 17:00:00,116.568,116.852,116.568,116.572,116.568,116.58
2017-01-11 18:00:00,116.572,116.87,115.707,116.278,116.572,116.586
2017-01-11 19:00:00,116.27,116.58,115.242,115.373,116.278,116.29
2017-01-11 20:00:00,115.373,115.443,114.239,114.99,115.373,115.389
2017-01-11 21:00:00,114.99,115.544,114.84,115.412,114.99,115.008
2017-01-11 22:00:00,115.412,115.622,115.387,115.423,115.412,115.426
2017-01-11 23:00:00,115.422,115.432,115.246,115.399,115.423,115.437
2017-01-12 00:00:00,115.401,115.502,115.284,115.396,115.364,115.424
2017-01-12 01:00:00,115.394,115.409,114.965,115.092,115.396,115.42
2017-01-12 02:00:00,115.092,115.232,114.862,115.123,115.092,115.106
2017-01-12 03:00:00,115.124,115.193,114.974,115.077,115.123,115.136
2017-01-12 04:00:00,115.08,115.096,114.611,114.791,115.077,115.094
2017-01-12 05:00:00,114.79,114.84,114.376,114.432,114.791,114.805
2017-01-12 06:00:00,114.435,114.718,114.395,114.637,114.432,114.446
2017-01-12 07:00:00,114.637,114.763,114.4,114.4,114.637,114.65
2017-01-12 08:00:00,114.4,114.637,114.177,114.259,114.4,114.412
2017-01-12 09:00:00,114.259,114.526,114.259,114.312,114.259,114.274
2017-01-12 10:00:00,114.312,114.413,113.75,113.989,114.312,114.325
2017-01-12 11:00:00,113.989,114.192,113.898,114.039,113.989,114.004
2017-01-12 12:00:00,114.038,114.404,114.018,114.19,114.039,114.055
2017-01-12 13:00:00,114.19,114.364,114.106,114.288,114.19,114.203
2017-01-12 14:00:00,114.288,114.319,113.914,114.036,114.288,114.3
2017-01-12 15:00:00,114.035,114.529,113.9,114.364,114.036,114.049
2017-01-12 16:00:00,114.365,114.516,114.148,114.236,114.364,114.377
2017-01-12 17:00:00,114.237,114.272,113.826,114.033,114.236,114.249
2017-01-12 18:00:00,114.033,114.113,113.8,113.873,114.033,114.046
2017-01-12 19:00:00,113.873,114.092,113.858,114.031,113.873,113.886
2017-01-12 20:00:00,114.029,114.387,114.003,114.281,114.031,114.044
2017-01-12 21:00:00,114.28,114.675,114.223,114.663,114.281,114.295
2017-01-12 22:00:00,114.661,114.777,114.542,114.565,114.663,114.674
2017-01-12 23:00:00,114.566,114.782,114.555,114.703,114.565,114.577
2017-01-13 00:00:00,114.674,114.746,114.543,114.735,114.708,114.724
2017-01-13 01:00:00,114.735,114.784,114.645,114.666,114.735,114.757
2017-01-13 02:00:00,114.667,115.084,114.572,115.046,114.666,114.687
2017-01-13 03:00:00,115.046,115.111,114.846,114.946,115.046,115.058
2017-01-13 04:00:00,114.946,115.151,114.812,115.115,114.946,114.961
2017-01-13 05:00:00,115.116,115.179,115.004,115.066,115.115,115.129
2017-01-13 06:00:00,115.066,115.103,114.931,114.938,115.066,115.079
2017-01-13 07:00:00,114.937,115.067,114.937,114.973,114.938,114.952
2017-01-13 08:00:00,114.976,115.051,114.72,114.721,114.973,114.988
2017-01-13 09:00:00,114.723,114.806,114.583,114.695,114.721,114.737
2017-01-13 10:00:00,114.694,114.779,114.536,114.732,114.695,114.707
2017-01-13 11:00:00,114.732,114.866,114.558,114.634,114.732,114.745
2017-01-13 12:00:00,114.635,114.727,114.517,114.722,114.634,114.647
2017-01-13 13:00:00,114.722,114.727,114.547,114.666,114.722,114.736
2017-01-13 14:00:00,114.664,114.687,114.374,114.47,114.666,114.675
2017-01-13 15:00:00,114.47,114.951,114.154,114.804,114.47,114.484
2017-01-13 16:00:00,114.803,115.362,114.707,115.295,114.804,114.816
2017-01-13 17:00:00,115.296,115.44,114.959,114.991,115.295,115.318
2017-01-13 18:00:00,114.991,115.23,114.942,115.019,114.991,115.003
2017-01-13 19:00:00,115.021,115.07,114.638,114.767,115.019,115.033
2017-01-13 20:00:00,114.766,114.768,114.539,114.625,114.767,114.781
2017-01-13 21:00:00,114.625,114.634,114.32,114.465,114.625,114.636
2017-01-13 22:00:00,114.465,114.664,114.408,114.572,114.465,114.478
2017-01-13 23:00:00,114.571,114.58,114.338,114.338,114.572,114.586
2017-01-16 00:00:00,114.221,114.462,114.221,114.407,114.334,114.379
2017-01-16 01:00:00,114.408,114.453,114.088,114.217,114.407,114.439
2017-01-16 02:00:00,114.217,114.41,114.185,114.334,114.217,114.235
2017-01-16 03:00:00,114.334,114.448,114.268,114.316,114.334,114.347
2017-01-16 04:00:00,114.318,114.372,113.968,114.087,114.316,114.329
2017-01-16 05:00:00,114.087,114.23,114.036,114.135,114.087,114.1
2017-01-16 06:00:00,114.135,114.313,114.118,114.121,114.135,114.15
2017-01-16 07:00:00,114.121,114.209,113.935,114.012,114.121,114.135
2017-01-16 08:00:00,114.011,114.052,113.617,113.817,114.012,114.025
2017-01-16 09:00:00,113.818,114.1,113.767,114.08,113.817,113.831
2017-01-16 10:00:00,114.079,114.227,113.952,114.218,114.08,114.089
2017-01-16 11:00:00,114.218,114.386,114.186,114.25,114.218,114.232
2017-01-16 12:00:00,114.25,114.289,114.106,114.266,114.25,114.263
2017-01-16 13:00:00,114.266,114.295,114.071,114.093,114.266,114.28
2017-01-16 14:00:00,114.094,114.212,114.052,114.136,114.093,114.106
2017-01-16 15:00:00,114.138,114.175,114.08,114.15,114.136,114.149
2017-01-16 16:00:00,114.151,114.181,113.958,113.99,114.15,114.162
2017-01-16 17:00:00,113.99,114.151,113.929,114.09,113.99,114.001
2017-01-16 18:00:00,114.091,114.209,114.003,114.098,114.09,114.102
2017-01-16 19:00:00,114.098,114.18,114.094,114.107,114.098,114.11
2017-01-16 20:00:00,114.107,114.196,114.107,114.155,114.107,114.121
2017-01-16 21:00:00,114.153,114.212,114.061,114.115,114.155,114.169
2017-01-16 22:00:00,114.117,114.201,114.099,114.132,114.115,114.168
2017-01-16 23:00:00,114.131,114.2,114.091,114.174,114.132,114.156
2017-01-17 00:00:00,114.174,114.202,114.047,114.069,114.151,114.221
2017-01-17 01:00:00,114.067,114.199,114.054,114.156,114.069,114.098
2017-01-17 02:00:00,114.157,114.163,113.824,114.08,114.156,114.172
2017-01-17 03:00:00,114.079,114.279,114.04,114.204,114.08,114.095
2017-01-17 04:00:00,114.208,114.209,113.991,114.01,114.204,114.217
2017-01-17 05:00:00,114.01,114.137,113.929,114.034,114.01,114.023
2017-01-17 06:00:00,114.035,114.09,113.766,113.882,114.034,114.046
2017-01-17 07:00:00,113.884,113.884,113.381,113.381,113.882,113.894
2017-01-17 08:00:00,113.381,113.504,113.287,113.291,113.381,113.395
2017-01-17 09:00:00,113.292,113.569,113.246,113.286,113.291,113.305
2017-01-17 10:00:00,113.288,113.304,113.071,113.216,113.286,113.299
2017-01-17 11:00:00,113.211,113.226,112.997,113.026,113.216,113.226
2017-01-17 12:00:00,113.024,113.293,113.023,113.064,113.026,113.036
2017-01-17 13:00:00,113.063,113.252,112.723,113.037,113.064,113.077
2017-01-17 14:00:00,113.04,113.58,112.909,113.528,113.037,113.052
2017-01-17 15:00:00,113.527,113.567,113.098,113.111,113.528,113.542
2017-01-17 16:00:00,113.112,113.239,112.911,112.957,113.111,113.124
2017-01-17 17:00:00,112.954,113.191,112.877,113.0,112.957,112.969
2017-01-17 18:00:00,113.004,113.067,112.676,112.955,113.0,113.014
2017-01-17 19:00:00,112.955,113.032,112.895,112.929,112.955,112.967
2017-01-17 20:00:00,112.929,113.105,112.922,112.937,112.929,112.943
2017-01-17 21:00:00,112.936,112.936,112.625,112.657,112.937,112.95
2017-01-17 22:00:00,112.657,112.782,112.624,112.65,112.657,112.67
2017-01-17 23:00:00,112.648,112.748,112.591,112.609,112.65,112.663
2017-01-18 00:00:00,112.611,112.782,112.566,112.781,112.596,112.625
2017-01-18 01:00:00,112.786,112.935,112.682,112.889,112.781,112.804
2017-01-18 02:00:00,112.893,112.986,112.653,112.696,112.889,112.906
2017-01-18 03:00:00,112.696,113.086,112.638,112.954,112.696,112.71
2017-01-18 04:00:00,112.956,113.134,112.956,113.049,112.954,112.966
2017-01-18 05:00:00,113.048,113.116,112.929,113.037,113.049,113.061
2017-01-18 06:00:00,113.037,113.113,112.951,113.041,113.037,113.048
2017-01-18 07:00:00,113.04,113.369,112.993,113.3,113.041,113.051
2017-01-18 08:00:00,113.3,113.352,113.204,113.279,113.3,113.313
2017-01-18 09:00:00,113.275,113.434,113.238,113.323,113.279,113.295
2017-01-18 10:00:00,113.322,113.355,113.078,113.322,113.323,113.336
2017-01-18 11:00:00,113.322,113.349,113.216,113.224,113.322,113.331
2017-01-18 12:00:00,113.225,113.46,113.138,113.383,113.224,113.239
2017-01-18 13:00:00,113.387,113.491,113.354,113.359,113.383,113.396
2017-01-18 14:00:00,113.359,113.494,113.298,113.493,113.359,113.372
2017-01-18 15:00:00,113.492,113.636,113.37,113.473,113.493,113.505
2017-01-18 16:00:00,113.472,113.491,113.2,113.338,113.473,113.487
2017-01-18 17:00:00,113.338,113.457,113.18,113.24,113.338,113.352
2017-01-18 18:00:00,113.238,113.513,113.228,113.381,113.24,113.254
2017-01-18 19:00:00,113.38,113.476,113.328,113.406,113.381,113.393
2017-01-18 20:00:00,113.405,113.676,113.4,113.614,113.406,113.418
2017-01-18 21:00:00,113.614,113.705,113.57,113.578,113.614,113.628
2017-01-18 22:00:00,113.579,114.376,113.579,114.298,113.578,113.593
2017-01-18 23:00:00,114.294,114.754,114.292,114.631,114.298,114.31
2017-01-19 00:00:00,114.63,114.63,114.483,114.544,114.628,114.666
2017-01-19 01:00:00,114.543,114.835,114.493,114.704,114.544,114.563
2017-01-19 02:00:00,114.704,114.889,114.544,114.792,114.704,114.719
2017-01-19 03:00:00,114.791,114.886,114.665,114.78,114.792,114.805
2017-01-19 04:00:00,114.78,114.812,114.576,114.64,114.78,114.793
2017-01-19 05:00:00,114.641,114.689,114.438,114.611,114.64,114.655
2017-01-19 06:00:00,114.61,114.61,114.444,114.495,114.611,114.623
2017-01-19 07:00:00,114.495,114.726,114.474,114.564,114.495,114.505
2017-01-19 08:00:00,114.57,114.681,114.507,114.594,114.564,114.575
2017-01-19 09:00:00,114.593,114.958,114.531,114.826,114.594,114.609
2017-01-19 10:00:00,114.826,114.966,114.602,114.629,114.826,114.838
2017-01-19 11:00:00,114.629,114.668,114.397,114.545,114.629,114.642
2017-01-19 12:00:00,114.545,114.741,114.48,114.67,114.545,114.558
2017-01-19 13:00:00,114.67,114.76,114.561,114.563,114.67,114.682
2017-01-19 14:00:00,114.562,114.738,114.537,114.562,114.563,114.575
2017-01-19 15:00:00,114.563,115.075,114.509,114.947,114.562,114.575
2017-01-19 16:00:00,114.947,115.524,114.871,115.493,114.947,114.96
2017-01-19 17:00:00,115.489,115.509,115.132,115.314,115.493,115.502
2017-01-19 18:00:00,115.325,115.325,115.066,115.295,115.314,115.323
2017-01-19 19:00:00,115.292,115.616,115.271,115.404,115.295,115.305
2017-01-19 20:00:00,115.404,115.463,115.167,115.272,115.404,115.415
2017-01-19 21:00:00,115.278,115.288,114.771,114.788,115.272,115.281
2017-01-19 22:00:00,114.787,114.878,114.67,114.792,114.788,114.801
2017-01-19 23:00:00,114.797,114.857,114.779,114.842,114.792,114.806
2017-01-20 00:00:00,114.838,115.097,114.786,115.047,114.838,114.892
2017-01-20 01:00:00,115.049,115.077,114.921,114.933,115.047,115.07
2017-01-20 02:00:00,114.932,115.13,114.866,115.097,114.933,114.947
2017-01-20 03:00:00,115.096,115.103,114.579,114.682,115.097,115.11
2017-01-20 04:00:00,114.691,114.765,114.555,114.736,114.682,114.697
2017-01-20 05:00:00,114.736,114.738,114.529,114.598,114.736,114.749
2017-01-20 06:00:00,114.602,114.758,114.599,114.722,114.598,114.609
2017-01-20 07:00:00,114.723,114.871,114.718,114.82,114.722,114.735
2017-01-20 08:00:00,114.82,114.821,114.574,114.627,114.82,114.831
2017-01-20 09:00:00,114.627,114.844,114.556,114.789,114.627,114.643
2017-01-20 10:00:00,114.79,115.003,114.634,114.985,114.789,114.803
2017-01-20 11:00:00,114.987,115.146,114.833,115.092,114.985,114.996
2017-01-20 12:00:00,115.093,115.292,115.032,115.177,115.092,115.104
2017-01-20 13:00:00,115.174,115.382,115.137,115.25,115.177,115.19
2017-01-20 14:00:00,115.248,115.313,115.044,115.239,115.25,115.262
2017-01-20 15:00:00,115.238,115.251,114.892,114.914,115.239,115.251
2017-01-20 16:00:00,114.915,115.236,114.88,115.201,114.914,114.927
2017-01-20 17:00:00,115.201,115.211,114.793,115.025,115.201,115.214
2017-01-20 18:00:00,115.028,115.272,114.962,115.036,115.025,115.039
2017-01-20 19:00:00,115.038,115.194,114.591,114.879,115.036,115.049
2017-01-20 20:00:00,114.882,114.984,114.728,114.738,114.879,114.893
2017-01-20 21:00:00,114.738,114.77,114.206,114.3,114.738,114.751
2017-01-20 22:00:00,114.3,114.612,114.29,114.482,114.3,114.317
2017-01-20 23:00:00,114.483,114.622,114.464,114.464,114.482,114.495
2017-01-23 00:00:00,114.313,114.414,114.311,114.389,114.582,114.63
2017-01-23 01:00:00,114.389,114.391,113.755,113.807,114.389,114.406
2017-01-23 02:00:00,113.807,113.956,113.721,113.89,113.807,113.818
2017-01-23 03:00:00,113.891,113.972,113.618,113.638,113.89,113.905
2017-01-23 04:00:00,113.638,113.663,113.435,113.62,113.638,113.65
2017-01-23 05:00:00,113.62,113.65,113.48,113.618,113.62,113.63
2017-01-23 06:00:00,113.618,113.75,113.544,113.742,113.618,113.629
2017-01-23 07:00:00,113.742,113.759,113.332,113.341,113.742,113.755
2017-01-23 08:00:00,113.336,113.408,113.164,113.352,113.341,113.353
2017-01-23 09:00:00,113.358,113.538,113.193,113.481,113.352,113.366
2017-01-23 10:00:00,113.479,113.651,113.358,113.646,113.481,113.494
2017-01-23 11:00:00,113.646,113.723,113.578,113.625,113.646,113.659
2017-01-23 12:00:00,113.625,113.625,113.39,113.545,113.625,113.638
2017-01-23 13:00:00,113.547,113.782,113.546,113.669,113.545,113.558
2017-01-23 14:00:00,113.67,113.681,113.359,113.402,113.669,113.681
2017-01-23 15:00:00,113.405,113.647,113.306,113.377,113.402,113.413
2017-01-23 16:00:00,113.377,114.073,113.287,113.747,113.377,113.387
2017-01-23 17:00:00,113.748,113.748,112.949,112.97,113.747,113.763
2017-01-23 18:00:00,112.971,113.229,112.749,112.893,112.97,112.981
2017-01-23 19:00:00,112.891,113.152,112.766,113.056,112.893,112.905
2017-01-23 20:00:00,113.055,113.23,112.991,113.104,113.056,113.07
2017-01-23 21:00:00,113.102,113.121,112.893,112.997,113.104,113.117
2017-01-23 22:00:00,112.997,113.147,112.94,113.142,112.997,113.011
2017-01-23 23:00:00,113.145,113.145,112.68,112.686,113.142,113.156
2017-01-24 00:00:00,112.679,112.766,112.529,112.54,112.676,112.714
2017-01-24 01:00:00,112.552,112.81,112.519,112.781,112.54,112.558
2017-01-24 02:00:00,112.788,112.93,112.74,112.771,112.781,112.795
2017-01-24 03:00:00,112.775,113.129,112.774,112.951,112.771,112.784
2017-01-24 04:00:00,112.951,112.977,112.762,112.792,112.951,112.963
2017-01-24 05:00:00,112.792,112.858,112.551,112.713,112.792,112.805
2017-01-24 06:00:00,112.716,113.049,112.687,112.979,112.713,112.724
2017-01-24 07:00:00,112.979,113.024,112.775,112.893,112.979,112.99
2017-01-24 08:00:00,112.894,113.218,112.846,113.147,112.893,112.902
2017-01-24 09:00:00,113.147,113.432,112.988,113.36,113.147,113.158
2017-01-24 10:00:00,113.36,113.378,113.211,113.227,113.36,113.37
2017-01-24 11:00:00,113.227,113.399,113.177,113.243,113.227,113.242
2017-01-24 12:00:00,113.243,113.464,113.216,113.433,113.243,113.255
2017-01-24 13:00:00,113.434,113.472,113.251,113.273,113.433,113.447
2017-01-24 14:00:00,113.273,113.408,113.242,113.378,113.273,113.284
2017-01-24 15:00:00,113.379,113.451,113.159,113.307,113.378,113.389
2017-01-24 16:00:00,113.306,113.32,113.059,113.103,113.307,113.32
2017-01-24 17:00:00,113.106,113.369,112.897,113.304,113.103,113.123
2017-01-24 18:00:00,113.305,113.628,113.212,113.62,113.304,113.313
2017-01-24 19:00:00,113.62,113.655,113.481,113.552,113.62,113.631
2017-01-24 20:00:00,113.552,113.797,113.552,113.729,113.552,113.564
2017-01-24 21:00:00,113.732,113.886,113.732,113.846,113.729,113.742
2017-01-24 22:00:00,113.848,113.891,113.734,113.756,113.846,113.86
2017-01-24 23:00:00,113.757,113.819,113.751,113.789,113.756,113.77
2017-01-25 00:00:00,113.747,113.881,113.737,113.855,113.751,113.784
2017-01-25 01:00:00,113.856,113.985,113.823,113.859,113.855,113.872
2017-01-25 02:00:00,113.857,113.979,113.666,113.7,113.859,113.873
2017-01-25 03:00:00,113.701,113.815,113.485,113.614,113.7,113.712
2017-01-25 04:00:00,113.615,113.64,113.374,113.499,113.614,113.626
2017-01-25 05:00:00,113.499,113.587,113.422,113.54,113.499,113.511
2017-01-25 06:00:00,113.54,113.572,113.409,113.558,113.54,113.553
2017-01-25 07:00:00,113.558,113.674,113.535,113.612,113.558,113.572
2017-01-25 08:00:00,113.616,113.72,113.595,113.665,113.612,113.621
2017-01-25 09:00:00,113.665,113.773,113.448,113.54,113.665,113.68
2017-01-25 10:00:00,113.538,113.687,113.492,113.661,113.54,113.552
2017-01-25 11:00:00,113.661,113.791,113.522,113.547,113.661,113.676
2017-01-25 12:00:00,113.548,113.693,113.539,113.569,113.547,113.561
2017-01-25 13:00:00,113.569,113.649,113.491,113.531,113.569,113.58
2017-01-25 14:00:00,113.532,113.568,113.033,113.32,113.531,113.544
2017-01-25 15:00:00,113.321,113.635,113.256,113.497,113.32,113.332
2017-01-25 16:00:00,113.498,113.932,113.493,113.796,113.497,113.51
2017-01-25 17:00:00,113.797,113.817,113.446,113.654,113.796,113.808
2017-01-25 18:00:00,113.654,113.862,113.505,113.598,113.654,113.669
2017-01-25 19:00:00,113.6,113.852,113.542,113.666,113.598,113.612
2017-01-25 20:00:00,113.666,113.82,113.614,113.756,113.666,113.679
2017-01-25 21:00:00,113.758,113.88,113.558,113.587,113.756,113.769
2017-01-25 22:00:00,113.589,113.668,113.185,113.207,113.587,113.6
2017-01-25 23:00:00,113.204,113.318,113.191,113.258,113.207,113.221
2017-01-26 00:00:00,113.233,113.341,113.197,113.322,113.233,113.288
2017-01-26 01:00:00,113.321,113.442,113.224,113.268,113.322,113.341
2017-01-26 02:00:00,113.268,113.296,113.044,113.135,113.268,113.281
2017-01-26 03:00:00,113.135,113.29,113.093,113.232,113.135,113.148
2017-01-26 04:00:00,113.231,113.455,113.212,113.349,113.232,113.245
2017-01-26 05:00:00,113.35,113.4,113.269,113.358,113.349,113.358
2017-01-26 06:00:00,113.356,113.43,113.27,113.27,113.358,113.368
2017-01-26 07:00:00,113.27,113.409,113.229,113.325,113.27,113.283
2017-01-26 08:00:00,113.326,113.682,113.323,113.584,113.325,113.337
2017-01-26 09:00:00,113.587,113.804,113.537,113.764,113.584,113.598
2017-01-26 10:00:00,113.763,113.792,113.647,113.67,113.764,113.774
2017-01-26 11:00:00,113.669,114.216,113.608,114.152,113.67,113.684
2017-01-26 12:00:00,114.152,114.383,114.096,114.281,114.152,114.165
2017-01-26 13:00:00,114.285,114.304,114.14,114.242,114.281,114.295
2017-01-26 14:00:00,114.247,114.412,114.207,114.407,114.242,114.255
2017-01-26 15:00:00,114.403,114.466,114.074,114.241,114.407,114.42
2017-01-26 16:00:00,114.241,114.327,114.116,114.275,114.241,114.254
2017-01-26 17:00:00,114.275,114.77,114.175,114.731,114.275,114.301
2017-01-26 18:00:00,114.73,114.853,114.631,114.691,114.731,114.745
2017-01-26 19:00:00,114.692,114.732,114.567,114.612,114.691,114.704
2017-01-26 20:00:00,114.614,114.618,114.258,114.344,114.612,114.625
2017-01-26 21:00:00,114.344,114.431,114.313,114.34,114.344,114.357
2017-01-26 22:00:00,114.342,114.637,114.342,114.468,114.34,114.353
2017-01-26 23:00:00,114.468,114.719,114.432,114.505,114.468,114.482
2017-01-27 00:00:00,114.508,114.612,114.464,114.523,114.507,114.582
2017-01-27 01:00:00,114.524,114.647,114.414,114.418,114.523,114.564
2017-01-27 02:00:00,114.419,114.651,114.386,114.651,114.418,114.433
2017-01-27 03:00:00,114.651,115.03,114.564,114.87,114.651,114.666
2017-01-27 04:00:00,114.871,114.951,114.815,114.882,114.87,114.884
2017-01-27 05:00:00,114.88,115.036,114.859,114.969,114.882,114.893
2017-01-27 06:00:00,114.968,115.007,114.863,114.916,114.969,114.981
2017-01-27 07:00:00,114.917,115.06,114.897,115.033,114.916,114.925
2017-01-27 08:00:00,115.034,115.201,115.031,115.175,115.033,115.044
2017-01-27 09:00:00,115.175,115.304,115.112,115.211,115.175,115.19
2017-01-27 10:00:00,115.209,115.286,115.056,115.243,115.211,115.224
2017-01-27 11:00:00,115.244,115.266,114.91,114.974,115.243,115.257
2017-01-27 12:00:00,114.975,115.1,114.9,115.072,114.974,114.987
2017-01-27 13:00:00,115.072,115.098,114.939,115.064,115.072,115.085
2017-01-27 14:00:00,115.065,115.236,115.047,115.189,115.064,115.077
2017-01-27 15:00:00,115.188,115.372,114.739,115.178,115.189,115.202
2017-01-27 16:00:00,115.174,115.174,114.863,115.084,115.178,115.191
2017-01-27 17:00:00,115.085,115.221,114.894,115.058,115.084,115.104
2017-01-27 18:00:00,115.057,115.177,114.973,115.15,115.058,115.071
2017-01-27 19:00:00,115.15,115.272,115.111,115.219,115.15,115.162
2017-01-27 20:00:00,115.22,115.254,115.121,115.133,115.219,115.233
2017-01-27 21:00:00,115.134,115.134,115.035,115.042,115.133,115.146
2017-01-27 22:00:00,115.043,115.161,115.042,115.134,115.042,115.054
2017-01-27 23:00:00,115.135,115.139,114.99,115.028,115.134,115.143
2017-01-30 00:00:00,114.761,114.912,114.74,114.886,115.069,115.112
2017-01-30 01:00:00,114.885,114.946,114.569,114.647,114.886,114.902
2017-01-30 02:00:00,114.648,114.752,114.579,114.664,114.647,114.663
2017-01-30 03:00:00,114.665,114.668,114.349,114.396,114.664,114.679
2017-01-30 04:00:00,114.397,114.458,114.325,114.337,114.396,114.411
2017-01-30 05:00:00,114.337,114.427,114.263,114.412,114.337,114.352
2017-01-30 06:00:00,114.412,114.536,114.377,114.502,114.412,114.426
2017-01-30 07:00:00,114.498,114.583,114.407,114.574,114.502,114.514
2017-01-30 08:00:00,114.575,114.659,114.515,114.575,114.574,114.587
2017-01-30 09:00:00,114.579,114.756,114.579,114.695,114.575,114.587
2017-01-30 10:00:00,114.694,114.933,114.69,114.805,114.695,114.709
2017-01-30 11:00:00,114.804,114.833,114.632,114.677,114.805,114.818
2017-01-30 12:00:00,114.677,114.738,114.509,114.583,114.677,114.689
2017-01-30 13:00:00,114.583,114.742,114.582,114.672,114.583,114.596
2017-01-30 14:00:00,114.673,114.776,114.585,114.607,114.672,114.684
2017-01-30 15:00:00,114.606,114.637,114.347,114.491,114.607,114.622
2017-01-30 16:00:00,114.491,114.499,114.169,114.267,114.491,114.503
2017-01-30 17:00:00,114.27,114.335,113.73,113.853,114.267,114.286
2017-01-30 18:00:00,113.853,113.924,113.655,113.863,113.853,113.864
2017-01-30 19:00:00,113.863,113.863,113.442,113.595,113.863,113.876
2017-01-30 20:00:00,113.594,113.728,113.567,113.614,113.595,113.607
2017-01-30 21:00:00,113.616,113.794,113.6,113.671,113.614,113.627
2017-01-30 22:00:00,113.67,113.745,113.532,113.708,113.671,113.685
2017-01-30 23:00:00,113.707,113.822,113.692,113.75,113.708,113.722
2017-01-31 00:00:00,113.733,113.785,113.679,113.73,113.757,113.792
2017-01-31 01:00:00,113.727,113.838,113.646,113.683,113.73,113.751
2017-01-31 02:00:00,113.681,113.799,113.577,113.761,113.683,113.696
2017-01-31 03:00:00,113.762,113.827,113.628,113.697,113.761,113.775
2017-01-31 04:00:00,113.696,113.728,113.452,113.508,113.697,113.707
2017-01-31 05:00:00,113.511,113.721,113.236,113.521,113.508,113.524
2017-01-31 06:00:00,113.517,113.637,113.375,113.552,113.521,113.534
2017-01-31 07:00:00,113.552,113.566,113.409,113.479,113.552,113.564
2017-01-31 08:00:00,113.478,113.592,113.343,113.558,113.479,113.492
2017-01-31 09:00:00,113.557,113.739,113.494,113.517,113.558,113.575
2017-01-31 10:00:00,113.517,113.961,113.5,113.927,113.517,113.531
2017-01-31 11:00:00,113.927,113.954,113.814,113.835,113.927,113.94
2017-01-31 12:00:00,113.833,113.927,113.723,113.777,113.835,113.847
2017-01-31 13:00:00,113.777,113.91,113.498,113.512,113.777,113.79
2017-01-31 14:00:00,113.512,113.536,113.158,113.294,113.512,113.527
2017-01-31 15:00:00,113.294,113.476,113.237,113.281,113.294,113.307
2017-01-31 16:00:00,113.281,113.369,112.285,112.333,113.281,113.296
2017-01-31 17:00:00,112.334,112.685,112.076,112.583,112.333,112.354
2017-01-31 18:00:00,112.583,112.943,112.448,112.704,112.583,112.596
2017-01-31 19:00:00,112.706,113.328,112.657,112.997,112.704,112.718
2017-01-31 20:00:00,112.997,113.023,112.637,112.687,112.997,113.011
2017-01-31 21:00:00,112.687,112.817,112.435,112.703,112.687,112.699
2017-01-31 22:00:00,112.704,112.934,112.695,112.887,112.703,112.716
2017-01-31 23:00:00,112.89,112.953,112.773,112.784,112.887,112.902
2017-02-01 00:00:00,112.771,112.919,112.636,112.658,112.781,112.821
2017-02-01 01:00:00,112.662,112.794,112.648,112.771,112.658,112.691
2017-02-01 02:00:00,112.772,113.071,112.741,112.929,112.771,112.786
2017-02-01 03:00:00,112.932,113.127,112.869,113.069,112.929,112.945
2017-02-01 04:00:00,113.069,113.145,112.956,113.043,113.069,113.082
2017-02-01 05:00:00,113.042,113.209,112.968,113.146,113.043,113.056
2017-02-01 06:00:00,113.146,113.271,113.093,113.214,113.146,113.158
2017-02-01 07:00:00,113.214,113.248,113.086,113.143,113.214,113.225
2017-02-01 08:00:00,113.139,113.37,113.105,113.301,113.143,113.154
2017-02-01 09:00:00,113.3,113.629,113.199,113.564,113.301,113.315
2017-02-01 10:00:00,113.565,113.624,113.336,113.345,113.564,113.577
2017-02-01 11:00:00,113.344,113.425,113.24,113.338,113.345,113.358
2017-02-01 12:00:00,113.338,113.454,113.284,113.291,113.338,113.35
2017-02-01 13:00:00,113.291,113.362,113.226,113.237,113.291,113.305
2017-02-01 14:00:00,113.237,113.356,113.236,113.332,113.237,113.251
2017-02-01 15:00:00,113.332,113.727,113.265,113.594,113.332,113.344
2017-02-01 16:00:00,113.595,113.759,113.542,113.713,113.594,113.606
2017-02-01 17:00:00,113.762,113.948,113.444,113.47,113.713,113.743
2017-02-01 18:00:00,113.467,113.604,113.247,113.293,113.47,113.482
2017-02-01 19:00:00,113.293,113.535,113.26,113.469,113.293,113.305
2017-02-01 20:00:00,113.468,113.531,113.336,113.503,113.469,113.482
2017-02-01 21:00:00,113.503,113.62,112.826,113.015,113.503,113.535
2017-02-01 22:00:00,113.021,113.263,112.989,113.18,113.015,113.032
2017-02-01 23:00:00,113.184,113.284,113.155,113.224,113.18,113.195
2017-02-02 00:00:00,113.23,113.325,113.191,113.275,113.21,113.25
2017-02-02 01:00:00,113.275,113.36,113.178,113.29,113.275,113.303
2017-02-02 02:00:00,113.289,113.295,112.932,112.977,113.29,113.306
2017-02-02 03:00:00,112.976,113.183,112.897,113.057,112.977,112.992
2017-02-02 04:00:00,113.058,113.168,112.959,113.035,113.057,113.071
2017-02-02 05:00:00,113.034,113.043,112.63,112.722,113.035,113.048
2017-02-02 06:00:00,112.722,112.828,112.646,112.81,112.722,112.735
2017-02-02 07:00:00,112.808,112.808,112.477,112.549,112.81,112.822
2017-02-02 08:00:00,112.547,112.763,112.547,112.763,112.549,112.563
2017-02-02 09:00:00,112.762,112.872,112.625,112.848,112.763,112.776
2017-02-02 10:00:00,112.849,112.938,112.422,112.474,112.848,112.862
2017-02-02 11:00:00,112.474,112.641,112.406,112.449,112.474,112.487
2017-02-02 12:00:00,112.448,112.462,112.238,112.357,112.449,112.461
2017-02-02 13:00:00,112.359,112.516,112.266,112.295,112.357,112.371
2017-02-02 14:00:00,112.295,112.475,112.255,112.421,112.295,112.312
2017-02-02 15:00:00,112.421,112.427,112.048,112.247,112.421,112.434
2017-02-02 16:00:00,112.246,112.541,112.174,112.304,112.247,112.259
2017-02-02 17:00:00,112.305,112.483,112.224,112.377,112.304,112.316
2017-02-02 18:00:00,112.377,112.717,112.367,112.472,112.377,112.388
2017-02-02 19:00:00,112.472,112.816,112.447,112.746,112.472,112.485
2017-02-02 20:00:00,112.744,112.789,112.592,112.789,112.746,112.758
2017-02-02 21:00:00,112.791,112.809,112.673,112.674,112.789,112.8
2017-02-02 22:00:00,112.671,112.765,112.654,112.732,112.674,112.686
2017-02-02 23:00:00,112.737,112.841,112.712,112.783,112.732,112.742
2017-02-03 00:00:00,112.782,112.866,112.782,112.854,112.787,112.84
2017-02-03 01:00:00,112.853,112.9,112.762,112.807,112.854,112.873
2017-02-03 02:00:00,112.806,112.97,112.713,112.924,112.807,112.823
2017-02-03 03:00:00,112.923,113.132,112.514,112.561,112.924,112.935
2017-02-03 04:00:00,112.561,112.712,112.503,112.649,112.561,112.575
2017-02-03 05:00:00,112.649,113.226,112.605,113.088,112.649,112.663
2017-02-03 06:00:00,113.089,113.118,112.907,112.984,113.088,113.102
2017-02-03 07:00:00,112.984,113.116,112.964,113.018,112.984,112.996
2017-02-03 08:00:00,113.02,113.139,112.985,113.09,113.018,113.031
2017-02-03 09:00:00,113.091,113.162,113.038,113.115,113.09,113.102
2017-02-03 10:00:00,113.117,113.245,113.067,113.131,113.115,113.127
2017-02-03 11:00:00,113.131,113.176,113.047,113.115,113.131,113.146
2017-02-03 12:00:00,113.114,113.182,113.052,113.156,113.115,113.128
2017-02-03 13:00:00,113.156,113.185,113.086,113.155,113.156,113.168
2017-02-03 14:00:00,113.156,113.183,113.031,113.074,113.155,113.165
2017-02-03 15:00:00,113.075,113.47,112.576,112.805,113.074,113.085
2017-02-03 16:00:00,112.807,112.862,112.523,112.726,112.805,112.818
2017-02-03 17:00:00,112.721,112.764,112.311,112.392,112.726,112.744
2017-02-03 18:00:00,112.393,112.56,112.347,112.417,112.392,112.403
2017-02-03 19:00:00,112.416,112.576,112.394,112.545,112.417,112.43
2017-02-03 20:00:00,112.545,112.986,112.496,112.867,112.545,112.557
2017-02-03 21:00:00,112.867,113.072,112.854,112.947,112.867,112.881
2017-02-03 22:00:00,112.947,112.965,112.669,112.688,112.947,112.96
2017-02-03 23:00:00,112.688,112.711,112.443,112.443,112.688,112.702
2017-02-06 00:00:00,112.384,112.614,112.384,112.571,112.498,112.532
2017-02-06 01:00:00,112.566,112.702,112.489,112.642,112.571,112.584
2017-02-06 02:00:00,112.643,112.705,112.287,112.309,112.642,112.659
2017-02-06 03:00:00,112.308,112.436,112.222,112.433,112.309,112.322
2017-02-06 04:00:00,112.43,112.482,112.346,112.468,112.428,112.448
2017-02-06 05:00:00,112.469,112.481,112.332,112.386,112.468,112.482
2017-02-06 06:00:00,112.384,112.557,112.356,112.532,112.386,112.396
2017-02-06 07:00:00,112.534,112.599,112.48,112.57,112.532,112.544
2017-02-06 08:00:00,112.574,112.671,112.491,112.63,112.57,112.584
2017-02-06 09:00:00,112.627,112.772,112.622,112.731,112.63,112.644
2017-02-06 10:00:00,112.732,112.749,112.524,112.559,112.731,112.744
2017-02-06 11:00:00,112.558,112.605,112.509,112.551,112.559,112.571
2017-02-06 12:00:00,112.551,112.634,112.524,112.541,112.551,112.563
2017-02-06 13:00:00,112.537,112.547,112.353,112.487,112.541,112.551
2017-02-06 14:00:00,112.486,112.493,112.231,112.241,112.487,112.5
2017-02-06 15:00:00,112.241,112.306,111.987,112.167,112.241,112.254
2017-02-06 16:00:00,112.167,112.456,112.157,112.383,112.167,112.181
2017-02-06 17:00:00,112.379,112.582,112.306,112.358,112.383,112.396
2017-02-06 18:00:00,112.354,112.408,112.253,112.322,112.358,112.371
2017-02-06 19:00:00,112.322,112.339,112.038,112.063,112.322,112.335
2017-02-06 20:00:00,112.066,112.135,111.649,111.805,112.063,112.076
2017-02-06 21:00:00,111.807,111.841,111.618,111.787,111.805,111.817
2017-02-06 22:00:00,111.788,111.862,111.661,111.751,111.787,111.798
2017-02-06 23:00:00,111.755,111.756,111.649,111.726,111.751,111.764
2017-02-07 00:00:00,111.708,111.857,111.685,111.791,111.726,111.751
2017-02-07 01:00:00,111.793,111.842,111.702,111.825,111.791,111.821
2017-02-07 02:00:00,111.825,111.877,111.588,111.697,111.825,111.839
2017-02-07 03:00:00,111.708,111.871,111.698,111.835,111.697,111.711
2017-02-07 04:00:00,111.833,111.855,111.748,111.823,111.835,111.846
2017-02-07 05:00:00,111.823,111.956,111.787,111.903,111.823,111.834
2017-02-07 06:00:00,111.904,111.948,111.801,111.945,111.903,111.916
2017-02-07 07:00:00,111.945,111.954,111.783,111.81,111.945,111.958
2017-02-07 08:00:00,111.813,111.913,111.74,111.877,111.81,111.822
2017-02-07 09:00:00,111.873,112.142,111.765,112.109,111.877,111.889
2017-02-07 10:00:00,112.108,112.277,112.08,112.097,112.109,112.122
2017-02-07 11:00:00,112.099,112.411,112.088,112.384,112.097,112.109
2017-02-07 12:00:00,112.384,112.41,112.238,112.291,112.384,112.396
2017-02-07 13:00:00,112.291,112.496,112.291,112.45,112.291,112.305
2017-02-07 14:00:00,112.45,112.452,112.279,112.291,112.45,112.461
2017-02-07 15:00:00,112.291,112.506,112.277,112.343,112.291,112.305
2017-02-07 16:00:00,112.348,112.493,112.242,112.489,112.343,112.358
2017-02-07 17:00:00,112.488,112.573,112.211,112.239,112.489,112.503
2017-02-07 18:00:00,112.238,112.27,112.087,112.138,112.239,112.25
2017-02-07 19:00:00,112.135,112.185,111.858,111.919,112.138,112.151
2017-02-07 20:00:00,111.92,112.058,111.806,112.051,111.919,111.933
2017-02-07 21:00:00,112.05,112.197,112.033,112.149,112.051,112.063
2017-02-07 22:00:00,112.147,112.381,112.145,112.355,112.149,112.163
2017-02-07 23:00:00,112.354,112.401,112.298,112.375,112.355,112.367
2017-02-08 00:00:00,112.354,112.396,112.254,112.309,112.354,112.419
2017-02-08 01:00:00,112.309,112.396,112.276,112.376,112.309,112.322
2017-02-08 02:00:00,112.377,112.466,112.357,112.411,112.376,112.391
2017-02-08 03:00:00,112.411,112.54,112.104,112.192,112.411,112.424
2017-02-08 04:00:00,112.193,112.195,112.03,112.129,112.192,112.204
2017-02-08 05:00:00,112.13,112.173,112.038,112.053,112.129,112.14
2017-02-08 06:00:00,112.051,112.311,112.038,112.293,112.053,112.065
2017-02-08 07:00:00,112.293,112.359,112.246,112.317,112.293,112.305
2017-02-08 08:00:00,112.317,112.448,112.224,112.434,112.317,112.328
2017-02-08 09:00:00,112.435,112.483,112.288,112.354,112.434,112.445
2017-02-08 10:00:00,112.357,112.377,112.088,112.136,112.354,112.366
2017-02-08 11:00:00,112.134,112.346,112.126,112.33,112.136,112.147
2017-02-08 12:00:00,112.331,112.371,112.273,112.324,112.33,112.341
2017-02-08 13:00:00,112.324,112.382,112.204,112.241,112.324,112.337
2017-02-08 14:00:00,112.242,112.298,111.981,112.009,112.241,112.253
2017-02-08 15:00:00,112.013,112.052,111.852,111.997,112.009,112.02
2017-02-08 16:00:00,111.997,111.997,111.627,111.775,111.997,112.009
2017-02-08 17:00:00,111.783,111.974,111.74,111.758,111.775,111.787
2017-02-08 18:00:00,111.756,111.937,111.723,111.751,111.758,111.77
2017-02-08 19:00:00,111.753,111.822,111.66,111.759,111.751,111.763
2017-02-08 20:00:00,111.757,112.215,111.755,112.146,111.759,111.771
2017-02-08 21:00:00,112.146,112.175,112.032,112.078,112.146,112.159
2017-02-08 22:00:00,112.078,112.118,112.015,112.049,112.078,112.09
2017-02-08 23:00:00,112.05,112.056,111.897,111.924,112.049,112.061
2017-02-09 00:00:00,111.921,112.006,111.731,111.837,111.922,111.967
2017-02-09 01:00:00,111.837,111.974,111.834,111.965,111.837,111.854
2017-02-09 02:00:00,111.964,112.095,111.881,111.999,111.965,111.978
2017-02-09 03:00:00,111.998,112.232,111.998,112.221,111.999,112.009
2017-02-09 04:00:00,112.219,112.334,112.138,112.163,112.221,112.232
2017-02-09 05:00:00,112.164,112.185,112.046,112.102,112.163,112.175
2017-02-09 06:00:00,112.102,112.19,112.077,112.146,112.102,112.115
2017-02-09 07:00:00,112.146,112.266,112.143,112.176,112.146,112.159
2017-02-09 08:00:00,112.177,112.297,112.108,112.281,112.176,112.186
2017-02-09 09:00:00,112.283,112.373,112.234,112.349,112.281,112.293
2017-02-09 10:00:00,112.35,112.423,112.205,112.292,112.349,112.36
2017-02-09 11:00:00,112.293,112.324,112.153,112.234,112.292,112.305
2017-02-09 12:00:00,112.235,112.301,112.213,112.272,112.234,112.245
2017-02-09 13:00:00,112.271,112.43,112.249,112.359,112.272,112.284
2017-02-09 14:00:00,112.359,112.468,112.28,112.35,112.359,112.37
2017-02-09 15:00:00,112.351,112.46,112.247,112.4,112.35,112.363
2017-02-09 16:00:00,112.4,112.839,112.226,112.767,112.4,112.413
2017-02-09 17:00:00,112.765,113.189,112.716,112.975,112.767,112.783
2017-02-09 18:00:00,112.977,113.293,112.935,113.248,112.975,112.988
2017-02-09 19:00:00,113.247,113.261,113.061,113.14,113.248,113.261
2017-02-09 20:00:00,113.14,113.252,113.033,113.128,113.14,113.153
2017-02-09 21:00:00,113.128,113.327,113.091,113.303,113.128,113.14
2017-02-09 22:00:00,113.304,113.342,113.22,113.234,113.303,113.316
2017-02-09 23:00:00,113.235,113.257,113.15,113.247,113.234,113.246
2017-02-10 00:00:00,113.236,113.347,113.185,113.291,113.236,113.271
2017-02-10 01:00:00,113.291,113.465,113.252,113.428,113.291,113.302
2017-02-10 02:00:00,113.428,113.733,113.389,113.69,113.428,113.439
2017-02-10 03:00:00,113.689,113.795,113.626,113.65,113.69,113.701
2017-02-10 04:00:00,113.65,113.75,113.621,113.651,113.65,113.659
2017-02-10 05:00:00,113.65,113.695,113.542,113.679,113.651,113.663
2017-02-10 06:00:00,113.679,113.782,113.611,113.684,113.679,113.69
2017-02-10 07:00:00,113.685,113.736,113.636,113.698,113.684,113.697
2017-02-10 08:00:00,113.699,113.784,113.687,113.712,113.698,113.707
2017-02-10 09:00:00,113.712,113.854,113.614,113.836,113.712,113.723
2017-02-10 10:00:00,113.837,113.848,113.521,113.568,113.836,113.85
2017-02-10 11:00:00,113.57,113.692,113.57,113.647,113.568,113.58
2017-02-10 12:00:00,113.648,113.701,113.508,113.541,113.647,113.659
2017-02-10 13:00:00,113.541,113.572,113.361,113.476,113.541,113.553
2017-02-10 14:00:00,113.476,113.566,113.431,113.558,113.476,113.488
2017-02-10 15:00:00,113.558,113.721,113.396,113.638,113.558,113.571
2017-02-10 16:00:00,113.638,113.731,113.483,113.516,113.638,113.647
2017-02-10 17:00:00,113.515,113.605,113.36,113.572,113.516,113.538
2017-02-10 18:00:00,113.572,113.623,113.045,113.228,113.572,113.585
2017-02-10 19:00:00,113.228,113.452,113.097,113.361,113.228,113.24
2017-02-10 20:00:00,113.361,113.612,112.853,113.417,113.361,113.375
2017-02-10 21:00:00,113.419,113.552,113.374,113.386,113.417,113.432
2017-02-10 22:00:00,113.387,113.453,113.348,113.354,113.386,113.399
2017-02-10 23:00:00,113.353,113.356,113.065,113.065,113.354,113.363
2017-02-13 00:00:00,113.513,113.675,113.451,113.642,113.487,113.639
2017-02-13 01:00:00,113.647,113.964,113.646,113.922,113.642,113.661
2017-02-13 02:00:00,113.922,114.164,113.863,113.895,113.922,113.935
2017-02-13 03:00:00,113.895,114.001,113.825,113.862,113.895,113.905
2017-02-13 04:00:00,113.863,113.993,113.859,113.988,113.862,113.874
2017-02-13 05:00:00,113.986,113.988,113.872,113.907,113.988,113.998
2017-02-13 06:00:00,113.907,113.935,113.792,113.838,113.907,113.92
2017-02-13 07:00:00,113.839,113.904,113.682,113.706,113.838,113.851
2017-02-13 08:00:00,113.707,113.733,113.558,113.601,113.706,113.718
2017-02-13 09:00:00,113.601,113.7,113.503,113.535,113.601,113.616
2017-02-13 10:00:00,113.535,113.694,113.435,113.665,113.535,113.549
2017-02-13 11:00:00,113.665,113.843,113.641,113.814,113.665,113.677
2017-02-13 12:00:00,113.814,113.822,113.668,113.719,113.814,113.824
2017-02-13 13:00:00,113.72,113.773,113.674,113.683,113.719,113.732
2017-02-13 14:00:00,113.685,113.746,113.615,113.725,113.683,113.695
2017-02-13 15:00:00,113.723,113.933,113.676,113.864,113.725,113.738
2017-02-13 16:00:00,113.863,113.942,113.792,113.93,113.864,113.877
2017-02-13 17:00:00,113.934,114.058,113.876,113.906,113.93,113.942
2017-02-13 18:00:00,113.905,113.959,113.785,113.79,113.906,113.919
2017-02-13 19:00:00,113.789,113.83,113.705,113.761,113.79,113.803
2017-02-13 20:00:00,113.762,113.851,113.656,113.677,113.761,113.774
2017-02-13 21:00:00,113.677,113.708,113.554,113.622,113.677,113.689
2017-02-13 22:00:00,113.624,113.68,113.568,113.667,113.622,113.633
2017-02-13 23:00:00,113.667,113.76,113.661,113.724,113.667,113.679
2017-02-14 00:00:00,113.721,113.774,113.693,113.758,113.721,113.766
2017-02-14 01:00:00,113.759,113.807,113.681,113.682,113.758,113.774
2017-02-14 02:00:00,113.679,113.715,113.565,113.643,113.682,113.692
2017-02-14 03:00:00,113.643,113.711,113.531,113.685,113.643,113.655
2017-02-14 04:00:00,113.682,113.754,113.676,113.713,113.685,113.697
2017-02-14 05:00:00,113.714,113.733,113.549,113.559,113.713,113.725
2017-02-14 06:00:00,113.559,113.563,113.387,113.423,113.559,113.572
2017-02-14 07:00:00,113.423,113.535,113.258,113.347,113.423,113.433
2017-02-14 08:00:00,113.347,113.388,113.273,113.316,113.347,113.36
2017-02-14 09:00:00,113.316,113.557,113.316,113.551,113.316,113.331
2017-02-14 10:00:00,113.55,113.581,113.43,113.516,113.551,113.563
2017-02-14 11:00:00,113.516,113.611,113.454,113.465,113.516,113.528
2017-02-14 12:00:00,113.47,113.502,113.245,113.403,113.465,113.478
2017-02-14 13:00:00,113.402,113.422,113.308,113.387,113.403,113.416
2017-02-14 14:00:00,113.387,113.477,113.366,113.399,113.387,113.401
2017-02-14 15:00:00,113.398,113.491,113.308,113.393,113.399,113.409
2017-02-14 16:00:00,113.393,113.662,113.345,113.655,113.393,113.404
2017-02-14 17:00:00,113.655,114.432,113.63,114.399,113.655,113.667
2017-02-14 18:00:00,114.398,114.481,114.245,114.339,114.399,114.412
2017-02-14 19:00:00,114.339,114.495,114.339,114.4,114.339,114.35
2017-02-14 20:00:00,114.4,114.475,114.233,114.285,114.4,114.412
2017-02-14 21:00:00,114.284,114.347,114.131,114.172,114.285,114.297
2017-02-14 22:00:00,114.172,114.279,114.15,114.233,114.172,114.184
2017-02-14 23:00:00,114.234,114.308,114.204,114.238,114.233,114.245
2017-02-15 00:00:00,114.218,114.316,114.199,114.314,114.238,114.273
2017-02-15 01:00:00,114.314,114.401,114.282,114.283,114.314,114.331
2017-02-15 02:00:00,114.286,114.503,114.263,114.439,114.283,114.297
2017-02-15 03:00:00,114.438,114.463,114.297,114.331,114.439,114.45
2017-02-15 04:00:00,114.332,114.429,114.31,114.35,114.331,114.34
2017-02-15 05:00:00,114.346,114.351,114.278,114.292,114.35,114.362
2017-02-15 06:00:00,114.295,114.416,114.232,114.397,114.292,114.303
2017-02-15 07:00:00,114.397,114.423,114.345,114.413,114.397,114.41
2017-02-15 08:00:00,114.417,114.456,114.287,114.329,114.413,114.424
2017-02-15 09:00:00,114.33,114.581,114.306,114.476,114.329,114.344
2017-02-15 10:00:00,114.477,114.594,114.411,114.456,114.476,114.488
2017-02-15 11:00:00,114.456,114.521,114.401,114.473,114.456,114.469
2017-02-15 12:00:00,114.474,114.561,114.45,114.508,114.473,114.485
2017-02-15 13:00:00,114.508,114.606,114.496,114.531,114.508,114.519
2017-02-15 14:00:00,114.531,114.542,114.36,114.461,114.531,114.54
2017-02-15 15:00:00,114.46,114.953,114.425,114.854,114.461,114.472
2017-02-15 16:00:00,114.854,114.92,114.547,114.652,114.854,114.867
2017-02-15 17:00:00,114.648,114.694,114.316,114.647,114.652,114.662
2017-02-15 18:00:00,114.645,114.69,114.041,114.189,114.647,114.659
2017-02-15 19:00:00,114.19,114.243,113.859,114.217,114.189,114.202
2017-02-15 20:00:00,114.217,114.315,114.18,114.278,114.217,114.227
2017-02-15 21:00:00,114.278,114.365,114.208,114.269,114.278,114.291
2017-02-15 22:00:00,114.265,114.269,114.037,114.075,114.269,114.279
2017-02-15 23:00:00,114.075,114.202,114.063,114.14,114.075,114.087
2017-02-16 00:00:00,114.144,114.305,114.114,114.271,114.144,114.163
2017-02-16 01:00:00,114.268,114.302,114.099,114.12,114.271,114.289
2017-02-16 02:00:00,114.121,114.158,113.94,113.968,114.12,114.136
2017-02-16 03:00:00,113.969,114.07,113.759,113.796,113.968,113.978
2017-02-16 04:00:00,113.797,113.895,113.758,113.869,113.796,113.808
2017-02-16 05:00:00,113.869,113.933,113.787,113.914,113.869,113.882
2017-02-16 06:00:00,113.912,113.928,113.814,113.857,113.914,113.927
2017-02-16 07:00:00,113.858,113.912,113.779,113.827,113.857,113.869
2017-02-16 08:00:00,113.827,114.006,113.82,113.985,113.827,113.84
2017-02-16 09:00:00,113.985,114.034,113.857,113.942,113.985,114.001
2017-02-16 10:00:00,113.94,113.974,113.587,113.618,113.942,113.951
2017-02-16 11:00:00,113.618,113.672,113.553,113.619,113.618,113.629
2017-02-16 12:00:00,113.62,113.698,113.568,113.624,113.619,113.631
2017-02-16 13:00:00,113.624,113.75,113.537,113.603,113.624,113.637
2017-02-16 14:00:00,113.604,113.639,113.477,113.549,113.603,113.612
2017-02-16 15:00:00,113.551,113.82,113.51,113.796,113.549,113.56
2017-02-16 16:00:00,113.797,113.842,113.578,113.585,113.796,113.807
2017-02-16 17:00:00,113.586,113.598,113.201,113.337,113.585,113.594
2017-02-16 18:00:00,113.332,113.369,113.122,113.349,113.337,113.347
2017-02-16 19:00:00,113.351,113.441,113.259,113.357,113.349,113.36
2017-02-16 20:00:00,113.358,113.47,113.224,113.317,113.357,113.366
2017-02-16 21:00:00,113.317,113.355,113.081,113.109,113.317,113.327
2017-02-16 22:00:00,113.114,113.244,113.087,113.231,113.109,113.121
2017-02-16 23:00:00,113.233,113.274,113.21,113.214,113.231,113.244
2017-02-17 00:00:00,113.24,113.318,113.159,113.284,113.242,113.26
2017-02-17 01:00:00,113.284,113.34,113.25,113.314,113.284,113.314
2017-02-17 02:00:00,113.319,113.489,113.243,113.405,113.314,113.329
2017-02-17 03:00:00,113.406,113.497,113.372,113.459,113.405,113.415
2017-02-17 04:00:00,113.458,113.481,113.4,113.44,113.459,113.468
2017-02-17 05:00:00,113.442,113.457,113.267,113.289,113.44,113.454
2017-02-17 06:00:00,113.289,113.411,113.287,113.332,113.289,113.301
2017-02-17 07:00:00,113.332,113.432,113.331,113.374,113.332,113.345
2017-02-17 08:00:00,113.373,113.408,113.317,113.376,113.374,113.385
2017-02-17 09:00:00,113.375,113.466,113.319,113.416,113.376,113.387
2017-02-17 10:00:00,113.421,113.432,113.131,113.176,113.416,113.429
2017-02-17 11:00:00,113.175,113.198,112.811,112.924,113.176,113.188
2017-02-17 12:00:00,112.928,112.934,112.7,112.856,112.924,112.936
2017-02-17 13:00:00,112.856,113.006,112.815,112.889,112.856,112.867
2017-02-17 14:00:00,112.892,112.937,112.754,112.849,112.889,112.902
2017-02-17 15:00:00,112.85,112.872,112.614,112.776,112.849,112.862
2017-02-17 16:00:00,112.776,112.929,112.733,112.815,112.776,112.789
2017-02-17 17:00:00,112.815,112.971,112.731,112.828,112.815,112.828
2017-02-17 18:00:00,112.828,112.919,112.729,112.87,112.828,112.84
2017-02-17 19:00:00,112.868,112.896,112.772,112.84,112.87,112.882
2017-02-17 20:00:00,112.842,112.885,112.795,112.855,112.84,112.851
2017-02-17 21:00:00,112.855,112.967,112.849,112.929,112.855,112.866
2017-02-17 22:00:00,112.926,112.939,112.869,112.919,112.929,112.942
2017-02-17 23:00:00,112.917,112.917,112.697,112.697,112.919,112.929
2017-02-20 00:00:00,112.886,112.983,112.875,112.934,112.881,112.912
2017-02-20 01:00:00,112.935,112.945,112.786,112.913,112.934,112.954
2017-02-20 02:00:00,112.915,112.94,112.832,112.85,112.913,112.925
2017-02-20 03:00:00,112.851,112.999,112.843,112.974,112.85,112.862
2017-02-20 04:00:00,112.974,113.181,112.957,113.107,112.974,112.987
2017-02-20 05:00:00,113.107,113.131,113.062,113.109,113.107,113.122
2017-02-20 06:00:00,113.11,113.131,112.992,113.004,113.109,113.121
2017-02-20 07:00:00,113.006,113.134,112.999,113.097,113.004,113.017
2017-02-20 08:00:00,113.097,113.234,113.097,113.147,113.097,113.109
2017-02-20 09:00:00,113.148,113.18,113.096,113.127,113.147,113.162
2017-02-20 10:00:00,113.128,113.148,113.008,113.061,113.127,113.139
2017-02-20 11:00:00,113.061,113.195,113.058,113.121,113.061,113.07
2017-02-20 12:00:00,113.121,113.189,113.108,113.17,113.121,113.131
2017-02-20 13:00:00,113.171,113.181,113.083,113.086,113.17,113.183
2017-02-20 14:00:00,113.086,113.157,113.078,113.142,113.086,113.098
2017-02-20 15:00:00,113.142,113.168,113.106,113.128,113.142,113.154
2017-02-20 16:00:00,113.128,113.159,113.099,113.099,113.128,113.141
2017-02-20 17:00:00,113.101,113.124,113.05,113.114,113.099,113.11
2017-02-20 18:00:00,113.114,113.118,113.061,113.095,113.114,113.127
2017-02-20 19:00:00,113.094,113.149,113.094,113.142,113.095,113.105
2017-02-20 20:00:00,113.141,113.155,113.097,113.134,113.142,113.153
2017-02-20 21:00:00,113.134,113.144,113.083,113.111,113.134,113.147
2017-02-20 22:00:00,113.111,113.14,113.081,113.107,113.111,113.128
2017-02-20 23:00:00,113.107,113.181,113.068,113.068,113.107,113.131
2017-02-21 00:00:00,113.077,113.176,113.011,113.139,113.067,113.137
2017-02-21 01:00:00,113.142,113.296,113.14,113.268,113.139,113.151
2017-02-21 02:00:00,113.267,113.423,113.237,113.39,113.268,113.28
2017-02-21 03:00:00,113.39,113.563,113.367,113.486,113.39,113.403
2017-02-21 04:00:00,113.485,113.555,113.449,113.553,113.486,113.495
2017-02-21 05:00:00,113.553,113.694,113.539,113.677,113.553,113.565
2017-02-21 06:00:00,113.678,113.702,113.612,113.636,113.677,113.689
2017-02-21 07:00:00,113.636,113.664,113.548,113.573,113.636,113.648
2017-02-21 08:00:00,113.573,113.612,113.442,113.454,113.573,113.585
2017-02-21 09:00:00,113.454,113.536,113.429,113.522,113.454,113.468
2017-02-21 10:00:00,113.524,113.58,113.421,113.524,113.522,113.536
2017-02-21 11:00:00,113.524,113.746,113.501,113.744,113.524,113.534
2017-02-21 12:00:00,113.744,113.769,113.656,113.684,113.744,113.756
2017-02-21 13:00:00,113.684,113.749,113.63,113.638,113.684,113.695
2017-02-21 14:00:00,113.637,113.684,113.582,113.66,113.638,113.649
2017-02-21 15:00:00,113.662,113.773,113.636,113.693,113.66,113.671
2017-02-21 16:00:00,113.694,113.759,113.441,113.489,113.693,113.702
2017-02-21 17:00:00,113.491,113.65,113.446,113.636,113.489,113.501
2017-02-21 18:00:00,113.637,113.67,113.403,113.47,113.636,113.646
2017-02-21 19:00:00,113.469,113.55,113.453,113.535,113.47,113.48
2017-02-21 20:00:00,113.536,113.582,113.498,113.58,113.535,113.547
2017-02-21 21:00:00,113.578,113.589,113.513,113.572,113.58,113.591
2017-02-21 22:00:00,113.573,113.633,113.564,113.607,113.572,113.584
2017-02-21 23:00:00,113.607,113.704,113.596,113.669,113.607,113.619
2017-02-22 00:00:00,113.654,113.705,113.622,113.697,113.653,113.707
2017-02-22 01:00:00,113.697,113.726,113.659,113.668,113.697,113.716
2017-02-22 02:00:00,113.669,113.676,113.522,113.59,113.668,113.681
2017-02-22 03:00:00,113.59,113.639,113.436,113.458,113.59,113.602
2017-02-22 04:00:00,113.459,113.502,113.324,113.353,113.458,113.47
2017-02-22 05:00:00,113.352,113.458,113.346,113.446,113.353,113.365
2017-02-22 06:00:00,113.446,113.478,113.378,113.421,113.446,113.455
2017-02-22 07:00:00,113.417,113.499,113.417,113.456,113.421,113.432
2017-02-22 08:00:00,113.457,113.586,113.41,113.43,113.456,113.469
2017-02-22 09:00:00,113.43,113.468,113.3,113.398,113.43,113.442
2017-02-22 10:00:00,113.398,113.398,113.204,113.284,113.398,113.409
2017-02-22 11:00:00,113.283,113.326,113.092,113.141,113.284,113.297
2017-02-22 12:00:00,113.142,113.201,112.961,113.017,113.141,113.153
2017-02-22 13:00:00,113.02,113.109,112.978,113.044,113.017,113.028
2017-02-22 14:00:00,113.044,113.147,113.044,113.046,113.044,113.055
2017-02-22 15:00:00,113.046,113.089,112.904,112.979,113.046,113.056
2017-02-22 16:00:00,112.977,113.216,112.971,113.118,112.979,112.99
2017-02-22 17:00:00,113.119,113.445,113.102,113.334,113.118,113.139
2017-02-22 18:00:00,113.334,113.472,113.238,113.467,113.334,113.346
2017-02-22 19:00:00,113.466,113.501,113.413,113.476,113.467,113.477
2017-02-22 20:00:00,113.479,113.584,113.476,113.566,113.476,113.487
2017-02-22 21:00:00,113.567,113.645,112.948,113.107,113.566,113.598
2017-02-22 22:00:00,113.105,113.183,113.022,113.078,113.107,113.119
2017-02-22 23:00:00,113.08,113.338,113.017,113.315,113.078,113.089
2017-02-23 00:00:00,113.302,113.375,113.285,113.304,113.291,113.332
2017-02-23 01:00:00,113.305,113.451,113.272,113.406,113.304,113.32
2017-02-23 02:00:00,113.407,113.421,113.247,113.25,113.406,113.416
2017-02-23 03:00:00,113.25,113.26,113.121,113.176,113.25,113.263
2017-02-23 04:00:00,113.174,113.305,113.172,113.277,113.176,113.188
2017-02-23 05:00:00,113.274,113.344,113.214,113.25,113.277,113.287
2017-02-23 06:00:00,113.25,113.267,113.151,113.155,113.25,113.263
2017-02-23 07:00:00,113.155,113.271,113.068,113.259,113.155,113.168
2017-02-23 08:00:00,113.259,113.291,113.212,113.25,113.259,113.271
2017-02-23 09:00:00,113.25,113.275,113.134,113.237,113.25,113.262
2017-02-23 10:00:00,113.238,113.331,113.137,113.148,113.237,113.249
2017-02-23 11:00:00,113.149,113.244,113.091,113.203,113.148,113.161
2017-02-23 12:00:00,113.202,113.23,113.161,113.191,113.203,113.215
2017-02-23 13:00:00,113.191,113.194,113.067,113.102,113.191,113.203
2017-02-23 14:00:00,113.103,113.276,112.757,112.779,113.102,113.114
2017-02-23 15:00:00,112.778,112.927,112.641,112.693,112.779,112.79
2017-02-23 16:00:00,112.691,112.825,112.68,112.778,112.693,112.703
2017-02-23 17:00:00,112.781,112.843,112.566,112.578,112.778,112.788
2017-02-23 18:00:00,112.575,112.744,112.547,112.682,112.578,112.587
2017-02-23 19:00:00,112.684,112.758,112.647,112.72,112.682,112.693
2017-02-23 20:00:00,112.719,112.825,112.601,112.786,112.72,112.731
2017-02-23 21:00:00,112.786,112.809,112.669,112.738,112.786,112.797
2017-02-23 22:00:00,112.738,112.75,112.659,112.735,112.738,112.751
2017-02-23 23:00:00,112.734,112.738,112.601,112.601,112.735,112.748
2017-02-24 00:00:00,112.569,112.76,112.567,112.726,112.614,112.626
2017-02-24 01:00:00,112.726,112.752,112.667,112.693,112.726,112.755
2017-02-24 02:00:00,112.692,112.855,112.647,112.841,112.693,112.705
2017-02-24 03:00:00,112.842,112.952,112.801,112.859,112.841,112.852
2017-02-24 04:00:00,112.86,112.887,112.801,112.826,112.859,112.871
2017-02-24 05:00:00,112.826,112.849,112.719,112.719,112.826,112.836
2017-02-24 06:00:00,112.719,112.803,112.699,112.796,112.719,112.731
2017-02-24 07:00:00,112.796,112.907,112.776,112.818,112.796,112.809
2017-02-24 08:00:00,112.817,112.841,112.756,112.796,112.818,112.829
2017-02-24 09:00:00,112.796,112.875,112.695,112.718,112.796,112.808
2017-02-24 10:00:00,112.717,112.728,112.611,112.624,112.718,112.728
2017-02-24 11:00:00,112.624,112.681,112.415,112.482,112.624,112.635
2017-02-24 12:00:00,112.483,112.531,112.301,112.364,112.482,112.492
2017-02-24 13:00:00,112.364,112.398,112.297,112.33,112.364,112.374
2017-02-24 14:00:00,112.331,112.402,112.178,112.25,112.33,112.34
2017-02-24 15:00:00,112.25,112.267,112.051,112.091,112.25,112.261
2017-02-24 16:00:00,112.09,112.473,112.074,112.411,112.091,112.1
2017-02-24 17:00:00,112.412,112.433,112.213,112.351,112.411,112.432
2017-02-24 18:00:00,112.352,112.443,112.204,112.265,112.351,112.361
2017-02-24 19:00:00,112.266,112.266,112.032,112.199,112.265,112.275
2017-02-24 20:00:00,112.197,112.227,112.056,112.107,112.199,112.21
2017-02-24 21:00:00,112.107,112.154,111.963,111.97,112.107,112.119
2017-02-24 22:00:00,111.97,112.089,111.931,112.086,111.97,111.981
2017-02-24 23:00:00,112.087,112.175,112.006,112.006,112.086,112.095
2017-02-27 00:00:00,112.12,112.264,112.113,112.224,112.116,112.192
2017-02-27 01:00:00,112.223,112.312,112.152,112.178,112.224,112.24
2017-02-27 02:00:00,112.181,112.217,111.943,112.16,112.178,112.192
2017-02-27 03:00:00,112.16,112.181,111.913,112.022,112.16,112.171
2017-02-27 04:00:00,112.023,112.198,111.976,112.196,112.022,112.034
2017-02-27 05:00:00,112.195,112.242,112.147,112.201,112.196,112.209
2017-02-27 06:00:00,112.202,112.248,112.14,112.225,112.201,112.212
2017-02-27 07:00:00,112.225,112.278,112.101,112.11,112.225,112.234
2017-02-27 08:00:00,112.109,112.221,112.068,112.081,112.11,112.121
2017-02-27 09:00:00,112.082,112.244,112.068,112.198,112.081,112.095
2017-02-27 10:00:00,112.199,112.344,112.174,112.244,112.198,112.209
2017-02-27 11:00:00,112.243,112.333,112.197,112.263,112.244,112.255
2017-02-27 12:00:00,112.262,112.279,112.186,112.256,112.263,112.274
2017-02-27 13:00:00,112.257,112.319,112.22,112.293,112.256,112.266
2017-02-27 14:00:00,112.292,112.303,112.256,112.282,112.293,112.303
2017-02-27 15:00:00,112.284,112.486,112.234,112.276,112.282,112.293
2017-02-27 16:00:00,112.275,112.396,112.085,112.288,112.276,112.287
2017-02-27 17:00:00,112.29,112.436,112.032,112.073,112.288,112.306
2017-02-27 18:00:00,112.076,112.167,111.951,112.009,112.073,112.085
2017-02-27 19:00:00,112.009,112.284,111.956,112.269,112.009,112.02
2017-02-27 20:00:00,112.269,112.772,112.262,112.729,112.269,112.28
2017-02-27 21:00:00,112.728,112.837,112.689,112.79,112.729,112.739
2017-02-27 22:00:00,112.79,112.809,112.7,112.728,112.79,112.801
2017-02-27 23:00:00,112.725,112.739,112.678,112.683,112.728,112.74
2017-02-28 00:00:00,112.678,112.736,112.648,112.736,112.674,112.728
2017-02-28 01:00:00,112.737,112.803,112.689,112.739,112.736,112.755
2017-02-28 02:00:00,112.74,112.816,112.433,112.632,112.739,112.753
2017-02-28 03:00:00,112.632,112.65,112.513,112.527,112.632,112.645
2017-02-28 04:00:00,112.529,112.589,112.516,112.572,112.527,112.539
2017-02-28 05:00:00,112.571,112.728,112.556,112.625,112.572,112.585
2017-02-28 06:00:00,112.625,112.652,112.535,112.554,112.625,112.635
2017-02-28 07:00:00,112.554,112.581,112.464,112.479,112.554,112.567
2017-02-28 08:00:00,112.479,112.518,112.314,112.365,112.479,112.489
2017-02-28 09:00:00,112.366,112.46,112.244,112.307,112.365,112.374
2017-02-28 10:00:00,112.306,112.455,112.283,112.4,112.307,112.316
2017-02-28 11:00:00,112.4,112.446,112.3,112.394,112.4,112.41
2017-02-28 12:00:00,112.393,112.409,112.3,112.324,112.394,112.406
2017-02-28 13:00:00,112.323,112.331,112.122,112.234,112.324,112.333
2017-02-28 14:00:00,112.234,112.238,112.102,112.212,112.234,112.244
2017-02-28 15:00:00,112.212,112.261,112.018,112.127,112.212,112.222
2017-02-28 16:00:00,112.125,112.209,111.997,112.041,112.127,112.139
2017-02-28 17:00:00,112.046,112.144,111.782,111.888,112.041,112.061
2017-02-28 18:00:00,111.887,112.056,111.851,112.054,111.888,111.899
2017-02-28 19:00:00,112.055,112.113,111.685,111.937,112.054,112.064
2017-02-28 20:00:00,111.937,112.17,111.908,112.101,111.937,111.949
2017-02-28 21:00:00,112.101,112.246,111.981,112.187,112.101,112.114
2017-02-28 22:00:00,112.188,112.406,112.161,112.304,112.187,112.199
2017-02-28 23:00:00,112.304,112.895,112.297,112.752,112.304,112.316
2017-03-02 00:00:00,113.696,113.765,113.678,113.763,113.712,113.738
2017-03-02 01:00:00,113.763,114.138,113.748,114.114,113.763,113.78
2017-03-02 02:00:00,114.112,114.152,113.921,113.958,114.114,114.127
2017-03-02 03:00:00,113.959,114.006,113.825,113.997,113.958,113.969
2017-03-02 04:00:00,113.996,114.089,113.983,114.006,113.997,114.009
2017-03-02 05:00:00,114.006,114.031,113.919,113.938,114.006,114.015
2017-03-02 06:00:00,113.938,114.021,113.927,113.999,113.938,113.95
2017-03-02 07:00:00,114.004,114.054,113.951,114.029,113.999,114.01
2017-03-02 08:00:00,114.024,114.196,114.021,114.191,114.029,114.04
2017-03-02 09:00:00,114.19,114.206,114.053,114.186,114.191,114.203
2017-03-02 10:00:00,114.187,114.303,114.131,114.222,114.186,114.197
2017-03-02 11:00:00,114.223,114.328,114.17,114.206,114.222,114.233
2017-03-02 12:00:00,114.209,114.254,114.134,114.225,114.206,114.218
2017-03-02 13:00:00,114.225,114.296,114.204,114.269,114.225,114.234
2017-03-02 14:00:00,114.268,114.394,114.266,114.372,114.269,114.279
2017-03-02 15:00:00,114.371,114.436,114.294,114.38,114.372,114.383
2017-03-02 16:00:00,114.378,114.536,114.361,114.533,114.38,114.392
2017-03-02 17:00:00,114.534,114.534,114.311,114.416,114.533,114.542
2017-03-02 18:00:00,114.412,114.48,114.236,114.451,114.416,114.426
2017-03-02 19:00:00,114.451,114.529,114.413,114.49,114.451,114.462
2017-03-02 20:00:00,114.49,114.566,114.449,114.469,114.49,114.501
2017-03-02 21:00:00,114.469,114.588,114.462,114.47,114.469,114.479
2017-03-02 22:00:00,114.503,114.516,114.371,114.381,114.47,114.481
2017-03-02 23:00:00,114.382,114.416,114.34,114.409,114.381,114.392
2017-03-03 00:00:00,114.406,114.423,114.341,114.374,114.379,114.447
2017-03-03 01:00:00,114.374,114.474,114.337,114.349,114.374,114.393
2017-03-03 02:00:00,114.349,114.422,114.228,114.247,114.349,114.363
2017-03-03 03:00:00,114.245,114.305,114.157,114.208,114.247,114.257
2017-03-03 04:00:00,114.208,114.287,114.192,114.227,114.208,114.22
2017-03-03 05:00:00,114.227,114.26,114.107,114.132,114.227,114.238
2017-03-03 06:00:00,114.132,114.173,114.07,114.093,114.132,114.143
2017-03-03 07:00:00,114.093,114.244,114.081,114.232,114.093,114.103
2017-03-03 08:00:00,114.23,114.244,114.108,114.109,114.232,114.243
2017-03-03 09:00:00,114.108,114.268,114.103,114.261,114.109,114.123
2017-03-03 10:00:00,114.263,114.331,114.235,114.298,114.261,114.273
2017-03-03 11:00:00,114.296,114.341,114.214,114.241,114.298,114.309
2017-03-03 12:00:00,114.242,114.443,114.228,114.441,114.241,114.255
2017-03-03 13:00:00,114.44,114.532,114.396,114.459,114.441,114.452
2017-03-03 14:00:00,114.458,114.512,114.35,114.38,114.459,114.47
2017-03-03 15:00:00,114.38,114.418,114.244,114.319,114.38,114.391
2017-03-03 16:00:00,114.319,114.474,114.311,114.416,114.319,114.331
2017-03-03 17:00:00,114.419,114.531,114.339,114.471,114.416,114.433
2017-03-03 18:00:00,114.469,114.685,114.46,114.61,114.471,114.483
2017-03-03 19:00:00,114.609,114.632,114.411,114.44,114.61,114.621
2017-03-03 20:00:00,114.441,114.745,114.154,114.242,114.44,114.454
2017-03-03 21:00:00,114.242,114.26,113.976,114.119,114.242,114.253
2017-03-03 22:00:00,114.119,114.119,113.894,113.905,114.119,114.133
2017-03-03 23:00:00,113.906,114.101,113.807,113.886,113.905,113.916
2017-03-06 00:00:00,113.879,114.132,113.877,114.09,114.03,114.058
2017-03-06 01:00:00,114.089,114.108,113.795,113.816,114.09,114.104
2017-03-06 02:00:00,113.816,113.889,113.722,113.749,113.816,113.826
2017-03-06 03:00:00,113.747,113.865,113.715,113.843,113.749,113.759
2017-03-06 04:00:00,113.845,113.86,113.77,113.823,113.843,113.856
2017-03-06 05:00:00,113.823,113.852,113.758,113.838,113.823,113.832
2017-03-06 06:00:00,113.839,113.875,113.802,113.873,113.838,113.85
2017-03-06 07:00:00,113.873,113.917,113.828,113.847,113.873,113.885
2017-03-06 08:00:00,113.847,113.886,113.66,113.687,113.847,113.86
2017-03-06 09:00:00,113.69,113.82,113.67,113.795,113.687,113.698
2017-03-06 10:00:00,113.794,113.794,113.579,113.658,113.795,113.808
2017-03-06 11:00:00,113.658,113.744,113.555,113.675,113.658,113.67
2017-03-06 12:00:00,113.675,113.769,113.651,113.754,113.675,113.687
2017-03-06 13:00:00,113.753,113.861,113.74,113.833,113.754,113.765
2017-03-06 14:00:00,113.833,113.862,113.76,113.8,113.833,113.847
2017-03-06 15:00:00,113.801,113.814,113.634,113.697,113.8,113.81
2017-03-06 16:00:00,113.696,113.849,113.684,113.793,113.697,113.709
2017-03-06 17:00:00,113.793,113.91,113.726,113.762,113.793,113.805
2017-03-06 18:00:00,113.764,113.995,113.75,113.922,113.762,113.771
2017-03-06 19:00:00,113.922,114.055,113.88,114.033,113.922,113.933
2017-03-06 20:00:00,114.034,114.099,113.976,113.981,114.033,114.044
2017-03-06 21:00:00,113.983,113.983,113.883,113.91,113.981,113.991
2017-03-06 22:00:00,113.908,113.956,113.85,113.882,113.91,113.921
2017-03-06 23:00:00,113.881,113.905,113.825,113.881,113.882,113.894
2017-03-07 00:00:00,113.848,113.96,113.831,113.936,113.849,113.929
2017-03-07 01:00:00,113.937,113.999,113.893,113.899,113.936,113.952
2017-03-07 02:00:00,113.9,114.032,113.86,114.021,113.899,113.913
2017-03-07 03:00:00,114.022,114.072,113.943,113.953,114.021,114.033
2017-03-07 04:00:00,113.953,113.991,113.938,113.973,113.953,113.965
2017-03-07 05:00:00,113.973,113.982,113.852,113.919,113.973,113.982
2017-03-07 06:00:00,113.92,113.939,113.847,113.931,113.919,113.93
2017-03-07 07:00:00,113.931,113.951,113.866,113.916,113.931,113.942
2017-03-07 08:00:00,113.917,114.004,113.872,113.958,113.916,113.928
2017-03-07 09:00:00,113.96,113.96,113.798,113.839,113.958,113.97
2017-03-07 10:00:00,113.841,113.935,113.726,113.918,113.839,113.849
2017-03-07 11:00:00,113.919,114.014,113.899,113.988,113.918,113.93
2017-03-07 12:00:00,113.988,114.06,113.895,113.899,113.988,113.997
2017-03-07 13:00:00,113.899,113.956,113.869,113.937,113.899,113.911
2017-03-07 14:00:00,113.936,113.992,113.879,113.989,113.937,113.949
2017-03-07 15:00:00,113.99,114.152,113.976,114.066,113.989,114.003
2017-03-07 16:00:00,114.062,114.135,113.983,114.05,114.066,114.076
2017-03-07 17:00:00,114.05,114.133,113.98,113.994,114.05,114.061
2017-03-07 18:00:00,113.995,114.066,113.975,113.989,113.994,114.004
2017-03-07 19:00:00,113.989,114.01,113.88,113.98,113.989,114.0
2017-03-07 20:00:00,113.98,114.049,113.966,114.037,113.98,113.991
2017-03-07 21:00:00,114.037,114.078,114.004,114.033,114.037,114.048
2017-03-07 22:00:00,114.034,114.046,113.928,113.986,114.033,114.046
2017-03-07 23:00:00,113.989,114.023,113.938,113.968,113.986,113.999
2017-03-08 00:00:00,113.935,114.021,113.935,113.988,113.944,113.994
2017-03-08 01:00:00,113.99,113.991,113.891,113.919,113.988,114.0
2017-03-08 02:00:00,113.917,113.956,113.828,113.88,113.919,113.932
2017-03-08 03:00:00,113.877,113.878,113.746,113.832,113.88,113.889
2017-03-08 04:00:00,113.83,113.854,113.754,113.792,113.832,113.841
2017-03-08 05:00:00,113.792,113.812,113.638,113.677,113.792,113.803
2017-03-08 06:00:00,113.678,113.709,113.604,113.709,113.677,113.689
2017-03-08 07:00:00,113.708,113.778,113.698,113.753,113.709,113.719
2017-03-08 08:00:00,113.752,113.774,113.665,113.692,113.753,113.763
2017-03-08 09:00:00,113.695,113.9,113.642,113.883,113.692,113.704
2017-03-08 10:00:00,113.882,113.972,113.859,113.954,113.883,113.894
2017-03-08 11:00:00,113.953,114.117,113.94,114.014,113.954,113.963
2017-03-08 12:00:00,114.014,114.101,114.011,114.079,114.014,114.027
2017-03-08 13:00:00,114.08,114.095,113.95,114.002,114.079,114.088
2017-03-08 14:00:00,114.0,114.234,113.99,114.202,114.002,114.011
2017-03-08 15:00:00,114.207,114.656,114.206,114.577,114.202,114.215
2017-03-08 16:00:00,114.575,114.755,114.468,114.513,114.577,114.588
2017-03-08 17:00:00,114.515,114.701,114.48,114.677,114.513,114.527
2017-03-08 18:00:00,114.677,114.685,114.547,114.587,114.677,114.686
2017-03-08 19:00:00,114.587,114.629,114.485,114.603,114.587,114.6
2017-03-08 20:00:00,114.602,114.614,114.365,114.441,114.603,114.612
2017-03-08 21:00:00,114.44,114.504,114.327,114.412,114.441,114.452
2017-03-08 22:00:00,114.419,114.459,114.261,114.343,114.412,114.425
2017-03-08 23:00:00,114.339,114.414,114.283,114.317,114.343,114.355
2017-03-09 00:00:00,114.312,114.441,114.297,114.439,114.312,114.383
2017-03-09 01:00:00,114.44,114.486,114.382,114.411,114.439,114.455
2017-03-09 02:00:00,114.409,114.589,114.392,114.556,114.411,114.422
2017-03-09 03:00:00,114.556,114.565,114.403,114.437,114.556,114.568
2017-03-09 04:00:00,114.437,114.465,114.361,114.446,114.437,114.45
2017-03-09 05:00:00,114.446,114.463,114.364,114.435,114.448,114.458
2017-03-09 06:00:00,114.434,114.545,114.429,114.495,114.435,114.447
2017-03-09 07:00:00,114.495,114.564,114.467,114.531,114.495,114.508
2017-03-09 08:00:00,114.534,114.545,114.398,114.438,114.531,114.542
2017-03-09 09:00:00,114.434,114.558,114.387,114.524,114.438,114.449
2017-03-09 10:00:00,114.525,114.901,114.411,114.873,114.524,114.537
2017-03-09 11:00:00,114.874,114.932,114.807,114.831,114.873,114.883
2017-03-09 12:00:00,114.832,114.863,114.644,114.708,114.831,114.842
2017-03-09 13:00:00,114.708,114.71,114.509,114.656,114.708,114.72
2017-03-09 14:00:00,114.659,114.71,114.583,114.598,114.656,114.668
2017-03-09 15:00:00,114.597,114.872,114.527,114.831,114.598,114.61
2017-03-09 16:00:00,114.828,114.866,114.708,114.844,114.831,114.844
2017-03-09 17:00:00,114.841,114.963,114.816,114.861,114.844,114.853
2017-03-09 18:00:00,114.859,114.908,114.654,114.71,114.861,114.872
2017-03-09 19:00:00,114.71,114.782,114.71,114.763,114.71,114.722
2017-03-09 20:00:00,114.763,114.815,114.72,114.769,114.763,114.775
2017-03-09 21:00:00,114.769,114.878,114.767,114.856,114.769,114.781
2017-03-09 22:00:00,114.856,114.974,114.846,114.931,114.856,114.868
2017-03-09 23:00:00,114.932,114.997,114.903,114.932,114.931,114.942
2017-03-10 00:00:00,114.933,115.089,114.876,115.085,114.933,114.963
2017-03-10 01:00:00,115.087,115.189,115.076,115.139,115.085,115.101
2017-03-10 02:00:00,115.137,115.249,115.105,115.123,115.139,115.15
2017-03-10 03:00:00,115.121,115.249,115.114,115.189,115.123,115.134
2017-03-10 04:00:00,115.188,115.248,115.16,115.195,115.189,115.2
2017-03-10 05:00:00,115.196,115.206,115.141,115.182,115.195,115.207
2017-03-10 06:00:00,115.181,115.349,115.179,115.335,115.182,115.194
2017-03-10 07:00:00,115.335,115.428,115.308,115.412,115.335,115.348
2017-03-10 08:00:00,115.413,115.454,115.342,115.414,115.412,115.423
2017-03-10 09:00:00,115.413,115.453,115.345,115.404,115.414,115.426
2017-03-10 10:00:00,115.403,115.489,115.383,115.398,115.404,115.416
2017-03-10 11:00:00,115.398,115.419,115.323,115.335,115.398,115.409
2017-03-10 12:00:00,115.335,115.436,115.33,115.366,115.335,115.348
2017-03-10 13:00:00,115.367,115.443,115.35,115.4,115.366,115.378
2017-03-10 14:00:00,115.401,115.444,115.33,115.423,115.4,115.409
2017-03-10 15:00:00,115.423,115.5,115.113,115.24,115.423,115.436
2017-03-10 16:00:00,115.241,115.367,114.83,115.003,115.24,115.25
2017-03-10 17:00:00,115.003,115.159,114.756,114.963,115.003,115.015
2017-03-10 18:00:00,114.962,115.135,114.923,115.021,114.963,114.973
2017-03-10 19:00:00,115.021,115.092,114.82,114.854,115.021,115.03
2017-03-10 20:00:00,114.855,114.892,114.786,114.89,114.854,114.867
2017-03-10 21:00:00,114.891,114.932,114.791,114.813,114.89,114.9
2017-03-10 22:00:00,114.813,114.832,114.65,114.754,114.813,114.825
2017-03-10 23:00:00,114.756,114.815,114.661,114.717,114.754,114.769
2017-03-13 00:00:00,114.764,114.879,114.721,114.875,114.764,114.784
2017-03-13 01:00:00,114.875,114.875,114.694,114.755,114.875,114.885
2017-03-13 02:00:00,114.756,114.886,114.746,114.839,114.755,114.769
2017-03-13 03:00:00,114.839,114.915,114.832,114.856,114.839,114.848
2017-03-13 04:00:00,114.855,114.888,114.814,114.888,114.856,114.866
2017-03-13 05:00:00,114.887,114.891,114.763,114.817,114.888,114.9
2017-03-13 06:00:00,114.819,114.819,114.68,114.692,114.817,114.826
2017-03-13 07:00:00,114.694,114.735,114.646,114.693,114.692,114.705
2017-03-13 08:00:00,114.691,114.728,114.506,114.509,114.693,114.703
2017-03-13 09:00:00,114.509,114.772,114.509,114.674,114.509,114.521
2017-03-13 10:00:00,114.674,114.688,114.546,114.617,114.674,114.683
2017-03-13 11:00:00,114.616,114.641,114.478,114.617,114.617,114.627
2017-03-13 12:00:00,114.617,114.618,114.511,114.532,114.617,114.629
2017-03-13 13:00:00,114.531,114.677,114.49,114.644,114.532,114.542
2017-03-13 14:00:00,114.644,114.787,114.595,114.772,114.644,114.656
2017-03-13 15:00:00,114.773,114.831,114.651,114.682,114.772,114.785
2017-03-13 16:00:00,114.681,114.765,114.617,114.655,114.682,114.693
2017-03-13 17:00:00,114.655,114.71,114.539,114.609,114.655,114.667
2017-03-13 18:00:00,114.61,114.717,114.608,114.704,114.609,114.62
2017-03-13 19:00:00,114.705,114.77,114.682,114.758,114.704,114.715
2017-03-13 20:00:00,114.758,114.851,114.733,114.754,114.758,114.768
2017-03-13 21:00:00,114.754,114.834,114.748,114.826,114.754,114.766
2017-03-13 22:00:00,114.821,114.884,114.789,114.878,114.826,114.836
2017-03-13 23:00:00,114.878,114.9,114.827,114.843,114.878,114.892
2017-03-14 00:00:00,114.844,114.947,114.83,114.936,114.844,114.857
2017-03-14 01:00:00,114.939,114.975,114.907,114.911,114.936,114.95
2017-03-14 02:00:00,114.91,114.93,114.809,114.833,114.911,114.923
2017-03-14 03:00:00,114.833,114.866,114.758,114.788,114.833,114.845
2017-03-14 04:00:00,114.788,114.853,114.766,114.852,114.788,114.802
2017-03-14 05:00:00,114.854,114.854,114.792,114.801,114.852,114.861
2017-03-14 06:00:00,114.801,114.9,114.796,114.886,114.801,114.813
2017-03-14 07:00:00,114.886,114.888,114.832,114.848,114.886,114.897
2017-03-14 08:00:00,114.848,115.029,114.818,115.028,114.848,114.859
2017-03-14 09:00:00,115.029,115.176,115.025,115.162,115.028,115.041
2017-03-14 10:00:00,115.162,115.191,115.016,115.052,115.162,115.174
2017-03-14 11:00:00,115.051,115.134,115.048,115.078,115.052,115.064
2017-03-14 12:00:00,115.078,115.094,115.014,115.068,115.078,115.091
2017-03-14 13:00:00,115.069,115.075,114.928,115.006,115.068,115.079
2017-03-14 14:00:00,115.006,115.013,114.796,114.861,115.006,115.018
2017-03-14 15:00:00,114.86,114.89,114.701,114.727,114.861,114.873
2017-03-14 16:00:00,114.727,114.749,114.553,114.692,114.727,114.739
2017-03-14 17:00:00,114.693,114.731,114.573,114.622,114.692,114.701
2017-03-14 18:00:00,114.63,114.635,114.515,114.59,114.622,114.633
2017-03-14 19:00:00,114.591,114.671,114.524,114.662,114.59,114.599
2017-03-14 20:00:00,114.662,114.745,114.632,114.717,114.662,114.673
2017-03-14 21:00:00,114.718,114.768,114.678,114.71,114.717,114.729
2017-03-14 22:00:00,114.71,114.792,114.704,114.733,114.71,114.722
2017-03-14 23:00:00,114.728,114.766,114.702,114.73,114.733,114.753
2017-03-15 00:00:00,114.729,114.737,114.672,114.691,114.73,114.757
2017-03-15 01:00:00,114.69,114.695,114.624,114.654,114.691,114.703
2017-03-15 02:00:00,114.654,114.815,114.638,114.806,114.654,114.667
2017-03-15 03:00:00,114.805,114.826,114.748,114.822,114.806,114.817
2017-03-15 04:00:00,114.82,114.839,114.778,114.832,114.822,114.833
2017-03-15 05:00:00,114.832,114.881,114.829,114.833,114.832,114.845
2017-03-15 06:00:00,114.833,114.852,114.739,114.774,114.833,114.843
2017-03-15 07:00:00,114.774,114.813,114.763,114.8,114.774,114.784
2017-03-15 08:00:00,114.8,114.853,114.679,114.707,114.8,114.812
2017-03-15 09:00:00,114.707,114.751,114.61,114.681,114.707,114.719
2017-03-15 10:00:00,114.681,114.704,114.576,114.592,114.681,114.691
2017-03-15 11:00:00,114.593,114.672,114.576,114.625,114.592,114.605
2017-03-15 12:00:00,114.622,114.69,114.617,114.65,114.625,114.634
2017-03-15 13:00:00,114.649,114.656,114.558,114.596,114.65,114.66
2017-03-15 14:00:00,114.595,114.756,114.567,114.701,114.596,114.606
2017-03-15 15:00:00,114.701,114.774,114.625,114.749,114.701,114.711
2017-03-15 16:00:00,114.749,114.818,114.692,114.758,114.749,114.759
2017-03-15 17:00:00,114.756,114.795,114.635,114.652,114.758,114.767
2017-03-15 18:00:00,114.652,114.717,114.525,114.577,114.652,114.662
2017-03-15 19:00:00,114.576,114.603,114.424,114.565,114.577,114.589
2017-03-15 20:00:00,114.565,114.571,113.318,113.446,114.565,114.607
2017-03-15 21:00:00,113.446,113.567,113.169,113.23,113.446,113.46
2017-03-15 22:00:00,113.228,113.451,113.187,113.376,113.23,113.242
2017-03-15 23:00:00,113.357,113.469,113.35,113.457,113.376,113.392
2017-03-16 00:00:00,113.459,113.544,113.421,113.44,113.457,113.473
2017-03-16 01:00:00,113.436,113.446,113.351,113.387,113.44,113.453
2017-03-16 02:00:00,113.382,113.405,113.151,113.238,113.387,113.399
2017-03-16 03:00:00,113.24,113.415,113.224,113.388,113.238,113.249
2017-03-16 04:00:00,113.386,113.415,113.256,113.35,113.388,113.399
2017-03-16 05:00:00,113.351,113.508,113.319,113.446,113.35,113.363
2017-03-16 06:00:00,113.444,113.457,113.368,113.404,113.446,113.459
2017-03-16 07:00:00,113.403,113.41,113.222,113.3,113.404,113.416
2017-03-16 08:00:00,113.3,113.314,113.188,113.275,113.3,113.312
2017-03-16 09:00:00,113.275,113.34,112.9,113.226,113.275,113.284
2017-03-16 10:00:00,113.225,113.454,113.192,113.442,113.226,113.239
2017-03-16 11:00:00,113.441,113.488,113.374,113.414,113.442,113.451
2017-03-16 12:00:00,113.413,113.527,113.376,113.489,113.414,113.425
2017-03-16 13:00:00,113.489,113.534,113.335,113.353,113.489,113.5
2017-03-16 14:00:00,113.352,113.464,113.236,113.311,113.353,113.364
2017-03-16 15:00:00,113.311,113.428,113.23,113.367,113.311,113.322
2017-03-16 16:00:00,113.37,113.444,113.203,113.276,113.367,113.379
2017-03-16 17:00:00,113.276,113.287,112.987,113.006,113.276,113.287
2017-03-16 18:00:00,113.006,113.14,112.964,113.095,113.006,113.017
2017-03-16 19:00:00,113.097,113.346,113.064,113.319,113.095,113.105
2017-03-16 20:00:00,113.318,113.4,113.247,113.259,113.319,113.331
2017-03-16 21:00:00,113.259,113.426,113.224,113.232,113.259,113.27
2017-03-16 22:00:00,113.229,113.308,113.219,113.296,113.232,113.244
2017-03-16 23:00:00,113.279,113.336,113.268,113.294,113.296,113.306
2017-03-17 00:00:00,113.294,113.345,113.27,113.339,113.294,113.314
2017-03-17 01:00:00,113.34,113.392,113.288,113.346,113.339,113.351
2017-03-17 02:00:00,113.353,113.453,113.292,113.437,113.346,113.36
2017-03-17 03:00:00,113.437,113.488,113.397,113.452,113.437,113.449
2017-03-17 04:00:00,113.451,113.485,113.431,113.442,113.452,113.463
2017-03-17 05:00:00,113.442,113.463,113.421,113.446,113.442,113.454
2017-03-17 06:00:00,113.443,113.463,113.389,113.4,113.446,113.457
2017-03-17 07:00:00,113.4,113.447,113.361,113.387,113.4,113.412
2017-03-17 08:00:00,113.386,113.386,113.274,113.319,113.387,113.399
2017-03-17 09:00:00,113.318,113.444,113.288,113.436,113.319,113.329
2017-03-17 10:00:00,113.438,113.44,113.238,113.258,113.436,113.447
2017-03-17 11:00:00,113.259,113.349,113.19,113.214,113.258,113.27
2017-03-17 12:00:00,113.217,113.26,113.187,113.212,113.214,113.226
2017-03-17 13:00:00,113.213,113.234,113.029,113.05,113.212,113.223
2017-03-17 14:00:00,113.053,113.187,113.048,113.178,113.05,113.062
2017-03-17 15:00:00,113.178,113.18,112.979,113.008,113.178,113.189
2017-03-17 16:00:00,113.011,113.018,112.735,112.816,113.008,113.023
2017-03-17 17:00:00,112.812,112.812,112.56,112.664,112.816,112.827
2017-03-17 18:00:00,112.668,112.73,112.628,112.675,112.664,112.675
2017-03-17 19:00:00,112.676,112.699,112.606,112.649,112.675,112.685
2017-03-17 20:00:00,112.649,112.688,112.6,112.684,112.649,112.66
2017-03-17 21:00:00,112.685,112.734,112.638,112.676,112.684,112.695
2017-03-17 22:00:00,112.674,112.761,112.651,112.702,112.676,112.685
2017-03-20 00:00:00,112.639,112.751,112.616,112.727,112.636,112.665
2017-03-20 01:00:00,112.729,112.739,112.659,112.673,112.727,112.743
2017-03-20 02:00:00,112.673,112.683,112.545,112.605,112.673,112.687
2017-03-20 03:00:00,112.605,112.623,112.471,112.504,112.605,112.617
2017-03-20 04:00:00,112.504,112.564,112.488,112.531,112.504,112.516
2017-03-20 05:00:00,112.535,112.555,112.492,112.523,112.531,112.543
2017-03-20 06:00:00,112.523,112.551,112.502,112.517,112.523,112.534
2017-03-20 07:00:00,112.517,112.632,112.5,112.61,112.517,112.528
2017-03-20 08:00:00,112.607,112.675,112.596,112.655,112.61,112.619
2017-03-20 09:00:00,112.655,112.713,112.453,112.59,112.655,112.667
2017-03-20 10:00:00,112.591,112.77,112.583,112.737,112.59,112.602
2017-03-20 11:00:00,112.737,112.834,112.698,112.813,112.737,112.746
2017-03-20 12:00:00,112.813,112.84,112.715,112.754,112.813,112.824
2017-03-20 13:00:00,112.752,112.894,112.736,112.869,112.754,112.765
2017-03-20 14:00:00,112.871,112.882,112.735,112.752,112.869,112.879
2017-03-20 15:00:00,112.756,112.778,112.591,112.682,112.752,112.762
2017-03-20 16:00:00,112.682,112.8,112.635,112.774,112.682,112.692
2017-03-20 17:00:00,112.774,112.782,112.565,112.598,112.774,112.785
2017-03-20 18:00:00,112.598,112.706,112.548,112.689,112.598,112.609
2017-03-20 19:00:00,112.694,112.694,112.488,112.556,112.689,112.698
2017-03-20 20:00:00,112.556,112.608,112.516,112.584,112.556,112.566
2017-03-20 21:00:00,112.586,112.597,112.499,112.524,112.584,112.595
2017-03-20 22:00:00,112.526,112.566,112.492,112.542,112.524,112.536
2017-03-20 23:00:00,112.534,112.573,112.478,112.495,112.542,112.56
2017-03-21 00:00:00,112.498,112.567,112.482,112.526,112.495,112.515
2017-03-21 01:00:00,112.527,112.586,112.431,112.559,112.526,112.538
2017-03-21 02:00:00,112.562,112.586,112.261,112.378,112.559,112.569
2017-03-21 03:00:00,112.378,112.631,112.337,112.614,112.378,112.389
2017-03-21 04:00:00,112.614,112.749,112.571,112.726,112.614,112.626
2017-03-21 05:00:00,112.726,112.788,112.682,112.736,112.726,112.737
2017-03-21 06:00:00,112.735,112.742,112.676,112.681,112.736,112.748
2017-03-21 07:00:00,112.68,112.857,112.657,112.794,112.681,112.69
2017-03-21 08:00:00,112.793,112.797,112.656,112.656,112.794,112.803
2017-03-21 09:00:00,112.657,112.839,112.636,112.824,112.656,112.669
2017-03-21 10:00:00,112.823,112.865,112.709,112.733,112.824,112.836
2017-03-21 11:00:00,112.732,112.763,112.574,112.589,112.733,112.743
2017-03-21 12:00:00,112.589,112.599,112.487,112.543,112.589,112.6
2017-03-21 13:00:00,112.543,112.58,112.421,112.573,112.543,112.554
2017-03-21 14:00:00,112.571,112.683,112.543,112.595,112.573,112.583
2017-03-21 15:00:00,112.599,112.601,112.411,112.449,112.595,112.607
2017-03-21 16:00:00,112.449,112.449,112.05,112.107,112.449,112.459
2017-03-21 17:00:00,112.105,112.109,111.807,111.905,112.107,112.119
2017-03-21 18:00:00,111.903,112.05,111.855,111.931,111.905,111.915
2017-03-21 19:00:00,111.929,111.95,111.684,111.725,111.931,111.942
2017-03-21 20:00:00,111.725,111.943,111.722,111.902,111.725,111.737
2017-03-21 21:00:00,111.901,111.908,111.54,111.707,111.902,111.913
2017-03-21 22:00:00,111.707,111.799,111.612,111.706,111.707,111.719
2017-03-21 23:00:00,111.691,111.78,111.662,111.776,111.706,111.724
2017-03-22 00:00:00,111.775,111.788,111.426,111.495,111.775,111.795
2017-03-22 01:00:00,111.495,111.634,111.432,111.531,111.495,111.508
2017-03-22 02:00:00,111.531,111.766,111.517,111.676,111.531,111.544
2017-03-22 03:00:00,111.676,111.707,111.584,111.631,111.676,111.688
2017-03-22 04:00:00,111.629,111.652,111.46,111.607,111.631,111.642
2017-03-22 05:00:00,111.607,111.729,111.576,111.655,111.607,111.619
2017-03-22 06:00:00,111.654,111.722,111.616,111.635,111.655,111.666
2017-03-22 07:00:00,111.638,111.668,111.53,111.552,111.635,111.648
2017-03-22 08:00:00,111.549,111.589,111.324,111.436,111.552,111.561
2017-03-22 09:00:00,111.435,111.647,111.373,111.499,111.436,111.45
2017-03-22 10:00:00,111.499,111.506,111.224,111.263,111.499,111.511
2017-03-22 11:00:00,111.263,111.37,111.137,111.336,111.263,111.276
2017-03-22 12:00:00,111.334,111.344,111.195,111.289,111.336,111.345
2017-03-22 13:00:00,111.289,111.37,111.24,111.307,111.289,111.302
2017-03-22 14:00:00,111.307,111.43,111.222,111.237,111.307,111.318
2017-03-22 15:00:00,111.234,111.262,110.954,110.963,111.237,111.248
2017-03-22 16:00:00,110.966,111.05,110.744,110.996,110.963,110.979
2017-03-22 17:00:00,110.993,111.21,110.937,111.05,110.996,111.005
2017-03-22 18:00:00,111.05,111.163,110.899,111.025,111.05,111.062
2017-03-22 19:00:00,111.023,111.032,110.763,110.763,111.025,111.035
2017-03-22 20:00:00,110.766,110.959,110.728,110.922,110.763,110.775
2017-03-22 21:00:00,110.919,111.174,110.885,111.125,110.922,110.933
2017-03-22 22:00:00,111.124,111.165,111.099,111.146,111.125,111.135
2017-03-22 23:00:00,111.144,111.269,111.134,111.26,111.158,111.171
2017-03-23 00:00:00,111.26,111.365,111.204,111.287,111.26,111.276
2017-03-23 01:00:00,111.287,111.396,111.216,111.367,111.287,111.302
2017-03-23 02:00:00,111.369,111.536,111.22,111.479,111.367,111.38
2017-03-23 03:00:00,111.477,111.576,111.357,111.462,111.479,111.49
2017-03-23 04:00:00,111.462,111.5,111.421,111.443,111.462,111.475
2017-03-23 05:00:00,111.445,111.448,111.325,111.368,111.443,111.455
2017-03-23 06:00:00,111.368,111.398,111.28,111.296,111.368,111.38
2017-03-23 07:00:00,111.296,111.399,111.273,111.391,111.296,111.307
2017-03-23 08:00:00,111.391,111.391,111.225,111.258,111.391,111.403
2017-03-23 09:00:00,111.257,111.262,111.066,111.243,111.258,111.268
2017-03-23 10:00:00,111.243,111.25,111.016,111.042,111.243,111.255
2017-03-23 11:00:00,111.04,111.131,110.938,110.981,111.042,111.053
2017-03-23 12:00:00,110.98,111.065,110.913,111.025,110.981,110.993
2017-03-23 13:00:00,111.026,111.112,111.005,111.061,111.025,111.036
2017-03-23 14:00:00,111.061,111.098,110.779,110.857,111.061,111.073
2017-03-23 15:00:00,110.855,111.047,110.625,110.946,110.857,110.869
2017-03-23 16:00:00,110.946,111.133,110.909,111.013,110.946,110.962
2017-03-23 17:00:00,111.011,111.264,110.931,111.108,111.013,111.025
2017-03-23 18:00:00,111.109,111.304,111.065,111.152,111.108,111.117
2017-03-23 19:00:00,111.154,111.17,110.86,111.041,111.152,111.164
2017-03-23 20:00:00,111.043,111.168,111.01,111.058,111.041,111.051
2017-03-23 21:00:00,111.058,111.1,110.751,110.985,111.058,111.069
2017-03-23 22:00:00,110.984,110.997,110.902,110.904,110.985,110.995
2017-03-23 23:00:00,110.922,110.974,110.89,110.973,110.904,110.923
2017-03-24 00:00:00,110.971,111.076,110.971,111.029,110.973,110.992
2017-03-24 01:00:00,111.026,111.046,110.934,110.991,111.029,111.041
2017-03-24 02:00:00,110.994,111.364,110.857,111.327,110.991,111.002
2017-03-24 03:00:00,111.328,111.439,111.249,111.324,111.327,111.338
2017-03-24 04:00:00,111.324,111.42,111.268,111.345,111.324,111.338
2017-03-24 05:00:00,111.345,111.346,111.208,111.293,111.345,111.357
2017-03-24 06:00:00,111.292,111.369,111.279,111.336,111.293,111.306
2017-03-24 07:00:00,111.335,111.474,111.306,111.463,111.336,111.347
2017-03-24 08:00:00,111.463,111.478,111.311,111.317,111.463,111.476
2017-03-24 09:00:00,111.317,111.381,111.257,111.337,111.317,111.327
2017-03-24 10:00:00,111.337,111.347,111.13,111.194,111.337,111.346
2017-03-24 11:00:00,111.194,111.215,111.082,111.135,111.194,111.205
2017-03-24 12:00:00,111.135,111.135,110.986,111.022,111.135,111.147
2017-03-24 13:00:00,111.02,111.116,110.951,110.974,111.022,111.032
2017-03-24 14:00:00,110.974,111.095,110.938,111.042,110.974,110.985
2017-03-24 15:00:00,111.041,111.279,111.036,111.256,111.042,111.054
2017-03-24 16:00:00,111.256,111.281,111.055,111.129,111.256,111.266
2017-03-24 17:00:00,111.128,111.175,110.938,111.045,111.129,111.139
2017-03-24 18:00:00,111.044,111.098,110.791,110.888,111.045,111.056
2017-03-24 19:00:00,110.889,110.926,110.772,110.867,110.888,110.901
2017-03-24 20:00:00,110.869,110.939,110.76,110.775,110.867,110.879
2017-03-24 21:00:00,110.775,111.26,110.623,111.192,110.775,110.789
2017-03-24 22:00:00,111.193,111.326,111.12,111.217,111.192,111.204
2017-03-27 00:00:00,110.919,111.043,110.843,110.93,110.877,110.975
2017-03-27 01:00:00,110.931,110.998,110.523,110.562,110.93,110.953
2017-03-27 02:00:00,110.561,110.74,110.414,110.549,110.562,110.583
2017-03-27 03:00:00,110.549,110.583,110.318,110.328,110.549,110.562
2017-03-27 04:00:00,110.327,110.437,110.253,110.411,110.328,110.341
2017-03-27 05:00:00,110.411,110.411,110.301,110.383,110.411,110.423
2017-03-27 06:00:00,110.382,110.391,110.303,110.344,110.383,110.394
2017-03-27 07:00:00,110.344,110.423,110.26,110.414,110.344,110.357
2017-03-27 08:00:00,110.415,110.431,110.227,110.253,110.414,110.427
2017-03-27 09:00:00,110.252,110.296,110.141,110.192,110.253,110.265
2017-03-27 10:00:00,110.191,110.271,110.115,110.173,110.192,110.203
2017-03-27 11:00:00,110.174,110.311,110.129,110.304,110.173,110.187
2017-03-27 12:00:00,110.302,110.397,110.273,110.284,110.304,110.314
2017-03-27 13:00:00,110.285,110.394,110.262,110.354,110.284,110.295
2017-03-27 14:00:00,110.352,110.371,110.165,110.17,110.354,110.365
2017-03-27 15:00:00,110.171,110.257,110.106,110.164,110.17,110.18
2017-03-27 16:00:00,110.165,110.375,110.127,110.353,110.164,110.176
2017-03-27 17:00:00,110.353,110.465,110.291,110.446,110.353,110.363
2017-03-27 18:00:00,110.446,110.565,110.352,110.466,110.446,110.455
2017-03-27 19:00:00,110.468,110.593,110.411,110.57,110.466,110.477
2017-03-27 20:00:00,110.569,110.651,110.51,110.545,110.57,110.582
2017-03-27 21:00:00,110.544,110.603,110.457,110.564,110.545,110.555
2017-03-27 22:00:00,110.562,110.648,110.537,110.611,110.564,110.575
2017-03-27 23:00:00,110.61,110.682,110.607,110.652,110.611,110.625
2017-03-28 00:00:00,110.633,110.661,110.544,110.636,110.652,110.673
2017-03-28 01:00:00,110.635,110.679,110.58,110.617,110.636,110.649
2017-03-28 02:00:00,110.618,110.824,110.618,110.761,110.617,110.631
2017-03-28 03:00:00,110.76,110.824,110.638,110.662,110.761,110.771
2017-03-28 04:00:00,110.662,110.675,110.546,110.604,110.662,110.674
2017-03-28 05:00:00,110.604,110.671,110.585,110.638,110.604,110.616
2017-03-28 06:00:00,110.637,110.64,110.526,110.592,110.638,110.65
2017-03-28 07:00:00,110.592,110.604,110.519,110.565,110.592,110.603
2017-03-28 08:00:00,110.565,110.637,110.553,110.633,110.565,110.576
2017-03-28 09:00:00,110.633,110.738,110.625,110.727,110.633,110.644
2017-03-28 10:00:00,110.727,110.736,110.522,110.679,110.727,110.739
2017-03-28 11:00:00,110.679,110.722,110.618,110.684,110.679,110.691
2017-03-28 12:00:00,110.682,110.706,110.627,110.701,110.684,110.694
2017-03-28 13:00:00,110.702,110.706,110.556,110.57,110.701,110.712
2017-03-28 14:00:00,110.57,110.577,110.373,110.453,110.57,110.58
2017-03-28 15:00:00,110.452,110.455,110.238,110.318,110.453,110.464
2017-03-28 16:00:00,110.318,110.376,110.192,110.261,110.318,110.327
2017-03-28 17:00:00,110.27,110.434,110.174,110.248,110.261,110.28
2017-03-28 18:00:00,110.248,110.583,110.236,110.568,110.248,110.259
2017-03-28 19:00:00,110.566,110.675,110.533,110.648,110.568,110.577
2017-03-28 20:00:00,110.647,110.984,110.643,110.984,110.648,110.659
2017-03-28 21:00:00,110.983,111.198,110.978,111.084,110.984,110.996
2017-03-28 22:00:00,111.087,111.182,111.077,111.101,111.084,111.095
2017-03-28 23:00:00,111.1,111.189,111.084,111.129,111.101,111.112
2017-03-29 00:00:00,111.133,111.133,111.037,111.058,111.117,111.18
2017-03-29 01:00:00,111.06,111.132,111.038,111.118,111.058,111.079
2017-03-29 02:00:00,111.117,111.237,111.117,111.224,111.118,111.132
2017-03-29 03:00:00,111.224,111.239,111.026,111.106,111.224,111.237
2017-03-29 04:00:00,111.106,111.284,111.092,111.279,111.106,111.118
2017-03-29 05:00:00,111.278,111.313,111.22,111.234,111.279,111.289
2017-03-29 06:00:00,111.235,111.31,111.184,111.222,111.234,111.244
2017-03-29 07:00:00,111.222,111.249,111.157,111.162,111.222,111.233
2017-03-29 08:00:00,111.163,111.217,111.089,111.142,111.162,111.175
2017-03-29 09:00:00,111.142,111.233,111.109,111.167,111.142,111.154
2017-03-29 10:00:00,111.167,111.176,111.024,111.091,111.167,111.179
2017-03-29 11:00:00,111.093,111.204,110.933,110.961,111.091,111.103
2017-03-29 12:00:00,110.961,111.064,110.923,111.025,110.961,110.971
2017-03-29 13:00:00,111.026,111.051,110.95,111.01,111.025,111.037
2017-03-29 14:00:00,111.01,111.014,110.712,110.828,111.01,111.022
2017-03-29 15:00:00,110.828,110.956,110.754,110.84,110.828,110.839
2017-03-29 16:00:00,110.84,111.006,110.785,110.885,110.84,110.851
2017-03-29 17:00:00,110.884,111.083,110.837,111.006,110.885,110.898
2017-03-29 18:00:00,111.008,111.114,110.878,111.054,111.006,111.019
2017-03-29 19:00:00,111.052,111.152,111.011,111.044,111.054,111.064
2017-03-29 20:00:00,111.044,111.101,110.939,111.091,111.044,111.055
2017-03-29 21:00:00,111.091,111.132,111.036,111.045,111.091,111.105
2017-03-29 22:00:00,111.041,111.051,110.925,110.97,111.045,111.054
2017-03-29 23:00:00,110.972,111.048,110.968,111.032,110.97,110.982
2017-03-30 00:00:00,111.006,111.035,110.972,110.997,111.006,111.074
2017-03-30 01:00:00,111.003,111.121,111.0,111.093,110.997,111.024
2017-03-30 02:00:00,111.097,111.166,111.037,111.144,111.093,111.105
2017-03-30 03:00:00,111.143,111.364,111.115,111.34,111.144,111.155
2017-03-30 04:00:00,111.34,111.422,111.32,111.389,111.34,111.351
2017-03-30 05:00:00,111.394,111.397,111.289,111.308,111.389,111.4
2017-03-30 06:00:00,111.308,111.343,111.23,111.263,111.308,111.32
2017-03-30 07:00:00,111.263,111.308,111.214,111.286,111.263,111.274
2017-03-30 08:00:00,111.285,111.285,111.099,111.184,111.286,111.298
2017-03-30 09:00:00,111.183,111.208,111.043,111.09,111.184,111.193
2017-03-30 10:00:00,111.089,111.103,110.938,111.07,111.09,111.1
2017-03-30 11:00:00,111.069,111.153,111.027,111.041,111.07,111.083
2017-03-30 12:00:00,111.041,111.338,111.022,111.209,111.041,111.054
2017-03-30 13:00:00,111.213,111.25,111.061,111.134,111.209,111.222
2017-03-30 14:00:00,111.137,111.206,111.056,111.155,111.134,111.147
2017-03-30 15:00:00,111.158,111.388,111.141,111.373,111.155,111.166
2017-03-30 16:00:00,111.372,111.534,110.993,111.251,111.373,111.383
2017-03-30 17:00:00,111.251,111.391,111.194,111.315,111.251,111.264
2017-03-30 18:00:00,111.314,111.392,111.244,111.368,111.315,111.325
2017-03-30 19:00:00,111.368,111.416,111.221,111.381,111.368,111.379
2017-03-30 20:00:00,111.381,111.519,111.368,111.436,111.381,111.39
2017-03-30 21:00:00,111.436,111.651,111.418,111.593,111.436,111.449
2017-03-30 22:00:00,111.593,111.844,111.575,111.793,111.593,111.607
2017-03-30 23:00:00,111.794,111.942,111.749,111.899,111.793,111.805
2017-03-31 00:00:00,111.89,111.917,111.811,111.84,111.899,111.941
2017-03-31 01:00:00,111.844,111.857,111.767,111.812,111.84,111.853
2017-03-31 02:00:00,111.819,111.83,111.697,111.734,111.812,111.825
2017-03-31 03:00:00,111.732,112.152,111.713,112.109,111.734,111.745
2017-03-31 04:00:00,112.109,112.12,111.951,112.045,112.109,112.122
2017-03-31 05:00:00,112.043,112.123,112.01,112.066,112.045,112.056
2017-03-31 06:00:00,112.065,112.193,111.997,112.077,112.066,112.079
2017-03-31 07:00:00,112.077,112.125,112.011,112.071,112.077,112.088
2017-03-31 08:00:00,112.071,112.077,111.823,111.863,112.071,112.08
2017-03-31 09:00:00,111.862,111.897,111.735,111.837,111.863,111.875
2017-03-31 10:00:00,111.837,111.89,111.755,111.789,111.837,111.848
2017-03-31 11:00:00,111.79,111.921,111.781,111.858,111.789,111.799
2017-03-31 12:00:00,111.858,112.04,111.83,111.958,111.858,111.872
2017-03-31 13:00:00,111.956,111.995,111.8,111.804,111.958,111.968
2017-03-31 14:00:00,111.804,111.868,111.758,111.775,111.804,111.817
2017-03-31 15:00:00,111.773,111.964,111.77,111.877,111.775,111.785
2017-03-31 16:00:00,111.875,111.926,111.55,111.646,111.877,111.886
2017-03-31 17:00:00,111.646,111.766,111.399,111.429,111.646,111.664
2017-03-31 18:00:00,111.429,111.522,111.375,111.407,111.429,111.439
2017-03-31 19:00:00,111.41,111.489,111.27,111.305,111.407,111.418
2017-03-31 20:00:00,111.306,111.449,111.301,111.405,111.305,111.315
2017-03-31 21:00:00,111.404,111.441,111.239,111.284,111.405,111.416
2017-03-31 22:00:00,111.285,111.425,111.271,111.318,111.284,111.295
2017-03-31 23:00:00,111.32,111.402,111.264,111.264,111.318,111.331
2017-04-03 00:00:00,111.355,111.423,111.329,111.38,111.387,111.414
2017-04-03 01:00:00,111.382,111.493,111.296,111.331,111.38,111.421
2017-04-03 02:00:00,111.33,111.356,111.216,111.268,111.331,111.342
2017-04-03 03:00:00,111.268,111.332,111.125,111.289,111.268,111.283
2017-04-03 04:00:00,111.288,111.383,111.259,111.363,111.289,111.301
2017-04-03 05:00:00,111.363,111.394,111.319,111.349,111.363,111.375
2017-04-03 06:00:00,111.348,111.378,111.235,111.258,111.349,111.361
2017-04-03 07:00:00,111.257,111.396,111.257,111.333,111.258,111.269
2017-04-03 08:00:00,111.332,111.447,111.331,111.367,111.333,111.342
2017-04-03 09:00:00,111.371,111.584,111.365,111.52,111.367,111.379
2017-04-03 10:00:00,111.52,111.545,111.397,111.424,111.52,111.531
2017-04-03 11:00:00,111.424,111.468,111.287,111.367,111.424,111.434
2017-04-03 12:00:00,111.369,111.374,111.259,111.361,111.367,111.379
2017-04-03 13:00:00,111.36,111.504,111.355,111.436,111.361,111.372
2017-04-03 14:00:00,111.434,111.479,111.369,111.386,111.436,111.445
2017-04-03 15:00:00,111.386,111.396,111.242,111.355,111.386,111.395
2017-04-03 16:00:00,111.354,111.447,111.319,111.371,111.355,111.365
2017-04-03 17:00:00,111.382,111.468,110.92,110.994,111.371,111.393
2017-04-03 18:00:00,110.989,111.078,110.916,110.972,110.994,111.005
2017-04-03 19:00:00,110.972,111.066,110.901,111.011,110.972,110.984
2017-04-03 20:00:00,111.011,111.079,110.921,110.971,111.011,111.023
2017-04-03 21:00:00,110.972,111.027,110.852,110.944,110.971,110.983
2017-04-03 22:00:00,110.943,111.033,110.854,110.856,110.944,110.954
2017-04-03 23:00:00,110.854,110.922,110.854,110.884,110.856,110.867
2017-04-04 00:00:00,110.88,110.928,110.843,110.846,110.885,110.953
2017-04-04 01:00:00,110.846,110.893,110.831,110.868,110.846,110.861
2017-04-04 02:00:00,110.868,110.869,110.677,110.682,110.868,110.882
2017-04-04 03:00:00,110.673,110.754,110.565,110.631,110.682,110.692
2017-04-04 04:00:00,110.628,110.708,110.47,110.697,110.631,110.644
2017-04-04 05:00:00,110.697,110.715,110.602,110.661,110.697,110.709
2017-04-04 06:00:00,110.661,110.668,110.461,110.562,110.661,110.675
2017-04-04 07:00:00,110.564,110.57,110.368,110.458,110.562,110.572
2017-04-04 08:00:00,110.458,110.561,110.401,110.531,110.458,110.469
2017-04-04 09:00:00,110.53,110.552,110.33,110.404,110.531,110.541
2017-04-04 10:00:00,110.405,110.588,110.402,110.466,110.404,110.417
2017-04-04 11:00:00,110.467,110.559,110.38,110.509,110.466,110.478
2017-04-04 12:00:00,110.508,110.564,110.417,110.48,110.509,110.52
2017-04-04 13:00:00,110.479,110.491,110.397,110.461,110.48,110.49
2017-04-04 14:00:00,110.46,110.491,110.265,110.29,110.461,110.47
2017-04-04 15:00:00,110.29,110.515,110.271,110.504,110.29,110.302
2017-04-04 16:00:00,110.505,110.703,110.467,110.59,110.504,110.513
2017-04-04 17:00:00,110.59,110.669,110.445,110.524,110.59,110.606
2017-04-04 18:00:00,110.524,110.808,110.5,110.734,110.524,110.535
2017-04-04 19:00:00,110.733,110.798,110.682,110.69,110.734,110.745
2017-04-04 20:00:00,110.689,110.733,110.633,110.701,110.69,110.699
2017-04-04 21:00:00,110.7,110.743,110.628,110.634,110.701,110.711
2017-04-04 22:00:00,110.633,110.752,110.63,110.727,110.634,110.644
2017-04-04 23:00:00,110.731,110.75,110.718,110.724,110.727,110.737
2017-04-05 00:00:00,110.709,110.748,110.64,110.686,110.733,110.744
2017-04-05 01:00:00,110.686,110.842,110.662,110.82,110.686,110.709
2017-04-05 02:00:00,110.82,110.908,110.78,110.844,110.82,110.831
2017-04-05 03:00:00,110.844,110.889,110.732,110.743,110.844,110.854
2017-04-05 04:00:00,110.742,110.806,110.69,110.779,110.743,110.754
2017-04-05 05:00:00,110.779,110.779,110.716,110.724,110.779,110.792
2017-04-05 06:00:00,110.724,110.751,110.569,110.608,110.724,110.736
2017-04-05 07:00:00,110.608,110.679,110.534,110.636,110.608,110.619
2017-04-05 08:00:00,110.637,110.743,110.582,110.736,110.636,110.648
2017-04-05 09:00:00,110.736,110.739,110.635,110.674,110.736,110.746
2017-04-05 10:00:00,110.674,110.735,110.561,110.599,110.674,110.685
2017-04-05 11:00:00,110.6,110.814,110.595,110.79,110.599,110.612
2017-04-05 12:00:00,110.791,110.98,110.787,110.873,110.79,110.8
2017-04-05 13:00:00,110.873,110.94,110.84,110.852,110.873,110.884
2017-04-05 14:00:00,110.852,110.954,110.787,110.951,110.852,110.865
2017-04-05 15:00:00,110.952,111.254,110.896,111.201,110.951,110.964
2017-04-05 16:00:00,111.202,111.431,111.141,111.366,111.201,111.21
2017-04-05 17:00:00,111.349,111.349,111.125,111.159,111.366,111.389
2017-04-05 18:00:00,111.161,111.287,111.067,111.214,111.159,111.169
2017-04-05 19:00:00,111.214,111.331,111.184,111.288,111.214,111.223
2017-04-05 20:00:00,111.29,111.34,111.267,111.301,111.288,111.299
2017-04-05 21:00:00,111.328,111.451,110.889,110.901,111.301,111.32
2017-04-05 22:00:00,110.901,110.919,110.608,110.663,110.901,110.912
2017-04-05 23:00:00,110.662,110.726,110.559,110.693,110.663,110.675
2017-04-06 00:00:00,110.682,110.729,110.449,110.503,110.682,110.722
2017-04-06 01:00:00,110.513,110.57,110.386,110.495,110.503,110.518
2017-04-06 02:00:00,110.495,110.53,110.351,110.39,110.495,110.509
2017-04-06 03:00:00,110.389,110.499,110.286,110.434,110.39,110.403
2017-04-06 04:00:00,110.434,110.563,110.4,110.537,110.434,110.447
2017-04-06 05:00:00,110.537,110.541,110.372,110.506,110.537,110.547
2017-04-06 06:00:00,110.505,110.537,110.449,110.475,110.506,110.518
2017-04-06 07:00:00,110.475,110.527,110.448,110.502,110.475,110.484
2017-04-06 08:00:00,110.502,110.512,110.363,110.386,110.502,110.515
2017-04-06 09:00:00,110.39,110.587,110.381,110.536,110.386,110.397
2017-04-06 10:00:00,110.536,110.575,110.386,110.512,110.536,110.547
2017-04-06 11:00:00,110.513,110.736,110.477,110.715,110.512,110.523
2017-04-06 12:00:00,110.716,110.841,110.708,110.737,110.715,110.725
2017-04-06 13:00:00,110.74,110.94,110.723,110.914,110.737,110.746
2017-04-06 14:00:00,110.914,110.971,110.836,110.889,110.914,110.926
2017-04-06 15:00:00,110.89,110.974,110.788,110.797,110.889,110.9
2017-04-06 16:00:00,110.799,110.866,110.658,110.825,110.797,110.808
2017-04-06 17:00:00,110.829,110.943,110.789,110.845,110.825,110.835
2017-04-06 18:00:00,110.85,111.138,110.85,111.011,110.845,110.856
2017-04-06 19:00:00,111.011,111.048,110.835,110.871,111.011,111.023
2017-04-06 20:00:00,110.87,111.013,110.864,110.911,110.871,110.882
2017-04-06 21:00:00,110.911,110.938,110.733,110.737,110.911,110.922
2017-04-06 22:00:00,110.739,110.84,110.739,110.804,110.737,110.75
2017-04-06 23:00:00,110.799,110.817,110.734,110.794,110.804,110.815
2017-04-07 00:00:00,110.779,110.864,110.753,110.838,110.779,110.833
2017-04-07 01:00:00,110.838,110.87,110.805,110.846,110.838,110.857
2017-04-07 02:00:00,110.844,110.927,110.832,110.895,110.846,110.858
2017-04-07 03:00:00,110.895,110.993,110.863,110.911,110.895,110.908
2017-04-07 04:00:00,110.91,110.948,110.243,110.295,110.911,110.923
2017-04-07 05:00:00,110.295,110.42,110.126,110.401,110.295,110.308
2017-04-07 06:00:00,110.399,110.553,110.364,110.522,110.401,110.412
2017-04-07 07:00:00,110.524,110.628,110.481,110.523,110.522,110.532
2017-04-07 08:00:00,110.523,110.691,110.421,110.431,110.523,110.534
2017-04-07 09:00:00,110.431,110.689,110.43,110.504,110.431,110.446
2017-04-07 10:00:00,110.505,110.693,110.478,110.607,110.504,110.514
2017-04-07 11:00:00,110.607,110.677,110.533,110.645,110.607,110.619
2017-04-07 12:00:00,110.646,110.721,110.561,110.622,110.645,110.655
2017-04-07 13:00:00,110.621,110.689,110.569,110.659,110.622,110.633
2017-04-07 14:00:00,110.659,110.739,110.635,110.688,110.659,110.669
2017-04-07 15:00:00,110.689,110.769,110.137,110.642,110.688,110.7
2017-04-07 16:00:00,110.643,110.973,110.611,110.661,110.642,110.653
2017-04-07 17:00:00,110.66,110.822,110.618,110.72,110.661,110.672
2017-04-07 18:00:00,110.719,110.789,110.641,110.76,110.72,110.729
2017-04-07 19:00:00,110.76,111.174,110.716,111.144,110.76,110.772
2017-04-07 20:00:00,111.142,111.35,111.085,111.326,111.144,111.156
2017-04-07 21:00:00,111.326,111.362,111.145,111.151,111.326,111.337
2017-04-07 22:00:00,111.151,111.246,111.135,111.204,111.151,111.164
2017-04-07 23:00:00,111.205,111.217,110.971,110.971,111.204,111.217
2017-04-19 11:00:00,108.856,108.962,108.816,108.94,108.85,108.88
2017-04-19 12:00:00,108.94,108.953,108.839,108.852,108.94,108.952
2017-04-19 13:00:00,108.854,109.081,108.842,109.041,108.852,108.863
2017-04-19 14:00:00,109.041,109.054,108.853,108.874,109.041,109.052
2017-04-19 15:00:00,108.875,109.173,108.855,109.144,108.874,108.886
2017-04-19 16:00:00,109.144,109.178,108.947,108.958,109.144,109.155
2017-04-19 17:00:00,108.957,109.117,108.94,109.057,108.958,108.969
2017-04-19 18:00:00,109.056,109.108,108.755,108.86,109.057,109.067
2017-04-19 19:00:00,108.859,108.932,108.789,108.931,108.86,108.872
2017-04-19 20:00:00,108.931,108.946,108.695,108.695,108.931,108.945
2017-04-19 21:00:00,108.695,108.886,108.684,108.849,108.695,108.707
2017-04-19 22:00:00,108.849,108.876,108.784,108.854,108.849,108.86
2017-04-19 23:00:00,108.839,108.864,108.796,108.847,108.854,108.876
2017-04-20 00:00:00,108.846,108.946,108.841,108.91,108.846,108.86
2017-04-20 01:00:00,108.909,108.91,108.795,108.827,108.91,108.923
2017-04-20 02:00:00,108.827,109.018,108.822,108.947,108.827,108.84
2017-04-20 03:00:00,108.95,109.058,108.868,109.045,108.947,108.959
2017-04-20 04:00:00,109.044,109.061,108.919,108.92,109.045,109.057
2017-04-20 05:00:00,108.92,108.971,108.918,108.964,108.92,108.932
2017-04-20 06:00:00,108.965,108.995,108.922,108.924,108.964,108.976
2017-04-20 07:00:00,108.928,108.976,108.846,108.889,108.924,108.937
2017-04-20 08:00:00,108.891,108.921,108.723,108.789,108.889,108.901
2017-04-20 09:00:00,108.789,109.039,108.716,108.997,108.789,108.8
2017-04-20 10:00:00,108.997,109.087,108.95,109.043,108.997,109.009
2017-04-20 11:00:00,109.043,109.059,108.976,109.038,109.043,109.056
2017-04-20 12:00:00,109.039,109.119,109.012,109.082,109.038,109.049
2017-04-20 13:00:00,109.084,109.107,108.989,109.08,109.082,109.093
2017-04-20 14:00:00,109.081,109.083,108.978,109.071,109.08,109.091
2017-04-20 15:00:00,109.072,109.398,109.006,109.063,109.071,109.082
2017-04-20 16:00:00,109.062,109.444,109.058,109.184,109.063,109.077
2017-04-20 17:00:00,109.183,109.343,109.092,109.316,109.184,109.195
2017-04-20 18:00:00,109.32,109.462,109.308,109.322,109.316,109.328
2017-04-20 19:00:00,109.323,109.484,109.19,109.407,109.322,109.333
2017-04-20 20:00:00,109.412,109.424,109.249,109.32,109.407,109.418
2017-04-20 21:00:00,109.319,109.352,109.236,109.319,109.32,109.333
2017-04-20 22:00:00,109.318,109.365,109.249,109.312,109.319,109.331
2017-04-20 23:00:00,109.312,109.349,109.231,109.284,109.312,109.333
2017-04-21 00:00:00,109.281,109.386,109.274,109.383,109.281,109.295
2017-04-21 01:00:00,109.383,109.419,109.35,109.377,109.383,109.397
2017-04-21 02:00:00,109.379,109.386,109.251,109.266,109.377,109.388
2017-04-21 03:00:00,109.267,109.32,109.193,109.243,109.266,109.279
2017-04-21 04:00:00,109.243,109.281,109.208,109.219,109.243,109.254
2017-04-21 05:00:00,109.218,109.252,109.181,109.233,109.219,109.23
2017-04-21 06:00:00,109.232,109.261,109.206,109.239,109.233,109.245
2017-04-21 07:00:00,109.24,109.338,109.206,109.328,109.239,109.251
2017-04-21 08:00:00,109.325,109.38,109.278,109.299,109.328,109.339
2017-04-21 09:00:00,109.296,109.35,109.117,109.196,109.299,109.309
2017-04-21 10:00:00,109.195,109.21,109.056,109.108,109.196,109.209
2017-04-21 11:00:00,109.108,109.19,109.067,109.143,109.108,109.118
2017-04-21 12:00:00,109.142,109.203,109.039,109.074,109.143,109.155
2017-04-21 13:00:00,109.078,109.163,109.039,109.132,109.074,109.083
2017-04-21 14:00:00,109.132,109.143,108.979,109.095,109.132,109.144
2017-04-21 15:00:00,109.095,109.157,109.058,109.091,109.095,109.106
2017-04-21 16:00:00,109.09,109.179,109.022,109.092,109.091,109.106
2017-04-21 17:00:00,109.091,109.152,108.937,109.074,109.092,109.101
2017-04-21 18:00:00,109.073,109.078,108.951,108.98,109.074,109.085
2017-04-21 19:00:00,108.979,109.327,108.878,109.214,108.98,108.992
2017-04-21 20:00:00,109.213,109.255,108.949,109.193,109.214,109.226
2017-04-21 21:00:00,109.192,109.205,109.075,109.089,109.193,109.205
2017-04-21 22:00:00,109.089,109.203,108.979,108.979,109.089,109.103
2017-04-24 00:00:00,110.259,110.359,109.986,110.043,110.258,110.275
2017-04-24 01:00:00,110.044,110.132,109.938,110.024,110.043,110.046
2017-04-24 02:00:00,110.024,110.119,109.856,110.116,110.024,110.027
2017-04-24 03:00:00,110.115,110.12,109.949,110.02,110.115,110.118
2017-04-24 04:00:00,110.02,110.092,109.962,110.085,110.02,110.022
2017-04-24 05:00:00,110.085,110.092,110.001,110.017,110.086,110.087
2017-04-24 06:00:00,110.018,110.071,109.98,110.069,110.017,110.02
2017-04-24 07:00:00,110.07,110.266,110.07,110.2,110.07,110.073
2017-04-24 08:00:00,110.2,110.29,110.088,110.2,110.2,110.201
2017-04-24 09:00:00,110.2,110.2,110.037,110.084,110.2,110.203
2017-04-24 10:00:00,110.083,110.161,110.07,110.151,110.082,110.085
2017-04-24 11:00:00,110.151,110.237,110.051,110.205,110.151,110.153
2017-04-24 12:00:00,110.205,110.305,110.104,110.159,110.205,110.208
2017-04-24 13:00:00,110.16,110.26,110.157,110.215,110.166,110.166
2017-04-24 14:00:00,110.215,110.348,110.112,110.147,110.216,110.219
2017-04-24 15:00:00,110.147,110.217,110.114,110.139,110.147,110.149
2017-04-24 16:00:00,110.139,110.187,109.871,109.893,110.138,110.138
2017-04-24 17:00:00,109.893,109.972,109.704,109.749,109.893,109.893
2017-04-24 18:00:00,109.748,109.838,109.716,109.788,109.749,109.751
2017-04-24 19:00:00,109.788,109.915,109.757,109.807,109.788,109.791
2017-04-24 20:00:00,109.807,109.964,109.739,109.754,109.807,109.809
2017-04-24 21:00:00,109.754,109.823,109.699,109.716,109.755,109.757
2017-04-24 22:00:00,109.716,109.777,109.659,109.762,109.716,109.719
2017-04-24 23:00:00,109.761,109.789,109.682,109.779,109.758,109.773
2017-04-25 00:00:00,109.787,109.833,109.741,109.822,109.787,109.796
2017-04-25 01:00:00,109.823,109.826,109.594,109.631,109.823,109.826
2017-04-25 02:00:00,109.631,109.919,109.623,109.864,109.631,109.633
2017-04-25 03:00:00,109.864,109.969,109.837,109.865,109.864,109.867
2017-04-25 04:00:00,109.865,110.165,109.862,110.084,109.865,109.868
2017-04-25 05:00:00,110.084,110.098,109.984,110.029,110.085,110.088
2017-04-25 06:00:00,110.029,110.164,110.021,110.037,110.031,110.033
2017-04-25 07:00:00,110.037,110.182,110.036,110.161,110.037,110.041
2017-04-25 08:00:00,110.162,110.277,110.105,110.235,110.162,110.164
2017-04-25 09:00:00,110.235,110.357,110.192,110.308,110.234,110.237
2017-04-25 10:00:00,110.309,110.484,110.3,110.477,110.308,110.31
2017-04-25 11:00:00,110.478,110.534,110.346,110.368,110.475,110.476
2017-04-25 12:00:00,110.369,110.473,110.368,110.418,110.37,110.37
2017-04-25 13:00:00,110.417,110.549,110.417,110.484,110.418,110.421
2017-04-25 14:00:00,110.485,110.69,110.484,110.657,110.484,110.485
2017-04-25 15:00:00,110.655,110.769,110.595,110.607,110.656,110.66
2017-04-25 16:00:00,110.606,110.887,110.602,110.871,110.607,110.61
2017-04-25 17:00:00,110.871,111.011,110.817,110.893,110.871,110.875
2017-04-25 18:00:00,110.894,111.107,110.875,110.977,110.893,110.894
2017-04-25 19:00:00,110.977,111.012,110.875,110.979,110.976,110.979
2017-04-25 20:00:00,110.979,111.19,110.958,111.083,110.98,110.98
2017-04-25 21:00:00,111.082,111.166,111.059,111.104,111.083,111.083
2017-04-25 22:00:00,111.104,111.139,111.074,111.074,111.104,111.106
2017-04-25 23:00:00,111.078,111.115,111.036,111.074,111.074,111.133
2017-04-26 00:00:00,111.073,111.095,110.972,110.987,111.071,111.093
2017-04-26 01:00:00,110.986,111.11,110.979,111.078,110.986,110.986
2017-04-26 02:00:00,111.079,111.394,111.04,111.29,111.08,111.081
2017-04-26 03:00:00,111.29,111.296,111.171,111.262,111.29,111.292
2017-04-26 04:00:00,111.263,111.279,111.197,111.252,111.262,111.265
2017-04-26 05:00:00,111.251,111.266,111.198,111.251,111.252,111.255
2017-04-26 07:00:00,111.192,111.286,111.161,111.281,111.192,111.205
2017-04-26 08:00:00,111.282,111.426,111.271,111.389,111.281,111.292
2017-04-26 09:00:00,111.389,111.505,111.265,111.441,111.389,111.402
2017-04-26 10:00:00,111.442,111.507,111.207,111.227,111.441,111.452
2017-04-26 11:00:00,111.227,111.322,111.145,111.227,111.227,111.237
2017-04-26 12:00:00,111.226,111.307,111.14,111.293,111.227,111.238
2017-04-26 13:00:00,111.29,111.297,111.115,111.178,111.293,111.304
2017-04-26 14:00:00,111.177,111.361,111.123,111.345,111.178,111.189
2017-04-26 15:00:00,111.343,111.735,111.305,111.452,111.345,111.355
2017-04-26 16:00:00,111.453,111.626,111.18,111.421,111.452,111.463
2017-04-26 17:00:00,111.42,111.617,111.358,111.596,111.421,111.434
2017-04-26 18:00:00,111.597,111.729,111.404,111.528,111.596,111.606
2017-04-26 19:00:00,111.528,111.765,111.498,111.701,111.528,111.541
2017-04-26 20:00:00,111.701,111.774,111.253,111.293,111.701,111.712
2017-04-26 21:00:00,111.291,111.478,111.139,111.375,111.293,111.305
2017-04-26 22:00:00,111.375,111.456,110.983,111.042,111.375,111.388
2017-04-26 23:00:00,111.042,111.103,110.869,111.052,111.042,111.054
2017-04-27 00:00:00,111.04,111.11,110.99,111.086,111.035,111.082
2017-04-27 01:00:00,111.087,111.245,111.067,111.195,111.086,111.121
2017-04-27 02:00:00,111.194,111.242,111.143,111.171,111.195,111.207
2017-04-27 03:00:00,111.171,111.327,111.146,111.259,111.171,111.185
2017-04-27 04:00:00,111.261,111.404,111.222,111.296,111.259,111.27
2017-04-27 05:00:00,111.297,111.305,111.183,111.282,111.296,111.305
2017-04-27 06:00:00,111.283,111.285,111.108,111.163,111.282,111.294
2017-04-27 07:00:00,111.162,111.274,111.161,111.256,111.163,111.174
2017-04-27 08:00:00,111.258,111.262,111.172,111.225,111.256,111.269
2017-04-27 09:00:00,111.224,111.351,111.218,111.316,111.225,111.237
2017-04-27 10:00:00,111.316,111.427,111.21,111.268,111.316,111.33
2017-04-27 11:00:00,111.268,111.388,111.211,111.347,111.268,111.28
2017-04-27 12:00:00,111.348,111.383,111.243,111.259,111.347,111.359
2017-04-27 13:00:00,111.259,111.366,111.225,111.331,111.259,111.27
2017-04-27 14:00:00,111.332,111.432,111.307,111.422,111.331,111.341
2017-04-27 15:00:00,111.422,111.502,111.337,111.428,111.422,111.434
2017-04-27 16:00:00,111.426,111.574,111.302,111.545,111.428,111.437
2017-04-27 17:00:00,111.546,111.596,111.062,111.204,111.545,111.56
2017-04-27 18:00:00,111.202,111.217,111.039,111.127,111.204,111.216
2017-04-27 19:00:00,111.128,111.276,111.118,111.275,111.127,111.137
2017-04-27 20:00:00,111.28,111.29,111.139,111.208,111.275,111.286
2017-04-27 21:00:00,111.208,111.25,111.122,111.213,111.208,111.221
2017-04-27 22:00:00,111.212,111.247,111.159,111.188,111.213,111.225
2017-04-27 23:00:00,111.193,111.254,111.139,111.252,111.188,111.201
2017-04-28 00:00:00,111.235,111.272,111.214,111.25,111.244,111.269
2017-04-28 01:00:00,111.251,111.318,111.245,111.254,111.25,111.265
2017-04-28 02:00:00,111.254,111.255,111.188,111.214,111.254,111.264
2017-04-28 03:00:00,111.217,111.352,111.141,111.252,111.214,111.228
2017-04-28 04:00:00,111.253,111.278,111.068,111.13,111.252,111.265
2017-04-28 05:00:00,111.129,111.167,111.109,111.123,111.13,111.142
2017-04-28 06:00:00,111.122,111.228,111.11,111.13,111.123,111.133
2017-04-28 07:00:00,111.13,111.172,111.086,111.089,111.13,111.14
2017-04-28 08:00:00,111.09,111.198,111.086,111.159,111.089,111.1
2017-04-28 09:00:00,111.158,111.269,111.153,111.245,111.159,111.17
2017-04-28 10:00:00,111.247,111.33,111.211,111.28,111.245,111.257
2017-04-28 11:00:00,111.279,111.358,111.235,111.241,111.28,111.293
2017-04-28 12:00:00,111.242,111.517,111.241,111.492,111.241,111.253
2017-04-28 13:00:00,111.492,111.511,111.427,111.454,111.492,111.504
2017-04-28 14:00:00,111.457,111.469,111.327,111.381,111.454,111.465
2017-04-28 15:00:00,111.382,111.713,111.371,111.57,111.381,111.392
2017-04-28 16:00:00,111.57,111.648,111.409,111.471,111.57,111.581
2017-04-28 17:00:00,111.472,111.553,111.384,111.45,111.471,111.488
2017-04-28 18:00:00,111.448,111.568,111.347,111.438,111.45,111.46
2017-04-28 19:00:00,111.44,111.508,111.398,111.418,111.438,111.448
2017-04-28 20:00:00,111.418,111.475,111.372,111.393,111.418,111.431
2017-04-28 21:00:00,111.396,111.468,111.36,111.385,111.393,111.406
2017-04-28 22:00:00,111.386,111.478,111.37,111.445,111.385,111.398
2017-04-28 23:00:00,111.443,111.497,111.385,111.495,111.445,111.458
2017-05-01 00:00:00,111.268,111.459,111.263,111.393,111.268,111.382
2017-05-01 01:00:00,111.393,111.425,111.267,111.297,111.393,111.451
2017-05-01 02:00:00,111.297,111.312,111.206,111.311,111.297,111.301
2017-05-01 03:00:00,111.31,111.467,111.302,111.413,111.31,111.312
2017-05-01 04:00:00,111.412,111.75,111.371,111.684,111.412,111.416
2017-05-01 05:00:00,111.683,111.696,111.619,111.646,111.682,111.686
2017-05-01 06:00:00,111.645,111.686,111.628,111.666,111.645,111.648
2017-05-01 07:00:00,111.666,111.681,111.599,111.632,111.667,111.67
2017-05-01 08:00:00,111.633,111.737,111.619,111.735,111.631,111.633
2017-05-01 09:00:00,111.735,111.917,111.677,111.836,111.735,111.739
2017-05-01 10:00:00,111.835,111.866,111.772,111.841,111.835,111.84
2017-05-01 11:00:00,111.84,111.89,111.804,111.818,111.84,111.842
2017-05-01 12:00:00,111.818,111.822,111.731,111.751,111.818,111.821
2017-05-01 13:00:00,111.751,111.8,111.697,111.704,111.751,111.753
2017-05-01 14:00:00,111.704,111.744,111.671,111.708,111.704,111.707
2017-05-01 15:00:00,111.708,111.776,111.58,111.633,111.707,111.707
2017-05-01 16:00:00,111.632,111.761,111.599,111.605,111.632,111.633
2017-05-01 17:00:00,111.603,111.634,111.43,111.634,111.595,111.601
2017-05-01 18:00:00,111.635,111.816,111.595,111.79,111.635,111.636
2017-05-01 19:00:00,111.791,111.929,111.636,111.753,111.793,111.793
2017-05-01 20:00:00,111.754,111.89,111.734,111.849,111.759,111.759
2017-05-01 21:00:00,111.848,111.874,111.792,111.827,111.845,111.849
2017-05-01 22:00:00,111.826,111.84,111.765,111.791,111.831,111.831
2017-05-01 23:00:00,111.791,111.845,111.785,111.831,111.79,111.793
2017-05-02 00:00:00,111.819,111.856,111.795,111.842,111.819,111.839
2017-05-02 01:00:00,111.843,111.947,111.821,111.869,111.839,111.849
2017-05-02 02:00:00,111.869,111.897,111.781,111.819,111.871,111.871
2017-05-02 03:00:00,111.821,111.967,111.817,111.903,111.821,111.823
2017-05-02 04:00:00,111.903,111.979,111.859,111.889,111.903,111.904
2017-05-02 05:00:00,111.889,111.956,111.841,111.862,111.891,111.893
2017-05-02 06:00:00,111.862,111.886,111.85,111.881,111.861,111.863
2017-05-02 07:00:00,111.881,111.929,111.85,111.894,111.882,111.884
2017-05-02 08:00:00,111.893,112.002,111.876,111.992,111.893,111.896
2017-05-02 09:00:00,111.993,112.186,111.993,112.176,111.993,111.993
2017-05-02 10:00:00,112.176,112.19,112.063,112.169,112.176,112.181
2017-05-02 11:00:00,112.169,112.192,112.099,112.173,112.169,112.17
2017-05-02 12:00:00,112.172,112.247,112.162,112.241,112.172,112.173
2017-05-02 13:00:00,112.239,112.306,112.217,112.233,112.238,112.24
2017-05-02 14:00:00,112.234,112.244,112.156,112.235,112.235,112.237
2017-05-02 15:00:00,112.235,112.307,112.216,112.238,112.234,112.235
2017-05-02 16:00:00,112.236,112.259,112.057,112.068,112.235,112.239
2017-05-02 17:00:00,112.067,112.215,112.034,112.122,112.067,112.069
2017-05-02 18:00:00,112.123,112.184,112.058,112.067,112.123,112.125
2017-05-02 19:00:00,112.066,112.173,112.054,112.125,112.065,112.069
2017-05-02 20:00:00,112.126,112.177,112.09,112.097,112.126,112.127
2017-05-02 21:00:00,112.097,112.132,111.994,112.01,112.097,112.098
2017-05-02 22:00:00,112.01,112.033,111.973,112.031,112.01,112.01
2017-05-02 23:00:00,112.031,112.04,111.964,111.999,112.031,112.031
2017-05-03 00:00:00,111.985,112.049,111.968,112.015,111.986,112.0
2017-05-03 01:00:00,112.015,112.033,111.961,111.972,112.014,112.024
2017-05-03 02:00:00,111.97,112.022,111.967,111.974,111.97,111.975
2017-05-03 03:00:00,111.975,112.07,111.969,112.037,111.973,111.976
2017-05-03 04:00:00,112.037,112.074,112.017,112.064,112.037,112.039
2017-05-03 05:00:00,112.063,112.072,112.043,112.043,112.063,112.065
2017-05-03 06:00:00,112.043,112.05,111.988,112.03,112.043,112.056
2017-05-03 07:00:00,112.03,112.048,112.001,112.037,112.03,112.034
2017-05-03 08:00:00,112.038,112.146,112.026,112.143,112.037,112.04
2017-05-03 09:00:00,112.143,112.167,112.047,112.057,112.143,112.145
2017-05-03 10:00:00,112.057,112.192,112.053,112.178,112.057,112.06
2017-05-03 11:00:00,112.177,112.211,112.145,112.194,112.177,112.18
2017-05-03 12:00:00,112.194,112.238,112.158,112.198,112.194,112.198
2017-05-03 13:00:00,112.197,112.228,112.159,112.195,112.197,112.201
2017-05-03 14:00:00,112.195,112.228,112.141,112.157,112.194,112.197
2017-05-03 15:00:00,112.158,112.373,112.078,112.294,112.159,112.159
2017-05-03 16:00:00,112.293,112.411,112.258,112.408,112.293,112.295
2017-05-03 17:00:00,112.408,112.5,112.268,112.335,112.413,112.415
2017-05-03 18:00:00,112.336,112.399,112.258,112.349,112.337,112.337
2017-05-03 19:00:00,112.349,112.365,112.307,112.352,112.348,112.348
2017-05-03 20:00:00,112.354,112.429,112.328,112.39,112.354,112.357
2017-05-03 21:00:00,112.39,112.652,112.25,112.611,112.389,112.421
2017-05-03 22:00:00,112.612,112.711,112.592,112.662,112.611,112.611
2017-05-03 23:00:00,112.662,112.777,112.662,112.762,112.662,112.664
2017-05-04 00:00:00,112.736,112.741,112.618,112.661,112.738,112.756
2017-05-04 01:00:00,112.663,112.819,112.643,112.706,112.667,112.674
2017-05-04 02:00:00,112.705,112.829,112.676,112.8,112.704,112.711
2017-05-04 03:00:00,112.8,112.887,112.788,112.886,112.8,112.801
2017-05-04 04:00:00,112.886,112.893,112.759,112.765,112.887,112.889
2017-05-04 05:00:00,112.765,112.813,112.765,112.786,112.765,112.768
2017-05-04 06:00:00,112.785,112.789,112.737,112.742,112.784,112.788
2017-05-04 07:00:00,112.743,112.777,112.738,112.768,112.743,112.745
2017-05-04 08:00:00,112.769,112.85,112.765,112.816,112.769,112.773
2017-05-04 09:00:00,112.815,112.847,112.658,112.695,112.814,112.815
2017-05-04 10:00:00,112.695,112.826,112.67,112.77,112.696,112.698
2017-05-04 11:00:00,112.771,112.872,112.769,112.839,112.77,112.774
2017-05-04 12:00:00,112.838,112.936,112.812,112.931,112.839,112.841
2017-05-04 13:00:00,112.931,113.016,112.918,112.976,112.93,112.93
2017-05-04 14:00:00,112.976,112.996,112.852,112.874,112.976,112.98
2017-05-04 15:00:00,112.874,113.049,112.815,112.872,112.874,112.876
2017-05-04 16:00:00,112.872,112.965,112.716,112.758,112.874,112.875
2017-05-04 17:00:00,112.756,112.833,112.659,112.745,112.755,112.759
2017-05-04 18:00:00,112.748,112.801,112.674,112.71,112.749,112.75
2017-05-04 19:00:00,112.71,112.725,112.419,112.533,112.711,112.712
2017-05-04 20:00:00,112.533,112.558,112.335,112.476,112.532,112.535
2017-05-04 21:00:00,112.476,112.547,112.32,112.422,112.477,112.48
2017-05-04 22:00:00,112.424,112.454,112.35,112.358,112.423,112.425
2017-05-04 23:00:00,112.357,112.467,112.319,112.466,112.356,112.36
2017-05-05 00:00:00,112.458,112.56,112.431,112.537,112.457,112.475
2017-05-05 01:00:00,112.537,112.537,112.455,112.524,112.536,112.547
2017-05-05 02:00:00,112.525,112.55,112.489,112.547,112.525,112.528
2017-05-05 03:00:00,112.547,112.644,112.512,112.585,112.547,112.547
2017-05-05 04:00:00,112.585,112.655,112.565,112.601,112.586,112.59
2017-05-05 05:00:00,112.602,112.613,112.576,112.588,112.603,112.604
2017-05-05 06:00:00,112.588,112.596,112.213,112.223,112.589,112.591
2017-05-05 07:00:00,112.224,112.286,112.151,112.215,112.225,112.227
2017-05-05 08:00:00,112.215,112.265,112.157,112.253,112.217,112.219
2017-05-05 09:00:00,112.253,112.255,112.089,112.224,112.253,112.257
2017-05-05 10:00:00,112.224,112.315,112.17,112.265,112.225,112.229
2017-05-05 11:00:00,112.266,112.351,112.256,112.316,112.267,112.267
2017-05-05 12:00:00,112.316,112.334,112.193,112.245,112.316,112.319
2017-05-05 13:00:00,112.245,112.418,112.24,112.393,112.246,112.249
2017-05-05 14:00:00,112.392,112.501,112.392,112.46,112.393,112.394
2017-05-05 15:00:00,112.46,112.762,112.337,112.54,112.46,112.462
2017-05-05 16:00:00,112.54,112.684,112.487,112.529,112.538,112.539
2017-05-05 17:00:00,112.528,112.691,112.509,112.638,112.527,112.529
2017-05-05 18:00:00,112.639,112.77,112.602,112.628,112.638,112.64
2017-05-05 19:00:00,112.628,112.762,112.621,112.746,112.627,112.63
2017-05-05 20:00:00,112.745,112.769,112.611,112.626,112.748,112.75
2017-05-05 21:00:00,112.625,112.682,112.604,112.621,112.627,112.629
2017-05-05 22:00:00,112.622,112.646,112.446,112.482,112.622,112.624
2017-05-05 23:00:00,112.481,112.808,112.474,112.62,112.48,112.483
2017-05-08 00:00:00,112.934,112.961,112.853,112.866,112.934,112.966
2017-05-08 01:00:00,112.868,112.922,112.77,112.825,112.871,112.882
2017-05-08 02:00:00,112.829,112.837,112.621,112.663,112.828,112.829
2017-05-08 03:00:00,112.664,112.841,112.595,112.74,112.663,112.666
2017-05-08 04:00:00,112.74,112.879,112.733,112.836,112.74,112.743
2017-05-08 05:00:00,112.835,112.857,112.704,112.762,112.835,112.839
2017-05-08 06:00:00,112.762,112.801,112.678,112.749,112.763,112.767
2017-05-08 07:00:00,112.748,112.805,112.705,112.722,112.748,112.749
2017-05-08 08:00:00,112.721,112.841,112.715,112.792,112.721,112.725
2017-05-08 09:00:00,112.792,112.798,112.673,112.735,112.792,112.792
2017-05-08 10:00:00,112.735,112.738,112.511,112.554,112.734,112.736
2017-05-08 11:00:00,112.551,112.65,112.543,112.619,112.551,112.554
2017-05-08 12:00:00,112.618,112.652,112.463,112.514,112.619,112.621
2017-05-08 13:00:00,112.515,112.593,112.396,112.587,112.517,112.517
2017-05-08 14:00:00,112.586,112.647,112.525,112.615,112.586,112.589
2017-05-08 15:00:00,112.615,112.72,112.508,112.712,112.614,112.617
2017-05-08 16:00:00,112.713,112.774,112.665,112.711,112.712,112.715
2017-05-08 17:00:00,112.711,112.856,112.709,112.766,112.71,112.712
2017-05-08 18:00:00,112.767,112.858,112.738,112.839,112.763,112.764
2017-05-08 19:00:00,112.838,112.992,112.811,112.983,112.839,112.842
2017-05-08 20:00:00,112.983,113.13,112.941,113.096,112.983,112.985
2017-05-08 21:00:00,113.096,113.113,112.997,113.038,113.095,113.096
2017-05-08 22:00:00,113.039,113.233,113.037,113.187,113.04,113.041
2017-05-08 23:00:00,113.19,113.294,113.177,113.252,113.189,113.191
2017-05-09 00:00:00,113.249,113.292,113.23,113.27,113.249,113.262
2017-05-09 01:00:00,113.27,113.283,113.212,113.266,113.272,113.275
2017-05-09 02:00:00,113.266,113.266,113.164,113.22,113.265,113.266
2017-05-09 03:00:00,113.22,113.381,113.133,113.297,113.221,113.226
2017-05-09 04:00:00,113.296,113.349,113.203,113.203,113.297,113.3
2017-05-09 05:00:00,113.202,113.275,113.189,113.197,113.203,113.203
2017-05-09 06:00:00,113.197,113.269,113.175,113.265,113.197,113.2
2017-05-09 07:00:00,113.265,113.293,113.232,113.284,113.265,113.267
2017-05-09 08:00:00,113.284,113.371,113.276,113.348,113.284,113.288
2017-05-09 09:00:00,113.348,113.503,113.339,113.476,113.348,113.352
2017-05-09 10:00:00,113.476,113.692,113.464,113.638,113.476,113.481
2017-05-09 11:00:00,113.638,113.682,113.582,113.643,113.638,113.639
2017-05-09 12:00:00,113.644,113.833,113.64,113.718,113.643,113.645
2017-05-09 13:00:00,113.718,113.86,113.705,113.788,113.718,113.721
2017-05-09 14:00:00,113.787,113.903,113.741,113.894,113.787,113.79
2017-05-09 15:00:00,113.895,114.112,113.874,114.057,113.894,113.898
2017-05-09 16:00:00,114.058,114.095,113.966,114.005,114.058,114.059
2017-05-09 17:00:00,114.005,114.225,113.991,114.092,114.005,114.01
2017-05-09 18:00:00,114.093,114.213,114.042,114.193,114.094,114.094
2017-05-09 19:00:00,114.192,114.245,114.17,114.181,114.192,114.193
2017-05-09 20:00:00,114.18,114.329,114.145,114.184,114.18,114.182
2017-05-09 21:00:00,114.184,114.306,114.143,114.269,114.184,114.186
2017-05-09 22:00:00,114.27,114.298,113.766,113.926,114.273,114.274
2017-05-09 23:00:00,113.927,114.05,113.778,114.001,113.927,113.93
2017-05-10 00:00:00,113.971,114.062,113.957,113.97,113.971,113.992
2017-05-10 01:00:00,113.974,114.017,113.683,113.715,113.974,113.977
2017-05-10 02:00:00,113.715,113.827,113.629,113.699,113.715,113.719
2017-05-10 03:00:00,113.699,113.894,113.68,113.796,113.698,113.7
2017-05-10 04:00:00,113.797,113.94,113.795,113.832,113.796,113.8
2017-05-10 05:00:00,113.832,113.852,113.735,113.801,113.832,113.832
2017-05-10 06:00:00,113.801,113.814,113.669,113.769,113.801,113.804
2017-05-10 07:00:00,113.77,113.836,113.649,113.799,113.77,113.77
2017-05-10 08:00:00,113.799,113.845,113.757,113.799,113.799,113.803
2017-05-10 09:00:00,113.798,114.077,113.751,114.064,113.797,113.798
2017-05-10 10:00:00,114.065,114.126,113.892,113.897,114.065,114.067
2017-05-10 11:00:00,113.9,113.928,113.766,113.844,113.897,113.901
2017-05-10 12:00:00,113.846,113.969,113.804,113.881,113.845,113.848
2017-05-10 13:00:00,113.882,113.938,113.68,113.725,113.883,113.885
2017-05-10 14:00:00,113.725,113.868,113.699,113.81,113.725,113.729
2017-05-10 15:00:00,113.811,113.965,113.787,113.838,113.811,113.811
2017-05-10 16:00:00,113.837,113.943,113.767,113.865,113.837,113.84
2017-05-10 17:00:00,113.865,114.058,113.85,114.04,113.865,113.865
2017-05-10 18:00:00,114.041,114.162,113.992,114.033,114.042,114.042
2017-05-10 19:00:00,114.033,114.105,113.993,114.062,114.032,114.034
2017-05-10 20:00:00,114.061,114.37,114.038,114.253,114.062,114.064
2017-05-10 21:00:00,114.253,114.354,114.216,114.34,114.254,114.254
2017-05-10 22:00:00,114.338,114.349,114.22,114.262,114.339,114.341
2017-05-10 23:00:00,114.262,114.297,114.209,114.289,114.265,114.266
2017-05-11 00:00:00,114.265,114.361,114.261,114.284,114.265,114.289
2017-05-11 01:00:00,114.284,114.331,114.252,114.31,114.284,114.288
2017-05-11 02:00:00,114.311,114.368,114.267,114.335,114.311,114.315
2017-05-11 03:00:00,114.335,114.35,114.189,114.238,114.335,114.335
2017-05-11 04:00:00,114.238,114.244,114.111,114.204,114.239,114.241
2017-05-11 05:00:00,114.205,114.214,114.106,114.155,114.205,114.208
2017-05-11 06:00:00,114.155,114.222,114.115,114.207,114.156,114.157
2017-05-11 07:00:00,114.206,114.276,114.2,114.221,114.205,114.209
2017-05-11 08:00:00,114.222,114.244,114.171,114.178,114.221,114.222
2017-05-11 09:00:00,114.177,114.183,114.064,114.121,114.177,114.18
2017-05-11 10:00:00,114.121,114.232,114.109,114.2,114.12,114.123
2017-05-11 11:00:00,114.2,114.226,114.145,114.202,114.2,114.203
2017-05-11 12:00:00,114.201,114.209,114.139,114.166,114.201,114.204
2017-05-11 13:00:00,114.166,114.168,113.958,114.049,114.167,114.168
2017-05-11 14:00:00,114.049,114.107,113.841,113.862,114.048,114.049
2017-05-11 15:00:00,113.863,114.114,113.853,113.994,113.864,113.864
2017-05-11 16:00:00,113.993,114.042,113.703,113.741,113.993,113.994
2017-05-11 17:00:00,113.741,113.761,113.457,113.728,113.74,113.743
2017-05-11 18:00:00,113.729,113.818,113.697,113.754,113.729,113.73
2017-05-11 19:00:00,113.754,113.939,113.754,113.803,113.755,113.756
2017-05-11 20:00:00,113.803,113.997,113.792,113.934,113.801,113.804
2017-05-11 21:00:00,113.933,114.023,113.836,113.867,113.937,113.937
2017-05-11 22:00:00,113.868,113.895,113.809,113.844,113.867,113.87
2017-05-11 23:00:00,113.844,113.897,113.839,113.863,113.844,113.846
2017-05-12 00:00:00,113.852,113.866,113.803,113.814,113.86,113.872
2017-05-12 01:00:00,113.813,113.843,113.755,113.76,113.82,113.83
2017-05-12 02:00:00,113.759,113.846,113.745,113.819,113.758,113.762
2017-05-12 03:00:00,113.819,113.952,113.798,113.878,113.819,113.82
2017-05-12 04:00:00,113.879,113.907,113.737,113.759,113.878,113.88
2017-05-12 05:00:00,113.758,113.768,113.66,113.669,113.758,113.759
2017-05-12 06:00:00,113.668,113.727,113.635,113.7,113.669,113.671
2017-05-12 07:00:00,113.699,113.753,113.655,113.682,113.7,113.703
2017-05-12 08:00:00,113.682,113.793,113.667,113.77,113.682,113.683
2017-05-12 09:00:00,113.769,113.827,113.675,113.769,113.769,113.774
2017-05-12 10:00:00,113.769,113.854,113.549,113.6,113.768,113.77
2017-05-12 11:00:00,113.6,113.732,113.577,113.624,113.601,113.601
2017-05-12 12:00:00,113.624,113.713,113.561,113.669,113.624,113.627
2017-05-12 13:00:00,113.669,113.798,113.611,113.782,113.669,113.672
2017-05-12 14:00:00,113.782,113.918,113.765,113.85,113.783,113.785
2017-05-12 15:00:00,113.851,113.889,113.346,113.36,113.851,113.853
2017-05-12 16:00:00,113.36,113.553,113.313,113.39,113.36,113.364
2017-05-12 17:00:00,113.399,113.454,113.209,113.25,113.392,113.4
2017-05-12 18:00:00,113.251,113.43,113.198,113.296,113.25,113.252
2017-05-12 19:00:00,113.297,113.426,113.263,113.416,113.296,113.298
2017-05-12 20:00:00,113.417,113.427,113.32,113.356,113.416,113.418
2017-05-12 21:00:00,113.355,113.44,113.334,113.423,113.357,113.359
2017-05-12 22:00:00,113.423,113.424,113.269,113.296,113.424,113.425
2017-05-12 23:00:00,113.295,113.361,113.242,113.348,113.294,113.298
2017-05-15 00:00:00,113.154,113.256,113.143,113.229,113.154,113.166
2017-05-15 01:00:00,113.231,113.313,113.198,113.313,113.232,113.243
2017-05-15 02:00:00,113.315,113.351,113.228,113.265,113.316,113.322
2017-05-15 03:00:00,113.265,113.411,113.234,113.392,113.264,113.264
2017-05-15 04:00:00,113.391,113.457,113.34,113.367,113.39,113.393
2017-05-15 05:00:00,113.366,113.376,113.299,113.375,113.367,113.367
2017-05-15 06:00:00,113.375,113.416,113.347,113.406,113.375,113.379
2017-05-15 07:00:00,113.406,113.415,113.332,113.345,113.408,113.409
2017-05-15 08:00:00,113.345,113.394,113.333,113.375,113.345,113.346
2017-05-15 09:00:00,113.375,113.636,113.373,113.624,113.375,113.378
2017-05-15 10:00:00,113.623,113.73,113.567,113.648,113.625,113.625
2017-05-15 11:00:00,113.649,113.696,113.555,113.569,113.649,113.65
2017-05-15 12:00:00,113.572,113.586,113.404,113.432,113.572,113.574
2017-05-15 13:00:00,113.433,113.531,113.423,113.456,113.432,113.436
2017-05-15 14:00:00,113.457,113.51,113.426,113.496,113.458,113.459
2017-05-15 15:00:00,113.495,113.555,113.257,113.332,113.492,113.493
2017-05-15 16:00:00,113.332,113.67,113.296,113.632,113.332,113.333
2017-05-15 17:00:00,113.632,113.687,113.506,113.609,113.632,113.634
2017-05-15 18:00:00,113.609,113.664,113.538,113.544,113.611,113.611
2017-05-15 19:00:00,113.545,113.625,113.529,113.597,113.544,113.544
2017-05-15 20:00:00,113.597,113.855,113.576,113.823,113.598,113.6
2017-05-15 21:00:00,113.822,113.824,113.654,113.675,113.823,113.824
2017-05-15 22:00:00,113.674,113.787,113.653,113.764,113.675,113.675
2017-05-15 23:00:00,113.763,113.792,113.711,113.791,113.763,113.766
2017-05-16 00:00:00,113.778,113.785,113.542,113.598,113.783,113.808
2017-05-16 01:00:00,113.598,113.673,113.593,113.642,113.598,113.605
2017-05-16 02:00:00,113.641,113.679,113.574,113.643,113.642,113.645
2017-05-16 03:00:00,113.643,113.771,113.639,113.698,113.643,113.644
2017-05-16 04:00:00,113.699,113.712,113.493,113.532,113.7,113.702
2017-05-16 05:00:00,113.531,113.553,113.42,113.433,113.531,113.534
2017-05-16 06:00:00,113.433,113.521,113.418,113.505,113.433,113.435
2017-05-16 07:00:00,113.504,113.524,113.465,113.507,113.504,113.505
2017-05-16 08:00:00,113.507,113.554,113.433,113.494,113.508,113.51
2017-05-16 09:00:00,113.493,113.496,113.26,113.262,113.494,113.495
2017-05-16 10:00:00,113.263,113.485,113.247,113.456,113.261,113.263
2017-05-16 11:00:00,113.456,113.644,113.422,113.585,113.456,113.458
2017-05-16 12:00:00,113.585,113.664,113.519,113.549,113.585,113.586
2017-05-16 13:00:00,113.549,113.655,113.517,113.642,113.549,113.553
2017-05-16 14:00:00,113.642,113.734,113.636,113.673,113.643,113.645
2017-05-16 15:00:00,113.673,113.683,113.417,113.433,113.674,113.675
2017-05-16 16:00:00,113.433,113.576,113.379,113.501,113.433,113.434
2017-05-16 17:00:00,113.502,113.55,112.96,113.006,113.503,113.505
2017-05-16 18:00:00,113.006,113.321,112.962,113.236,113.007,113.007
2017-05-16 19:00:00,113.236,113.264,113.169,113.232,113.236,113.239
2017-05-16 20:00:00,113.232,113.305,113.089,113.112,113.231,113.234
2017-05-16 21:00:00,113.111,113.121,112.947,113.018,113.112,113.114
2017-05-16 22:00:00,113.019,113.099,112.93,113.068,113.02,113.022
2017-05-16 23:00:00,113.069,113.122,113.001,113.113,113.069,113.072
2017-05-17 00:00:00,113.108,113.13,113.049,113.101,113.108,113.121
2017-05-17 01:00:00,113.1,113.1,112.771,112.813,113.1,113.109
2017-05-17 02:00:00,112.811,112.848,112.621,112.691,112.812,112.816
2017-05-17 03:00:00,112.692,112.733,112.493,112.632,112.691,112.692
2017-05-17 04:00:00,112.633,112.73,112.586,112.657,112.632,112.635
2017-05-17 05:00:00,112.656,112.661,112.421,112.482,112.654,112.657
2017-05-17 06:00:00,112.482,112.496,112.365,112.394,112.482,112.485
2017-05-17 07:00:00,112.395,112.547,112.39,112.539,112.396,112.399
2017-05-17 08:00:00,112.539,112.57,112.346,112.463,112.539,112.543
2017-05-17 09:00:00,112.464,112.472,112.259,112.371,112.463,112.464
2017-05-17 10:00:00,112.37,112.467,112.256,112.445,112.37,112.374
2017-05-17 11:00:00,112.445,112.546,112.428,112.511,112.446,112.448
2017-05-17 12:00:00,112.51,112.52,112.306,112.377,112.509,112.512
2017-05-17 13:00:00,112.376,112.449,112.235,112.431,112.376,112.379
2017-05-17 14:00:00,112.43,112.516,112.346,112.351,112.43,112.434
2017-05-17 15:00:00,112.351,112.353,111.917,111.95,112.352,112.354
2017-05-17 16:00:00,111.949,111.961,111.428,111.437,111.95,111.952
2017-05-17 17:00:00,111.436,111.598,111.256,111.279,111.435,111.437
2017-05-17 18:00:00,111.276,111.522,111.217,111.463,111.275,111.279
2017-05-17 19:00:00,111.463,111.467,111.222,111.407,111.463,111.463
2017-05-17 20:00:00,111.407,111.408,111.001,111.01,111.406,111.407
2017-05-17 21:00:00,111.009,111.134,110.891,111.122,111.008,111.01
2017-05-17 22:00:00,111.122,111.171,110.899,110.974,111.123,111.124
2017-05-17 23:00:00,110.975,111.046,110.791,110.808,110.975,110.976
2017-05-18 00:00:00,110.833,110.835,110.529,110.71,110.83,110.837
2017-05-18 01:00:00,110.709,110.949,110.696,110.942,110.715,110.733
2017-05-18 02:00:00,110.941,111.17,110.904,111.063,110.943,110.946
2017-05-18 03:00:00,111.062,111.227,110.953,110.958,111.062,111.063
2017-05-18 04:00:00,110.957,111.059,110.802,111.045,110.957,110.958
2017-05-18 05:00:00,111.046,111.193,111.031,111.06,111.045,111.048
2017-05-18 06:00:00,111.06,111.061,110.937,110.97,111.06,111.063
2017-05-18 07:00:00,110.969,111.192,110.964,111.157,110.97,110.972
2017-05-18 08:00:00,111.156,111.336,111.14,111.248,111.156,111.158
2017-05-18 09:00:00,111.248,111.42,111.204,111.328,111.248,111.251
2017-05-18 10:00:00,111.329,111.355,110.858,110.917,111.329,111.331
2017-05-18 11:00:00,110.917,111.009,110.8,110.952,110.916,110.919
2017-05-18 12:00:00,110.952,110.964,110.236,110.324,110.95,110.95
2017-05-18 13:00:00,110.324,110.513,110.321,110.346,110.324,110.327
2017-05-18 14:00:00,110.346,110.851,110.341,110.78,110.345,110.348
2017-05-18 15:00:00,110.781,110.885,110.473,110.76,110.78,110.782
2017-05-18 16:00:00,110.76,111.22,110.692,111.004,110.76,110.761
2017-05-18 17:00:00,111.003,111.333,111.002,111.078,111.002,111.007
2017-05-18 18:00:00,111.078,111.197,110.801,110.819,111.079,111.08
2017-05-18 19:00:00,110.82,111.074,110.719,110.971,110.819,110.823
2017-05-18 20:00:00,110.971,111.74,110.896,111.477,110.971,110.971
2017-05-18 21:00:00,111.475,111.636,111.406,111.441,111.481,111.481
2017-05-18 22:00:00,111.443,111.557,111.333,111.358,111.443,111.444
2017-05-18 23:00:00,111.359,111.517,111.354,111.486,111.358,111.359
2017-05-19 00:00:00,111.471,111.6,111.457,111.564,111.466,111.501
2017-05-19 01:00:00,111.564,111.593,111.405,111.494,111.563,111.575
2017-05-19 02:00:00,111.494,111.5,111.333,111.435,111.498,111.498
2017-05-19 03:00:00,111.435,111.456,111.256,111.293,111.435,111.437
2017-05-19 04:00:00,111.294,111.295,111.122,111.182,111.294,111.297
2017-05-19 05:00:00,111.182,111.219,111.112,111.177,111.183,111.185
2017-05-19 06:00:00,111.177,111.363,111.136,111.324,111.176,111.178
2017-05-19 07:00:00,111.323,111.426,111.314,111.369,111.323,111.326
2017-05-19 08:00:00,111.37,111.473,111.362,111.397,111.371,111.372
2017-05-19 09:00:00,111.398,111.399,111.171,111.314,111.397,111.4
2017-05-19 10:00:00,111.313,111.514,111.233,111.468,111.314,111.317
2017-05-19 11:00:00,111.467,111.699,111.348,111.509,111.467,111.471
2017-05-19 12:00:00,111.509,111.581,111.436,111.484,111.509,111.511
2017-05-19 13:00:00,111.484,111.505,111.334,111.397,111.484,111.485
2017-05-19 14:00:00,111.399,111.482,111.227,111.259,111.397,111.399
2017-05-19 15:00:00,111.259,111.356,111.192,111.327,111.258,111.261
2017-05-19 16:00:00,111.327,111.578,111.039,111.476,111.327,111.33
2017-05-19 17:00:00,111.475,111.667,111.409,111.539,111.474,111.477
2017-05-19 18:00:00,111.54,111.567,111.35,111.46,111.537,111.539
2017-05-19 19:00:00,111.46,111.501,111.38,111.443,111.463,111.465
2017-05-19 20:00:00,111.442,111.447,111.241,111.247,111.442,111.445
2017-05-19 21:00:00,111.247,111.431,111.234,111.394,111.247,111.25
2017-05-19 22:00:00,111.395,111.43,111.076,111.176,111.396,111.398
2017-05-19 23:00:00,111.174,111.281,111.161,111.279,111.173,111.177
2017-05-22 00:00:00,111.019,111.181,110.875,111.175,111.019,111.073
2017-05-22 01:00:00,111.175,111.317,111.146,111.266,111.175,111.186
2017-05-22 02:00:00,111.266,111.332,111.157,111.283,111.266,111.266
2017-05-22 03:00:00,111.282,111.526,111.245,111.463,111.283,111.286
2017-05-22 04:00:00,111.463,111.607,111.437,111.463,111.463,111.466
2017-05-22 05:00:00,111.463,111.571,111.462,111.47,111.463,111.465
2017-05-22 06:00:00,111.471,111.551,111.438,111.542,111.47,111.472
2017-05-22 07:00:00,111.542,111.574,111.494,111.523,111.541,111.544
2017-05-22 08:00:00,111.523,111.533,111.461,111.498,111.523,111.524
2017-05-22 09:00:00,111.499,111.529,111.322,111.348,111.498,111.502
2017-05-22 10:00:00,111.347,111.353,111.153,111.301,111.348,111.351
2017-05-22 11:00:00,111.302,111.438,111.236,111.417,111.303,111.305
2017-05-22 12:00:00,111.418,111.504,111.294,111.377,111.42,111.42
2017-05-22 13:00:00,111.378,111.485,111.371,111.418,111.377,111.377
2017-05-22 14:00:00,111.419,111.466,111.363,111.398,111.417,111.418
2017-05-22 15:00:00,111.398,111.414,111.179,111.26,111.398,111.398
2017-05-22 16:00:00,111.26,111.405,111.115,111.158,111.26,111.263
2017-05-22 17:00:00,111.159,111.24,110.979,111.065,111.16,111.161
2017-05-22 18:00:00,111.063,111.202,110.932,111.154,111.062,111.065
2017-05-22 19:00:00,111.153,111.213,111.095,111.138,111.154,111.156
2017-05-22 20:00:00,111.138,111.182,111.055,111.089,111.137,111.142
2017-05-22 21:00:00,111.089,111.237,111.06,111.195,111.089,111.093
2017-05-22 22:00:00,111.195,111.25,111.175,111.227,111.195,111.195
2017-05-22 23:00:00,111.227,111.309,111.203,111.3,111.227,111.229
2017-05-23 00:00:00,111.288,111.375,111.244,111.291,111.29,111.316
2017-05-23 01:00:00,111.289,111.345,111.009,111.101,111.289,111.302
2017-05-23 02:00:00,111.101,111.139,110.862,110.904,111.099,111.102
2017-05-23 03:00:00,110.905,111.17,110.904,111.143,110.904,110.908
2017-05-23 04:00:00,111.142,111.166,111.001,111.083,111.143,111.147
2017-05-23 05:00:00,111.083,111.208,111.051,111.194,111.082,111.084
2017-05-23 06:00:00,111.193,111.209,111.132,111.187,111.193,111.195
2017-05-23 07:00:00,111.187,111.188,111.15,111.155,111.187,111.19
2017-05-23 08:00:00,111.154,111.174,110.937,110.976,111.155,111.156
2017-05-23 09:00:00,110.976,111.109,110.909,111.048,110.977,110.98
2017-05-23 10:00:00,111.046,111.29,110.985,111.202,111.046,111.048
2017-05-23 11:00:00,111.203,111.324,111.049,111.222,111.202,111.206
2017-05-23 12:00:00,111.223,111.253,111.111,111.152,111.224,111.226
2017-05-23 13:00:00,111.152,111.312,111.125,111.264,111.153,111.156
2017-05-23 14:00:00,111.263,111.282,111.152,111.179,111.263,111.265
2017-05-23 15:00:00,111.179,111.242,111.097,111.227,111.179,111.181
2017-05-23 16:00:00,111.228,111.269,111.037,111.091,111.228,111.229
2017-05-23 17:00:00,111.09,111.232,110.982,111.098,111.092,111.095
2017-05-23 18:00:00,111.097,111.751,111.053,111.642,111.095,111.098
2017-05-23 19:00:00,111.644,111.789,111.616,111.654,111.651,111.651
2017-05-23 20:00:00,111.653,111.69,111.45,111.538,111.653,111.656
2017-05-23 21:00:00,111.539,111.783,111.475,111.732,111.539,111.541
2017-05-23 22:00:00,111.731,111.86,111.729,111.814,111.731,111.735
2017-05-23 23:00:00,111.814,111.843,111.766,111.788,111.816,111.818
2017-05-24 00:00:00,111.778,111.841,111.749,111.808,111.778,111.789
2017-05-24 01:00:00,111.807,111.84,111.775,111.78,111.812,111.823
2017-05-24 02:00:00,111.779,111.992,111.779,111.961,111.78,111.786
2017-05-24 03:00:00,111.959,111.962,111.731,111.833,111.959,111.964
2017-05-24 04:00:00,111.833,111.859,111.758,111.799,111.834,111.836
2017-05-24 05:00:00,111.8,111.859,111.756,111.849,111.801,111.803
2017-05-24 06:00:00,111.849,111.927,111.845,111.898,111.849,111.853
2017-05-24 07:00:00,111.897,111.903,111.834,111.849,111.898,111.9
2017-05-24 08:00:00,111.849,112.03,111.806,111.947,111.849,111.852
2017-05-24 09:00:00,111.947,111.994,111.84,111.922,111.948,111.949
2017-05-24 10:00:00,111.922,112.052,111.791,111.941,111.92,111.924
2017-05-24 11:00:00,111.941,111.953,111.757,111.848,111.942,111.943
2017-05-24 12:00:00,111.848,111.876,111.751,111.816,111.849,111.85
2017-05-24 13:00:00,111.817,111.844,111.703,111.794,111.818,111.82
2017-05-24 14:00:00,111.793,111.841,111.764,111.793,111.796,111.796
2017-05-24 15:00:00,111.794,111.845,111.741,111.818,111.795,111.795
2017-05-24 16:00:00,111.819,112.0,111.791,111.935,111.818,111.82
2017-05-24 17:00:00,111.936,112.097,111.81,112.038,111.938,111.94
2017-05-24 18:00:00,112.038,112.13,111.933,112.042,112.036,112.037
2017-05-24 19:00:00,112.041,112.094,111.997,112.033,112.042,112.045
2017-05-24 20:00:00,112.033,112.042,111.934,111.961,112.033,112.035
2017-05-24 21:00:00,111.961,112.097,111.588,111.77,111.961,111.967
2017-05-24 22:00:00,111.771,111.8,111.547,111.606,111.772,111.775
2017-05-24 23:00:00,111.606,111.616,111.479,111.487,111.604,111.606
2017-05-25 00:00:00,111.478,111.572,111.478,111.562,111.479,111.509
2017-05-25 01:00:00,111.561,111.642,111.535,111.634,111.562,111.572
2017-05-25 02:00:00,111.633,111.633,111.515,111.541,111.631,111.632
2017-05-25 03:00:00,111.541,111.655,111.525,111.61,111.542,111.544
2017-05-25 04:00:00,111.61,111.7,111.513,111.65,111.611,111.614
2017-05-25 05:00:00,111.65,111.664,111.589,111.604,111.65,111.653
2017-05-25 06:00:00,111.603,111.633,111.56,111.605,111.603,111.605
2017-05-25 07:00:00,111.606,111.662,111.557,111.621,111.606,111.609
2017-05-25 08:00:00,111.62,111.695,111.6,111.632,111.622,111.625
2017-05-25 09:00:00,111.632,111.781,111.596,111.754,111.633,111.637
2017-05-25 10:00:00,111.755,111.891,111.699,111.835,111.755,111.759
2017-05-25 11:00:00,111.834,111.835,111.677,111.79,111.835,111.838
2017-05-25 12:00:00,111.79,111.933,111.771,111.88,111.789,111.791
2017-05-25 13:00:00,111.88,111.945,111.84,111.848,111.879,111.883
2017-05-25 14:00:00,111.849,111.869,111.722,111.736,111.85,111.851
2017-05-25 15:00:00,111.737,111.897,111.722,111.816,111.737,111.739
2017-05-25 16:00:00,111.815,111.844,111.684,111.792,111.816,111.817
2017-05-25 17:00:00,111.792,111.952,111.748,111.868,111.793,111.796
2017-05-25 18:00:00,111.869,111.879,111.651,111.702,111.866,111.867
2017-05-25 19:00:00,111.7,111.798,111.665,111.735,111.702,111.703
2017-05-25 20:00:00,111.736,111.832,111.715,111.827,111.734,111.737
2017-05-25 21:00:00,111.826,111.885,111.783,111.783,111.825,111.828
2017-05-25 22:00:00,111.783,111.822,111.75,111.794,111.784,111.788
2017-05-25 23:00:00,111.794,111.878,111.783,111.835,111.798,111.798
2017-05-26 00:00:00,111.821,111.853,111.751,111.825,111.821,111.836
2017-05-26 01:00:00,111.825,111.855,111.757,111.77,111.825,111.84
2017-05-26 02:00:00,111.774,111.8,111.714,111.742,111.774,111.776
2017-05-26 03:00:00,111.741,111.799,111.671,111.785,111.743,111.744
2017-05-26 04:00:00,111.784,111.807,111.716,111.737,111.784,111.787
2017-05-26 05:00:00,111.738,111.749,111.547,111.561,111.739,111.74
2017-05-26 06:00:00,111.561,111.621,111.544,111.608,111.561,111.563
2017-05-26 07:00:00,111.608,111.609,111.536,111.537,111.607,111.611
2017-05-26 08:00:00,111.536,111.541,111.4,111.422,111.537,111.541
2017-05-26 09:00:00,111.421,111.479,111.277,111.321,111.421,111.423
2017-05-26 10:00:00,111.321,111.353,111.195,111.247,111.321,111.324
2017-05-26 11:00:00,111.247,111.25,110.96,111.026,111.247,111.25
2017-05-26 12:00:00,111.026,111.069,110.893,110.943,111.025,111.028
2017-05-26 13:00:00,110.942,111.032,110.896,110.903,110.944,110.945
2017-05-26 14:00:00,110.902,111.058,110.879,111.002,110.903,110.906
2017-05-26 15:00:00,111.002,111.189,110.976,111.169,111.002,111.004
2017-05-26 16:00:00,111.168,111.341,111.163,111.243,111.167,111.17
2017-05-26 17:00:00,111.243,111.29,111.109,111.234,111.243,111.244
2017-05-26 18:00:00,111.233,111.327,111.212,111.306,111.234,111.234
2017-05-26 19:00:00,111.307,111.429,111.275,111.36,111.309,111.309
2017-05-26 20:00:00,111.357,111.381,111.224,111.234,111.357,111.359
2017-05-26 21:00:00,111.235,111.263,111.166,111.184,111.235,111.238
2017-05-26 22:00:00,111.185,111.263,111.184,111.257,111.185,111.188
2017-05-26 23:00:00,111.257,111.338,111.253,111.322,111.257,111.258
2017-05-29 00:00:00,111.177,111.304,111.162,111.268,111.177,111.334
2017-05-29 01:00:00,111.282,111.324,111.164,111.214,111.28,111.287
2017-05-29 02:00:00,111.215,111.294,111.21,111.253,111.214,111.218
2017-05-29 03:00:00,111.252,111.426,111.199,111.355,111.253,111.256
2017-05-29 04:00:00,111.354,111.469,111.329,111.385,111.353,111.356
2017-05-29 05:00:00,111.384,111.385,111.319,111.374,111.385,111.389
2017-05-29 06:00:00,111.374,111.397,111.33,111.336,111.375,111.377
2017-05-29 07:00:00,111.337,111.36,111.273,111.301,111.337,111.342
2017-05-29 08:00:00,111.301,111.322,111.271,111.307,111.301,111.304
2017-05-29 09:00:00,111.308,111.322,111.228,111.249,111.309,111.311
2017-05-29 10:00:00,111.248,111.358,111.248,111.3,111.248,111.254
2017-05-29 11:00:00,111.3,111.4,111.267,111.346,111.299,111.302
2017-05-29 12:00:00,111.346,111.395,111.326,111.351,111.347,111.349
2017-05-29 13:00:00,111.35,111.359,111.314,111.332,111.35,111.353
2017-05-29 14:00:00,111.332,111.343,111.297,111.337,111.332,111.335
2017-05-29 15:00:00,111.338,111.362,111.327,111.36,111.337,111.338
2017-05-29 16:00:00,111.36,111.36,111.284,111.303,111.36,111.364
2017-05-29 17:00:00,111.303,111.33,111.266,111.289,111.303,111.305
2017-05-29 18:00:00,111.288,111.307,111.265,111.282,111.288,111.291
2017-05-29 19:00:00,111.282,111.33,111.276,111.3,111.282,111.286
2017-05-29 20:00:00,111.3,111.322,111.288,111.296,111.299,111.303
2017-05-29 21:00:00,111.297,111.312,111.279,111.307,111.296,111.303
2017-05-29 22:00:00,111.308,111.347,111.292,111.3,111.307,111.312
2017-05-29 23:00:00,111.3,111.354,111.236,111.268,111.302,111.31
2017-05-30 00:00:00,111.24,111.306,111.222,111.266,111.24,111.267
2017-05-30 01:00:00,111.265,111.298,111.19,111.229,111.265,111.281
2017-05-30 02:00:00,111.228,111.29,111.165,111.19,111.229,111.233
2017-05-30 03:00:00,111.19,111.232,110.977,110.981,111.19,111.192
2017-05-30 04:00:00,110.982,110.993,110.774,110.819,110.981,110.985
2017-05-30 05:00:00,110.818,110.883,110.799,110.843,110.819,110.821
2017-05-30 06:00:00,110.843,110.963,110.834,110.94,110.842,110.845
2017-05-30 07:00:00,110.94,110.949,110.84,110.891,110.94,110.942
2017-05-30 08:00:00,110.891,110.981,110.866,110.918,110.892,110.894
2017-05-30 09:00:00,110.918,111.003,110.826,110.842,110.917,110.921
2017-05-30 10:00:00,110.843,111.113,110.812,111.081,110.843,110.845
2017-05-30 11:00:00,111.081,111.1,110.926,110.991,111.08,111.081
2017-05-30 12:00:00,110.99,111.1,110.913,111.071,110.989,110.992
2017-05-30 13:00:00,111.071,111.09,110.941,110.988,111.069,111.074
2017-05-30 14:00:00,110.988,111.014,110.897,110.944,110.987,110.988
2017-05-30 15:00:00,110.945,111.239,110.9,111.122,110.945,110.948
2017-05-30 16:00:00,111.122,111.138,110.956,111.03,111.121,111.124
2017-05-30 17:00:00,111.031,111.08,110.9,110.974,111.03,111.034
2017-05-30 18:00:00,110.974,110.984,110.665,110.683,110.974,110.977
2017-05-30 19:00:00,110.683,110.825,110.683,110.793,110.687,110.689
2017-05-30 20:00:00,110.792,110.816,110.705,110.807,110.792,110.794
2017-05-30 21:00:00,110.806,110.83,110.737,110.787,110.806,110.808
2017-05-30 22:00:00,110.786,110.802,110.731,110.761,110.786,110.789
2017-05-30 23:00:00,110.761,110.847,110.739,110.839,110.76,110.762
2017-05-31 00:00:00,110.829,110.884,110.8,110.847,110.834,110.852
2017-05-31 01:00:00,110.845,110.882,110.829,110.866,110.845,110.86
2017-05-31 02:00:00,110.867,110.873,110.752,110.839,110.868,110.869
2017-05-31 03:00:00,110.839,110.966,110.798,110.955,110.839,110.839
2017-05-31 04:00:00,110.954,110.999,110.894,110.956,110.954,110.955
2017-05-31 05:00:00,110.956,111.163,110.924,111.112,110.956,110.958
2017-05-31 06:00:00,111.111,111.227,111.075,111.085,111.109,111.11
2017-05-31 07:00:00,111.085,111.091,110.973,111.016,111.084,111.087
2017-05-31 08:00:00,111.017,111.017,110.88,110.88,111.016,111.02
2017-05-31 09:00:00,110.885,111.028,110.885,111.004,110.885,110.886
2017-05-31 10:00:00,111.003,111.023,110.825,110.946,111.003,111.005
2017-05-31 11:00:00,110.947,110.994,110.779,110.833,110.948,110.949
2017-05-31 12:00:00,110.832,110.872,110.756,110.789,110.831,110.835
2017-05-31 13:00:00,110.789,110.839,110.729,110.801,110.787,110.79
2017-05-31 14:00:00,110.802,110.923,110.756,110.91,110.801,110.803
2017-05-31 15:00:00,110.91,110.914,110.794,110.858,110.907,110.909
2017-05-31 16:00:00,110.859,110.885,110.599,110.67,110.859,110.861
2017-05-31 17:00:00,110.672,110.725,110.532,110.539,110.67,110.67
2017-05-31 18:00:00,110.538,110.722,110.482,110.714,110.541,110.541
2017-05-31 19:00:00,110.714,110.791,110.635,110.666,110.716,110.718
2017-05-31 20:00:00,110.666,110.707,110.562,110.597,110.665,110.667
2017-05-31 21:00:00,110.597,110.703,110.54,110.547,110.598,110.6
2017-05-31 22:00:00,110.55,110.774,110.547,110.749,110.552,110.552
2017-05-31 23:00:00,110.746,110.77,110.722,110.76,110.747,110.749
2017-06-01 00:00:00,110.764,110.853,110.682,110.846,110.765,110.785
2017-06-01 01:00:00,110.846,110.852,110.809,110.833,110.843,110.85
2017-06-01 02:00:00,110.832,110.832,110.713,110.799,110.832,110.834
2017-06-01 03:00:00,110.798,111.004,110.773,110.96,110.798,110.799
2017-06-01 04:00:00,110.962,111.07,110.907,110.923,110.962,110.963
2017-06-01 05:00:00,110.922,110.958,110.838,110.93,110.923,110.923
2017-06-01 06:00:00,110.929,110.956,110.863,110.949,110.927,110.93
2017-06-01 07:00:00,110.95,111.027,110.911,111.016,110.951,110.951
2017-06-01 08:00:00,111.015,111.095,110.946,110.99,111.015,111.016
2017-06-01 09:00:00,110.989,111.063,110.943,110.979,110.988,110.991
2017-06-01 10:00:00,110.979,111.063,110.929,111.014,110.978,110.979
2017-06-01 11:00:00,111.013,111.164,110.987,111.132,111.013,111.014
2017-06-01 12:00:00,111.132,111.143,111.045,111.067,111.132,111.133
2017-06-01 13:00:00,111.068,111.144,111.064,111.111,111.066,111.066
2017-06-01 14:00:00,111.112,111.205,111.106,111.142,111.113,111.113
2017-06-01 15:00:00,111.142,111.449,111.051,111.322,111.142,111.142
2017-06-01 16:00:00,111.321,111.482,111.296,111.416,111.324,111.324
2017-06-01 17:00:00,111.413,111.413,111.236,111.244,111.409,111.425
2017-06-01 18:00:00,111.247,111.303,111.163,111.257,111.248,111.248
2017-06-01 19:00:00,111.257,111.401,111.247,111.377,111.256,111.257
2017-06-01 20:00:00,111.376,111.421,111.342,111.396,111.375,111.378
2017-06-01 21:00:00,111.396,111.456,111.269,111.307,111.396,111.397
2017-06-01 22:00:00,111.307,111.363,111.266,111.342,111.308,111.311
2017-06-01 23:00:00,111.342,111.396,111.306,111.366,111.344,111.344
2017-06-02 00:00:00,111.348,111.407,111.312,111.367,111.342,111.367
2017-06-02 01:00:00,111.367,111.405,111.31,111.389,111.368,111.374
2017-06-02 02:00:00,111.389,111.449,111.353,111.444,111.388,111.39
2017-06-02 03:00:00,111.444,111.68,111.438,111.647,111.443,111.444
2017-06-02 04:00:00,111.646,111.655,111.569,111.596,111.646,111.646
2017-06-02 05:00:00,111.595,111.654,111.59,111.648,111.594,111.594
2017-06-02 06:00:00,111.647,111.668,111.588,111.597,111.647,111.649
2017-06-02 07:00:00,111.597,111.649,111.589,111.598,111.596,111.597
2017-06-02 08:00:00,111.599,111.711,111.54,111.609,111.598,111.598
2017-06-02 09:00:00,111.61,111.64,111.574,111.607,111.609,111.61
2017-06-02 10:00:00,111.607,111.671,111.544,111.57,111.609,111.61
2017-06-02 11:00:00,111.571,111.578,111.483,111.551,111.57,111.571
2017-06-02 12:00:00,111.552,111.565,111.455,111.468,111.551,111.554
2017-06-02 13:00:00,111.469,111.509,111.431,111.498,111.468,111.471
2017-06-02 14:00:00,111.499,111.543,111.482,111.493,111.498,111.5
2017-06-02 15:00:00,111.493,111.546,110.589,110.717,111.493,111.495
2017-06-02 16:00:00,110.716,110.82,110.418,110.496,110.715,110.716
2017-06-02 17:00:00,110.496,110.581,110.405,110.464,110.495,110.495
2017-06-02 18:00:00,110.464,110.537,110.331,110.504,110.462,110.462
2017-06-02 19:00:00,110.504,110.519,110.408,110.464,110.504,110.506
2017-06-02 20:00:00,110.464,110.574,110.43,110.482,110.464,110.465
2017-06-02 21:00:00,110.482,110.519,110.446,110.473,110.482,110.483
2017-06-02 22:00:00,110.477,110.481,110.354,110.421,110.476,110.479
2017-06-02 23:00:00,110.421,110.466,110.397,110.422,110.42,110.42
2017-06-05 00:00:00,110.347,110.513,110.341,110.452,110.347,110.376
2017-06-05 01:00:00,110.452,110.561,110.391,110.478,110.452,110.466
2017-06-05 02:00:00,110.477,110.504,110.387,110.469,110.477,110.482
2017-06-05 03:00:00,110.47,110.523,110.31,110.458,110.47,110.47
2017-06-05 04:00:00,110.459,110.595,110.408,110.559,110.46,110.462
2017-06-05 05:00:00,110.56,110.622,110.505,110.551,110.559,110.561
2017-06-05 06:00:00,110.551,110.607,110.52,110.578,110.552,110.553
2017-06-05 07:00:00,110.579,110.606,110.517,110.597,110.578,110.579
2017-06-05 08:00:00,110.598,110.732,110.595,110.621,110.598,110.598
2017-06-05 09:00:00,110.62,110.633,110.508,110.518,110.621,110.622
2017-06-05 10:00:00,110.517,110.559,110.45,110.527,110.518,110.52
2017-06-05 11:00:00,110.529,110.57,110.489,110.492,110.53,110.53
2017-06-05 12:00:00,110.492,110.543,110.455,110.523,110.492,110.494
2017-06-05 13:00:00,110.524,110.633,110.488,110.598,110.523,110.526
2017-06-05 14:00:00,110.6,110.631,110.514,110.53,110.599,110.6
2017-06-05 15:00:00,110.529,110.65,110.474,110.645,110.53,110.531
2017-06-05 16:00:00,110.645,110.687,110.515,110.544,110.646,110.646
2017-06-05 17:00:00,110.543,110.578,110.404,110.456,110.544,110.55
2017-06-05 18:00:00,110.456,110.503,110.386,110.492,110.454,110.456
2017-06-05 19:00:00,110.492,110.551,110.43,110.458,110.492,110.494
2017-06-05 20:00:00,110.458,110.458,110.373,110.405,110.457,110.458
2017-06-05 21:00:00,110.406,110.502,110.406,110.47,110.407,110.407
2017-06-05 22:00:00,110.47,110.502,110.454,110.486,110.468,110.471
2017-06-05 23:00:00,110.487,110.501,110.439,110.476,110.488,110.488
2017-06-06 00:00:00,110.45,110.526,110.45,110.506,110.45,110.461
2017-06-06 01:00:00,110.506,110.507,110.451,110.469,110.504,110.514
2017-06-06 02:00:00,110.469,110.469,110.35,110.391,110.468,110.471
2017-06-06 03:00:00,110.392,110.447,110.151,110.17,110.393,110.396
2017-06-06 04:00:00,110.169,110.19,109.898,109.949,110.168,110.171
2017-06-06 05:00:00,109.949,109.949,109.729,109.826,109.948,109.949
2017-06-06 06:00:00,109.826,109.884,109.787,109.862,109.826,109.828
2017-06-06 07:00:00,109.863,109.923,109.826,109.887,109.863,109.865
2017-06-06 08:00:00,109.887,109.894,109.659,109.662,109.886,109.888
2017-06-06 09:00:00,109.663,109.729,109.572,109.631,109.664,109.665
2017-06-06 10:00:00,109.632,109.684,109.562,109.629,109.632,109.634
2017-06-06 11:00:00,109.63,109.739,109.61,109.718,109.63,109.631
2017-06-06 12:00:00,109.719,109.732,109.634,109.696,109.719,109.719
2017-06-06 13:00:00,109.694,109.74,109.434,109.45,109.693,109.694
2017-06-06 14:00:00,109.45,109.489,109.281,109.436,109.452,109.452
2017-06-06 15:00:00,109.437,109.485,109.306,109.415,109.436,109.438
2017-06-06 16:00:00,109.413,109.514,109.293,109.494,109.412,109.413
2017-06-06 17:00:00,109.494,109.64,109.353,109.391,109.493,109.496
2017-06-06 18:00:00,109.392,109.432,109.228,109.34,109.391,109.393
2017-06-06 19:00:00,109.34,109.461,109.32,109.423,109.34,109.341
2017-06-06 20:00:00,109.424,109.425,109.227,109.286,109.423,109.425
2017-06-06 21:00:00,109.284,109.59,109.275,109.54,109.283,109.284
2017-06-06 22:00:00,109.54,109.554,109.388,109.428,109.539,109.54
2017-06-06 23:00:00,109.429,109.478,109.37,109.402,109.428,109.43
2017-06-07 00:00:00,109.386,109.428,109.309,109.358,109.386,109.405
2017-06-07 01:00:00,109.36,109.412,109.318,109.409,109.36,109.367
2017-06-07 02:00:00,109.408,109.518,109.391,109.499,109.408,109.41
2017-06-07 03:00:00,109.499,109.529,109.411,109.473,109.499,109.499
2017-06-07 04:00:00,109.475,109.599,109.475,109.522,109.476,109.476
2017-06-07 05:00:00,109.521,109.536,109.464,109.467,109.521,109.523
2017-06-07 06:00:00,109.468,109.517,109.46,109.509,109.469,109.469
2017-06-07 07:00:00,109.51,109.614,109.496,109.583,109.509,109.51
2017-06-07 08:00:00,109.583,109.631,109.497,109.525,109.584,109.585
2017-06-07 09:00:00,109.526,109.53,109.348,109.361,109.525,109.526
2017-06-07 10:00:00,109.361,109.375,109.214,109.305,109.362,109.363
2017-06-07 11:00:00,109.305,109.337,109.128,109.164,109.305,109.307
2017-06-07 12:00:00,109.165,109.261,109.116,109.205,109.165,109.166
2017-06-07 13:00:00,109.205,109.522,109.197,109.443,109.205,109.206
2017-06-07 14:00:00,109.444,109.478,109.371,109.464,109.445,109.445
2017-06-07 15:00:00,109.466,109.508,109.34,109.353,109.466,109.468
2017-06-07 16:00:00,109.353,109.672,109.296,109.502,109.356,109.357
2017-06-07 17:00:00,109.501,109.556,109.228,109.322,109.502,109.504
2017-06-07 18:00:00,109.323,109.588,109.323,109.54,109.324,109.324
2017-06-07 19:00:00,109.542,109.636,109.344,109.387,109.541,109.541
2017-06-07 20:00:00,109.388,109.597,109.348,109.569,109.387,109.39
2017-06-07 21:00:00,109.568,109.883,109.548,109.843,109.569,109.569
2017-06-07 22:00:00,109.844,109.844,109.778,109.794,109.844,109.845
2017-06-07 23:00:00,109.794,109.835,109.789,109.821,109.793,109.794
2017-06-08 00:00:00,109.805,109.833,109.771,109.785,109.82,109.833
2017-06-08 01:00:00,109.785,109.876,109.731,109.742,109.786,109.801
2017-06-08 02:00:00,109.741,109.92,109.739,109.919,109.74,109.743
2017-06-08 03:00:00,109.919,110.013,109.833,109.936,109.919,109.919
2017-06-08 04:00:00,109.937,109.963,109.835,109.86,109.938,109.939
2017-06-08 05:00:00,109.862,109.923,109.816,109.817,109.859,109.861
2017-06-08 06:00:00,109.817,109.952,109.816,109.94,109.816,109.819
2017-06-08 07:00:00,109.94,109.947,109.618,109.683,109.939,109.94
2017-06-08 08:00:00,109.684,109.722,109.382,109.437,109.685,109.685
2017-06-08 09:00:00,109.437,109.592,109.407,109.587,109.436,109.441
2017-06-08 10:00:00,109.587,109.77,109.557,109.761,109.585,109.587
2017-06-08 11:00:00,109.762,109.929,109.762,109.925,109.763,109.763
2017-06-08 12:00:00,109.925,110.149,109.912,110.121,109.925,109.925
2017-06-08 13:00:00,110.123,110.139,109.992,110.099,110.123,110.123
2017-06-08 14:00:00,110.098,110.186,110.027,110.145,110.097,110.099
2017-06-08 15:00:00,110.146,110.235,109.984,110.053,110.145,110.148
2017-06-08 16:00:00,110.054,110.284,109.937,110.227,110.054,110.055
2017-06-08 17:00:00,110.228,110.386,110.118,110.122,110.227,110.227
2017-06-08 18:00:00,110.121,110.244,110.055,110.1,110.12,110.12
2017-06-08 19:00:00,110.101,110.17,109.99,110.096,110.102,110.102
2017-06-08 20:00:00,110.098,110.229,110.082,110.128,110.096,110.098
2017-06-08 21:00:00,110.127,110.132,109.856,109.934,110.126,110.128
2017-06-08 22:00:00,109.933,110.053,109.912,109.989,109.934,109.937
2017-06-08 23:00:00,109.99,110.059,109.953,110.039,109.991,109.992
2017-06-09 00:00:00,109.972,110.079,109.765,109.927,109.967,110.034
2017-06-09 01:00:00,109.924,110.133,109.867,110.015,109.924,109.928
2017-06-09 02:00:00,110.016,110.052,109.814,109.874,110.015,110.019
2017-06-09 03:00:00,109.874,110.073,109.865,110.037,109.874,109.876
2017-06-09 04:00:00,110.038,110.262,110.022,110.259,110.037,110.04
2017-06-09 05:00:00,110.26,110.352,110.19,110.237,110.26,110.261
2017-06-09 06:00:00,110.237,110.359,110.21,110.299,110.236,110.238
2017-06-09 07:00:00,110.301,110.333,110.157,110.207,110.302,110.305
2017-06-09 08:00:00,110.207,110.256,110.09,110.218,110.207,110.21
2017-06-09 09:00:00,110.22,110.475,110.137,110.386,110.219,110.222
2017-06-09 10:00:00,110.388,110.468,110.281,110.32,110.387,110.391
2017-06-09 11:00:00,110.32,110.461,110.281,110.375,110.319,110.322
2017-06-09 12:00:00,110.375,110.401,110.308,110.395,110.375,110.377
2017-06-09 13:00:00,110.395,110.413,110.317,110.367,110.396,110.4
2017-06-09 14:00:00,110.366,110.447,110.357,110.438,110.368,110.368
2017-06-09 15:00:00,110.438,110.645,110.393,110.622,110.437,110.438
2017-06-09 16:00:00,110.622,110.813,110.618,110.723,110.622,110.623
2017-06-09 17:00:00,110.724,110.768,110.648,110.684,110.724,110.726
2017-06-09 18:00:00,110.685,110.702,110.572,110.614,110.686,110.686
2017-06-09 19:00:00,110.614,110.618,110.446,110.486,110.614,110.614
2017-06-09 20:00:00,110.485,110.498,110.353,110.372,110.486,110.487
2017-06-09 21:00:00,110.372,110.406,110.133,110.17,110.372,110.373
2017-06-09 22:00:00,110.172,110.272,110.149,110.225,110.171,110.172
2017-06-09 23:00:00,110.225,110.336,110.223,110.328,110.227,110.227
2017-06-12 00:00:00,110.313,110.424,110.308,110.4,110.313,110.339
2017-06-12 01:00:00,110.4,110.442,110.349,110.376,110.401,110.414
2017-06-12 02:00:00,110.375,110.382,110.276,110.308,110.374,110.375
2017-06-12 03:00:00,110.31,110.339,110.16,110.197,110.309,110.311
2017-06-12 04:00:00,110.196,110.32,110.154,110.308,110.196,110.197
2017-06-12 05:00:00,110.309,110.321,110.216,110.232,110.306,110.306
2017-06-12 06:00:00,110.232,110.292,110.205,110.271,110.232,110.235
2017-06-12 07:00:00,110.271,110.318,110.255,110.28,110.271,110.272
2017-06-12 08:00:00,110.28,110.285,110.218,110.235,110.28,110.281
2017-06-12 09:00:00,110.235,110.26,110.161,110.223,110.234,110.236
2017-06-12 10:00:00,110.223,110.316,110.175,110.202,110.224,110.225
2017-06-12 11:00:00,110.202,110.225,109.932,109.992,110.202,110.203
2017-06-12 12:00:00,109.991,110.047,109.884,109.91,109.989,109.991
2017-06-12 13:00:00,109.909,110.038,109.884,109.963,109.909,109.909
2017-06-12 14:00:00,109.963,109.983,109.828,109.871,109.962,109.964
2017-06-12 15:00:00,109.872,109.998,109.81,109.987,109.872,109.874
2017-06-12 16:00:00,109.986,110.042,109.776,109.784,109.985,109.987
2017-06-12 17:00:00,109.785,109.951,109.752,109.817,109.785,109.786
2017-06-12 18:00:00,109.816,109.886,109.664,109.729,109.815,109.816
2017-06-12 19:00:00,109.729,109.742,109.632,109.689,109.729,109.731
2017-06-12 20:00:00,109.689,109.855,109.681,109.775,109.69,109.69
2017-06-12 21:00:00,109.775,109.855,109.752,109.8,109.774,109.775
2017-06-12 22:00:00,109.801,109.89,109.765,109.868,109.8,109.801
2017-06-12 23:00:00,109.865,109.953,109.861,109.942,109.865,109.867
2017-06-13 00:00:00,109.93,109.944,109.774,109.901,109.93,109.962
2017-06-13 01:00:00,109.901,109.916,109.824,109.836,109.902,109.906
2017-06-13 02:00:00,109.835,109.932,109.834,109.931,109.835,109.836
2017-06-13 03:00:00,109.932,110.023,109.916,109.978,109.932,109.932
2017-06-13 04:00:00,109.978,110.11,109.974,110.02,109.977,109.979
2017-06-13 05:00:00,110.02,110.046,109.956,109.973,110.019,110.021
2017-06-13 06:00:00,109.976,110.019,109.959,109.977,109.972,109.972
2017-06-13 07:00:00,109.977,110.024,109.955,110.012,109.977,109.979
2017-06-13 08:00:00,110.011,110.046,109.962,110.035,110.012,110.013
2017-06-13 09:00:00,110.036,110.072,109.97,110.024,110.035,110.037
2017-06-13 10:00:00,110.023,110.272,110.023,110.236,110.024,110.026
2017-06-13 11:00:00,110.236,110.256,110.132,110.15,110.237,110.237
2017-06-13 12:00:00,110.15,110.172,110.079,110.08,110.15,110.154
2017-06-13 13:00:00,110.079,110.13,110.072,110.109,110.082,110.082
2017-06-13 14:00:00,110.109,110.109,110.018,110.039,110.108,110.109
2017-06-13 15:00:00,110.04,110.17,109.984,110.16,110.039,110.039
2017-06-13 16:00:00,110.158,110.22,110.106,110.148,110.158,110.159
2017-06-13 17:00:00,110.148,110.156,109.914,109.96,110.147,110.147
2017-06-13 18:00:00,109.959,110.134,109.939,110.121,109.958,109.958
2017-06-13 19:00:00,110.121,110.129,110.035,110.082,110.121,110.122
2017-06-13 20:00:00,110.083,110.083,109.948,109.983,110.083,110.085
2017-06-13 21:00:00,109.983,109.99,109.933,109.971,109.983,109.985
2017-06-13 22:00:00,109.972,110.033,109.951,109.994,109.971,109.973
2017-06-13 23:00:00,109.995,110.091,109.992,110.067,109.994,109.995
2017-06-14 00:00:00,110.065,110.091,110.028,110.076,110.066,110.073
2017-06-14 01:00:00,110.076,110.09,110.056,110.065,110.076,110.084
2017-06-14 02:00:00,110.065,110.134,110.048,110.068,110.065,110.067
2017-06-14 03:00:00,110.067,110.13,110.009,110.035,110.07,110.072
2017-06-14 04:00:00,110.035,110.06,110.016,110.036,110.036,110.036
2017-06-14 05:00:00,110.037,110.066,109.954,110.04,110.036,110.039
2017-06-14 06:00:00,110.04,110.072,110.022,110.051,110.041,110.042
2017-06-14 07:00:00,110.05,110.117,110.039,110.088,110.051,110.052
2017-06-14 08:00:00,110.089,110.098,110.031,110.034,110.09,110.09
2017-06-14 09:00:00,110.033,110.106,109.988,110.064,110.033,110.035
2017-06-14 10:00:00,110.064,110.206,110.062,110.18,110.064,110.065
2017-06-14 11:00:00,110.18,110.258,110.171,110.178,110.18,110.181
2017-06-14 12:00:00,110.179,110.229,110.166,110.215,110.18,110.181
2017-06-14 13:00:00,110.215,110.321,110.194,110.25,110.215,110.217
2017-06-14 14:00:00,110.249,110.343,110.238,110.291,110.247,110.249
2017-06-14 15:00:00,110.292,110.323,109.349,109.386,110.29,110.291
2017-06-14 16:00:00,109.385,109.4,109.191,109.305,109.387,109.389
2017-06-14 17:00:00,109.305,109.31,108.929,108.942,109.307,109.308
2017-06-14 18:00:00,108.942,109.19,108.932,109.155,108.938,108.941
2017-06-14 19:00:00,109.156,109.189,109.053,109.09,109.158,109.159
2017-06-14 20:00:00,109.089,109.2,109.068,109.102,109.089,109.09
2017-06-14 21:00:00,109.102,109.713,108.806,109.562,109.102,109.148
2017-06-14 22:00:00,109.561,109.867,109.463,109.656,109.559,109.563
2017-06-14 23:00:00,109.654,109.673,109.539,109.579,109.655,109.655
2017-06-15 00:00:00,109.567,109.686,109.551,109.671,109.56,109.586
2017-06-15 01:00:00,109.671,109.686,109.282,109.345,109.671,109.685
2017-06-15 02:00:00,109.344,109.453,109.269,109.446,109.345,109.348
2017-06-15 03:00:00,109.446,109.802,109.396,109.702,109.446,109.446
2017-06-15 04:00:00,109.703,109.708,109.508,109.59,109.703,109.705
2017-06-15 05:00:00,109.589,109.614,109.517,109.538,109.588,109.59
2017-06-15 06:00:00,109.537,109.612,109.537,109.582,109.538,109.539
2017-06-15 07:00:00,109.582,109.626,109.563,109.621,109.581,109.584
2017-06-15 08:00:00,109.623,109.738,109.608,109.61,109.623,109.626
2017-06-15 09:00:00,109.607,109.716,109.568,109.662,109.605,109.608
2017-06-15 10:00:00,109.662,109.701,109.477,109.511,109.664,109.665
2017-06-15 11:00:00,109.512,109.658,109.492,109.626,109.511,109.515
2017-06-15 12:00:00,109.627,109.812,109.614,109.774,109.626,109.628
2017-06-15 13:00:00,109.774,109.801,109.635,109.677,109.774,109.774
2017-06-15 14:00:00,109.677,110.162,109.677,110.122,109.677,109.679
2017-06-15 15:00:00,110.122,110.402,110.084,110.334,110.122,110.122
2017-06-15 16:00:00,110.336,110.464,110.21,110.428,110.338,110.338
2017-06-15 17:00:00,110.427,110.782,110.406,110.622,110.426,110.427
2017-06-15 18:00:00,110.622,110.773,110.521,110.654,110.622,110.622
2017-06-15 19:00:00,110.655,110.968,110.651,110.948,110.656,110.657
2017-06-15 20:00:00,110.949,110.98,110.831,110.964,110.949,110.951
2017-06-15 21:00:00,110.963,110.97,110.855,110.861,110.963,110.965
2017-06-15 22:00:00,110.861,110.921,110.818,110.921,110.86,110.86
2017-06-15 23:00:00,110.921,110.955,110.894,110.945,110.923,110.924
2017-06-16 00:00:00,110.917,110.926,110.831,110.875,110.905,110.946
2017-06-16 01:00:00,110.876,110.913,110.85,110.862,110.875,110.894
2017-06-16 02:00:00,110.864,110.997,110.842,110.996,110.865,110.866
2017-06-16 03:00:00,110.995,111.152,110.986,111.078,110.996,110.997
2017-06-16 04:00:00,111.078,111.162,111.018,111.145,111.078,111.079
2017-06-16 05:00:00,111.144,111.269,110.998,111.116,111.143,111.144
2017-06-16 06:00:00,111.115,111.258,111.112,111.2,111.114,111.116
2017-06-16 07:00:00,111.201,111.271,111.186,111.217,111.2,111.201
2017-06-16 08:00:00,111.217,111.242,111.056,111.152,111.217,111.218
2017-06-16 09:00:00,111.154,111.379,111.052,111.226,111.152,111.152
2017-06-16 10:00:00,111.225,111.288,111.12,111.178,111.225,111.226
2017-06-16 11:00:00,111.178,111.368,111.175,111.327,111.178,111.179
2017-06-16 12:00:00,111.328,111.337,111.248,111.316,111.328,111.33
2017-06-16 13:00:00,111.317,111.34,111.239,111.27,111.317,111.319
2017-06-16 14:00:00,111.27,111.418,111.27,111.383,111.27,111.271
2017-06-16 15:00:00,111.383,111.392,111.096,111.104,111.385,111.386
2017-06-16 16:00:00,111.102,111.131,110.818,110.876,111.102,111.104
2017-06-16 17:00:00,110.877,110.968,110.645,110.677,110.877,110.877
2017-06-16 18:00:00,110.676,110.865,110.661,110.841,110.677,110.679
2017-06-16 19:00:00,110.841,110.915,110.823,110.824,110.841,110.842
2017-06-16 20:00:00,110.825,110.87,110.765,110.848,110.827,110.827
2017-06-16 21:00:00,110.847,110.853,110.8,110.841,110.843,110.847
2017-06-16 22:00:00,110.84,110.873,110.779,110.838,110.839,110.842
2017-06-16 23:00:00,110.839,110.901,110.828,110.862,110.84,110.841
2017-06-19 00:00:00,110.879,110.898,110.729,110.82,110.857,110.913
2017-06-19 01:00:00,110.82,110.907,110.784,110.85,110.821,110.842
2017-06-19 02:00:00,110.851,110.98,110.844,110.973,110.85,110.853
2017-06-19 03:00:00,110.972,111.136,110.933,111.066,110.97,110.973
2017-06-19 04:00:00,111.065,111.097,110.945,110.969,111.066,111.068
2017-06-19 05:00:00,110.969,111.042,110.948,110.989,110.97,110.972
2017-06-19 06:00:00,110.989,111.065,110.983,111.042,110.987,110.99
2017-06-19 07:00:00,111.041,111.054,110.975,110.981,111.042,111.044
2017-06-19 08:00:00,110.981,111.025,110.912,111.023,110.981,110.983
2017-06-19 09:00:00,111.023,111.111,110.998,111.012,111.023,111.023
2017-06-19 10:00:00,111.012,111.21,111.009,111.108,111.012,111.015
2017-06-19 11:00:00,111.108,111.134,111.007,111.03,111.108,111.111
2017-06-19 12:00:00,111.03,111.052,110.923,110.97,111.029,111.031
2017-06-19 13:00:00,110.97,111.01,110.931,110.969,110.97,110.972
2017-06-19 14:00:00,110.968,111.109,110.954,111.056,110.968,110.97
2017-06-19 15:00:00,111.056,111.334,110.909,111.264,111.054,111.057
2017-06-19 16:00:00,111.263,111.358,111.225,111.35,111.264,111.267
2017-06-19 17:00:00,111.349,111.391,111.226,111.268,111.345,111.347
2017-06-19 18:00:00,111.268,111.347,111.244,111.336,111.269,111.271
2017-06-19 19:00:00,111.336,111.472,111.327,111.423,111.336,111.337
2017-06-19 20:00:00,111.424,111.558,111.419,111.476,111.425,111.426
2017-06-19 21:00:00,111.476,111.546,111.449,111.535,111.477,111.479
2017-06-19 22:00:00,111.536,111.6,111.525,111.579,111.534,111.536
2017-06-19 23:00:00,111.58,111.587,111.512,111.529,111.581,111.584
2017-06-20 00:00:00,111.522,111.588,111.5,111.562,111.522,111.545
2017-06-20 01:00:00,111.566,111.692,111.552,111.642,111.566,111.566
2017-06-20 02:00:00,111.641,111.742,111.624,111.695,111.641,111.644
2017-06-20 03:00:00,111.696,111.777,111.67,111.723,111.694,111.697
2017-06-20 04:00:00,111.723,111.756,111.621,111.642,111.723,111.725
2017-06-20 05:00:00,111.643,111.704,111.641,111.66,111.646,111.649
2017-06-20 06:00:00,111.66,111.702,111.649,111.694,111.66,111.661
2017-06-20 07:00:00,111.692,111.694,111.643,111.666,111.69,111.691
2017-06-20 08:00:00,111.663,111.697,111.555,111.577,111.662,111.666
2017-06-20 09:00:00,111.577,111.667,111.54,111.648,111.577,111.578
2017-06-20 10:00:00,111.649,111.787,111.58,111.668,111.65,111.653
2017-06-20 11:00:00,111.668,111.673,111.55,111.591,111.669,111.669
2017-06-20 12:00:00,111.59,111.656,111.511,111.543,111.591,111.593
2017-06-20 13:00:00,111.542,111.572,111.465,111.536,111.542,111.546
2017-06-20 14:00:00,111.536,111.656,111.506,111.597,111.535,111.537
2017-06-20 15:00:00,111.597,111.601,111.308,111.474,111.597,111.601
2017-06-20 16:00:00,111.475,111.65,111.434,111.616,111.474,111.476
2017-06-20 17:00:00,111.615,111.685,111.476,111.665,111.614,111.616
2017-06-20 18:00:00,111.665,111.73,111.456,111.462,111.666,111.666
2017-06-20 19:00:00,111.462,111.516,111.396,111.462,111.463,111.463
2017-06-20 20:00:00,111.462,111.569,111.441,111.462,111.459,111.46
2017-06-20 21:00:00,111.463,111.517,111.382,111.397,111.462,111.462
2017-06-20 22:00:00,111.398,111.48,111.394,111.462,111.398,111.4
2017-06-20 23:00:00,111.461,111.49,111.443,111.447,111.461,111.462
2017-06-21 00:00:00,111.455,111.492,111.429,111.451,111.452,111.474
2017-06-21 01:00:00,111.451,111.486,111.375,111.381,111.451,111.457
2017-06-21 02:00:00,111.381,111.381,111.269,111.338,111.381,111.383
2017-06-21 03:00:00,111.338,111.412,111.254,111.37,111.336,111.338
2017-06-21 04:00:00,111.369,111.419,111.335,111.347,111.37,111.371
2017-06-21 05:00:00,111.346,111.364,111.247,111.27,111.348,111.348
2017-06-21 06:00:00,111.268,111.298,111.188,111.228,111.269,111.27
2017-06-21 07:00:00,111.229,111.287,111.222,111.282,111.23,111.232
2017-06-21 08:00:00,111.282,111.331,111.229,111.237,111.281,111.283
2017-06-21 09:00:00,111.236,111.312,111.218,111.305,111.237,111.239
2017-06-21 10:00:00,111.305,111.324,111.077,111.138,111.305,111.306
2017-06-21 11:00:00,111.137,111.199,111.107,111.183,111.137,111.138
2017-06-21 12:00:00,111.183,111.238,111.07,111.101,111.183,111.183
2017-06-21 13:00:00,111.101,111.236,111.094,111.226,111.101,111.102
2017-06-21 14:00:00,111.226,111.422,111.226,111.408,111.226,111.226
2017-06-21 15:00:00,111.408,111.602,111.408,111.544,111.409,111.41
2017-06-21 16:00:00,111.546,111.662,111.522,111.617,111.548,111.548
2017-06-21 17:00:00,111.621,111.74,111.554,111.578,111.622,111.625
2017-06-21 18:00:00,111.578,111.621,111.403,111.592,111.579,111.579
2017-06-21 19:00:00,111.593,111.596,111.351,111.373,111.594,111.595
2017-06-21 20:00:00,111.373,111.411,111.297,111.331,111.372,111.374
2017-06-21 21:00:00,111.33,111.359,111.241,111.318,111.329,111.331
2017-06-21 22:00:00,111.318,111.373,111.283,111.347,111.316,111.32
2017-06-21 23:00:00,111.346,111.437,111.322,111.376,111.344,111.347
2017-06-22 00:00:00,111.379,111.428,111.33,111.409,111.379,111.395
2017-06-22 01:00:00,111.41,111.43,111.336,111.365,111.411,111.441
2017-06-22 02:00:00,111.365,111.365,111.258,111.329,111.364,111.367
2017-06-22 03:00:00,111.328,111.353,111.11,111.133,111.331,111.331
2017-06-22 04:00:00,111.133,111.179,111.066,111.133,111.132,111.134
2017-06-22 05:00:00,111.134,111.144,110.95,111.027,111.135,111.137
2017-06-22 06:00:00,111.025,111.17,110.998,111.151,111.025,111.026
2017-06-22 07:00:00,111.152,111.154,111.079,111.109,111.152,111.153
2017-06-22 08:00:00,111.109,111.153,110.975,110.98,111.11,111.11
2017-06-22 09:00:00,110.979,111.171,110.979,111.126,110.98,110.981
2017-06-22 10:00:00,111.127,111.127,110.953,111.012,111.126,111.129
2017-06-22 11:00:00,111.013,111.103,111.001,111.09,111.013,111.014
2017-06-22 12:00:00,111.089,111.142,111.026,111.115,111.09,111.091
2017-06-22 13:00:00,111.114,111.314,111.102,111.288,111.113,111.115
2017-06-22 14:00:00,111.287,111.375,111.287,111.321,111.288,111.289
2017-06-22 15:00:00,111.323,111.366,111.108,111.126,111.324,111.324
2017-06-22 16:00:00,111.126,111.249,111.076,111.149,111.127,111.13
2017-06-22 17:00:00,111.149,111.447,111.114,111.358,111.154,111.154
2017-06-22 18:00:00,111.357,111.433,111.308,111.368,111.358,111.358
2017-06-22 19:00:00,111.369,111.379,111.284,111.317,111.37,111.37
2017-06-22 20:00:00,111.315,111.423,111.29,111.397,111.315,111.317
2017-06-22 21:00:00,111.397,111.446,111.314,111.346,111.399,111.401
2017-06-22 22:00:00,111.347,111.357,111.237,111.242,111.348,111.349
2017-06-22 23:00:00,111.241,111.328,111.232,111.315,111.242,111.242
2017-06-23 00:00:00,111.329,111.329,111.24,111.281,111.322,111.335
2017-06-23 01:00:00,111.28,111.317,111.276,111.284,111.281,111.286
2017-06-23 02:00:00,111.284,111.305,111.236,111.297,111.285,111.287
2017-06-23 03:00:00,111.297,111.405,111.226,111.394,111.298,111.3
2017-06-23 04:00:00,111.394,111.432,111.303,111.316,111.393,111.396
2017-06-23 05:00:00,111.316,111.368,111.31,111.347,111.317,111.318
2017-06-23 06:00:00,111.348,111.37,111.308,111.313,111.347,111.349
2017-06-23 07:00:00,111.313,111.348,111.313,111.326,111.313,111.317
2017-06-23 08:00:00,111.326,111.326,111.246,111.292,111.323,111.326
2017-06-23 09:00:00,111.293,111.317,111.216,111.277,111.292,111.293
2017-06-23 10:00:00,111.276,111.364,111.254,111.287,111.277,111.281
2017-06-23 11:00:00,111.286,111.294,111.164,111.209,111.287,111.288
2017-06-23 12:00:00,111.208,111.315,111.199,111.208,111.208,111.208
2017-06-23 13:00:00,111.209,111.252,111.153,111.235,111.208,111.209
2017-06-23 14:00:00,111.235,111.266,111.208,111.243,111.236,111.236
2017-06-23 15:00:00,111.242,111.339,111.204,111.314,111.243,111.243
2017-06-23 16:00:00,111.312,111.342,111.159,111.262,111.312,111.313
2017-06-23 17:00:00,111.264,111.326,111.242,111.269,111.264,111.269
2017-06-23 18:00:00,111.268,111.297,111.209,111.272,111.269,111.27
2017-06-23 19:00:00,111.27,111.325,111.241,111.299,111.268,111.27
2017-06-23 20:00:00,111.299,111.315,111.247,111.287,111.299,111.3
2017-06-23 21:00:00,111.286,111.295,111.24,111.264,111.287,111.287
2017-06-23 22:00:00,111.264,111.267,111.197,111.255,111.262,111.262
2017-06-23 23:00:00,111.256,111.315,111.251,111.288,111.256,111.259
2017-06-26 00:00:00,111.173,111.319,111.122,111.249,111.173,111.239
2017-06-26 01:00:00,111.249,111.278,111.201,111.22,111.257,111.284
2017-06-26 02:00:00,111.22,111.261,111.213,111.237,111.221,111.226
2017-06-26 03:00:00,111.237,111.35,111.212,111.291,111.236,111.238
2017-06-26 04:00:00,111.291,111.328,111.274,111.324,111.291,111.292
2017-06-26 05:00:00,111.323,111.331,111.276,111.292,111.323,111.324
2017-06-26 06:00:00,111.291,111.323,111.278,111.309,111.292,111.293
2017-06-26 07:00:00,111.309,111.34,111.297,111.318,111.309,111.311
2017-06-26 08:00:00,111.316,111.324,111.284,111.296,111.316,111.318
2017-06-26 09:00:00,111.296,111.395,111.293,111.39,111.296,111.298
2017-06-26 10:00:00,111.389,111.495,111.389,111.46,111.39,111.391
2017-06-26 11:00:00,111.46,111.674,111.442,111.639,111.459,111.461
2017-06-26 12:00:00,111.642,111.714,111.639,111.684,111.642,111.643
2017-06-26 13:00:00,111.683,111.702,111.58,111.65,111.684,111.685
2017-06-26 14:00:00,111.651,111.728,111.635,111.658,111.65,111.652
2017-06-26 15:00:00,111.657,111.71,111.357,111.444,111.658,111.658
2017-06-26 16:00:00,111.443,111.536,111.374,111.532,111.443,111.445
2017-06-26 17:00:00,111.533,111.561,111.365,111.435,111.532,111.533
2017-06-26 18:00:00,111.436,111.524,111.387,111.483,111.435,111.435
2017-06-26 19:00:00,111.484,111.71,111.477,111.694,111.483,111.483
2017-06-26 20:00:00,111.694,111.699,111.617,111.684,111.694,111.695
2017-06-26 21:00:00,111.683,111.933,111.652,111.885,111.681,111.683
2017-06-26 22:00:00,111.886,111.946,111.848,111.866,111.887,111.887
2017-06-26 23:00:00,111.865,111.921,111.854,111.863,111.867,111.867
2017-06-27 00:00:00,111.82,111.874,111.82,111.851,111.82,111.868
2017-06-27 01:00:00,111.852,111.887,111.837,111.863,111.855,111.862
2017-06-27 02:00:00,111.864,111.911,111.854,111.87,111.866,111.868
2017-06-27 03:00:00,111.871,111.995,111.871,111.965,111.871,111.873
2017-06-27 04:00:00,111.966,112.076,111.934,111.949,111.966,111.967
2017-06-27 05:00:00,111.949,111.974,111.858,111.902,111.948,111.951
2017-06-27 06:00:00,111.901,111.911,111.853,111.883,111.903,111.903
2017-06-27 07:00:00,111.884,111.919,111.824,111.826,111.883,111.884
2017-06-27 08:00:00,111.826,111.838,111.76,111.803,111.826,111.828
2017-06-27 09:00:00,111.803,111.818,111.611,111.68,111.802,111.804
2017-06-27 10:00:00,111.679,111.751,111.611,111.636,111.678,111.678
2017-06-27 11:00:00,111.635,111.635,111.462,111.594,111.635,111.638
2017-06-27 12:00:00,111.592,111.746,111.578,111.73,111.591,111.592
2017-06-27 13:00:00,111.73,111.804,111.685,111.771,111.73,111.733
2017-06-27 14:00:00,111.771,111.948,111.77,111.939,111.772,111.774
2017-06-27 15:00:00,111.939,111.994,111.841,111.953,111.94,111.94
2017-06-27 16:00:00,111.954,111.978,111.83,111.948,111.955,111.956
2017-06-27 17:00:00,111.948,112.244,111.946,112.217,111.947,111.955
2017-06-27 18:00:00,112.217,112.45,112.205,112.422,112.217,112.217
2017-06-27 19:00:00,112.422,112.467,112.274,112.377,112.422,112.423
2017-06-27 20:00:00,112.378,112.44,112.183,112.222,112.378,112.382
2017-06-27 21:00:00,112.224,112.242,112.065,112.147,112.225,112.225
2017-06-27 22:00:00,112.148,112.174,112.08,112.174,112.146,112.148
2017-06-27 23:00:00,112.172,112.37,112.158,112.352,112.173,112.173
2017-06-28 00:00:00,112.314,112.354,112.222,112.274,112.343,112.37
2017-06-28 01:00:00,112.275,112.305,112.236,112.239,112.274,112.278
2017-06-28 02:00:00,112.24,112.258,112.164,112.197,112.239,112.244
2017-06-28 03:00:00,112.196,112.242,112.063,112.133,112.198,112.201
2017-06-28 04:00:00,112.133,112.22,112.076,112.102,112.133,112.133
2017-06-28 05:00:00,112.101,112.139,112.032,112.074,112.101,112.102
2017-06-28 06:00:00,112.075,112.124,112.037,112.112,112.076,112.077
2017-06-28 07:00:00,112.111,112.142,112.081,112.115,112.112,112.112
2017-06-28 08:00:00,112.116,112.24,112.115,112.158,112.115,112.118
2017-06-28 09:00:00,112.159,112.399,112.123,112.352,112.16,112.162
2017-06-28 10:00:00,112.353,112.416,112.096,112.147,112.353,112.355
2017-06-28 11:00:00,112.146,112.181,111.831,111.959,112.147,112.149
2017-06-28 12:00:00,111.958,112.195,111.928,112.175,111.957,111.959
2017-06-28 13:00:00,112.175,112.23,112.146,112.178,112.175,112.177
2017-06-28 14:00:00,112.179,112.184,112.056,112.121,112.178,112.18
2017-06-28 15:00:00,112.121,112.152,111.925,112.062,112.122,112.123
2017-06-28 16:00:00,112.062,112.313,112.02,112.093,112.062,112.064
2017-06-28 17:00:00,112.094,112.265,112.015,112.14,112.093,112.097
2017-06-28 18:00:00,112.14,112.211,112.119,112.17,112.14,112.144
2017-06-28 19:00:00,112.17,112.258,112.135,112.223,112.17,112.173
2017-06-28 20:00:00,112.224,112.317,112.177,112.305,112.223,112.224
2017-06-28 21:00:00,112.306,112.359,112.256,112.26,112.306,112.307
2017-06-28 22:00:00,112.261,112.287,112.201,112.244,112.261,112.263
2017-06-28 23:00:00,112.243,112.336,112.243,112.326,112.244,112.247
2017-06-29 00:00:00,112.279,112.325,112.245,112.279,112.28,112.313
2017-06-29 01:00:00,112.279,112.475,112.279,112.333,112.279,112.291
2017-06-29 02:00:00,112.333,112.386,112.292,112.354,112.333,112.337
2017-06-29 03:00:00,112.353,112.383,112.227,112.232,112.354,112.357
2017-06-29 04:00:00,112.23,112.277,112.159,112.214,112.228,112.23
2017-06-29 05:00:00,112.215,112.269,112.179,112.262,112.214,112.217
2017-06-29 06:00:00,112.261,112.298,112.249,112.279,112.26,112.263
2017-06-29 07:00:00,112.28,112.297,112.237,112.248,112.28,112.283
2017-06-29 08:00:00,112.248,112.256,112.162,112.194,112.248,112.249
2017-06-29 09:00:00,112.195,112.356,112.135,112.312,112.194,112.196
2017-06-29 10:00:00,112.313,112.508,112.279,112.502,112.313,112.315
2017-06-29 11:00:00,112.504,112.638,112.504,112.557,112.505,112.505
2017-06-29 12:00:00,112.557,112.631,112.416,112.423,112.558,112.559
2017-06-29 13:00:00,112.424,112.596,112.39,112.551,112.426,112.427
2017-06-29 14:00:00,112.551,112.747,112.54,112.683,112.551,112.551
2017-06-29 15:00:00,112.682,112.874,112.612,112.848,112.682,112.683
2017-06-29 16:00:00,112.849,112.926,112.566,112.621,112.85,112.852
2017-06-29 17:00:00,112.621,112.64,112.411,112.611,112.621,112.624
2017-06-29 18:00:00,112.61,112.613,112.263,112.312,112.608,112.61
2017-06-29 19:00:00,112.313,112.357,111.902,111.968,112.315,112.315
2017-06-29 20:00:00,111.971,112.065,111.812,111.949,111.971,111.972
2017-06-29 21:00:00,111.95,112.072,111.877,112.067,111.949,111.95
2017-06-29 22:00:00,112.067,112.098,112.007,112.062,112.069,112.069
2017-06-29 23:00:00,112.063,112.176,112.057,112.168,112.062,112.063
2017-06-30 00:00:00,112.172,112.175,112.047,112.122,112.175,112.205
2017-06-30 01:00:00,112.123,112.147,111.926,111.966,112.13,112.135
2017-06-30 02:00:00,111.965,112.037,111.892,111.992,111.965,111.968
2017-06-30 03:00:00,111.992,112.14,111.909,111.972,111.994,111.997
2017-06-30 04:00:00,111.973,112.044,111.858,112.03,111.973,111.975
2017-06-30 05:00:00,112.029,112.029,111.731,111.835,112.028,112.03
2017-06-30 06:00:00,111.835,111.884,111.81,111.834,111.834,111.838
2017-06-30 07:00:00,111.833,111.909,111.763,111.907,111.833,111.835
2017-06-30 08:00:00,111.906,112.014,111.893,111.997,111.907,111.908
2017-06-30 09:00:00,111.998,112.096,111.917,112.035,111.998,112.001
2017-06-30 10:00:00,112.034,112.151,111.853,112.058,112.034,112.035
2017-06-30 11:00:00,112.057,112.081,111.852,111.88,112.058,112.06
2017-06-30 12:00:00,111.88,111.992,111.818,111.964,111.88,111.88
2017-06-30 13:00:00,111.964,112.056,111.934,112.011,111.963,111.965
2017-06-30 14:00:00,112.012,112.05,111.936,111.99,112.013,112.015
2017-06-30 15:00:00,111.99,112.243,111.859,112.13,111.991,111.993
2017-06-30 16:00:00,112.129,112.263,112.028,112.152,112.13,112.132
2017-06-30 17:00:00,112.152,112.377,112.01,112.344,112.152,112.156
2017-06-30 18:00:00,112.345,112.4,112.295,112.397,112.345,112.346
2017-06-30 19:00:00,112.398,112.455,112.31,112.353,112.397,112.399
2017-06-30 20:00:00,112.353,112.464,112.316,112.393,112.352,112.353
2017-06-30 21:00:00,112.394,112.605,112.379,112.599,112.393,112.395
2017-06-30 22:00:00,112.599,112.599,112.447,112.464,112.599,112.601
2017-06-30 23:00:00,112.463,112.5,112.389,112.417,112.463,112.466
2017-07-03 00:00:00,112.112,112.263,112.097,112.219,112.111,112.149
2017-07-03 01:00:00,112.219,112.344,112.213,112.276,112.213,112.224
2017-07-03 02:00:00,112.277,112.387,112.23,112.244,112.276,112.281
2017-07-03 03:00:00,112.244,112.348,112.197,112.256,112.243,112.244
2017-07-03 04:00:00,112.256,112.371,112.242,112.358,112.256,112.258
2017-07-03 05:00:00,112.357,112.444,112.333,112.429,112.356,112.359
2017-07-03 06:00:00,112.429,112.55,112.395,112.533,112.429,112.432
2017-07-03 07:00:00,112.533,112.574,112.495,112.543,112.532,112.535
2017-07-03 08:00:00,112.542,112.548,112.454,112.491,112.542,112.546
2017-07-03 09:00:00,112.491,112.646,112.476,112.556,112.493,112.495
2017-07-03 10:00:00,112.556,112.87,112.528,112.792,112.556,112.558
2017-07-03 11:00:00,112.79,112.944,112.787,112.896,112.79,112.79
2017-07-03 12:00:00,112.896,112.912,112.832,112.907,112.896,112.897
2017-07-03 13:00:00,112.907,113.078,112.904,113.039,112.908,112.909
2017-07-03 14:00:00,113.039,113.054,112.946,112.978,113.038,113.038
2017-07-03 15:00:00,112.979,113.01,112.849,112.989,112.979,112.981
2017-07-03 16:00:00,112.986,113.09,112.979,113.027,112.986,112.987
2017-07-03 17:00:00,113.027,113.318,113.027,113.296,113.044,113.064
2017-07-03 18:00:00,113.296,113.457,113.29,113.326,113.299,113.3
2017-07-03 19:00:00,113.327,113.418,113.269,113.397,113.328,113.329
2017-07-03 20:00:00,113.396,113.412,113.317,113.41,113.396,113.397
2017-07-03 21:00:00,113.41,113.443,113.37,113.389,113.41,113.411
2017-07-03 22:00:00,113.39,113.447,113.375,113.447,113.39,113.392
2017-07-03 23:00:00,113.448,113.472,113.381,113.384,113.447,113.447
2017-07-04 00:00:00,113.367,113.452,113.256,113.388,113.35,113.383
2017-07-04 01:00:00,113.39,113.411,113.309,113.323,113.391,113.403
2017-07-04 02:00:00,113.324,113.401,113.323,113.386,113.324,113.326
2017-07-04 03:00:00,113.383,113.392,113.137,113.17,113.386,113.387
2017-07-04 04:00:00,113.17,113.28,113.131,113.252,113.169,113.173
2017-07-04 05:00:00,113.25,113.298,113.226,113.235,113.249,113.253
2017-07-04 06:00:00,113.235,113.259,113.166,113.195,113.235,113.237
2017-07-04 07:00:00,113.196,113.222,113.082,113.13,113.196,113.196
2017-07-04 08:00:00,113.13,113.131,112.887,112.95,113.131,113.133
2017-07-04 09:00:00,112.951,113.044,112.739,112.843,112.951,112.954
2017-07-04 10:00:00,112.843,113.129,112.843,113.11,112.844,112.846
2017-07-04 11:00:00,113.11,113.286,113.099,113.182,113.111,113.113
2017-07-04 12:00:00,113.184,113.262,113.166,113.192,113.185,113.187
2017-07-04 13:00:00,113.192,113.214,113.135,113.192,113.192,113.194
2017-07-04 14:00:00,113.192,113.203,113.142,113.181,113.192,113.192
2017-07-04 15:00:00,113.182,113.261,113.171,113.194,113.182,113.184
2017-07-04 16:00:00,113.194,113.25,113.19,113.214,113.196,113.196
2017-07-04 17:00:00,113.215,113.228,113.116,113.128,113.215,113.216
2017-07-04 18:00:00,113.127,113.201,113.125,113.176,113.127,113.13
2017-07-04 19:00:00,113.177,113.218,113.17,113.184,113.177,113.179
2017-07-04 20:00:00,113.182,113.207,113.176,113.2,113.181,113.185
2017-07-04 21:00:00,113.201,113.22,113.185,113.209,113.2,113.202
2017-07-04 22:00:00,113.209,113.265,113.203,113.264,113.209,113.212
2017-07-04 23:00:00,113.263,113.287,113.246,113.282,113.264,113.267
2017-07-05 00:00:00,113.272,113.325,113.261,113.304,113.271,113.288
2017-07-05 01:00:00,113.304,113.353,112.982,113.055,113.3,113.316
2017-07-05 02:00:00,113.053,113.13,112.9,112.967,113.055,113.056
2017-07-05 03:00:00,112.966,113.091,112.92,113.029,112.97,112.97
2017-07-05 04:00:00,113.03,113.058,112.862,112.893,113.03,113.032
2017-07-05 05:00:00,112.892,112.972,112.824,112.943,112.891,112.895
2017-07-05 06:00:00,112.943,113.087,112.942,113.046,112.942,112.944
2017-07-05 07:00:00,113.044,113.167,113.039,113.166,113.045,113.046
2017-07-05 08:00:00,113.166,113.244,113.145,113.19,113.166,113.169
2017-07-05 09:00:00,113.19,113.312,113.177,113.232,113.19,113.191
2017-07-05 10:00:00,113.232,113.581,113.205,113.486,113.233,113.235
2017-07-05 11:00:00,113.487,113.594,113.486,113.566,113.486,113.487
2017-07-05 12:00:00,113.566,113.627,113.504,113.606,113.567,113.568
2017-07-05 13:00:00,113.605,113.686,113.599,113.639,113.606,113.607
2017-07-05 14:00:00,113.64,113.66,113.496,113.509,113.638,113.639
2017-07-05 15:00:00,113.51,113.635,113.501,113.598,113.512,113.512
2017-07-05 16:00:00,113.598,113.622,113.42,113.441,113.602,113.602
2017-07-05 17:00:00,113.44,113.441,113.077,113.28,113.439,113.443
2017-07-05 18:00:00,113.28,113.315,113.151,113.204,113.282,113.282
2017-07-05 19:00:00,113.204,113.283,113.166,113.222,113.205,113.207
2017-07-05 20:00:00,113.223,113.273,113.208,113.243,113.224,113.226
2017-07-05 21:00:00,113.242,113.527,112.967,113.348,113.241,113.249
2017-07-05 22:00:00,113.347,113.379,113.141,113.225,113.346,113.35
2017-07-05 23:00:00,113.227,113.269,113.186,113.258,113.228,113.228
2017-07-06 00:00:00,113.266,113.293,113.178,113.194,113.261,113.285
2017-07-06 01:00:00,113.193,113.208,113.074,113.118,113.194,113.2
2017-07-06 02:00:00,113.118,113.206,113.117,113.199,113.118,113.123
2017-07-06 03:00:00,113.201,113.307,113.015,113.059,113.201,113.202
2017-07-06 04:00:00,113.058,113.153,112.961,113.103,113.058,113.06
2017-07-06 05:00:00,113.102,113.137,112.966,113.052,113.102,113.103
2017-07-06 06:00:00,113.049,113.073,112.887,112.939,113.048,113.051
2017-07-06 07:00:00,112.938,113.037,112.898,113.022,112.939,112.94
2017-07-06 08:00:00,113.021,113.193,113.0,113.117,113.022,113.024
2017-07-06 09:00:00,113.116,113.256,113.097,113.163,113.116,113.116
2017-07-06 10:00:00,113.163,113.382,113.163,113.335,113.166,113.166
2017-07-06 11:00:00,113.335,113.386,113.176,113.2,113.335,113.335
2017-07-06 12:00:00,113.2,113.464,113.199,113.432,113.2,113.203
2017-07-06 13:00:00,113.43,113.47,113.254,113.255,113.433,113.434
2017-07-06 14:00:00,113.256,113.387,113.245,113.342,113.255,113.257
2017-07-06 15:00:00,113.342,113.419,113.116,113.221,113.342,113.343
2017-07-06 16:00:00,113.221,113.247,113.027,113.096,113.221,113.222
2017-07-06 17:00:00,113.097,113.261,113.038,113.179,113.103,113.104
2017-07-06 18:00:00,113.184,113.379,113.169,113.297,113.193,113.193
2017-07-06 19:00:00,113.299,113.36,113.244,113.312,113.299,113.301
2017-07-06 20:00:00,113.311,113.33,113.199,113.234,113.31,113.312
2017-07-06 21:00:00,113.234,113.262,113.179,113.252,113.234,113.236
2017-07-06 22:00:00,113.253,113.275,113.161,113.202,113.253,113.255
2017-07-06 23:00:00,113.202,113.222,113.157,113.212,113.203,113.204
2017-07-07 00:00:00,113.209,113.219,113.122,113.173,113.211,113.216
2017-07-07 01:00:00,113.172,113.201,113.104,113.121,113.172,113.187
2017-07-07 02:00:00,113.121,113.199,113.104,113.151,113.12,113.121
2017-07-07 03:00:00,113.152,113.314,113.151,113.242,113.151,113.154
2017-07-07 04:00:00,113.243,113.768,113.182,113.715,113.243,113.244
2017-07-07 05:00:00,113.716,113.836,113.697,113.71,113.725,113.725
2017-07-07 06:00:00,113.711,113.734,113.611,113.638,113.71,113.713
2017-07-07 07:00:00,113.638,113.696,113.552,113.623,113.638,113.639
2017-07-07 08:00:00,113.624,113.741,113.624,113.702,113.624,113.626
2017-07-07 09:00:00,113.703,113.797,113.684,113.78,113.703,113.704
2017-07-07 10:00:00,113.779,113.817,113.631,113.694,113.781,113.782
2017-07-07 11:00:00,113.694,113.844,113.692,113.747,113.694,113.696
2017-07-07 12:00:00,113.748,113.759,113.645,113.673,113.748,113.749
2017-07-07 13:00:00,113.674,113.726,113.65,113.7,113.676,113.678
2017-07-07 14:00:00,113.7,113.764,113.677,113.755,113.7,113.702
2017-07-07 15:00:00,113.754,113.942,113.5,113.921,113.756,113.758
2017-07-07 16:00:00,113.922,113.961,113.745,113.877,113.921,113.924
2017-07-07 17:00:00,113.876,113.994,113.785,113.988,113.877,113.878
2017-07-07 18:00:00,113.988,114.179,113.951,114.1,113.989,113.99
2017-07-07 19:00:00,114.099,114.105,114.024,114.046,114.098,114.101
2017-07-07 20:00:00,114.046,114.057,113.939,114.027,114.046,114.048
2017-07-07 21:00:00,114.026,114.072,113.979,113.985,114.027,114.029
2017-07-07 22:00:00,113.984,113.987,113.866,113.887,113.985,113.988
2017-07-07 23:00:00,113.886,113.922,113.884,113.898,113.885,113.887
2017-07-10 00:00:00,113.886,114.067,113.886,114.028,113.892,113.922
2017-07-10 01:00:00,114.027,114.05,113.949,114.013,114.025,114.041
2017-07-10 02:00:00,114.013,114.019,113.96,113.973,114.012,114.018
2017-07-10 03:00:00,113.973,114.128,113.907,114.101,113.972,113.975
2017-07-10 04:00:00,114.103,114.202,114.101,114.192,114.102,114.103
2017-07-10 05:00:00,114.193,114.2,114.11,114.119,114.192,114.194
2017-07-10 06:00:00,114.12,114.189,114.098,114.156,114.12,114.121
2017-07-10 07:00:00,114.156,114.175,114.116,114.129,114.156,114.157
2017-07-10 08:00:00,114.128,114.18,114.098,114.161,114.127,114.129
2017-07-10 09:00:00,114.16,114.25,114.155,114.213,114.16,114.16
2017-07-10 10:00:00,114.212,114.302,114.141,114.172,114.213,114.215
2017-07-10 11:00:00,114.171,114.22,114.063,114.179,114.172,114.173
2017-07-10 12:00:00,114.179,114.263,114.123,114.226,114.179,114.18
2017-07-10 13:00:00,114.226,114.246,114.196,114.217,114.225,114.227
2017-07-10 14:00:00,114.216,114.223,114.093,114.153,114.216,114.217
2017-07-10 15:00:00,114.153,114.232,114.112,114.146,114.154,114.155
2017-07-10 16:00:00,114.146,114.25,114.135,114.193,114.146,114.147
2017-07-10 17:00:00,114.194,114.248,114.036,114.194,114.194,114.195
2017-07-10 18:00:00,114.193,114.209,114.0,114.087,114.193,114.193
2017-07-10 19:00:00,114.087,114.166,114.073,114.16,114.089,114.089
2017-07-10 20:00:00,114.159,114.162,114.058,114.093,114.159,114.16
2017-07-10 21:00:00,114.091,114.113,114.046,114.052,114.093,114.093
2017-07-10 22:00:00,114.053,114.094,113.988,114.073,114.053,114.056
2017-07-10 23:00:00,114.071,114.09,114.019,114.037,114.072,114.073
2017-07-11 00:00:00,114.027,114.073,114.027,114.064,114.035,114.053
2017-07-11 01:00:00,114.064,114.076,114.051,114.061,114.064,114.073
2017-07-11 02:00:00,114.061,114.088,114.047,114.061,114.061,114.065
2017-07-11 03:00:00,114.063,114.262,114.034,114.169,114.062,114.065
2017-07-11 04:00:00,114.168,114.174,114.084,114.097,114.169,114.17
2017-07-11 05:00:00,114.098,114.235,114.083,114.205,114.1,114.1
2017-07-11 06:00:00,114.206,114.217,114.167,114.169,114.205,114.207
2017-07-11 07:00:00,114.168,114.39,114.16,114.347,114.169,114.17
2017-07-11 08:00:00,114.347,114.458,114.347,114.354,114.347,114.348
2017-07-11 09:00:00,114.354,114.482,114.354,114.4,114.354,114.356
2017-07-11 10:00:00,114.4,114.473,114.291,114.312,114.401,114.404
2017-07-11 11:00:00,114.313,114.376,114.258,114.317,114.314,114.315
2017-07-11 12:00:00,114.318,114.365,114.269,114.32,114.318,114.32
2017-07-11 13:00:00,114.319,114.357,114.289,114.325,114.32,114.32
2017-07-11 14:00:00,114.325,114.35,114.284,114.287,114.324,114.326
2017-07-11 15:00:00,114.286,114.397,114.252,114.297,114.285,114.285
2017-07-11 16:00:00,114.297,114.336,114.247,114.313,114.298,114.299
2017-07-11 17:00:00,114.313,114.496,114.297,114.475,114.312,114.316
2017-07-11 18:00:00,114.474,114.495,114.015,114.195,114.472,114.474
2017-07-11 19:00:00,114.195,114.25,113.837,113.947,114.195,114.197
2017-07-11 20:00:00,113.948,113.986,113.718,113.961,113.948,113.951
2017-07-11 21:00:00,113.961,113.964,113.805,113.848,113.96,113.962
2017-07-11 22:00:00,113.848,113.898,113.825,113.825,113.848,113.849
2017-07-11 23:00:00,113.824,113.963,113.82,113.949,113.825,113.827
2017-07-12 00:00:00,113.937,113.965,113.888,113.962,113.935,113.952
2017-07-12 01:00:00,113.962,113.966,113.823,113.902,113.963,113.971
2017-07-12 02:00:00,113.903,113.905,113.74,113.747,113.903,113.905
2017-07-12 03:00:00,113.748,113.806,113.639,113.679,113.748,113.749
2017-07-12 04:00:00,113.679,113.685,113.558,113.656,113.678,113.68
2017-07-12 05:00:00,113.656,113.664,113.432,113.465,113.655,113.657
2017-07-12 06:00:00,113.465,113.529,113.361,113.369,113.464,113.466
2017-07-12 07:00:00,113.37,113.45,113.315,113.404,113.371,113.373
2017-07-12 08:00:00,113.404,113.536,113.354,113.529,113.403,113.405
2017-07-12 09:00:00,113.528,113.582,113.377,113.492,113.527,113.528
2017-07-12 10:00:00,113.49,113.572,113.354,113.45,113.491,113.493
2017-07-12 11:00:00,113.452,113.462,113.334,113.437,113.453,113.453
2017-07-12 12:00:00,113.436,113.45,113.342,113.435,113.437,113.438
2017-07-12 13:00:00,113.434,113.54,113.391,113.501,113.434,113.434
2017-07-12 14:00:00,113.502,113.575,113.458,113.538,113.504,113.504
2017-07-12 15:00:00,113.538,113.739,112.928,112.984,113.535,113.536
2017-07-12 16:00:00,112.983,113.304,112.953,113.227,112.982,112.983
2017-07-12 17:00:00,113.227,113.381,113.038,113.039,113.225,113.228
2017-07-12 18:00:00,113.041,113.263,113.021,113.191,113.044,113.044
2017-07-12 19:00:00,113.192,113.28,113.091,113.202,113.19,113.191
2017-07-12 20:00:00,113.201,113.334,113.197,113.264,113.2,113.202
2017-07-12 21:00:00,113.264,113.289,113.143,113.262,113.264,113.265
2017-07-12 22:00:00,113.262,113.283,113.127,113.193,113.261,113.265
2017-07-12 23:00:00,113.193,113.193,113.128,113.17,113.193,113.194
2017-07-13 00:00:00,113.152,113.214,113.13,113.185,113.152,113.164
2017-07-13 01:00:00,113.185,113.318,113.171,113.304,113.182,113.192
2017-07-13 02:00:00,113.305,113.361,113.266,113.328,113.304,113.309
2017-07-13 03:00:00,113.327,113.528,113.196,113.216,113.327,113.329
2017-07-13 04:00:00,113.216,113.25,113.126,113.193,113.216,113.217
2017-07-13 05:00:00,113.192,113.196,112.985,113.033,113.193,113.194
2017-07-13 06:00:00,113.034,113.054,112.86,112.917,113.035,113.037
2017-07-13 07:00:00,112.918,113.088,112.904,113.045,112.918,112.92
2017-07-13 08:00:00,113.046,113.056,112.941,113.038,113.047,113.049
2017-07-13 09:00:00,113.038,113.132,112.879,113.12,113.038,113.039
2017-07-13 10:00:00,113.12,113.19,113.054,113.123,113.12,113.124
2017-07-13 11:00:00,113.123,113.128,112.953,113.099,113.125,113.125
2017-07-13 12:00:00,113.099,113.117,112.971,112.987,113.098,113.098
2017-07-13 13:00:00,112.988,113.013,112.893,112.973,112.987,112.989
2017-07-13 14:00:00,112.973,113.19,112.963,113.159,112.974,112.975
2017-07-13 15:00:00,113.159,113.339,113.114,113.332,113.16,113.161
2017-07-13 16:00:00,113.332,113.434,113.261,113.357,113.332,113.333
2017-07-13 17:00:00,113.356,113.471,113.328,113.407,113.356,113.36
2017-07-13 18:00:00,113.406,113.434,113.335,113.4,113.403,113.405
2017-07-13 19:00:00,113.399,113.402,113.287,113.309,113.398,113.398
2017-07-13 20:00:00,113.309,113.372,113.21,113.239,113.31,113.311
2017-07-13 21:00:00,113.238,113.259,113.177,113.229,113.238,113.239
2017-07-13 22:00:00,113.229,113.263,113.196,113.216,113.229,113.231
2017-07-13 23:00:00,113.216,113.293,113.215,113.293,113.215,113.216
2017-07-14 00:00:00,113.272,113.334,113.265,113.283,113.273,113.298
2017-07-14 01:00:00,113.283,113.366,113.271,113.363,113.284,113.291
2017-07-14 02:00:00,113.365,113.476,113.337,113.42,113.364,113.368
2017-07-14 03:00:00,113.421,113.516,113.359,113.473,113.422,113.424
2017-07-14 04:00:00,113.474,113.578,113.464,113.478,113.473,113.475
2017-07-14 05:00:00,113.478,113.484,113.407,113.416,113.478,113.479
2017-07-14 06:00:00,113.417,113.453,113.378,113.403,113.418,113.42
2017-07-14 07:00:00,113.403,113.444,113.396,113.435,113.402,113.404
2017-07-14 08:00:00,113.435,113.471,113.313,113.321,113.436,113.437
2017-07-14 09:00:00,113.321,113.363,113.184,113.241,113.321,113.323
2017-07-14 10:00:00,113.242,113.299,113.15,113.289,113.242,113.246
2017-07-14 11:00:00,113.29,113.329,113.243,113.266,113.291,113.291
2017-07-14 12:00:00,113.266,113.305,113.226,113.235,113.265,113.267
2017-07-14 13:00:00,113.235,113.252,113.19,113.22,113.235,113.236
2017-07-14 14:00:00,113.219,113.224,113.059,113.065,113.22,113.221
2017-07-14 15:00:00,113.064,113.109,112.26,112.31,113.063,113.065
2017-07-14 16:00:00,112.31,112.482,112.304,112.334,112.31,112.312
2017-07-14 17:00:00,112.334,112.728,112.283,112.606,112.335,112.339
2017-07-14 18:00:00,112.607,112.705,112.531,112.666,112.607,112.609
2017-07-14 19:00:00,112.665,112.696,112.585,112.589,112.666,112.666
2017-07-14 20:00:00,112.594,112.642,112.49,112.514,112.592,112.593
2017-07-14 21:00:00,112.513,112.588,112.502,112.553,112.513,112.516
2017-07-14 22:00:00,112.552,112.587,112.528,112.533,112.551,112.554
2017-07-14 23:00:00,112.534,112.558,112.481,112.532,112.535,112.537
2017-07-17 00:00:00,112.466,112.506,112.457,112.48,112.466,112.48
2017-07-17 01:00:00,112.481,112.622,112.479,112.572,112.479,112.49
2017-07-17 02:00:00,112.571,112.572,112.398,112.41,112.57,112.574
2017-07-17 03:00:00,112.41,112.553,112.41,112.539,112.413,112.413
2017-07-17 04:00:00,112.539,112.607,112.52,112.605,112.538,112.54
2017-07-17 05:00:00,112.605,112.692,112.592,112.648,112.605,112.61
2017-07-17 06:00:00,112.648,112.648,112.541,112.596,112.647,112.65
2017-07-17 07:00:00,112.595,112.631,112.584,112.618,112.596,112.597
2017-07-17 08:00:00,112.618,112.676,112.614,112.652,112.618,112.62
2017-07-17 09:00:00,112.653,112.773,112.596,112.637,112.652,112.654
2017-07-17 10:00:00,112.637,112.662,112.53,112.598,112.636,112.639
2017-07-17 11:00:00,112.597,112.624,112.533,112.605,112.597,112.599
2017-07-17 12:00:00,112.605,112.61,112.464,112.465,112.605,112.606
2017-07-17 13:00:00,112.463,112.485,112.404,112.481,112.464,112.465
2017-07-17 14:00:00,112.481,112.506,112.346,112.411,112.481,112.483
2017-07-17 15:00:00,112.412,112.509,112.349,112.458,112.413,112.413
2017-07-17 16:00:00,112.458,112.493,112.328,112.376,112.456,112.456
2017-07-17 17:00:00,112.375,112.868,112.349,112.806,112.374,112.377
2017-07-17 18:00:00,112.806,112.855,112.732,112.762,112.806,112.807
2017-07-17 19:00:00,112.762,112.765,112.664,112.725,112.758,112.758
2017-07-17 20:00:00,112.724,112.73,112.574,112.63,112.723,112.725
2017-07-17 21:00:00,112.629,112.65,112.583,112.618,112.63,112.63
2017-07-17 22:00:00,112.619,112.668,112.553,112.581,112.619,112.622
2017-07-17 23:00:00,112.58,112.638,112.558,112.628,112.581,112.582
2017-07-18 00:00:00,112.613,112.684,112.609,112.632,112.611,112.628
2017-07-18 01:00:00,112.633,112.652,112.558,112.603,112.638,112.638
2017-07-18 02:00:00,112.603,112.661,112.581,112.601,112.604,112.607
2017-07-18 03:00:00,112.601,112.623,112.384,112.416,112.601,112.604
2017-07-18 04:00:00,112.416,112.422,112.158,112.216,112.417,112.417
2017-07-18 05:00:00,112.215,112.318,112.079,112.143,112.215,112.217
2017-07-18 06:00:00,112.143,112.177,111.986,112.151,112.144,112.145
2017-07-18 07:00:00,112.151,112.203,112.054,112.071,112.154,112.154
2017-07-18 08:00:00,112.07,112.153,112.032,112.108,112.07,112.07
2017-07-18 09:00:00,112.109,112.213,112.062,112.164,112.106,112.107
2017-07-18 10:00:00,112.164,112.347,112.144,112.238,112.165,112.168
2017-07-18 11:00:00,112.238,112.376,112.226,112.299,112.238,112.239
2017-07-18 12:00:00,112.3,112.315,112.194,112.2,112.3,112.302
2017-07-18 13:00:00,112.2,112.22,112.081,112.123,112.2,112.2
2017-07-18 14:00:00,112.123,112.184,111.964,112.09,112.124,112.126
2017-07-18 15:00:00,112.09,112.158,111.771,111.865,112.089,112.091
2017-07-18 16:00:00,111.865,112.016,111.78,111.956,111.865,111.865
2017-07-18 17:00:00,111.956,111.961,111.687,111.816,111.955,111.956
2017-07-18 18:00:00,111.818,111.951,111.807,111.895,111.817,111.818
2017-07-18 19:00:00,111.894,112.101,111.824,112.049,111.894,111.895
2017-07-18 20:00:00,112.049,112.112,111.99,112.093,112.048,112.048
2017-07-18 21:00:00,112.093,112.094,111.968,111.971,112.094,112.094
2017-07-18 22:00:00,111.972,112.069,111.97,112.016,111.971,111.973
2017-07-18 23:00:00,112.018,112.084,112.004,112.056,112.016,112.017
2017-07-19 00:00:00,112.061,112.106,111.976,112.062,112.067,112.108
2017-07-19 01:00:00,112.062,112.112,112.023,112.076,112.06,112.08
2017-07-19 02:00:00,112.076,112.079,111.944,111.992,112.076,112.078
2017-07-19 03:00:00,111.992,112.021,111.883,112.013,111.993,111.994
2017-07-19 04:00:00,112.011,112.137,111.991,112.07,112.01,112.014
2017-07-19 05:00:00,112.071,112.085,111.977,112.053,112.071,112.073
2017-07-19 06:00:00,112.053,112.108,112.019,112.037,112.052,112.055
2017-07-19 07:00:00,112.037,112.072,112.013,112.043,112.036,112.038
2017-07-19 08:00:00,112.043,112.233,112.042,112.141,112.043,112.046
2017-07-19 09:00:00,112.141,112.172,111.961,112.085,112.141,112.143
2017-07-19 10:00:00,112.085,112.197,112.016,112.143,112.086,112.089
2017-07-19 11:00:00,112.142,112.166,112.007,112.039,112.143,112.143
2017-07-19 12:00:00,112.04,112.063,111.894,111.941,112.04,112.041
2017-07-19 13:00:00,111.941,112.043,111.917,112.023,111.94,111.942
2017-07-19 14:00:00,112.024,112.084,111.972,111.98,112.026,112.027
2017-07-19 15:00:00,111.98,111.982,111.577,111.63,111.977,111.978
2017-07-19 16:00:00,111.628,111.7,111.554,111.62,111.628,111.631
2017-07-19 17:00:00,111.621,111.86,111.617,111.678,111.621,111.623
2017-07-19 18:00:00,111.68,111.792,111.647,111.759,111.682,111.682
2017-07-19 19:00:00,111.759,111.794,111.704,111.706,111.76,111.761
2017-07-19 20:00:00,111.704,111.758,111.697,111.755,111.703,111.704
2017-07-19 21:00:00,111.754,111.82,111.754,111.791,111.756,111.756
2017-07-19 22:00:00,111.791,111.858,111.775,111.826,111.791,111.794
2017-07-19 23:00:00,111.826,111.937,111.804,111.935,111.826,111.826
2017-07-20 00:00:00,111.962,111.97,111.838,111.884,111.95,111.981
2017-07-20 01:00:00,111.885,111.925,111.866,111.892,111.889,111.895
2017-07-20 02:00:00,111.892,111.892,111.796,111.884,111.89,111.894
2017-07-20 03:00:00,111.884,111.891,111.788,111.826,111.885,111.885
2017-07-20 04:00:00,111.825,111.966,111.772,111.966,111.825,111.828
2017-07-20 05:00:00,111.967,112.07,111.89,111.967,111.967,111.969
2017-07-20 06:00:00,111.967,112.178,111.894,112.155,111.969,111.97
2017-07-20 07:00:00,112.155,112.166,112.052,112.052,112.154,112.156
2017-07-20 08:00:00,112.05,112.192,112.05,112.176,112.05,112.05
2017-07-20 09:00:00,112.175,112.22,112.009,112.099,112.174,112.178
2017-07-20 10:00:00,112.1,112.322,112.092,112.283,112.1,112.104
2017-07-20 11:00:00,112.282,112.389,112.252,112.336,112.283,112.285
2017-07-20 12:00:00,112.335,112.418,112.303,112.348,112.336,112.336
2017-07-20 13:00:00,112.349,112.381,112.302,112.309,112.35,112.35
2017-07-20 14:00:00,112.309,112.309,112.138,112.212,112.309,112.309
2017-07-20 15:00:00,112.214,112.338,112.148,112.229,112.214,112.216
2017-07-20 16:00:00,112.226,112.27,112.034,112.12,112.225,112.228
2017-07-20 17:00:00,112.119,112.213,111.62,111.75,112.12,112.12
2017-07-20 18:00:00,111.749,111.812,111.48,111.678,111.75,111.75
2017-07-20 19:00:00,111.676,111.748,111.604,111.738,111.675,111.677
2017-07-20 20:00:00,111.738,111.889,111.709,111.864,111.738,111.738
2017-07-20 21:00:00,111.865,112.004,111.854,111.964,111.867,111.867
2017-07-20 22:00:00,111.965,112.032,111.909,111.915,111.97,111.97
2017-07-20 23:00:00,111.915,111.953,111.86,111.897,111.917,111.917
2017-07-21 00:00:00,111.902,111.932,111.832,111.844,111.908,111.931
2017-07-21 01:00:00,111.845,111.904,111.805,111.881,111.849,111.851
2017-07-21 02:00:00,111.881,111.933,111.834,111.888,111.881,111.884
2017-07-21 03:00:00,111.889,112.041,111.84,111.989,111.891,111.893
2017-07-21 04:00:00,111.989,112.073,111.943,112.003,111.988,111.99
2017-07-21 05:00:00,112.003,112.003,111.855,111.931,112.002,112.002
2017-07-21 06:00:00,111.93,112.004,111.922,111.968,111.93,111.931
2017-07-21 07:00:00,111.967,112.079,111.933,111.933,111.966,111.97
2017-07-21 08:00:00,111.932,111.984,111.877,111.889,111.938,111.938
2017-07-21 09:00:00,111.889,111.902,111.711,111.771,111.888,111.888
2017-07-21 10:00:00,111.771,111.838,111.709,111.748,111.77,111.773
2017-07-21 11:00:00,111.747,111.791,111.683,111.752,111.747,111.751
2017-07-21 12:00:00,111.753,111.754,111.587,111.592,111.754,111.754
2017-07-21 13:00:00,111.592,111.608,111.433,111.471,111.59,111.592
2017-07-21 14:00:00,111.47,111.58,111.469,111.557,111.471,111.473
2017-07-21 15:00:00,111.558,111.559,111.27,111.34,111.558,111.559
2017-07-21 16:00:00,111.339,111.418,111.199,111.214,111.341,111.342
2017-07-21 17:00:00,111.214,111.271,111.087,111.128,111.214,111.216
2017-07-21 18:00:00,111.127,111.24,111.112,111.181,111.128,111.128
2017-07-21 19:00:00,111.182,111.225,111.056,111.082,111.183,111.184
2017-07-21 20:00:00,111.083,111.136,111.044,111.087,111.083,111.085
2017-07-21 21:00:00,111.087,111.137,111.012,111.034,111.088,111.089
2017-07-21 22:00:00,111.033,111.092,111.02,111.073,111.032,111.035
2017-07-21 23:00:00,111.072,111.147,111.069,111.139,111.073,111.078
2017-07-24 00:00:00,111.112,111.193,111.101,111.151,111.112,111.14
2017-07-24 01:00:00,111.153,111.171,111.078,111.122,111.153,111.168
2017-07-24 02:00:00,111.122,111.143,110.922,110.933,111.122,111.124
2017-07-24 03:00:00,110.934,110.952,110.769,110.913,110.935,110.937
2017-07-24 04:00:00,110.913,110.994,110.815,110.934,110.911,110.913
2017-07-24 05:00:00,110.935,111.033,110.899,111.02,110.935,110.938
2017-07-24 06:00:00,111.02,111.059,110.918,110.943,111.022,111.022
2017-07-24 07:00:00,110.944,111.037,110.906,111.034,110.945,110.947
2017-07-24 08:00:00,111.034,111.141,110.996,111.089,111.034,111.035
2017-07-24 09:00:00,111.09,111.178,111.023,111.07,111.092,111.092
2017-07-24 10:00:00,111.068,111.095,110.719,110.824,111.067,111.071
2017-07-24 11:00:00,110.824,110.91,110.704,110.711,110.823,110.825
2017-07-24 12:00:00,110.711,110.769,110.622,110.705,110.711,110.713
2017-07-24 13:00:00,110.707,110.742,110.652,110.72,110.707,110.709
2017-07-24 14:00:00,110.719,110.837,110.718,110.837,110.72,110.721
2017-07-24 15:00:00,110.835,110.889,110.772,110.821,110.836,110.837
2017-07-24 16:00:00,110.822,111.029,110.796,110.947,110.821,110.823
2017-07-24 17:00:00,110.946,111.102,110.852,111.09,110.946,110.952
2017-07-24 18:00:00,111.091,111.129,110.975,111.092,111.092,111.092
2017-07-24 19:00:00,111.092,111.32,111.092,111.207,111.094,111.094
2017-07-24 20:00:00,111.206,111.271,111.164,111.17,111.206,111.206
2017-07-24 21:00:00,111.168,111.185,111.098,111.103,111.167,111.169
2017-07-24 22:00:00,111.102,111.134,111.074,111.111,111.102,111.104
2017-07-24 23:00:00,111.109,111.137,111.087,111.1,111.109,111.112
2017-07-25 00:00:00,111.085,111.194,111.075,111.176,111.087,111.108
2017-07-25 01:00:00,111.176,111.212,111.136,111.198,111.176,111.19
2017-07-25 02:00:00,111.199,111.276,111.157,111.237,111.198,111.202
2017-07-25 03:00:00,111.237,111.343,111.209,111.282,111.239,111.243
2017-07-25 04:00:00,111.282,111.329,111.2,111.217,111.281,111.283
2017-07-25 05:00:00,111.215,111.257,111.02,111.07,111.213,111.217
2017-07-25 06:00:00,111.069,111.089,111.047,111.063,111.07,111.072
2017-07-25 07:00:00,111.063,111.066,110.945,110.99,111.062,111.065
2017-07-25 08:00:00,110.99,111.11,110.986,111.02,110.991,110.993
2017-07-25 09:00:00,111.019,111.024,110.83,110.91,111.02,111.02
2017-07-25 10:00:00,110.909,111.248,110.899,111.201,110.908,110.912
2017-07-25 11:00:00,111.204,111.329,111.184,111.258,111.202,111.202
2017-07-25 12:00:00,111.258,111.443,111.238,111.443,111.258,111.26
2017-07-25 13:00:00,111.443,111.464,111.358,111.366,111.444,111.444
2017-07-25 14:00:00,111.367,111.528,111.36,111.457,111.368,111.368
2017-07-25 15:00:00,111.456,111.574,111.306,111.539,111.456,111.457
2017-07-25 16:00:00,111.539,111.562,111.369,111.446,111.539,111.542
2017-07-25 17:00:00,111.446,111.636,111.428,111.619,111.449,111.455
2017-07-25 18:00:00,111.62,111.689,111.539,111.578,111.62,111.621
2017-07-25 19:00:00,111.578,111.687,111.567,111.635,111.579,111.58
2017-07-25 20:00:00,111.634,111.648,111.564,111.602,111.634,111.635
2017-07-25 21:00:00,111.603,111.907,111.582,111.886,111.603,111.604
2017-07-25 22:00:00,111.886,111.943,111.825,111.893,111.886,111.887
2017-07-25 23:00:00,111.894,111.958,111.852,111.881,111.894,111.895
2017-07-26 00:00:00,111.881,111.919,111.835,111.87,111.882,111.893
2017-07-26 01:00:00,111.87,111.909,111.865,111.877,111.87,111.877
2017-07-26 02:00:00,111.877,112.031,111.86,112.009,111.876,111.88
2017-07-26 03:00:00,112.009,112.088,111.889,111.912,112.01,112.012
2017-07-26 04:00:00,111.914,112.047,111.859,111.873,111.914,111.915
2017-07-26 05:00:00,111.874,111.945,111.868,111.922,111.875,111.877
2017-07-26 06:00:00,111.922,111.974,111.884,111.896,111.921,111.925
2017-07-26 07:00:00,111.898,111.916,111.815,111.904,111.899,111.902
2017-07-26 08:00:00,111.904,111.997,111.882,111.904,111.904,111.907
2017-07-26 09:00:00,111.904,111.968,111.818,111.825,111.903,111.906
2017-07-26 10:00:00,111.826,111.899,111.785,111.838,111.824,111.828
2017-07-26 11:00:00,111.837,111.899,111.777,111.86,111.838,111.839
2017-07-26 12:00:00,111.86,111.928,111.836,111.867,111.86,111.862
2017-07-26 13:00:00,111.867,111.869,111.736,111.789,111.867,111.868
2017-07-26 14:00:00,111.79,111.827,111.721,111.823,111.79,111.791
2017-07-26 15:00:00,111.821,111.905,111.732,111.756,111.821,111.822
2017-07-26 16:00:00,111.756,111.902,111.72,111.88,111.756,111.756
2017-07-26 17:00:00,111.881,112.006,111.838,111.996,111.88,111.886
2017-07-26 18:00:00,111.996,112.161,111.976,112.109,111.995,111.996
2017-07-26 19:00:00,112.11,112.186,112.064,112.154,112.111,112.111
2017-07-26 20:00:00,112.153,112.154,111.924,111.986,112.152,112.155
2017-07-26 21:00:00,111.986,112.203,111.305,111.321,111.988,111.988
2017-07-26 22:00:00,111.322,111.329,111.061,111.228,111.324,111.326
2017-07-26 23:00:00,111.228,111.267,111.125,111.176,111.228,111.23
2017-07-27 00:00:00,111.174,111.215,111.056,111.123,111.174,111.182
2017-07-27 01:00:00,111.122,111.185,111.096,111.12,111.12,111.132
2017-07-27 02:00:00,111.12,111.219,111.11,111.159,111.119,111.123
2017-07-27 03:00:00,111.159,111.198,110.899,110.994,111.159,111.159
2017-07-27 04:00:00,110.993,111.087,110.875,110.924,110.992,110.995
2017-07-27 05:00:00,110.924,110.979,110.874,110.881,110.924,110.927
2017-07-27 06:00:00,110.882,110.925,110.781,110.896,110.882,110.883
2017-07-27 07:00:00,110.897,111.056,110.854,111.013,110.897,110.897
2017-07-27 08:00:00,111.012,111.089,110.947,111.036,111.012,111.014
2017-07-27 09:00:00,111.034,111.152,110.94,111.101,111.034,111.037
2017-07-27 10:00:00,111.101,111.278,111.092,111.204,111.102,111.104
2017-07-27 11:00:00,111.206,111.333,111.171,111.233,111.208,111.208
2017-07-27 12:00:00,111.234,111.412,111.206,111.4,111.235,111.235
2017-07-27 13:00:00,111.4,111.436,111.318,111.351,111.4,111.402
2017-07-27 14:00:00,111.35,111.454,111.271,111.418,111.351,111.351
2017-07-27 15:00:00,111.419,111.477,111.321,111.437,111.418,111.418
2017-07-27 16:00:00,111.439,111.542,111.276,111.292,111.44,111.441
2017-07-27 17:00:00,111.292,111.67,111.26,111.59,111.291,111.293
2017-07-27 18:00:00,111.592,111.667,111.513,111.63,111.588,111.588
2017-07-27 19:00:00,111.631,111.712,111.31,111.314,111.63,111.631
2017-07-27 20:00:00,111.314,111.385,110.956,111.075,111.317,111.319
2017-07-27 21:00:00,111.076,111.164,110.996,111.079,111.08,111.08
2017-07-27 22:00:00,111.078,111.233,111.055,111.2,111.079,111.082
2017-07-27 23:00:00,111.2,111.335,111.183,111.27,111.2,111.203
2017-07-28 00:00:00,111.214,111.33,111.214,111.316,111.23,111.263
2017-07-28 01:00:00,111.316,111.319,111.152,111.239,111.316,111.328
2017-07-28 02:00:00,111.239,111.239,111.064,111.093,111.238,111.242
2017-07-28 03:00:00,111.094,111.133,110.936,110.999,111.091,111.094
2017-07-28 04:00:00,110.999,111.162,110.924,111.101,110.998,111.001
2017-07-28 05:00:00,111.101,111.146,111.054,111.072,111.103,111.104
2017-07-28 06:00:00,111.072,111.156,111.032,111.115,111.073,111.075
2017-07-28 07:00:00,111.115,111.123,111.012,111.086,111.116,111.118
2017-07-28 08:00:00,111.086,111.087,110.944,110.962,111.086,111.088
2017-07-28 09:00:00,110.961,111.062,110.876,111.007,110.96,110.963
2017-07-28 10:00:00,111.008,111.147,110.935,111.099,111.005,111.005
2017-07-28 11:00:00,111.098,111.272,111.057,111.268,111.1,111.1
2017-07-28 12:00:00,111.265,111.287,111.198,111.237,111.267,111.269
2017-07-28 13:00:00,111.236,111.26,111.117,111.223,111.236,111.236
2017-07-28 14:00:00,111.224,111.289,111.189,111.244,111.226,111.226
2017-07-28 15:00:00,111.244,111.254,110.838,111.125,111.244,111.245
2017-07-28 16:00:00,111.126,111.186,110.957,110.995,111.125,111.126
2017-07-28 17:00:00,110.995,111.044,110.867,110.945,110.995,111.0
2017-07-28 18:00:00,110.945,110.991,110.671,110.837,110.943,110.943
2017-07-28 19:00:00,110.837,110.914,110.784,110.841,110.84,110.84
2017-07-28 20:00:00,110.84,110.842,110.778,110.816,110.84,110.843
2017-07-28 21:00:00,110.816,110.854,110.582,110.589,110.816,110.817
2017-07-28 22:00:00,110.588,110.647,110.548,110.577,110.589,110.592
2017-07-28 23:00:00,110.578,110.746,110.571,110.694,110.577,110.581
2017-07-31 00:00:00,110.665,110.683,110.606,110.659,110.665,110.688
2017-07-31 01:00:00,110.657,110.672,110.486,110.537,110.657,110.665
2017-07-31 02:00:00,110.536,110.582,110.488,110.508,110.536,110.541
2017-07-31 03:00:00,110.507,110.579,110.308,110.406,110.507,110.509
2017-07-31 04:00:00,110.405,110.492,110.358,110.48,110.406,110.409
2017-07-31 05:00:00,110.481,110.485,110.403,110.466,110.482,110.483
2017-07-31 06:00:00,110.467,110.598,110.459,110.559,110.466,110.467
2017-07-31 07:00:00,110.558,110.58,110.496,110.516,110.559,110.56
2017-07-31 08:00:00,110.514,110.55,110.468,110.512,110.513,110.517
2017-07-31 09:00:00,110.513,110.698,110.489,110.657,110.512,110.516
2017-07-31 10:00:00,110.657,110.773,110.596,110.629,110.658,110.662
2017-07-31 11:00:00,110.628,110.708,110.61,110.644,110.629,110.629
2017-07-31 12:00:00,110.644,110.667,110.544,110.552,110.643,110.644
2017-07-31 13:00:00,110.553,110.587,110.517,110.567,110.553,110.553
2017-07-31 14:00:00,110.566,110.58,110.498,110.57,110.567,110.568
2017-07-31 15:00:00,110.569,110.638,110.513,110.529,110.57,110.571
2017-07-31 16:00:00,110.529,110.652,110.506,110.521,110.53,110.531
2017-07-31 17:00:00,110.52,110.56,110.389,110.507,110.519,110.523
2017-07-31 18:00:00,110.506,110.529,110.361,110.376,110.502,110.504
2017-07-31 19:00:00,110.375,110.445,110.357,110.414,110.374,110.377
2017-07-31 20:00:00,110.414,110.466,110.385,110.421,110.414,110.415
2017-07-31 21:00:00,110.421,110.427,110.222,110.23,110.423,110.425
2017-07-31 22:00:00,110.231,110.328,110.215,110.237,110.232,110.234
2017-07-31 23:00:00,110.237,110.295,110.219,110.258,110.235,110.238
2017-08-01 00:00:00,110.252,110.278,110.214,110.245,110.252,110.259
2017-08-01 01:00:00,110.245,110.334,110.244,110.303,110.246,110.258
2017-08-01 02:00:00,110.303,110.41,110.296,110.355,110.304,110.307
2017-08-01 03:00:00,110.355,110.399,110.247,110.258,110.358,110.358
2017-08-01 04:00:00,110.26,110.424,110.26,110.289,110.26,110.262
2017-08-01 05:00:00,110.289,110.297,110.003,110.117,110.289,110.292
2017-08-01 06:00:00,110.116,110.194,110.107,110.184,110.116,110.119
2017-08-01 07:00:00,110.184,110.238,110.142,110.203,110.183,110.186
2017-08-01 08:00:00,110.203,110.278,110.148,110.271,110.205,110.205
2017-08-01 09:00:00,110.273,110.279,110.154,110.219,110.273,110.275
2017-08-01 10:00:00,110.219,110.289,110.134,110.202,110.221,110.223
2017-08-01 11:00:00,110.202,110.392,110.09,110.371,110.2,110.201
2017-08-01 12:00:00,110.37,110.429,110.323,110.349,110.369,110.371
2017-08-01 13:00:00,110.351,110.527,110.337,110.452,110.351,110.352
2017-08-01 14:00:00,110.452,110.511,110.384,110.487,110.451,110.452
2017-08-01 15:00:00,110.487,110.59,110.438,110.454,110.487,110.487
2017-08-01 16:00:00,110.454,110.541,110.09,110.113,110.454,110.456
2017-08-01 17:00:00,110.112,110.245,109.918,110.139,110.123,110.132
2017-08-01 18:00:00,110.138,110.33,110.102,110.33,110.139,110.14
2017-08-01 19:00:00,110.332,110.368,110.251,110.282,110.331,110.332
2017-08-01 20:00:00,110.283,110.298,110.156,110.182,110.283,110.285
2017-08-01 21:00:00,110.184,110.302,110.159,110.29,110.184,110.186
2017-08-01 22:00:00,110.289,110.337,110.28,110.313,110.292,110.295
2017-08-01 23:00:00,110.314,110.391,110.314,110.386,110.315,110.318
2017-08-02 00:00:00,110.356,110.381,110.307,110.368,110.359,110.371
2017-08-02 01:00:00,110.368,110.409,110.307,110.373,110.368,110.382
2017-08-02 02:00:00,110.374,110.487,110.324,110.439,110.373,110.377
2017-08-02 03:00:00,110.439,110.488,110.352,110.42,110.439,110.442
2017-08-02 04:00:00,110.421,110.602,110.375,110.558,110.42,110.422
2017-08-02 05:00:00,110.559,110.577,110.487,110.497,110.558,110.561
2017-08-02 06:00:00,110.497,110.7,110.496,110.677,110.497,110.5
2017-08-02 07:00:00,110.677,110.925,110.672,110.841,110.679,110.679
2017-08-02 08:00:00,110.841,110.858,110.738,110.762,110.841,110.844
2017-08-02 09:00:00,110.761,110.814,110.625,110.648,110.761,110.765
2017-08-02 10:00:00,110.648,110.835,110.622,110.793,110.649,110.651
2017-08-02 11:00:00,110.793,110.887,110.687,110.731,110.792,110.792
2017-08-02 12:00:00,110.731,110.819,110.694,110.774,110.733,110.733
2017-08-02 13:00:00,110.775,110.784,110.714,110.746,110.774,110.777
2017-08-02 14:00:00,110.746,110.795,110.711,110.739,110.745,110.749
2017-08-02 15:00:00,110.738,110.984,110.658,110.898,110.738,110.74
2017-08-02 16:00:00,110.899,110.911,110.561,110.584,110.9,110.901
2017-08-02 17:00:00,110.582,110.698,110.359,110.374,110.581,110.581
2017-08-02 18:00:00,110.373,110.481,110.283,110.439,110.374,110.374
2017-08-02 19:00:00,110.44,110.455,110.405,110.423,110.44,110.44
2017-08-02 20:00:00,110.424,110.537,110.295,110.495,110.424,110.425
2017-08-02 21:00:00,110.494,110.636,110.485,110.603,110.495,110.495
2017-08-02 22:00:00,110.603,110.701,110.571,110.684,110.603,110.603
2017-08-02 23:00:00,110.683,110.767,110.664,110.743,110.684,110.684
2017-08-03 00:00:00,110.664,110.747,110.639,110.733,110.64,110.707
2017-08-03 01:00:00,110.735,110.748,110.704,110.713,110.734,110.741
2017-08-03 02:00:00,110.713,110.828,110.712,110.756,110.713,110.719
2017-08-03 03:00:00,110.757,110.825,110.677,110.787,110.758,110.758
2017-08-03 04:00:00,110.788,110.826,110.574,110.618,110.788,110.792
2017-08-03 05:00:00,110.619,110.697,110.593,110.635,110.618,110.619
2017-08-03 06:00:00,110.634,110.737,110.622,110.705,110.635,110.638
2017-08-03 07:00:00,110.706,110.749,110.637,110.672,110.705,110.708
2017-08-03 08:00:00,110.671,110.686,110.632,110.684,110.671,110.675
2017-08-03 09:00:00,110.684,110.75,110.581,110.616,110.685,110.687
2017-08-03 10:00:00,110.615,110.688,110.563,110.644,110.615,110.619
2017-08-03 11:00:00,110.644,110.727,110.61,110.667,110.641,110.643
2017-08-03 12:00:00,110.667,110.684,110.598,110.602,110.668,110.668
2017-08-03 13:00:00,110.602,110.657,110.577,110.628,110.602,110.603
2017-08-03 14:00:00,110.629,110.645,110.33,110.37,110.63,110.634
2017-08-03 15:00:00,110.368,110.485,110.255,110.462,110.367,110.367
2017-08-03 16:00:00,110.464,110.517,110.34,110.359,110.465,110.465
2017-08-03 17:00:00,110.36,110.36,109.949,110.042,110.354,110.364
2017-08-03 18:00:00,110.043,110.15,109.986,110.13,110.044,110.044
2017-08-03 19:00:00,110.131,110.189,110.083,110.176,110.13,110.131
2017-08-03 20:00:00,110.177,110.229,110.149,110.15,110.182,110.182
2017-08-03 21:00:00,110.149,110.175,110.035,110.049,110.15,110.153
2017-08-03 22:00:00,110.049,110.156,109.855,109.939,110.045,110.046
2017-08-03 23:00:00,109.939,110.049,109.933,110.049,109.939,109.94
2017-08-04 00:00:00,110.04,110.045,109.931,109.975,110.045,110.056
2017-08-04 01:00:00,109.976,110.01,109.916,109.964,109.975,109.98
2017-08-04 02:00:00,109.965,109.982,109.845,109.89,109.964,109.965
2017-08-04 03:00:00,109.889,110.056,109.847,110.032,109.887,109.89
2017-08-04 04:00:00,110.031,110.132,110.015,110.112,110.03,110.032
2017-08-04 05:00:00,110.111,110.179,110.072,110.17,110.113,110.115
2017-08-04 06:00:00,110.168,110.186,110.074,110.097,110.17,110.173
2017-08-04 07:00:00,110.097,110.118,110.033,110.08,110.096,110.098
2017-08-04 08:00:00,110.081,110.114,110.032,110.077,110.081,110.084
2017-08-04 09:00:00,110.076,110.178,110.061,110.08,110.077,110.079
2017-08-04 10:00:00,110.08,110.122,110.041,110.079,110.081,110.082
2017-08-04 11:00:00,110.078,110.134,110.074,110.099,110.079,110.081
2017-08-04 12:00:00,110.1,110.123,110.052,110.055,110.1,110.101
2017-08-04 13:00:00,110.056,110.085,110.007,110.069,110.056,110.058
2017-08-04 14:00:00,110.069,110.124,110.036,110.099,110.068,110.072
2017-08-04 15:00:00,110.098,110.774,110.049,110.749,110.097,110.098
2017-08-04 16:00:00,110.749,110.919,110.525,110.863,110.747,110.75
2017-08-04 17:00:00,110.865,111.05,110.822,110.889,110.865,110.867
2017-08-04 18:00:00,110.89,110.925,110.742,110.758,110.892,110.892
2017-08-04 19:00:00,110.757,110.864,110.75,110.804,110.758,110.758
2017-08-04 20:00:00,110.805,110.828,110.751,110.785,110.807,110.807
2017-08-04 21:00:00,110.785,110.822,110.642,110.712,110.786,110.788
2017-08-04 22:00:00,110.712,110.712,110.588,110.675,110.712,110.713
2017-08-04 23:00:00,110.674,110.737,110.637,110.68,110.675,110.678
2017-08-07 00:00:00,110.718,110.782,110.677,110.752,110.718,110.84
2017-08-07 01:00:00,110.751,110.802,110.718,110.781,110.75,110.764
2017-08-07 02:00:00,110.781,110.849,110.751,110.812,110.781,110.786
2017-08-07 03:00:00,110.812,110.828,110.675,110.761,110.812,110.813
2017-08-07 04:00:00,110.761,110.778,110.697,110.702,110.761,110.764
2017-08-07 05:00:00,110.701,110.722,110.645,110.712,110.701,110.706
2017-08-07 06:00:00,110.713,110.724,110.664,110.706,110.713,110.717
2017-08-07 07:00:00,110.705,110.713,110.666,110.703,110.705,110.708
2017-08-07 08:00:00,110.704,110.745,110.683,110.704,110.704,110.706
2017-08-07 09:00:00,110.704,110.792,110.654,110.771,110.706,110.711
2017-08-07 10:00:00,110.772,110.802,110.717,110.784,110.773,110.776
2017-08-07 11:00:00,110.783,110.838,110.751,110.779,110.783,110.786
2017-08-07 12:00:00,110.778,110.891,110.778,110.838,110.779,110.782
2017-08-07 13:00:00,110.837,110.852,110.801,110.851,110.838,110.841
2017-08-07 14:00:00,110.85,110.871,110.72,110.83,110.852,110.853
2017-08-07 15:00:00,110.83,110.892,110.793,110.849,110.83,110.832
2017-08-07 16:00:00,110.85,110.92,110.783,110.786,110.85,110.853
2017-08-07 17:00:00,110.785,110.836,110.697,110.826,110.787,110.789
2017-08-07 18:00:00,110.825,110.861,110.741,110.765,110.824,110.825
2017-08-07 19:00:00,110.766,110.835,110.728,110.736,110.765,110.767
2017-08-07 20:00:00,110.735,110.747,110.697,110.728,110.735,110.735
2017-08-07 21:00:00,110.728,110.764,110.715,110.738,110.728,110.728
2017-08-07 22:00:00,110.737,110.744,110.709,110.732,110.736,110.738
2017-08-07 23:00:00,110.733,110.779,110.717,110.729,110.734,110.736
2017-08-08 00:00:00,110.738,110.788,110.713,110.767,110.743,110.764
2017-08-08 01:00:00,110.767,110.782,110.747,110.752,110.767,110.773
2017-08-08 02:00:00,110.752,110.78,110.74,110.764,110.752,110.757
2017-08-08 03:00:00,110.764,110.812,110.697,110.755,110.764,110.767
2017-08-08 04:00:00,110.754,110.773,110.571,110.639,110.754,110.756
2017-08-08 05:00:00,110.638,110.666,110.577,110.584,110.64,110.642
2017-08-08 06:00:00,110.583,110.657,110.579,110.648,110.583,110.587
2017-08-08 07:00:00,110.648,110.651,110.544,110.597,110.648,110.652
2017-08-08 08:00:00,110.597,110.609,110.541,110.56,110.597,110.6
2017-08-08 09:00:00,110.56,110.646,110.56,110.606,110.56,110.565
2017-08-08 10:00:00,110.606,110.624,110.53,110.587,110.607,110.609
2017-08-08 11:00:00,110.588,110.594,110.538,110.556,110.587,110.59
2017-08-08 12:00:00,110.556,110.567,110.513,110.536,110.556,110.556
2017-08-08 13:00:00,110.536,110.557,110.381,110.429,110.535,110.538
2017-08-08 14:00:00,110.427,110.438,110.287,110.338,110.428,110.431
2017-08-08 15:00:00,110.338,110.397,110.248,110.375,110.335,110.337
2017-08-08 16:00:00,110.374,110.429,110.282,110.36,110.375,110.377
2017-08-08 17:00:00,110.361,110.83,110.361,110.754,110.362,110.364
2017-08-08 18:00:00,110.754,110.793,110.7,110.729,110.756,110.756
2017-08-08 19:00:00,110.73,110.741,110.438,110.49,110.729,110.73
2017-08-08 20:00:00,110.49,110.498,110.323,110.374,110.488,110.49
2017-08-08 21:00:00,110.375,110.498,110.37,110.426,110.376,110.378
2017-08-08 22:00:00,110.425,110.564,110.304,110.346,110.425,110.427
2017-08-08 23:00:00,110.346,110.412,110.306,110.345,110.347,110.349
2017-08-09 00:00:00,110.331,110.365,110.292,110.318,110.331,110.354
2017-08-09 01:00:00,110.318,110.318,110.071,110.11,110.318,110.323
2017-08-09 02:00:00,110.11,110.165,110.066,110.104,110.109,110.114
2017-08-09 03:00:00,110.104,110.153,109.832,109.934,110.105,110.106
2017-08-09 04:00:00,109.933,109.953,109.798,109.839,109.933,109.934
2017-08-09 05:00:00,109.837,109.929,109.742,109.88,109.833,109.834
2017-08-09 06:00:00,109.88,109.922,109.793,109.817,109.88,109.881
2017-08-09 07:00:00,109.817,109.956,109.812,109.95,109.816,109.818
2017-08-09 08:00:00,109.95,110.077,109.929,109.985,109.95,109.951
2017-08-09 09:00:00,109.984,110.064,109.916,110.023,109.983,109.986
2017-08-09 10:00:00,110.024,110.024,109.811,109.818,110.024,110.027
2017-08-09 11:00:00,109.818,109.863,109.654,109.725,109.818,109.821
2017-08-09 12:00:00,109.727,109.858,109.688,109.789,109.727,109.729
2017-08-09 13:00:00,109.789,109.868,109.76,109.84,109.789,109.791
2017-08-09 14:00:00,109.839,109.864,109.705,109.724,109.842,109.842
2017-08-09 15:00:00,109.723,109.755,109.559,109.684,109.722,109.725
2017-08-09 16:00:00,109.684,110.047,109.661,110.031,109.683,109.686
2017-08-09 17:00:00,110.028,110.168,109.914,109.967,110.028,110.031
2017-08-09 18:00:00,109.968,110.05,109.857,110.043,109.97,109.971
2017-08-09 19:00:00,110.043,110.07,109.931,109.942,110.043,110.044
2017-08-09 20:00:00,109.943,110.098,109.928,109.98,109.944,109.944
2017-08-09 21:00:00,109.979,109.993,109.746,109.844,109.98,109.983
2017-08-09 22:00:00,109.844,110.003,109.84,110.0,109.844,109.847
2017-08-09 23:00:00,109.999,110.082,109.948,110.064,109.999,110.002
2017-08-10 00:00:00,110.062,110.075,109.891,109.919,110.062,110.082
2017-08-10 01:00:00,109.92,109.972,109.897,109.944,109.922,109.934
2017-08-10 02:00:00,109.944,110.084,109.932,110.038,109.945,109.95
2017-08-10 03:00:00,110.038,110.18,110.016,110.105,110.039,110.043
2017-08-10 04:00:00,110.105,110.146,110.026,110.096,110.108,110.108
2017-08-10 05:00:00,110.095,110.097,109.985,110.038,110.094,110.096
2017-08-10 06:00:00,110.037,110.079,109.951,109.982,110.036,110.04
2017-08-10 07:00:00,109.983,110.022,109.901,110.016,109.982,109.984
2017-08-10 08:00:00,110.015,110.056,109.976,109.992,110.015,110.019
2017-08-10 09:00:00,109.992,110.032,109.943,109.948,109.993,109.994
2017-08-10 10:00:00,109.948,110.055,109.912,110.015,109.949,109.951
2017-08-10 11:00:00,110.015,110.022,109.928,109.953,110.015,110.017
2017-08-10 12:00:00,109.954,109.966,109.825,109.876,109.955,109.957
2017-08-10 13:00:00,109.876,109.907,109.764,109.818,109.876,109.877
2017-08-10 14:00:00,109.818,109.878,109.731,109.843,109.817,109.819
2017-08-10 15:00:00,109.842,109.843,109.592,109.612,109.841,109.844
2017-08-10 16:00:00,109.613,109.707,109.549,109.659,109.614,109.616
2017-08-10 17:00:00,109.661,109.668,109.323,109.334,109.661,109.663
2017-08-10 18:00:00,109.334,109.454,109.254,109.373,109.339,109.341
2017-08-10 19:00:00,109.374,109.379,109.206,109.297,109.373,109.374
2017-08-10 20:00:00,109.299,109.333,109.192,109.245,109.301,109.301
2017-08-10 21:00:00,109.245,109.363,109.227,109.278,109.246,109.248
2017-08-10 22:00:00,109.277,109.282,109.15,109.167,109.277,109.279
2017-08-10 23:00:00,109.166,109.274,109.158,109.208,109.165,109.169
2017-08-11 00:00:00,109.188,109.203,109.112,109.141,109.177,109.2
2017-08-11 01:00:00,109.142,109.181,109.107,109.156,109.142,109.146
2017-08-11 02:00:00,109.156,109.214,109.082,109.096,109.156,109.163
2017-08-11 03:00:00,109.097,109.114,108.993,109.059,109.096,109.1
2017-08-11 04:00:00,109.06,109.121,109.025,109.063,109.061,109.064
2017-08-11 05:00:00,109.062,109.067,108.961,108.977,109.063,109.065
2017-08-11 06:00:00,108.979,108.983,108.905,108.977,108.98,108.981
2017-08-11 07:00:00,108.977,109.0,108.939,108.968,108.977,108.979
2017-08-11 08:00:00,108.968,109.16,108.938,109.151,108.966,108.969
2017-08-11 09:00:00,109.15,109.268,109.134,109.219,109.15,109.152
2017-08-11 10:00:00,109.22,109.226,109.1,109.12,109.22,109.224
2017-08-11 11:00:00,109.121,109.138,108.909,108.982,109.121,109.125
2017-08-11 12:00:00,108.982,109.078,108.934,109.06,108.982,108.982
2017-08-11 13:00:00,109.06,109.107,109.003,109.058,109.06,109.063
2017-08-11 14:00:00,109.057,109.207,109.055,109.137,109.057,109.061
2017-08-11 15:00:00,109.137,109.236,108.724,109.052,109.137,109.14
2017-08-11 16:00:00,109.052,109.406,109.026,109.101,109.052,109.054
2017-08-11 17:00:00,109.102,109.23,108.997,109.145,109.106,109.107
2017-08-11 18:00:00,109.144,109.151,108.979,109.061,109.148,109.148
2017-08-11 19:00:00,109.061,109.083,108.955,109.014,109.06,109.063
2017-08-11 20:00:00,109.015,109.054,108.918,108.982,109.014,109.017
2017-08-11 21:00:00,108.983,109.036,108.929,108.99,108.983,108.986
2017-08-11 22:00:00,108.991,109.105,108.978,109.084,108.99,108.994
2017-08-11 23:00:00,109.084,109.173,109.07,109.15,109.086,109.086
2017-08-14 00:00:00,109.167,109.168,109.036,109.092,109.158,109.188
2017-08-14 01:00:00,109.092,109.217,109.084,109.14,109.084,109.096
2017-08-14 02:00:00,109.14,109.259,109.109,109.258,109.138,109.145
2017-08-14 03:00:00,109.258,109.405,109.202,109.377,109.259,109.262
2017-08-14 04:00:00,109.377,109.454,109.357,109.363,109.376,109.379
2017-08-14 05:00:00,109.362,109.393,109.34,109.371,109.361,109.362
2017-08-14 06:00:00,109.372,109.54,109.356,109.523,109.373,109.375
2017-08-14 07:00:00,109.523,109.64,109.507,109.527,109.521,109.524
2017-08-14 08:00:00,109.527,109.597,109.504,109.56,109.528,109.531
2017-08-14 09:00:00,109.561,109.628,109.521,109.547,109.56,109.562
2017-08-14 10:00:00,109.547,109.771,109.467,109.744,109.546,109.551
2017-08-14 11:00:00,109.744,109.801,109.695,109.719,109.743,109.746
2017-08-14 12:00:00,109.719,109.739,109.628,109.705,109.718,109.722
2017-08-14 13:00:00,109.705,109.745,109.655,109.723,109.705,109.708
2017-08-14 14:00:00,109.724,109.778,109.628,109.642,109.724,109.726
2017-08-14 15:00:00,109.642,109.654,109.565,109.643,109.642,109.645
2017-08-14 16:00:00,109.642,109.717,109.567,109.589,109.643,109.645
2017-08-14 17:00:00,109.589,109.637,109.442,109.472,109.591,109.592
2017-08-14 18:00:00,109.471,109.557,109.43,109.481,109.473,109.474
2017-08-14 19:00:00,109.484,109.551,109.425,109.445,109.483,109.486
2017-08-14 20:00:00,109.445,109.756,109.445,109.743,109.445,109.448
2017-08-14 21:00:00,109.744,109.752,109.582,109.618,109.744,109.746
2017-08-14 22:00:00,109.618,109.715,109.582,109.658,109.619,109.621
2017-08-14 23:00:00,109.659,109.745,109.646,109.651,109.66,109.662
2017-08-15 00:00:00,109.603,109.666,109.603,109.615,109.61,109.637
2017-08-15 01:00:00,109.615,109.752,109.612,109.744,109.615,109.617
2017-08-15 02:00:00,109.744,109.958,109.703,109.934,109.743,109.746
2017-08-15 03:00:00,109.933,110.214,109.924,110.171,109.934,109.938
2017-08-15 04:00:00,110.171,110.234,110.136,110.169,110.171,110.173
2017-08-15 05:00:00,110.17,110.224,110.135,110.181,110.17,110.173
2017-08-15 06:00:00,110.182,110.217,110.155,110.199,110.182,110.186
2017-08-15 07:00:00,110.2,110.277,110.199,110.261,110.2,110.203
2017-08-15 08:00:00,110.261,110.454,110.243,110.397,110.262,110.266
2017-08-15 09:00:00,110.397,110.413,110.303,110.327,110.398,110.4
2017-08-15 10:00:00,110.326,110.476,110.282,110.334,110.327,110.33
2017-08-15 11:00:00,110.334,110.414,110.285,110.383,110.334,110.336
2017-08-15 12:00:00,110.383,110.452,110.376,110.381,110.383,110.386
2017-08-15 13:00:00,110.381,110.447,110.367,110.387,110.381,110.385
2017-08-15 14:00:00,110.387,110.457,110.369,110.429,110.387,110.388
2017-08-15 15:00:00,110.43,110.848,110.372,110.819,110.429,110.431
2017-08-15 16:00:00,110.817,110.84,110.613,110.748,110.82,110.82
2017-08-15 17:00:00,110.747,110.799,110.543,110.551,110.748,110.751
2017-08-15 18:00:00,110.552,110.568,110.403,110.43,110.552,110.553
2017-08-15 19:00:00,110.43,110.525,110.427,110.464,110.431,110.432
2017-08-15 20:00:00,110.463,110.507,110.392,110.488,110.465,110.465
2017-08-15 21:00:00,110.489,110.59,110.464,110.583,110.488,110.491
2017-08-15 22:00:00,110.583,110.592,110.505,110.543,110.584,110.586
2017-08-15 23:00:00,110.542,110.706,110.516,110.677,110.541,110.545
2017-08-16 00:00:00,110.656,110.692,110.572,110.582,110.656,110.669
2017-08-16 01:00:00,110.582,110.652,110.578,110.633,110.582,110.587
2017-08-16 02:00:00,110.632,110.634,110.543,110.591,110.632,110.635
2017-08-16 03:00:00,110.593,110.726,110.572,110.717,110.594,110.596
2017-08-16 04:00:00,110.716,110.773,110.645,110.669,110.715,110.718
2017-08-16 05:00:00,110.668,110.693,110.646,110.66,110.669,110.671
2017-08-16 06:00:00,110.66,110.668,110.626,110.651,110.661,110.663
2017-08-16 07:00:00,110.652,110.709,110.637,110.672,110.651,110.653
2017-08-16 08:00:00,110.672,110.715,110.632,110.644,110.674,110.676
2017-08-16 09:00:00,110.644,110.791,110.617,110.787,110.646,110.647
2017-08-16 10:00:00,110.786,110.935,110.765,110.874,110.785,110.788
2017-08-16 11:00:00,110.873,110.946,110.817,110.9,110.871,110.875
2017-08-16 12:00:00,110.899,110.938,110.835,110.849,110.899,110.902
2017-08-16 13:00:00,110.848,110.874,110.759,110.814,110.849,110.851
2017-08-16 14:00:00,110.814,110.834,110.774,110.8,110.814,110.817
2017-08-16 15:00:00,110.8,110.843,110.692,110.809,110.8,110.802
2017-08-16 16:00:00,110.811,110.949,110.74,110.777,110.812,110.814
2017-08-16 17:00:00,110.777,110.807,110.692,110.807,110.777,110.78
2017-08-16 18:00:00,110.806,110.847,110.679,110.803,110.806,110.806
2017-08-16 19:00:00,110.802,110.891,110.711,110.741,110.803,110.803
2017-08-16 20:00:00,110.741,110.744,110.424,110.491,110.741,110.743
2017-08-16 21:00:00,110.489,110.531,110.03,110.149,110.488,110.493
2017-08-16 22:00:00,110.15,110.228,110.135,110.213,110.149,110.152
2017-08-16 23:00:00,110.212,110.231,110.139,110.191,110.21,110.212
2017-08-17 00:00:00,110.192,110.212,110.063,110.123,110.19,110.202
2017-08-17 01:00:00,110.123,110.163,110.072,110.093,110.119,110.125
2017-08-17 02:00:00,110.094,110.119,109.981,109.999,110.093,110.098
2017-08-17 03:00:00,109.999,110.1,109.871,109.878,109.997,110.0
2017-08-17 04:00:00,109.878,109.899,109.665,109.704,109.879,109.882
2017-08-17 05:00:00,109.703,109.898,109.684,109.843,109.703,109.703
2017-08-17 06:00:00,109.844,109.944,109.835,109.885,109.843,109.846
2017-08-17 07:00:00,109.885,109.91,109.853,109.873,109.885,109.887
2017-08-17 08:00:00,109.873,109.901,109.764,109.813,109.873,109.874
2017-08-17 09:00:00,109.813,109.98,109.781,109.962,109.812,109.814
2017-08-17 10:00:00,109.962,110.066,109.913,109.925,109.963,109.966
2017-08-17 11:00:00,109.925,110.053,109.894,110.028,109.926,109.927
2017-08-17 12:00:00,110.028,110.109,109.968,110.095,110.028,110.03
2017-08-17 13:00:00,110.096,110.212,110.069,110.151,110.094,110.098
2017-08-17 14:00:00,110.15,110.372,110.103,110.164,110.151,110.153
2017-08-17 15:00:00,110.166,110.274,110.105,110.25,110.167,110.167
2017-08-17 16:00:00,110.251,110.259,109.936,109.942,110.252,110.254
2017-08-17 17:00:00,109.941,110.043,109.622,109.887,109.94,109.944
2017-08-17 18:00:00,109.888,110.025,109.8,109.887,109.889,109.889
2017-08-17 19:00:00,109.886,109.94,109.741,109.775,109.886,109.887
2017-08-17 20:00:00,109.775,109.842,109.694,109.769,109.775,109.775
2017-08-17 21:00:00,109.77,109.784,109.61,109.685,109.769,109.772
2017-08-17 22:00:00,109.685,109.685,109.457,109.489,109.685,109.686
2017-08-17 23:00:00,109.487,109.593,109.445,109.565,109.486,109.486
2017-08-18 00:00:00,109.567,109.574,109.421,109.438,109.567,109.586
2017-08-18 01:00:00,109.438,109.483,109.365,109.481,109.437,109.446
2017-08-18 02:00:00,109.482,109.542,109.294,109.337,109.482,109.484
2017-08-18 03:00:00,109.337,109.459,109.296,109.43,109.338,109.341
2017-08-18 04:00:00,109.43,109.551,109.405,109.45,109.43,109.433
2017-08-18 05:00:00,109.451,109.498,109.376,109.442,109.45,109.453
2017-08-18 06:00:00,109.441,109.458,109.34,109.382,109.443,109.443
2017-08-18 07:00:00,109.382,109.388,109.271,109.295,109.383,109.384
2017-08-18 08:00:00,109.296,109.423,109.288,109.334,109.295,109.297
2017-08-18 09:00:00,109.335,109.378,109.139,109.148,109.336,109.339
2017-08-18 10:00:00,109.148,109.153,108.962,109.05,109.15,109.152
2017-08-18 11:00:00,109.051,109.135,108.972,109.002,109.049,109.052
2017-08-18 12:00:00,109.002,109.175,108.96,109.134,109.0,109.004
2017-08-18 13:00:00,109.135,109.17,109.044,109.05,109.134,109.137
2017-08-18 14:00:00,109.051,109.164,108.997,109.086,109.05,109.053
2017-08-18 15:00:00,109.085,109.107,108.858,108.87,109.085,109.087
2017-08-18 16:00:00,108.869,108.928,108.603,108.653,108.868,108.871
2017-08-18 17:00:00,108.653,108.886,108.634,108.796,108.664,108.668
2017-08-18 18:00:00,108.797,109.394,108.681,109.306,108.796,108.796
2017-08-18 19:00:00,109.307,109.6,109.235,109.45,109.308,109.309
2017-08-18 20:00:00,109.448,109.567,109.271,109.282,109.45,109.45
2017-08-18 21:00:00,109.282,109.35,109.235,109.241,109.282,109.284
2017-08-18 22:00:00,109.24,109.271,109.139,109.157,109.241,109.243
2017-08-18 23:00:00,109.158,109.229,109.132,109.194,109.155,109.158
2017-08-21 00:00:00,109.334,109.359,109.248,109.258,109.334,109.387
2017-08-21 01:00:00,109.258,109.41,109.255,109.397,109.258,109.3
2017-08-21 02:00:00,109.397,109.422,109.298,109.33,109.397,109.403
2017-08-21 03:00:00,109.329,109.375,109.21,109.331,109.328,109.33
2017-08-21 04:00:00,109.332,109.365,109.219,109.233,109.333,109.336
2017-08-21 05:00:00,109.234,109.248,109.175,109.223,109.234,109.238
2017-08-21 06:00:00,109.223,109.269,109.201,109.255,109.223,109.224
2017-08-21 07:00:00,109.255,109.259,109.204,109.223,109.255,109.258
2017-08-21 08:00:00,109.223,109.292,109.222,109.272,109.223,109.226
2017-08-21 09:00:00,109.273,109.278,109.101,109.114,109.273,109.274
2017-08-21 10:00:00,109.115,109.116,108.921,108.938,109.115,109.115
2017-08-21 11:00:00,108.938,109.106,108.899,109.063,108.937,108.94
2017-08-21 12:00:00,109.062,109.096,109.001,109.008,109.063,109.065
2017-08-21 13:00:00,109.008,109.157,108.997,109.101,109.007,109.011
2017-08-21 14:00:00,109.1,109.112,108.969,109.042,109.101,109.103
2017-08-21 15:00:00,109.041,109.041,108.886,108.937,109.039,109.042
2017-08-21 16:00:00,108.936,108.982,108.784,108.808,108.937,108.939
2017-08-21 17:00:00,108.808,108.852,108.676,108.78,108.808,108.808
2017-08-21 18:00:00,108.781,108.907,108.638,108.891,108.782,108.782
2017-08-21 19:00:00,108.889,108.998,108.805,108.824,108.889,108.891
2017-08-21 20:00:00,108.823,108.855,108.7,108.709,108.822,108.824
2017-08-21 21:00:00,108.709,108.868,108.687,108.842,108.708,108.71
2017-08-21 22:00:00,108.842,108.919,108.81,108.9,108.841,108.845
2017-08-21 23:00:00,108.901,109.021,108.86,108.966,108.902,108.904
2017-08-22 00:00:00,108.967,108.984,108.843,108.936,108.967,108.985
2017-08-22 01:00:00,108.937,109.082,108.937,109.038,108.944,108.952
2017-08-22 02:00:00,109.038,109.06,108.894,109.001,109.038,109.038
2017-08-22 03:00:00,109.001,109.203,109.001,109.141,109.002,109.004
2017-08-22 04:00:00,109.14,109.294,109.14,109.255,109.14,109.143
2017-08-22 05:00:00,109.254,109.298,109.206,109.291,109.253,109.256
2017-08-22 06:00:00,109.291,109.338,109.246,109.259,109.291,109.293
2017-08-22 07:00:00,109.259,109.282,109.218,109.268,109.26,109.261
2017-08-22 08:00:00,109.267,109.309,109.236,109.278,109.266,109.269
2017-08-22 09:00:00,109.279,109.396,109.172,109.391,109.282,109.283
2017-08-22 10:00:00,109.391,109.463,109.222,109.356,109.391,109.394
2017-08-22 11:00:00,109.355,109.39,109.29,109.328,109.355,109.358
2017-08-22 12:00:00,109.326,109.326,109.221,109.295,109.326,109.332
2017-08-22 13:00:00,109.296,109.31,109.223,109.293,109.295,109.298
2017-08-22 14:00:00,109.292,109.481,109.29,109.371,109.291,109.294
2017-08-22 15:00:00,109.372,109.474,109.275,109.325,109.373,109.375
2017-08-22 16:00:00,109.324,109.433,109.134,109.427,109.324,109.326
2017-08-22 17:00:00,109.426,109.547,109.268,109.448,109.426,109.428
2017-08-22 18:00:00,109.45,109.466,109.306,109.408,109.45,109.451
2017-08-22 19:00:00,109.407,109.479,109.339,109.462,109.407,109.408
2017-08-22 20:00:00,109.462,109.504,109.42,109.461,109.462,109.463
2017-08-22 21:00:00,109.461,109.531,109.461,109.508,109.462,109.463
2017-08-22 22:00:00,109.507,109.655,109.493,109.559,109.511,109.511
2017-08-22 23:00:00,109.558,109.597,109.548,109.555,109.56,109.561
2017-08-23 00:00:00,109.566,109.596,109.542,109.583,109.569,109.586
2017-08-23 01:00:00,109.584,109.76,109.58,109.681,109.583,109.59
2017-08-23 02:00:00,109.684,109.753,109.666,109.731,109.685,109.688
2017-08-23 03:00:00,109.732,109.825,109.625,109.689,109.734,109.734
2017-08-23 04:00:00,109.691,109.752,109.661,109.677,109.692,109.692
2017-08-23 05:00:00,109.677,109.688,109.457,109.458,109.677,109.678
2017-08-23 06:00:00,109.459,109.535,109.365,109.435,109.46,109.461
2017-08-23 07:00:00,109.436,109.544,109.398,109.465,109.436,109.439
2017-08-23 08:00:00,109.466,109.49,109.421,109.441,109.465,109.467
2017-08-23 09:00:00,109.441,109.489,109.327,109.423,109.442,109.444
2017-08-23 10:00:00,109.423,109.57,109.33,109.425,109.424,109.429
2017-08-23 11:00:00,109.425,109.473,109.337,109.435,109.426,109.43
2017-08-23 12:00:00,109.434,109.443,109.314,109.334,109.434,109.436
2017-08-23 13:00:00,109.335,109.417,109.309,109.409,109.334,109.337
2017-08-23 14:00:00,109.41,109.421,109.129,109.147,109.411,109.414
2017-08-23 15:00:00,109.147,109.163,109.018,109.115,109.147,109.147
2017-08-23 16:00:00,109.115,109.229,109.029,109.198,109.114,109.116
2017-08-23 17:00:00,109.197,109.197,109.008,109.014,109.197,109.202
2017-08-23 18:00:00,109.015,109.196,108.982,109.138,109.015,109.017
2017-08-23 19:00:00,109.137,109.177,109.07,109.17,109.137,109.14
2017-08-23 20:00:00,109.17,109.23,109.032,109.075,109.17,109.172
2017-08-23 21:00:00,109.076,109.125,108.972,109.006,109.075,109.078
2017-08-23 22:00:00,109.007,109.036,108.96,108.965,109.006,109.006
2017-08-23 23:00:00,108.966,109.056,108.92,109.033,108.966,108.969
2017-08-24 00:00:00,109.041,109.041,108.942,108.947,109.041,109.045
2017-08-24 01:00:00,108.947,108.972,108.847,108.932,108.947,108.962
2017-08-24 02:00:00,108.932,108.937,108.859,108.901,108.932,108.935
2017-08-24 03:00:00,108.9,109.203,108.899,109.198,108.899,108.902
2017-08-24 04:00:00,109.195,109.226,109.122,109.191,109.196,109.197
2017-08-24 05:00:00,109.19,109.24,109.156,109.165,109.189,109.192
2017-08-24 06:00:00,109.166,109.246,109.164,109.194,109.166,109.168
2017-08-24 07:00:00,109.194,109.219,109.155,109.165,109.194,109.195
2017-08-24 08:00:00,109.165,109.182,109.087,109.098,109.165,109.169
2017-08-24 09:00:00,109.099,109.327,109.071,109.302,109.099,109.103
2017-08-24 10:00:00,109.303,109.361,109.265,109.265,109.302,109.304
2017-08-24 11:00:00,109.265,109.418,109.257,109.362,109.266,109.269
2017-08-24 12:00:00,109.361,109.402,109.314,109.368,109.362,109.364
2017-08-24 13:00:00,109.369,109.387,109.268,109.296,109.37,109.37
2017-08-24 14:00:00,109.297,109.456,109.295,109.351,109.296,109.299
2017-08-24 15:00:00,109.352,109.464,109.285,109.401,109.353,109.354
2017-08-24 16:00:00,109.401,109.423,109.183,109.197,109.401,109.403
2017-08-24 17:00:00,109.196,109.385,109.118,109.337,109.197,109.202
2017-08-24 18:00:00,109.336,109.411,109.226,109.337,109.335,109.337
2017-08-24 19:00:00,109.337,109.357,109.296,109.316,109.337,109.339
2017-08-24 20:00:00,109.315,109.447,109.247,109.376,109.314,109.317
2017-08-24 21:00:00,109.375,109.532,109.314,109.492,109.375,109.377
2017-08-24 22:00:00,109.492,109.578,109.478,109.573,109.492,109.497
2017-08-24 23:00:00,109.573,109.604,109.536,109.546,109.574,109.575
2017-08-25 00:00:00,109.556,109.573,109.514,109.558,109.558,109.567
2017-08-25 01:00:00,109.559,109.583,109.522,109.577,109.56,109.561
2017-08-25 02:00:00,109.577,109.616,109.513,109.518,109.582,109.582
2017-08-25 03:00:00,109.519,109.776,109.493,109.719,109.522,109.522
2017-08-25 04:00:00,109.72,109.739,109.581,109.664,109.721,109.723
2017-08-25 05:00:00,109.664,109.693,109.614,109.651,109.663,109.664
2017-08-25 06:00:00,109.651,109.663,109.562,109.573,109.651,109.654
2017-08-25 07:00:00,109.573,109.631,109.572,109.582,109.572,109.575
2017-08-25 08:00:00,109.581,109.634,109.556,109.597,109.581,109.584
2017-08-25 09:00:00,109.595,109.677,109.582,109.671,109.595,109.599
2017-08-25 10:00:00,109.67,109.7,109.597,109.672,109.67,109.672
2017-08-25 11:00:00,109.672,109.71,109.611,109.646,109.671,109.676
2017-08-25 12:00:00,109.645,109.659,109.541,109.561,109.644,109.647
2017-08-25 13:00:00,109.56,109.668,109.557,109.66,109.56,109.562
2017-08-25 14:00:00,109.66,109.696,109.632,109.683,109.659,109.66
2017-08-25 15:00:00,109.682,109.757,109.658,109.74,109.681,109.684
2017-08-25 16:00:00,109.74,109.844,109.557,109.776,109.74,109.741
2017-08-25 17:00:00,109.776,109.824,109.181,109.282,109.777,109.78
2017-08-25 18:00:00,109.278,109.331,109.111,109.257,109.279,109.28
2017-08-25 19:00:00,109.258,109.287,109.168,109.208,109.257,109.26
2017-08-25 20:00:00,109.209,109.266,109.175,109.194,109.21,109.212
2017-08-25 21:00:00,109.194,109.312,109.194,109.26,109.195,109.196
2017-08-25 22:00:00,109.259,109.377,109.134,109.279,109.258,109.262
2017-08-25 23:00:00,109.279,109.354,109.272,109.333,109.278,109.28
2017-08-28 00:00:00,109.139,109.249,109.139,109.234,109.139,109.239
2017-08-28 01:00:00,109.233,109.295,109.204,109.266,109.234,109.269
2017-08-28 02:00:00,109.266,109.351,109.246,109.338,109.265,109.269
2017-08-28 03:00:00,109.338,109.403,109.086,109.157,109.339,109.342
2017-08-28 04:00:00,109.156,109.208,109.099,109.118,109.155,109.158
2017-08-28 05:00:00,109.118,109.192,109.095,109.19,109.118,109.12
2017-08-28 06:00:00,109.191,109.193,109.144,109.157,109.189,109.191
2017-08-28 07:00:00,109.156,109.161,109.023,109.13,109.156,109.159
2017-08-28 08:00:00,109.13,109.192,109.097,109.16,109.13,109.133
2017-08-28 09:00:00,109.159,109.193,109.066,109.077,109.16,109.164
2017-08-28 10:00:00,109.076,109.17,109.045,109.156,109.075,109.079
2017-08-28 11:00:00,109.157,109.226,109.127,109.19,109.156,109.16
2017-08-28 12:00:00,109.191,109.256,109.178,109.226,109.19,109.193
2017-08-28 13:00:00,109.226,109.237,109.162,109.183,109.226,109.229
2017-08-28 14:00:00,109.184,109.28,109.172,109.257,109.182,109.183
2017-08-28 15:00:00,109.257,109.366,109.239,109.33,109.257,109.257
2017-08-28 16:00:00,109.33,109.413,109.234,109.269,109.33,109.331
2017-08-28 17:00:00,109.27,109.317,109.191,109.213,109.27,109.271
2017-08-28 18:00:00,109.212,109.238,109.162,109.22,109.212,109.212
2017-08-28 19:00:00,109.219,109.261,109.173,109.199,109.219,109.22
2017-08-28 20:00:00,109.199,109.206,109.044,109.089,109.198,109.201
2017-08-28 21:00:00,109.088,109.117,109.074,109.093,109.087,109.087
2017-08-28 22:00:00,109.094,109.267,109.074,109.259,109.093,109.095
2017-08-28 23:00:00,109.259,109.373,109.248,109.252,109.258,109.26
2017-08-29 00:00:00,109.228,109.258,108.744,108.79,109.231,109.255
2017-08-29 01:00:00,108.79,108.819,108.335,108.637,108.79,108.796
2017-08-29 02:00:00,108.636,108.947,108.55,108.728,108.637,108.641
2017-08-29 03:00:00,108.728,108.916,108.636,108.867,108.728,108.73
2017-08-29 04:00:00,108.867,108.927,108.656,108.741,108.867,108.868
2017-08-29 05:00:00,108.741,108.849,108.722,108.77,108.741,108.742
2017-08-29 06:00:00,108.769,108.843,108.752,108.827,108.77,108.772
2017-08-29 07:00:00,108.826,108.826,108.775,108.811,108.825,108.827
2017-08-29 08:00:00,108.811,108.899,108.789,108.815,108.811,108.813
2017-08-29 09:00:00,108.816,108.966,108.75,108.76,108.815,108.818
2017-08-29 10:00:00,108.761,108.769,108.503,108.504,108.76,108.763
2017-08-29 11:00:00,108.505,108.599,108.383,108.471,108.505,108.508
2017-08-29 12:00:00,108.471,108.647,108.267,108.578,108.471,108.471
2017-08-29 13:00:00,108.577,108.621,108.427,108.551,108.576,108.579
2017-08-29 14:00:00,108.549,108.618,108.447,108.564,108.551,108.552
2017-08-29 15:00:00,108.564,108.661,108.435,108.539,108.564,108.567
2017-08-29 16:00:00,108.54,108.746,108.41,108.641,108.541,108.543
2017-08-29 17:00:00,108.645,108.866,108.644,108.738,108.644,108.653
2017-08-29 18:00:00,108.739,109.092,108.723,109.033,108.738,108.738
2017-08-29 19:00:00,109.033,109.219,109.009,109.157,109.03,109.03
2017-08-29 20:00:00,109.157,109.269,109.099,109.231,109.158,109.159
2017-08-29 21:00:00,109.231,109.728,109.222,109.701,109.231,109.233
2017-08-29 22:00:00,109.7,109.904,109.654,109.762,109.699,109.701
2017-08-29 23:00:00,109.762,109.786,109.63,109.755,109.761,109.761
2017-08-30 00:00:00,109.681,109.732,109.569,109.631,109.681,109.768
2017-08-30 01:00:00,109.638,109.679,109.54,109.57,109.636,109.646
2017-08-30 02:00:00,109.57,109.814,109.57,109.768,109.571,109.574
2017-08-30 03:00:00,109.768,109.917,109.751,109.828,109.772,109.773
2017-08-30 04:00:00,109.829,109.854,109.753,109.849,109.829,109.831
2017-08-30 05:00:00,109.848,109.848,109.739,109.754,109.848,109.85
2017-08-30 06:00:00,109.755,109.795,109.719,109.745,109.755,109.757
2017-08-30 07:00:00,109.746,109.77,109.669,109.758,109.745,109.747
2017-08-30 08:00:00,109.757,109.813,109.749,109.793,109.755,109.759
2017-08-30 09:00:00,109.794,110.173,109.777,110.081,109.793,109.796
2017-08-30 10:00:00,110.082,110.131,109.932,110.011,110.083,110.086
2017-08-30 11:00:00,110.011,110.012,109.9,109.926,110.011,110.013
2017-08-30 12:00:00,109.925,109.962,109.855,109.883,109.927,109.927
2017-08-30 13:00:00,109.884,109.902,109.821,109.852,109.882,109.884
2017-08-30 14:00:00,109.851,110.098,109.846,110.08,109.851,109.854
2017-08-30 15:00:00,110.079,110.439,110.053,110.248,110.08,110.083
2017-08-30 16:00:00,110.247,110.294,110.056,110.294,110.248,110.25
2017-08-30 17:00:00,110.294,110.32,110.165,110.257,110.293,110.294
2017-08-30 18:00:00,110.258,110.288,110.117,110.198,110.256,110.259
2017-08-30 19:00:00,110.197,110.306,110.161,110.296,110.197,110.199
2017-08-30 20:00:00,110.296,110.396,110.292,110.372,110.295,110.296
2017-08-30 21:00:00,110.372,110.44,110.332,110.366,110.371,110.373
2017-08-30 22:00:00,110.365,110.391,110.258,110.324,110.366,110.368
2017-08-30 23:00:00,110.325,110.354,110.23,110.232,110.323,110.326
2017-08-31 00:00:00,110.22,110.276,110.175,110.236,110.219,110.244
2017-08-31 01:00:00,110.236,110.307,110.235,110.293,110.235,110.242
2017-08-31 02:00:00,110.291,110.509,110.291,110.47,110.292,110.295
2017-08-31 03:00:00,110.469,110.542,110.373,110.396,110.469,110.471
2017-08-31 04:00:00,110.397,110.61,110.352,110.551,110.397,110.4
2017-08-31 05:00:00,110.552,110.569,110.475,110.522,110.553,110.553
2017-08-31 06:00:00,110.521,110.598,110.506,110.542,110.522,110.524
2017-08-31 07:00:00,110.541,110.545,110.457,110.479,110.539,110.541
2017-08-31 08:00:00,110.48,110.542,110.474,110.506,110.484,110.484
2017-08-31 09:00:00,110.507,110.621,110.425,110.477,110.504,110.508
2017-08-31 10:00:00,110.476,110.542,110.409,110.493,110.475,110.478
2017-08-31 11:00:00,110.492,110.547,110.431,110.512,110.492,110.496
2017-08-31 12:00:00,110.511,110.661,110.486,110.641,110.512,110.514
2017-08-31 13:00:00,110.64,110.672,110.528,110.581,110.639,110.643
2017-08-31 14:00:00,110.581,110.612,110.512,110.562,110.584,110.584
2017-08-31 15:00:00,110.563,110.662,110.445,110.483,110.561,110.564
2017-08-31 16:00:00,110.482,110.516,110.326,110.374,110.482,110.483
2017-08-31 17:00:00,110.373,110.423,110.025,110.096,110.374,110.375
2017-08-31 18:00:00,110.095,110.226,109.912,110.069,110.095,110.095
2017-08-31 19:00:00,110.068,110.207,110.051,110.147,110.069,110.071
2017-08-31 20:00:00,110.147,110.16,110.063,110.086,110.147,110.15
2017-08-31 21:00:00,110.085,110.096,109.956,109.977,110.085,110.087
2017-08-31 22:00:00,109.978,110.015,109.88,109.939,109.979,109.981
2017-08-31 23:00:00,109.941,109.998,109.928,109.97,109.942,109.943
2017-09-01 00:00:00,109.97,110.011,109.9,109.934,109.971,109.993
2017-09-01 01:00:00,109.933,110.07,109.933,110.055,109.934,109.951
2017-09-01 02:00:00,110.052,110.144,110.037,110.131,110.053,110.056
2017-09-01 03:00:00,110.132,110.14,110.042,110.101,110.133,110.135
2017-09-01 04:00:00,110.1,110.135,110.06,110.105,110.1,110.102
2017-09-01 05:00:00,110.105,110.106,109.984,110.054,110.105,110.108
2017-09-01 06:00:00,110.053,110.057,109.975,110.005,110.054,110.057
2017-09-01 07:00:00,110.005,110.044,109.992,110.033,110.005,110.006
2017-09-01 08:00:00,110.032,110.128,110.028,110.098,110.031,110.034
2017-09-01 09:00:00,110.098,110.197,110.087,110.186,110.098,110.102
2017-09-01 10:00:00,110.185,110.22,110.146,110.175,110.185,110.188
2017-09-01 11:00:00,110.176,110.183,110.036,110.087,110.175,110.179
2017-09-01 12:00:00,110.088,110.128,110.065,110.102,110.087,110.09
2017-09-01 13:00:00,110.103,110.164,110.036,110.129,110.103,110.105
2017-09-01 14:00:00,110.129,110.177,110.117,110.166,110.129,110.132
2017-09-01 15:00:00,110.168,110.168,109.563,109.988,110.166,110.166
2017-09-01 16:00:00,109.987,110.242,109.859,110.194,109.989,109.991
2017-09-01 17:00:00,110.191,110.483,110.148,110.19,110.19,110.201
2017-09-01 18:00:00,110.19,110.264,110.025,110.094,110.189,110.189
2017-09-01 19:00:00,110.09,110.29,110.072,110.277,110.091,110.092
2017-09-01 20:00:00,110.277,110.312,110.225,110.283,110.275,110.278
2017-09-01 21:00:00,110.284,110.299,110.193,110.237,110.283,110.286
2017-09-01 22:00:00,110.238,110.284,110.207,110.261,110.237,110.24
2017-09-01 23:00:00,110.261,110.306,110.229,110.247,110.261,110.263
2017-09-04 00:00:00,109.518,109.694,109.517,109.643,109.518,109.567
2017-09-04 01:00:00,109.643,109.898,109.602,109.829,109.643,109.667
2017-09-04 02:00:00,109.828,109.875,109.741,109.807,109.829,109.834
2017-09-04 03:00:00,109.807,109.934,109.731,109.776,109.807,109.81
2017-09-04 04:00:00,109.775,109.826,109.683,109.734,109.774,109.778
2017-09-04 05:00:00,109.733,109.819,109.718,109.819,109.734,109.736
2017-09-04 06:00:00,109.819,109.837,109.776,109.812,109.822,109.823
2017-09-04 07:00:00,109.813,109.834,109.797,109.808,109.813,109.816
2017-09-04 08:00:00,109.808,109.81,109.767,109.778,109.809,109.812
2017-09-04 09:00:00,109.778,109.789,109.383,109.483,109.778,109.778
2017-09-04 10:00:00,109.483,109.607,109.407,109.479,109.483,109.486
2017-09-04 11:00:00,109.48,109.568,109.426,109.494,109.479,109.479
2017-09-04 12:00:00,109.493,109.56,109.446,109.55,109.493,109.496
2017-09-04 13:00:00,109.551,109.76,109.546,109.696,109.55,109.553
2017-09-04 14:00:00,109.695,109.739,109.665,109.689,109.694,109.698
2017-09-04 15:00:00,109.689,109.74,109.673,109.684,109.689,109.691
2017-09-04 16:00:00,109.683,109.684,109.545,109.588,109.683,109.688
2017-09-04 17:00:00,109.589,109.651,109.52,109.53,109.587,109.59
2017-09-04 18:00:00,109.529,109.603,109.486,109.602,109.53,109.532
2017-09-04 19:00:00,109.603,109.7,109.59,109.695,109.602,109.606
2017-09-04 20:00:00,109.695,109.707,109.551,109.609,109.701,109.702
2017-09-04 21:00:00,109.622,109.677,109.594,109.644,109.622,109.654
2017-09-04 22:00:00,109.643,109.662,109.598,109.626,109.643,109.664
2017-09-04 23:00:00,109.627,109.712,109.593,109.71,109.626,109.637
2017-09-05 00:00:00,109.721,109.722,109.65,109.677,109.72,109.76
2017-09-05 01:00:00,109.677,109.709,109.653,109.668,109.677,109.712
2017-09-05 02:00:00,109.669,109.834,109.665,109.807,109.665,109.672
2017-09-05 03:00:00,109.806,109.806,109.555,109.573,109.803,109.805
2017-09-05 04:00:00,109.572,109.594,109.461,109.54,109.572,109.575
2017-09-05 05:00:00,109.54,109.55,109.245,109.325,109.54,109.541
2017-09-05 06:00:00,109.326,109.35,109.203,109.272,109.325,109.328
2017-09-05 07:00:00,109.272,109.365,109.264,109.347,109.273,109.276
2017-09-05 08:00:00,109.348,109.365,109.275,109.307,109.347,109.351
2017-09-05 09:00:00,109.307,109.454,109.244,109.302,109.307,109.309
2017-09-05 10:00:00,109.302,109.498,109.27,109.452,109.302,109.302
2017-09-05 11:00:00,109.452,109.555,109.408,109.42,109.452,109.456
2017-09-05 12:00:00,109.42,109.463,109.367,109.388,109.42,109.424
2017-09-05 13:00:00,109.387,109.401,109.274,109.308,109.387,109.39
2017-09-05 14:00:00,109.309,109.433,109.299,109.367,109.308,109.309
2017-09-05 15:00:00,109.367,109.374,109.134,109.179,109.368,109.37
2017-09-05 16:00:00,109.179,109.263,109.127,109.25,109.179,109.182
2017-09-05 17:00:00,109.248,109.252,108.839,108.865,109.247,109.253
2017-09-05 18:00:00,108.865,108.978,108.82,108.945,108.865,108.865
2017-09-05 19:00:00,108.946,108.952,108.683,108.748,108.947,108.948
2017-09-05 20:00:00,108.749,108.848,108.643,108.844,108.749,108.749
2017-09-05 21:00:00,108.845,108.871,108.638,108.657,108.844,108.844
2017-09-05 22:00:00,108.658,108.778,108.63,108.773,108.659,108.66
2017-09-05 23:00:00,108.773,108.883,108.753,108.808,108.773,108.775
2017-09-06 00:00:00,108.796,108.812,108.694,108.735,108.799,108.813
2017-09-06 01:00:00,108.735,108.749,108.513,108.582,108.736,108.748
2017-09-06 02:00:00,108.583,108.639,108.547,108.608,108.583,108.586
2017-09-06 03:00:00,108.608,108.779,108.504,108.649,108.606,108.609
2017-09-06 04:00:00,108.649,108.8,108.618,108.738,108.648,108.651
2017-09-06 05:00:00,108.738,108.775,108.67,108.701,108.739,108.741
2017-09-06 06:00:00,108.702,108.716,108.601,108.653,108.703,108.705
2017-09-06 07:00:00,108.652,108.743,108.645,108.695,108.652,108.654
2017-09-06 08:00:00,108.695,108.735,108.651,108.716,108.695,108.698
2017-09-06 09:00:00,108.717,108.808,108.67,108.677,108.718,108.719
2017-09-06 10:00:00,108.677,108.844,108.499,108.783,108.676,108.68
2017-09-06 11:00:00,108.782,108.796,108.668,108.689,108.782,108.786
2017-09-06 12:00:00,108.688,108.807,108.447,108.761,108.687,108.69
2017-09-06 13:00:00,108.76,108.957,108.716,108.852,108.759,108.763
2017-09-06 14:00:00,108.852,108.93,108.828,108.875,108.852,108.854
2017-09-06 15:00:00,108.875,108.922,108.825,108.86,108.875,108.878
2017-09-06 16:00:00,108.859,109.084,108.837,109.049,108.858,108.858
2017-09-06 17:00:00,109.048,109.175,108.781,108.818,109.047,109.052
2017-09-06 18:00:00,108.816,108.89,108.716,108.757,108.818,108.818
2017-09-06 19:00:00,108.756,109.163,108.706,109.14,108.756,108.757
2017-09-06 20:00:00,109.14,109.382,109.134,109.304,109.139,109.141
2017-09-06 21:00:00,109.304,109.396,109.254,109.334,109.303,109.305
2017-09-06 22:00:00,109.333,109.383,109.281,109.329,109.333,109.336
2017-09-06 23:00:00,109.325,109.349,109.174,109.241,109.324,109.327
2017-09-07 00:00:00,109.218,109.263,109.184,109.245,109.219,109.276
2017-09-07 01:00:00,109.243,109.263,109.172,109.18,109.248,109.249
2017-09-07 02:00:00,109.178,109.249,109.121,109.161,109.179,109.185
2017-09-07 03:00:00,109.16,109.189,108.89,109.138,109.16,109.16
2017-09-07 04:00:00,109.14,109.221,109.075,109.106,109.142,109.145
2017-09-07 05:00:00,109.106,109.125,109.067,109.095,109.105,109.108
2017-09-07 06:00:00,109.094,109.124,109.052,109.074,109.094,109.096
2017-09-07 07:00:00,109.073,109.09,109.006,109.061,109.075,109.076
2017-09-07 08:00:00,109.061,109.062,109.012,109.019,109.061,109.063
2017-09-07 09:00:00,109.019,109.112,109.018,109.072,109.019,109.022
2017-09-07 10:00:00,109.072,109.072,108.922,108.998,109.071,109.074
2017-09-07 11:00:00,108.999,109.039,108.896,108.941,108.999,109.002
2017-09-07 12:00:00,108.941,108.977,108.837,108.869,108.941,108.944
2017-09-07 13:00:00,108.869,108.904,108.833,108.89,108.869,108.872
2017-09-07 14:00:00,108.89,108.93,108.823,108.886,108.89,108.892
2017-09-07 15:00:00,108.887,108.908,108.721,108.723,108.885,108.888
2017-09-07 16:00:00,108.723,108.967,108.641,108.766,108.723,108.724
2017-09-07 17:00:00,108.769,108.778,108.373,108.414,108.771,108.773
2017-09-07 18:00:00,108.413,108.479,108.047,108.266,108.413,108.414
2017-09-07 19:00:00,108.266,108.542,108.205,108.497,108.267,108.269
2017-09-07 20:00:00,108.497,108.632,108.45,108.526,108.496,108.496
2017-09-07 21:00:00,108.526,108.711,108.501,108.69,108.526,108.528
2017-09-07 22:00:00,108.69,108.691,108.437,108.47,108.691,108.691
2017-09-07 23:00:00,108.47,108.55,108.427,108.461,108.47,108.473
2017-09-08 00:00:00,108.418,108.46,108.381,108.388,108.426,108.464
2017-09-08 01:00:00,108.386,108.439,108.273,108.43,108.385,108.394
2017-09-08 02:00:00,108.429,108.437,108.266,108.284,108.43,108.432
2017-09-08 03:00:00,108.282,108.413,108.137,108.319,108.28,108.281
2017-09-08 04:00:00,108.32,108.486,108.273,108.391,108.322,108.323
2017-09-08 05:00:00,108.39,108.427,108.044,108.199,108.388,108.391
2017-09-08 06:00:00,108.199,108.245,108.073,108.131,108.2,108.203
2017-09-08 07:00:00,108.131,108.214,108.068,108.068,108.131,108.135
2017-09-08 08:00:00,108.065,108.074,107.636,107.755,108.065,108.065
2017-09-08 09:00:00,107.754,107.865,107.622,107.666,107.754,107.756
2017-09-08 10:00:00,107.665,107.794,107.582,107.746,107.663,107.667
2017-09-08 11:00:00,107.746,107.767,107.566,107.695,107.746,107.746
2017-09-08 12:00:00,107.696,107.765,107.671,107.691,107.697,107.699
2017-09-08 13:00:00,107.69,107.693,107.359,107.393,107.69,107.692
2017-09-08 14:00:00,107.393,107.476,107.36,107.407,107.394,107.395
2017-09-08 15:00:00,107.406,107.756,107.317,107.703,107.407,107.408
2017-09-08 16:00:00,107.702,107.951,107.664,107.908,107.703,107.704
2017-09-08 17:00:00,107.909,108.077,107.762,107.918,107.909,107.915
2017-09-08 18:00:00,107.921,107.922,107.691,107.713,107.92,107.92
2017-09-08 19:00:00,107.711,107.887,107.68,107.87,107.71,107.713
2017-09-08 20:00:00,107.869,107.887,107.755,107.762,107.867,107.87
2017-09-08 21:00:00,107.762,107.823,107.749,107.807,107.762,107.766
2017-09-08 22:00:00,107.806,107.808,107.628,107.773,107.805,107.808
2017-09-08 23:00:00,107.772,107.849,107.759,107.83,107.773,107.774
2017-09-11 00:00:00,108.171,108.327,108.116,108.234,108.171,108.213
2017-09-11 01:00:00,108.234,108.492,108.227,108.348,108.232,108.246
2017-09-11 02:00:00,108.348,108.362,108.164,108.245,108.348,108.349
2017-09-11 03:00:00,108.244,108.477,108.214,108.432,108.247,108.249
2017-09-11 04:00:00,108.432,108.565,108.376,108.433,108.431,108.434
2017-09-11 05:00:00,108.434,108.472,108.366,108.392,108.433,108.434
2017-09-11 06:00:00,108.392,108.459,108.374,108.44,108.393,108.393
2017-09-11 07:00:00,108.441,108.45,108.38,108.384,108.44,108.443
2017-09-11 08:00:00,108.383,108.405,108.329,108.346,108.384,108.386
2017-09-11 09:00:00,108.347,108.615,108.323,108.537,108.345,108.348
2017-09-11 10:00:00,108.538,108.61,108.411,108.419,108.538,108.54
2017-09-11 11:00:00,108.42,108.523,108.408,108.42,108.419,108.422
2017-09-11 12:00:00,108.42,108.504,108.37,108.484,108.42,108.423
2017-09-11 13:00:00,108.484,108.538,108.458,108.529,108.484,108.486
2017-09-11 14:00:00,108.53,108.661,108.51,108.591,108.529,108.532
2017-09-11 15:00:00,108.591,108.815,108.576,108.731,108.591,108.594
2017-09-11 16:00:00,108.73,108.887,108.724,108.783,108.731,108.734
2017-09-11 17:00:00,108.782,108.931,108.747,108.889,108.782,108.785
2017-09-11 18:00:00,108.89,109.107,108.859,109.04,108.89,108.891
2017-09-11 19:00:00,109.04,109.186,109.018,109.084,109.04,109.043
2017-09-11 20:00:00,109.084,109.401,109.081,109.37,109.085,109.087
2017-09-11 21:00:00,109.37,109.38,109.272,109.347,109.37,109.373
2017-09-11 22:00:00,109.347,109.501,109.326,109.473,109.347,109.348
2017-09-11 23:00:00,109.474,109.505,109.368,109.376,109.474,109.476
2017-09-12 00:00:00,109.396,109.449,109.364,109.373,109.396,109.414
2017-09-12 01:00:00,109.373,109.373,109.239,109.269,109.373,109.379
2017-09-12 02:00:00,109.271,109.409,109.267,109.401,109.27,109.274
2017-09-12 03:00:00,109.402,109.585,109.364,109.54,109.406,109.406
2017-09-12 04:00:00,109.539,109.547,109.319,109.347,109.539,109.541
2017-09-12 05:00:00,109.347,109.394,109.288,109.297,109.346,109.349
2017-09-12 06:00:00,109.295,109.387,109.293,109.366,109.295,109.298
2017-09-12 07:00:00,109.367,109.415,109.31,109.376,109.37,109.372
2017-09-12 08:00:00,109.376,109.462,109.359,109.391,109.377,109.378
2017-09-12 09:00:00,109.391,109.599,109.296,109.55,109.392,109.394
2017-09-12 10:00:00,109.549,109.597,109.483,109.543,109.548,109.548
2017-09-12 11:00:00,109.542,109.745,109.54,109.71,109.543,109.545
2017-09-12 12:00:00,109.709,109.758,109.667,109.696,109.711,109.713
2017-09-12 13:00:00,109.695,109.851,109.689,109.81,109.694,109.697
2017-09-12 14:00:00,109.809,109.89,109.769,109.847,109.809,109.811
2017-09-12 15:00:00,109.845,109.991,109.667,109.957,109.844,109.844
2017-09-12 16:00:00,109.957,110.1,109.883,110.043,109.957,109.958
2017-09-12 17:00:00,110.044,110.075,109.815,109.916,110.043,110.043
2017-09-12 18:00:00,109.918,110.102,109.863,110.019,109.918,109.919
2017-09-12 19:00:00,110.02,110.199,109.981,110.043,110.019,110.021
2017-09-12 20:00:00,110.043,110.156,110.003,110.059,110.042,110.044
2017-09-12 21:00:00,110.058,110.138,109.921,110.103,110.056,110.057
2017-09-12 22:00:00,110.104,110.254,110.072,110.204,110.103,110.105
2017-09-12 23:00:00,110.205,110.208,110.132,110.166,110.206,110.208
2017-09-13 00:00:00,110.151,110.18,110.099,110.155,110.124,110.184
2017-09-13 01:00:00,110.156,110.25,110.131,110.218,110.155,110.164
2017-09-13 02:00:00,110.22,110.293,110.196,110.23,110.22,110.222
2017-09-13 03:00:00,110.231,110.257,110.055,110.158,110.232,110.235
2017-09-13 04:00:00,110.158,110.199,110.055,110.063,110.158,110.158
2017-09-13 05:00:00,110.063,110.077,109.981,110.032,110.064,110.066
2017-09-13 06:00:00,110.032,110.101,110.03,110.048,110.033,110.035
2017-09-13 07:00:00,110.049,110.151,110.046,110.126,110.05,110.052
2017-09-13 08:00:00,110.125,110.16,110.053,110.062,110.125,110.127
2017-09-13 09:00:00,110.061,110.132,109.997,110.083,110.062,110.064
2017-09-13 10:00:00,110.083,110.115,109.902,109.941,110.083,110.084
2017-09-13 11:00:00,109.942,110.06,109.911,110.043,109.942,109.945
2017-09-13 12:00:00,110.043,110.158,110.039,110.065,110.044,110.047
2017-09-13 13:00:00,110.066,110.067,109.939,109.952,110.066,110.07
2017-09-13 14:00:00,109.952,110.112,109.942,110.079,109.952,109.955
2017-09-13 15:00:00,110.079,110.157,109.946,110.129,110.079,110.08
2017-09-13 16:00:00,110.129,110.359,110.097,110.348,110.129,110.131
2017-09-13 17:00:00,110.348,110.595,110.295,110.594,110.351,110.351
2017-09-13 18:00:00,110.594,110.691,110.559,110.574,110.595,110.595
2017-09-13 19:00:00,110.573,110.676,110.551,110.669,110.574,110.576
2017-09-13 20:00:00,110.669,110.688,110.375,110.512,110.669,110.67
2017-09-13 21:00:00,110.513,110.674,110.503,110.66,110.512,110.515
2017-09-13 22:00:00,110.66,110.673,110.591,110.629,110.66,110.662
2017-09-13 23:00:00,110.629,110.641,110.449,110.489,110.63,110.63
2017-09-14 00:00:00,110.474,110.512,110.448,110.494,110.478,110.5
2017-09-14 01:00:00,110.493,110.541,110.488,110.497,110.493,110.503
2017-09-14 02:00:00,110.497,110.55,110.459,110.497,110.496,110.496
2017-09-14 03:00:00,110.497,110.628,110.411,110.572,110.5,110.502
2017-09-14 04:00:00,110.571,110.734,110.563,110.687,110.571,110.572
2017-09-14 05:00:00,110.686,110.687,110.448,110.536,110.684,110.688
2017-09-14 06:00:00,110.536,110.545,110.449,110.498,110.537,110.539
2017-09-14 07:00:00,110.497,110.524,110.428,110.461,110.5,110.5
2017-09-14 08:00:00,110.461,110.511,110.447,110.486,110.461,110.463
2017-09-14 09:00:00,110.485,110.574,110.39,110.444,110.485,110.487
2017-09-14 10:00:00,110.444,110.495,110.358,110.407,110.445,110.447
2017-09-14 11:00:00,110.407,110.438,110.353,110.394,110.406,110.41
2017-09-14 12:00:00,110.393,110.45,110.362,110.423,110.394,110.396
2017-09-14 13:00:00,110.422,110.452,110.384,110.42,110.423,110.425
2017-09-14 14:00:00,110.419,110.745,110.379,110.712,110.42,110.425
2017-09-14 15:00:00,110.711,111.042,110.313,110.454,110.712,110.714
2017-09-14 16:00:00,110.455,110.798,110.445,110.596,110.454,110.457
2017-09-14 17:00:00,110.595,110.74,110.526,110.702,110.594,110.596
2017-09-14 18:00:00,110.702,110.719,110.613,110.666,110.702,110.705
2017-09-14 19:00:00,110.666,110.742,110.658,110.739,110.666,110.668
2017-09-14 20:00:00,110.739,110.739,110.455,110.482,110.738,110.739
2017-09-14 21:00:00,110.483,110.568,110.474,110.568,110.483,110.485
2017-09-14 22:00:00,110.57,110.618,110.464,110.509,110.568,110.57
2017-09-14 23:00:00,110.51,110.514,110.064,110.235,110.51,110.51
2017-09-15 00:00:00,110.234,110.276,110.155,110.233,110.234,110.259
2017-09-15 01:00:00,110.233,110.288,109.549,109.942,110.233,110.242
2017-09-15 02:00:00,109.943,110.105,109.887,109.94,109.94,109.948
2017-09-15 03:00:00,109.94,110.25,109.902,110.197,109.94,109.942
2017-09-15 04:00:00,110.197,110.249,110.13,110.187,110.197,110.2
2017-09-15 05:00:00,110.186,110.208,110.086,110.137,110.187,110.189
2017-09-15 06:00:00,110.137,110.434,110.1,110.367,110.136,110.139
2017-09-15 07:00:00,110.367,110.446,110.346,110.348,110.366,110.369
2017-09-15 08:00:00,110.347,110.505,110.347,110.43,110.348,110.35
2017-09-15 09:00:00,110.43,110.728,110.426,110.667,110.431,110.436
2017-09-15 10:00:00,110.668,110.785,110.644,110.705,110.668,110.67
2017-09-15 11:00:00,110.704,110.85,110.662,110.716,110.706,110.706
2017-09-15 12:00:00,110.716,111.324,110.667,111.219,110.716,110.72
2017-09-15 13:00:00,111.218,111.334,111.187,111.23,111.219,111.223
2017-09-15 14:00:00,111.23,111.297,111.191,111.245,111.23,111.233
2017-09-15 15:00:00,111.246,111.247,110.708,110.708,111.245,111.247
2017-09-15 16:00:00,110.708,110.928,110.617,110.709,110.708,110.71
2017-09-15 17:00:00,110.71,111.072,110.7,111.047,110.708,110.713
2017-09-15 18:00:00,111.048,111.098,110.797,110.835,111.048,111.048
2017-09-15 19:00:00,110.836,110.903,110.759,110.808,110.835,110.838
2017-09-15 20:00:00,110.808,110.894,110.801,110.857,110.807,110.81
2017-09-15 21:00:00,110.857,110.952,110.835,110.868,110.857,110.858
2017-09-15 22:00:00,110.868,110.911,110.825,110.833,110.869,110.871
2017-09-15 23:00:00,110.834,110.9,110.821,110.84,110.833,110.836
2017-09-18 00:00:00,111.056,111.174,111.022,111.129,111.056,111.116
2017-09-18 01:00:00,111.133,111.139,110.997,111.033,111.134,111.144
2017-09-18 02:00:00,111.033,111.238,111.022,111.177,111.035,111.036
2017-09-18 03:00:00,111.178,111.255,111.13,111.223,111.177,111.179
2017-09-18 04:00:00,111.222,111.254,111.179,111.193,111.221,111.224
2017-09-18 05:00:00,111.192,111.224,111.136,111.206,111.191,111.194
2017-09-18 06:00:00,111.205,111.22,111.138,111.16,111.204,111.208
2017-09-18 07:00:00,111.16,111.178,111.134,111.162,111.16,111.162
2017-09-18 08:00:00,111.163,111.187,111.15,111.176,111.163,111.167
2017-09-18 09:00:00,111.175,111.403,111.167,111.365,111.175,111.177
2017-09-18 10:00:00,111.364,111.427,111.287,111.41,111.363,111.367
2017-09-18 11:00:00,111.41,111.428,111.293,111.332,111.409,111.413
2017-09-18 12:00:00,111.331,111.402,111.253,111.278,111.33,111.332
2017-09-18 13:00:00,111.278,111.318,111.188,111.23,111.278,111.279
2017-09-18 14:00:00,111.231,111.379,111.172,111.367,111.232,111.232
2017-09-18 15:00:00,111.367,111.448,111.34,111.423,111.368,111.369
2017-09-18 16:00:00,111.422,111.49,111.373,111.4,111.423,111.425
2017-09-18 17:00:00,111.399,111.575,111.344,111.566,111.398,111.402
2017-09-18 18:00:00,111.566,111.597,111.463,111.477,111.567,111.567
2017-09-18 19:00:00,111.476,111.577,111.475,111.551,111.475,111.477
2017-09-18 20:00:00,111.55,111.62,111.525,111.617,111.55,111.552
2017-09-18 21:00:00,111.617,111.663,111.388,111.478,111.617,111.617
2017-09-18 22:00:00,111.478,111.555,111.401,111.444,111.478,111.48
2017-09-18 23:00:00,111.444,111.608,111.441,111.563,111.446,111.446
2017-09-19 00:00:00,111.568,111.576,111.453,111.553,111.562,111.574
2017-09-19 01:00:00,111.552,111.567,111.455,111.487,111.552,111.562
2017-09-19 02:00:00,111.487,111.559,111.403,111.486,111.485,111.488
2017-09-19 03:00:00,111.485,111.515,111.374,111.443,111.486,111.488
2017-09-19 04:00:00,111.441,111.555,111.373,111.54,111.441,111.443
2017-09-19 05:00:00,111.541,111.601,111.493,111.515,111.545,111.547
2017-09-19 06:00:00,111.516,111.537,111.452,111.49,111.515,111.519
2017-09-19 07:00:00,111.489,111.675,111.486,111.627,111.489,111.489
2017-09-19 08:00:00,111.626,111.871,111.622,111.833,111.627,111.629
2017-09-19 09:00:00,111.833,111.881,111.661,111.7,111.833,111.835
2017-09-19 10:00:00,111.701,111.81,111.692,111.699,111.702,111.704
2017-09-19 11:00:00,111.7,111.741,111.551,111.563,111.702,111.702
2017-09-19 12:00:00,111.563,111.69,111.553,111.67,111.563,111.567
2017-09-19 13:00:00,111.67,111.691,111.573,111.579,111.671,111.671
2017-09-19 14:00:00,111.58,111.604,111.456,111.51,111.58,111.583
2017-09-19 15:00:00,111.51,111.568,111.35,111.422,111.512,111.512
2017-09-19 16:00:00,111.422,111.459,111.244,111.256,111.423,111.425
2017-09-19 17:00:00,111.257,111.498,111.202,111.482,111.257,111.261
2017-09-19 18:00:00,111.483,111.604,111.446,111.49,111.482,111.483
2017-09-19 19:00:00,111.491,111.833,111.482,111.749,111.492,111.492
2017-09-19 20:00:00,111.749,111.763,111.518,111.533,111.749,111.751
2017-09-19 21:00:00,111.533,111.558,111.426,111.509,111.53,111.53
2017-09-19 22:00:00,111.509,111.535,111.467,111.505,111.507,111.51
2017-09-19 23:00:00,111.504,111.646,111.499,111.595,111.503,111.506
2017-09-20 00:00:00,111.586,111.59,111.525,111.573,111.584,111.593
2017-09-20 01:00:00,111.572,111.615,111.537,111.558,111.57,111.579
2017-09-20 02:00:00,111.557,111.628,111.471,111.591,111.556,111.56
2017-09-20 03:00:00,111.592,111.647,111.504,111.557,111.591,111.591
2017-09-20 04:00:00,111.557,111.583,111.446,111.486,111.556,111.556
2017-09-20 05:00:00,111.487,111.529,111.447,111.524,111.488,111.488
2017-09-20 06:00:00,111.526,111.559,111.448,111.471,111.527,111.527
2017-09-20 07:00:00,111.472,111.527,111.434,111.452,111.473,111.475
2017-09-20 08:00:00,111.453,111.486,111.412,111.439,111.452,111.453
2017-09-20 09:00:00,111.44,111.487,111.334,111.472,111.441,111.443
2017-09-20 10:00:00,111.471,111.527,111.388,111.394,111.471,111.475
2017-09-20 11:00:00,111.393,111.455,111.337,111.358,111.393,111.395
2017-09-20 12:00:00,111.357,111.377,111.247,111.328,111.357,111.36
2017-09-20 13:00:00,111.328,111.347,111.233,111.26,111.328,111.332
2017-09-20 14:00:00,111.261,111.357,111.237,111.305,111.26,111.263
2017-09-20 15:00:00,111.304,111.458,111.251,111.424,111.303,111.305
2017-09-20 16:00:00,111.423,111.475,111.358,111.459,111.424,111.427
2017-09-20 17:00:00,111.459,111.5,111.373,111.423,111.458,111.465
2017-09-20 18:00:00,111.423,111.538,111.387,111.499,111.424,111.425
2017-09-20 19:00:00,111.498,111.512,111.387,111.392,111.498,111.501
2017-09-20 20:00:00,111.391,111.458,111.294,111.367,111.391,111.393
2017-09-20 21:00:00,111.367,112.413,111.098,112.335,111.368,111.429
2017-09-20 22:00:00,112.333,112.534,112.226,112.307,112.331,112.333
2017-09-20 23:00:00,112.308,112.314,112.092,112.177,112.307,112.309
2017-09-21 00:00:00,112.206,112.332,112.19,112.293,112.205,112.22
2017-09-21 01:00:00,112.292,112.436,112.27,112.367,112.293,112.302
2017-09-21 02:00:00,112.366,112.577,112.332,112.547,112.367,112.371
2017-09-21 03:00:00,112.547,112.647,112.444,112.484,112.548,112.55
2017-09-21 04:00:00,112.485,112.571,112.425,112.495,112.485,112.489
2017-09-21 05:00:00,112.495,112.572,112.414,112.425,112.496,112.497
2017-09-21 06:00:00,112.425,112.547,112.352,112.447,112.424,112.427
2017-09-21 07:00:00,112.446,112.485,112.396,112.441,112.445,112.447
2017-09-21 08:00:00,112.441,112.505,112.416,112.429,112.441,112.444
2017-09-21 09:00:00,112.428,112.716,112.366,112.651,112.429,112.43
2017-09-21 10:00:00,112.65,112.709,112.54,112.546,112.652,112.653
2017-09-21 11:00:00,112.546,112.572,112.251,112.312,112.546,112.547
2017-09-21 12:00:00,112.313,112.458,112.298,112.451,112.313,112.314
2017-09-21 13:00:00,112.452,112.548,112.426,112.542,112.451,112.454
2017-09-21 14:00:00,112.543,112.552,112.446,112.47,112.542,112.544
2017-09-21 15:00:00,112.47,112.538,112.326,112.353,112.47,112.472
2017-09-21 16:00:00,112.353,112.382,112.134,112.253,112.353,112.356
2017-09-21 17:00:00,112.253,112.453,112.238,112.449,112.253,112.256
2017-09-21 18:00:00,112.45,112.451,112.263,112.295,112.451,112.451
2017-09-21 19:00:00,112.295,112.444,112.269,112.427,112.295,112.296
2017-09-21 20:00:00,112.426,112.522,112.403,112.508,112.428,112.431
2017-09-21 21:00:00,112.509,112.597,112.485,112.575,112.508,112.511
2017-09-21 22:00:00,112.575,112.575,112.504,112.571,112.575,112.575
2017-09-21 23:00:00,112.573,112.592,112.482,112.484,112.572,112.574
2017-09-22 00:00:00,112.459,112.493,112.4,112.404,112.463,112.486
2017-09-22 01:00:00,112.404,112.469,112.402,112.461,112.404,112.413
2017-09-22 02:00:00,112.46,112.488,112.434,112.457,112.461,112.465
2017-09-22 03:00:00,112.458,112.554,112.213,112.256,112.46,112.461
2017-09-22 04:00:00,112.257,112.277,111.959,112.087,112.255,112.257
2017-09-22 05:00:00,112.088,112.145,111.653,111.719,112.087,112.088
2017-09-22 06:00:00,111.721,111.832,111.669,111.811,111.722,111.724
2017-09-22 07:00:00,111.811,111.847,111.734,111.804,111.812,111.814
2017-09-22 08:00:00,111.804,111.99,111.794,111.965,111.804,111.808
2017-09-22 09:00:00,111.964,112.085,111.834,111.885,111.964,111.967
2017-09-22 10:00:00,111.885,112.079,111.876,112.014,111.884,111.887
2017-09-22 11:00:00,112.011,112.059,111.95,112.042,112.01,112.014
2017-09-22 12:00:00,112.041,112.092,111.929,111.963,112.041,112.045
2017-09-22 13:00:00,111.963,112.045,111.901,112.022,111.965,111.965
2017-09-22 14:00:00,112.022,112.08,111.958,112.021,112.022,112.023
2017-09-22 15:00:00,112.022,112.174,111.983,112.037,112.022,112.023
2017-09-22 16:00:00,112.036,112.062,111.866,111.961,112.035,112.039
2017-09-22 17:00:00,111.96,111.98,111.85,111.932,111.961,111.964
2017-09-22 18:00:00,111.932,112.059,111.921,112.012,111.931,111.933
2017-09-22 19:00:00,112.013,112.157,111.994,112.107,112.013,112.014
2017-09-22 20:00:00,112.107,112.154,112.052,112.077,112.107,112.109
2017-09-22 21:00:00,112.077,112.082,111.972,112.045,112.078,112.08
2017-09-22 22:00:00,112.045,112.107,112.017,112.037,112.045,112.046
2017-09-22 23:00:00,112.04,112.092,111.96,111.993,112.042,112.042
2017-09-25 00:00:00,112.142,112.229,112.142,112.165,112.144,112.203
2017-09-25 01:00:00,112.169,112.388,112.118,112.341,112.171,112.184
2017-09-25 02:00:00,112.34,112.48,112.263,112.444,112.34,112.343
2017-09-25 03:00:00,112.444,112.53,112.409,112.458,112.444,112.446
2017-09-25 04:00:00,112.458,112.486,112.303,112.335,112.459,112.46
2017-09-25 05:00:00,112.334,112.36,112.255,112.286,112.335,112.335
2017-09-25 06:00:00,112.287,112.288,112.164,112.23,112.288,112.29
2017-09-25 07:00:00,112.229,112.279,112.17,112.252,112.228,112.232
2017-09-25 08:00:00,112.252,112.283,112.15,112.231,112.251,112.254
2017-09-25 09:00:00,112.231,112.322,112.092,112.241,112.231,112.233
2017-09-25 10:00:00,112.24,112.308,112.172,112.239,112.241,112.243
2017-09-25 11:00:00,112.239,112.271,112.087,112.119,112.239,112.243
2017-09-25 12:00:00,112.118,112.159,111.942,112.06,112.12,112.121
2017-09-25 13:00:00,112.06,112.117,111.979,112.112,112.06,112.063
2017-09-25 14:00:00,112.112,112.199,112.092,112.16,112.112,112.114
2017-09-25 15:00:00,112.16,112.333,112.16,112.228,112.163,112.163
2017-09-25 16:00:00,112.228,112.331,112.187,112.193,112.228,112.232
2017-09-25 17:00:00,112.193,112.298,111.777,111.822,112.193,112.193
2017-09-25 18:00:00,111.822,111.827,111.566,111.627,111.825,111.826
2017-09-25 19:00:00,111.626,111.679,111.474,111.565,111.626,111.627
2017-09-25 20:00:00,111.566,111.707,111.561,111.674,111.565,111.568
2017-09-25 21:00:00,111.673,111.695,111.582,111.608,111.673,111.676
2017-09-25 22:00:00,111.607,111.728,111.556,111.657,111.607,111.61
2017-09-25 23:00:00,111.656,111.728,111.65,111.716,111.657,111.658
2017-09-26 00:00:00,111.723,111.753,111.636,111.716,111.725,111.741
2017-09-26 01:00:00,111.714,111.782,111.669,111.722,111.715,111.722
2017-09-26 02:00:00,111.722,111.8,111.72,111.737,111.724,111.726
2017-09-26 03:00:00,111.738,111.764,111.556,111.605,111.739,111.741
2017-09-26 04:00:00,111.605,111.681,111.534,111.625,111.604,111.606
2017-09-26 05:00:00,111.626,111.712,111.6,111.611,111.625,111.628
2017-09-26 06:00:00,111.611,111.634,111.53,111.53,111.611,111.613
2017-09-26 07:00:00,111.531,111.561,111.497,111.544,111.531,111.533
2017-09-26 08:00:00,111.543,111.591,111.507,111.552,111.542,111.545
2017-09-26 09:00:00,111.552,111.641,111.501,111.577,111.552,111.556
2017-09-26 10:00:00,111.578,111.773,111.571,111.757,111.578,111.58
2017-09-26 11:00:00,111.756,111.76,111.665,111.732,111.756,111.759
2017-09-26 12:00:00,111.733,111.738,111.663,111.683,111.732,111.734
2017-09-26 13:00:00,111.684,111.886,111.681,111.771,111.683,111.685
2017-09-26 14:00:00,111.772,111.967,111.747,111.951,111.771,111.772
2017-09-26 15:00:00,111.951,112.152,111.913,112.132,111.951,111.954
2017-09-26 16:00:00,112.132,112.229,112.095,112.182,112.132,112.136
2017-09-26 17:00:00,112.184,112.302,112.08,112.282,112.184,112.193
2017-09-26 18:00:00,112.282,112.29,112.085,112.179,112.283,112.283
2017-09-26 19:00:00,112.179,112.476,112.0,112.276,112.178,112.181
2017-09-26 20:00:00,112.275,112.333,112.127,112.133,112.274,112.278
2017-09-26 21:00:00,112.134,112.228,112.12,112.161,112.133,112.137
2017-09-26 22:00:00,112.16,112.307,112.16,112.239,112.163,112.166
2017-09-26 23:00:00,112.241,112.279,112.222,112.235,112.24,112.243
2017-09-27 00:00:00,112.223,112.258,112.219,112.238,112.226,112.266
2017-09-27 01:00:00,112.239,112.291,112.234,112.265,112.24,112.249
2017-09-27 02:00:00,112.265,112.43,112.264,112.385,112.264,112.268
2017-09-27 03:00:00,112.385,112.544,112.365,112.416,112.387,112.389
2017-09-27 04:00:00,112.415,112.457,112.271,112.38,112.415,112.417
2017-09-27 05:00:00,112.381,112.422,112.328,112.403,112.382,112.385
2017-09-27 06:00:00,112.404,112.43,112.339,112.362,112.403,112.405
2017-09-27 07:00:00,112.362,112.384,112.288,112.378,112.361,112.365
2017-09-27 08:00:00,112.375,112.452,112.343,112.446,112.375,112.375
2017-09-27 09:00:00,112.447,112.676,112.432,112.647,112.447,112.451
2017-09-27 10:00:00,112.644,112.831,112.622,112.681,112.643,112.645
2017-09-27 11:00:00,112.68,112.947,112.668,112.902,112.681,112.684
2017-09-27 12:00:00,112.901,112.962,112.816,112.836,112.903,112.905
2017-09-27 13:00:00,112.837,112.914,112.795,112.904,112.837,112.839
2017-09-27 14:00:00,112.903,113.02,112.885,112.897,112.903,112.904
2017-09-27 15:00:00,112.896,113.232,112.878,113.199,112.897,112.899
2017-09-27 16:00:00,113.2,113.257,113.045,113.119,113.199,113.2
2017-09-27 17:00:00,113.12,113.167,112.54,112.636,113.117,113.118
2017-09-27 18:00:00,112.634,112.788,112.582,112.762,112.633,112.636
2017-09-27 19:00:00,112.764,112.769,112.372,112.681,112.766,112.766
2017-09-27 20:00:00,112.68,112.821,112.646,112.81,112.68,112.683
2017-09-27 21:00:00,112.81,112.895,112.653,112.733,112.808,112.812
2017-09-27 22:00:00,112.732,112.869,112.726,112.788,112.732,112.734
2017-09-27 23:00:00,112.788,112.816,112.693,112.804,112.789,112.792
2017-09-28 00:00:00,112.818,112.849,112.74,112.806,112.818,112.857
2017-09-28 01:00:00,112.806,112.924,112.771,112.89,112.806,112.811
2017-09-28 02:00:00,112.889,112.907,112.821,112.886,112.888,112.891
2017-09-28 03:00:00,112.886,112.927,112.712,112.871,112.887,112.888
2017-09-28 04:00:00,112.872,112.893,112.72,112.887,112.871,112.875
2017-09-28 05:00:00,112.889,112.891,112.786,112.858,112.889,112.891
2017-09-28 06:00:00,112.856,113.096,112.85,113.028,112.857,112.858
2017-09-28 07:00:00,113.025,113.128,113.005,113.051,113.028,113.029
2017-09-28 08:00:00,113.052,113.159,112.932,113.101,113.05,113.052
2017-09-28 09:00:00,113.1,113.21,112.941,113.027,113.101,113.106
2017-09-28 10:00:00,113.028,113.121,112.731,112.825,113.027,113.027
2017-09-28 11:00:00,112.825,112.846,112.691,112.785,112.824,112.827
2017-09-28 12:00:00,112.784,112.858,112.705,112.742,112.784,112.786
2017-09-28 13:00:00,112.742,112.848,112.61,112.661,112.743,112.746
2017-09-28 14:00:00,112.661,112.737,112.61,112.646,112.661,112.665
2017-09-28 15:00:00,112.646,112.753,112.525,112.747,112.646,112.647
2017-09-28 16:00:00,112.748,112.758,112.493,112.522,112.746,112.749
2017-09-28 17:00:00,112.523,112.744,112.466,112.738,112.523,112.524
2017-09-28 18:00:00,112.737,112.762,112.574,112.662,112.736,112.737
2017-09-28 19:00:00,112.662,112.697,112.434,112.454,112.664,112.665
2017-09-28 20:00:00,112.452,112.497,112.388,112.457,112.453,112.455
2017-09-28 21:00:00,112.457,112.466,112.333,112.385,112.457,112.46
2017-09-28 22:00:00,112.386,112.465,112.379,112.434,112.388,112.388
2017-09-28 23:00:00,112.434,112.437,112.253,112.338,112.433,112.435
2017-09-29 00:00:00,112.322,112.332,112.266,112.305,112.332,112.353
2017-09-29 01:00:00,112.306,112.443,112.305,112.408,112.305,112.32
2017-09-29 02:00:00,112.409,112.504,112.353,112.48,112.406,112.409
2017-09-29 03:00:00,112.48,112.673,112.476,112.598,112.48,112.48
2017-09-29 04:00:00,112.598,112.649,112.524,112.574,112.598,112.601
2017-09-29 05:00:00,112.574,112.686,112.535,112.681,112.573,112.575
2017-09-29 06:00:00,112.681,112.692,112.591,112.606,112.681,112.681
2017-09-29 07:00:00,112.607,112.66,112.553,112.628,112.605,112.607
2017-09-29 08:00:00,112.628,112.69,112.587,112.677,112.63,112.633
2017-09-29 09:00:00,112.676,112.731,112.546,112.626,112.676,112.68
2017-09-29 10:00:00,112.626,112.676,112.357,112.451,112.627,112.63
2017-09-29 11:00:00,112.45,112.572,112.389,112.55,112.449,112.449
2017-09-29 12:00:00,112.551,112.556,112.464,112.495,112.553,112.554
2017-09-29 13:00:00,112.495,112.531,112.398,112.448,112.498,112.5
2017-09-29 14:00:00,112.447,112.519,112.42,112.476,112.447,112.448
2017-09-29 15:00:00,112.475,112.607,112.213,112.28,112.475,112.477
2017-09-29 16:00:00,112.281,112.736,112.238,112.671,112.28,112.283
2017-09-29 17:00:00,112.672,112.721,112.416,112.566,112.67,112.677
2017-09-29 18:00:00,112.567,112.672,112.517,112.662,112.566,112.568
2017-09-29 19:00:00,112.66,112.697,112.582,112.623,112.659,112.662
2017-09-29 20:00:00,112.624,112.678,112.509,112.563,112.626,112.628
2017-09-29 21:00:00,112.563,112.567,112.441,112.537,112.564,112.566
2017-09-29 22:00:00,112.537,112.552,112.426,112.522,112.534,112.536
2017-09-29 23:00:00,112.522,112.593,112.448,112.484,112.523,112.523
2017-10-02 00:00:00,112.631,112.632,112.445,112.488,112.631,112.675
2017-10-02 01:00:00,112.488,112.696,112.477,112.63,112.494,112.531
2017-10-02 02:00:00,112.63,112.698,112.617,112.656,112.63,112.632
2017-10-02 03:00:00,112.656,112.842,112.594,112.816,112.657,112.659
2017-10-02 04:00:00,112.816,112.914,112.796,112.87,112.815,112.818
2017-10-02 05:00:00,112.869,112.87,112.786,112.825,112.87,112.873
2017-10-02 06:00:00,112.824,112.863,112.794,112.809,112.825,112.827
2017-10-02 07:00:00,112.808,112.853,112.787,112.818,112.809,112.811
2017-10-02 08:00:00,112.818,112.921,112.815,112.875,112.82,112.823
2017-10-02 09:00:00,112.874,112.944,112.83,112.87,112.877,112.879
2017-10-02 10:00:00,112.872,113.059,112.837,112.984,112.872,112.874
2017-10-02 11:00:00,112.985,113.019,112.766,112.794,112.984,112.988
2017-10-02 12:00:00,112.793,112.899,112.786,112.884,112.793,112.797
2017-10-02 13:00:00,112.883,112.887,112.75,112.779,112.882,112.886
2017-10-02 14:00:00,112.778,112.882,112.763,112.841,112.778,112.781
2017-10-02 15:00:00,112.84,112.864,112.578,112.617,112.84,112.841
2017-10-02 16:00:00,112.617,112.697,112.532,112.676,112.616,112.619
2017-10-02 17:00:00,112.675,112.932,112.534,112.712,112.717,112.718
2017-10-02 18:00:00,112.711,112.75,112.593,112.609,112.713,112.714
2017-10-02 19:00:00,112.61,112.69,112.552,112.686,112.609,112.61
2017-10-02 20:00:00,112.687,112.768,112.673,112.689,112.686,112.689
2017-10-02 21:00:00,112.69,112.7,112.587,112.661,112.689,112.69
2017-10-02 22:00:00,112.661,112.752,112.572,112.742,112.662,112.664
2017-10-02 23:00:00,112.743,112.763,112.706,112.76,112.742,112.745
2017-10-03 00:00:00,112.751,112.752,112.628,112.716,112.751,112.789
2017-10-03 01:00:00,112.717,112.742,112.662,112.672,112.716,112.726
2017-10-03 02:00:00,112.673,112.799,112.669,112.774,112.674,112.675
2017-10-03 03:00:00,112.774,112.978,112.666,112.949,112.775,112.777
2017-10-03 04:00:00,112.948,113.173,112.91,113.149,112.947,112.95
2017-10-03 05:00:00,113.148,113.164,113.048,113.073,113.146,113.148
2017-10-03 06:00:00,113.074,113.18,113.028,113.143,113.074,113.077
2017-10-03 07:00:00,113.143,113.145,113.09,113.143,113.143,113.146
2017-10-03 08:00:00,113.144,113.195,113.064,113.146,113.143,113.147
2017-10-03 09:00:00,113.145,113.156,112.927,112.95,113.145,113.146
2017-10-03 10:00:00,112.951,113.146,112.95,113.098,112.953,112.954
2017-10-03 11:00:00,113.098,113.155,113.001,113.11,113.098,113.1
2017-10-03 12:00:00,113.11,113.142,113.013,113.014,113.109,113.114
2017-10-03 13:00:00,113.013,113.051,112.925,113.014,113.013,113.016
2017-10-03 14:00:00,113.013,113.049,112.926,113.03,113.013,113.016
2017-10-03 15:00:00,113.029,113.132,112.954,113.071,113.03,113.032
2017-10-03 16:00:00,113.071,113.084,112.808,112.819,113.072,113.073
2017-10-03 17:00:00,112.82,112.855,112.737,112.76,112.819,112.821
2017-10-03 18:00:00,112.76,112.85,112.693,112.799,112.759,112.759
2017-10-03 19:00:00,112.799,112.879,112.77,112.834,112.799,112.8
2017-10-03 20:00:00,112.834,112.878,112.793,112.853,112.834,112.835
2017-10-03 21:00:00,112.853,112.949,112.84,112.906,112.853,112.857
2017-10-03 22:00:00,112.905,112.923,112.847,112.85,112.904,112.907
2017-10-03 23:00:00,112.85,112.869,112.825,112.839,112.85,112.851
2017-10-04 00:00:00,112.843,112.904,112.818,112.887,112.841,112.858
2017-10-04 01:00:00,112.887,112.892,112.802,112.822,112.884,112.892
2017-10-04 02:00:00,112.822,112.885,112.818,112.854,112.823,112.826
2017-10-04 03:00:00,112.855,112.872,112.514,112.549,112.854,112.856
2017-10-04 04:00:00,112.55,112.668,112.508,112.65,112.549,112.55
2017-10-04 05:00:00,112.651,112.694,112.59,112.67,112.651,112.651
2017-10-04 06:00:00,112.67,112.704,112.626,112.676,112.67,112.672
2017-10-04 07:00:00,112.675,112.678,112.596,112.64,112.675,112.677
2017-10-04 08:00:00,112.64,112.653,112.478,112.556,112.64,112.643
2017-10-04 09:00:00,112.556,112.652,112.409,112.625,112.556,112.559
2017-10-04 10:00:00,112.625,112.648,112.502,112.52,112.626,112.626
2017-10-04 11:00:00,112.519,112.598,112.445,112.586,112.519,112.521
2017-10-04 12:00:00,112.585,112.586,112.501,112.507,112.586,112.588
2017-10-04 13:00:00,112.508,112.513,112.346,112.383,112.509,112.511
2017-10-04 14:00:00,112.384,112.468,112.321,112.37,112.383,112.387
2017-10-04 15:00:00,112.371,112.562,112.36,112.518,112.37,112.373
2017-10-04 16:00:00,112.517,112.684,112.494,112.643,112.516,112.519
2017-10-04 17:00:00,112.64,112.903,112.635,112.732,112.635,112.652
2017-10-04 18:00:00,112.732,112.881,112.704,112.834,112.732,112.735
2017-10-04 19:00:00,112.835,112.938,112.801,112.816,112.836,112.837
2017-10-04 20:00:00,112.815,112.865,112.744,112.766,112.816,112.819
2017-10-04 21:00:00,112.764,112.809,112.746,112.752,112.763,112.766
2017-10-04 22:00:00,112.753,112.777,112.68,112.725,112.75,112.754
2017-10-04 23:00:00,112.726,112.761,112.703,112.757,112.726,112.729
2017-10-05 00:00:00,112.75,112.802,112.706,112.79,112.748,112.761
2017-10-05 01:00:00,112.791,112.793,112.74,112.765,112.79,112.801
2017-10-05 02:00:00,112.764,112.843,112.727,112.819,112.765,112.771
2017-10-05 03:00:00,112.82,112.92,112.753,112.76,112.82,112.821
2017-10-05 04:00:00,112.76,112.787,112.692,112.756,112.761,112.764
2017-10-05 05:00:00,112.755,112.779,112.724,112.749,112.756,112.759
2017-10-05 06:00:00,112.749,112.764,112.735,112.753,112.749,112.75
2017-10-05 07:00:00,112.753,112.777,112.725,112.732,112.753,112.755
2017-10-05 08:00:00,112.733,112.75,112.705,112.715,112.732,112.736
2017-10-05 09:00:00,112.716,112.842,112.699,112.754,112.719,112.719
2017-10-05 10:00:00,112.754,112.82,112.616,112.692,112.755,112.759
2017-10-05 11:00:00,112.691,112.699,112.565,112.592,112.692,112.694
2017-10-05 12:00:00,112.592,112.642,112.554,112.611,112.591,112.594
2017-10-05 13:00:00,112.611,112.631,112.557,112.573,112.611,112.615
2017-10-05 14:00:00,112.572,112.584,112.425,112.495,112.572,112.574
2017-10-05 15:00:00,112.494,112.554,112.413,112.444,112.494,112.496
2017-10-05 16:00:00,112.444,112.661,112.422,112.601,112.444,112.445
2017-10-05 17:00:00,112.6,112.697,112.551,112.638,112.598,112.608
2017-10-05 18:00:00,112.639,112.782,112.628,112.75,112.638,112.64
2017-10-05 19:00:00,112.751,112.826,112.738,112.754,112.752,112.754
2017-10-05 20:00:00,112.754,112.818,112.727,112.786,112.756,112.757
2017-10-05 21:00:00,112.786,112.854,112.761,112.851,112.785,112.787
2017-10-05 22:00:00,112.852,112.88,112.778,112.843,112.851,112.852
2017-10-05 23:00:00,112.842,112.872,112.819,112.821,112.843,112.844
2017-10-06 00:00:00,112.809,112.836,112.773,112.787,112.81,112.829
2017-10-06 01:00:00,112.788,112.844,112.775,112.807,112.789,112.796
2017-10-06 02:00:00,112.808,112.838,112.759,112.789,112.807,112.81
2017-10-06 03:00:00,112.788,112.885,112.758,112.831,112.788,112.793
2017-10-06 04:00:00,112.83,112.87,112.805,112.837,112.829,112.833
2017-10-06 05:00:00,112.837,112.877,112.817,112.847,112.836,112.838
2017-10-06 06:00:00,112.848,112.879,112.826,112.876,112.848,112.851
2017-10-06 07:00:00,112.875,113.027,112.869,112.955,112.875,112.877
2017-10-06 08:00:00,112.954,112.996,112.929,112.947,112.952,112.956
2017-10-06 09:00:00,112.948,113.064,112.908,112.996,112.948,112.954
2017-10-06 10:00:00,112.995,113.045,112.955,113.002,112.994,112.996
2017-10-06 11:00:00,113.002,113.076,112.966,113.015,113.002,113.003
2017-10-06 12:00:00,113.016,113.036,112.937,112.948,113.016,113.018
2017-10-06 13:00:00,112.948,112.982,112.844,112.907,112.948,112.952
2017-10-06 14:00:00,112.906,112.985,112.898,112.928,112.906,112.907
2017-10-06 15:00:00,112.929,113.418,112.919,113.313,112.93,112.932
2017-10-06 16:00:00,113.315,113.438,113.178,113.376,113.315,113.317
2017-10-06 17:00:00,113.377,113.438,112.718,112.802,113.377,113.381
2017-10-06 18:00:00,112.804,112.892,112.645,112.695,112.806,112.806
2017-10-06 19:00:00,112.696,112.8,112.641,112.711,112.695,112.697
2017-10-06 20:00:00,112.712,112.78,112.657,112.658,112.713,112.715
2017-10-06 21:00:00,112.658,112.732,112.653,112.701,112.657,112.66
2017-10-06 22:00:00,112.702,112.71,112.642,112.662,112.703,112.706
2017-10-06 23:00:00,112.663,112.684,112.606,112.65,112.663,112.663
2017-10-09 00:00:00,112.59,112.673,112.487,112.673,112.59,112.629
2017-10-09 01:00:00,112.674,112.674,112.328,112.496,112.674,112.678
2017-10-09 02:00:00,112.497,112.563,112.485,112.546,112.496,112.499
2017-10-09 03:00:00,112.546,112.654,112.527,112.608,112.547,112.548
2017-10-09 04:00:00,112.607,112.671,112.553,112.633,112.607,112.609
2017-10-09 05:00:00,112.634,112.634,112.543,112.601,112.633,112.634
2017-10-09 06:00:00,112.601,112.659,112.597,112.646,112.601,112.605
2017-10-09 07:00:00,112.646,112.673,112.551,112.582,112.646,112.649
2017-10-09 08:00:00,112.583,112.609,112.556,112.587,112.583,112.587
2017-10-09 09:00:00,112.586,112.639,112.545,112.594,112.587,112.591
2017-10-09 10:00:00,112.595,112.701,112.579,112.68,112.595,112.597
2017-10-09 11:00:00,112.679,112.728,112.645,112.654,112.679,112.681
2017-10-09 12:00:00,112.655,112.655,112.585,112.598,112.654,112.657
2017-10-09 13:00:00,112.597,112.662,112.594,112.648,112.597,112.599
2017-10-09 14:00:00,112.649,112.704,112.618,112.666,112.649,112.651
2017-10-09 15:00:00,112.666,112.745,112.666,112.702,112.666,112.668
2017-10-09 16:00:00,112.703,112.734,112.646,112.679,112.703,112.707
2017-10-09 17:00:00,112.679,112.727,112.66,112.68,112.679,112.681
2017-10-09 18:00:00,112.681,112.691,112.623,112.645,112.681,112.682
2017-10-09 19:00:00,112.644,112.713,112.641,112.674,112.644,112.645
2017-10-09 20:00:00,112.675,112.696,112.632,112.689,112.674,112.676
2017-10-09 21:00:00,112.689,112.7,112.648,112.678,112.69,112.693
2017-10-09 22:00:00,112.675,112.685,112.508,112.571,112.674,112.676
2017-10-09 23:00:00,112.572,112.705,112.567,112.684,112.572,112.573
2017-10-10 00:00:00,112.671,112.674,112.624,112.658,112.672,112.689
2017-10-10 01:00:00,112.658,112.697,112.644,112.679,112.656,112.664
2017-10-10 02:00:00,112.679,112.694,112.654,112.678,112.678,112.681
2017-10-10 03:00:00,112.678,112.827,112.647,112.737,112.678,112.681
2017-10-10 04:00:00,112.736,112.8,112.606,112.627,112.735,112.737
2017-10-10 05:00:00,112.628,112.721,112.612,112.659,112.627,112.63
2017-10-10 06:00:00,112.658,112.693,112.638,112.68,112.659,112.659
2017-10-10 07:00:00,112.68,112.68,112.581,112.651,112.68,112.681
2017-10-10 08:00:00,112.65,112.679,112.616,112.656,112.651,112.654
2017-10-10 09:00:00,112.657,112.709,112.503,112.569,112.658,112.659
2017-10-10 10:00:00,112.569,112.672,112.524,112.553,112.569,112.572
2017-10-10 11:00:00,112.553,112.556,112.349,112.398,112.552,112.556
2017-10-10 12:00:00,112.397,112.444,112.362,112.373,112.396,112.399
2017-10-10 13:00:00,112.374,112.421,112.268,112.411,112.373,112.376
2017-10-10 14:00:00,112.41,112.478,112.314,112.333,112.411,112.413
2017-10-10 15:00:00,112.334,112.466,112.319,112.434,112.333,112.335
2017-10-10 16:00:00,112.434,112.466,112.155,112.192,112.433,112.433
2017-10-10 17:00:00,112.191,112.213,111.989,112.019,112.191,112.194
2017-10-10 18:00:00,112.022,112.17,112.007,112.15,112.024,112.024
2017-10-10 19:00:00,112.151,112.228,112.126,112.196,112.151,112.152
2017-10-10 20:00:00,112.195,112.303,112.119,112.288,112.194,112.196
2017-10-10 21:00:00,112.289,112.389,112.259,112.366,112.289,112.29
2017-10-10 22:00:00,112.365,112.438,112.346,112.404,112.366,112.367
2017-10-10 23:00:00,112.403,112.455,112.397,112.453,112.404,112.405
2017-10-11 00:00:00,112.439,112.463,112.365,112.37,112.439,112.456
2017-10-11 01:00:00,112.37,112.413,112.37,112.374,112.37,112.378
2017-10-11 02:00:00,112.374,112.406,112.325,112.353,112.373,112.376
2017-10-11 03:00:00,112.353,112.381,112.226,112.325,112.353,112.356
2017-10-11 04:00:00,112.326,112.452,112.281,112.43,112.327,112.328
2017-10-11 05:00:00,112.431,112.585,112.419,112.459,112.432,112.433
2017-10-11 06:00:00,112.459,112.493,112.419,112.465,112.459,112.461
2017-10-11 07:00:00,112.466,112.483,112.428,112.468,112.465,112.468
2017-10-11 08:00:00,112.466,112.471,112.354,112.385,112.466,112.468
2017-10-11 09:00:00,112.385,112.393,112.332,112.385,112.385,112.387
2017-10-11 10:00:00,112.386,112.436,112.253,112.287,112.385,112.388
2017-10-11 11:00:00,112.288,112.327,112.19,112.233,112.287,112.29
2017-10-11 12:00:00,112.233,112.291,112.195,112.23,112.233,112.235
2017-10-11 13:00:00,112.23,112.269,112.199,112.23,112.229,112.233
2017-10-11 14:00:00,112.229,112.336,112.202,112.229,112.229,112.231
2017-10-11 15:00:00,112.229,112.229,112.079,112.141,112.229,112.23
2017-10-11 16:00:00,112.14,112.239,112.107,112.173,112.141,112.143
2017-10-11 17:00:00,112.174,112.296,112.126,112.268,112.173,112.176
2017-10-11 18:00:00,112.267,112.463,112.237,112.354,112.266,112.268
2017-10-11 19:00:00,112.352,112.481,112.341,112.415,112.351,112.354
2017-10-11 20:00:00,112.416,112.571,112.398,112.565,112.416,112.418
2017-10-11 21:00:00,112.564,112.569,112.33,112.407,112.562,112.58
2017-10-11 22:00:00,112.409,112.507,112.351,112.375,112.408,112.411
2017-10-11 23:00:00,112.376,112.53,112.368,112.497,112.377,112.379
2017-10-12 00:00:00,112.488,112.519,112.389,112.507,112.478,112.508
2017-10-12 01:00:00,112.506,112.517,112.462,112.487,112.505,112.516
2017-10-12 02:00:00,112.486,112.504,112.418,112.443,112.487,112.492
2017-10-12 03:00:00,112.443,112.466,112.32,112.409,112.442,112.445
2017-10-12 04:00:00,112.409,112.422,112.355,112.383,112.409,112.411
2017-10-12 05:00:00,112.382,112.434,112.375,112.411,112.383,112.384
2017-10-12 06:00:00,112.41,112.424,112.325,112.336,112.411,112.413
2017-10-12 07:00:00,112.336,112.381,112.325,112.344,112.336,112.338
2017-10-12 08:00:00,112.344,112.351,112.26,112.276,112.344,112.346
2017-10-12 09:00:00,112.275,112.305,112.235,112.291,112.275,112.278
2017-10-12 10:00:00,112.292,112.322,112.205,112.232,112.291,112.292
2017-10-12 11:00:00,112.231,112.288,112.224,112.269,112.23,112.234
2017-10-12 12:00:00,112.269,112.425,112.262,112.415,112.268,112.271
2017-10-12 13:00:00,112.415,112.422,112.338,112.361,112.415,112.418
2017-10-12 14:00:00,112.362,112.363,112.214,112.307,112.362,112.364
2017-10-12 15:00:00,112.307,112.453,112.227,112.385,112.306,112.309
2017-10-12 16:00:00,112.384,112.421,112.252,112.385,112.384,112.386
2017-10-12 17:00:00,112.384,112.423,112.28,112.282,112.385,112.387
2017-10-12 18:00:00,112.282,112.401,112.278,112.386,112.282,112.285
2017-10-12 19:00:00,112.385,112.422,112.317,112.342,112.386,112.388
2017-10-12 20:00:00,112.342,112.363,112.126,112.164,112.342,112.344
2017-10-12 21:00:00,112.163,112.227,112.149,112.215,112.163,112.165
2017-10-12 22:00:00,112.214,112.28,112.194,112.264,112.214,112.217
2017-10-12 23:00:00,112.264,112.297,112.254,112.293,112.265,112.268
2017-10-13 00:00:00,112.277,112.3,112.233,112.277,112.278,112.285
2017-10-13 01:00:00,112.277,112.284,112.24,112.257,112.275,112.282
2017-10-13 02:00:00,112.257,112.304,112.227,112.239,112.257,112.262
2017-10-13 03:00:00,112.238,112.258,112.169,112.202,112.239,112.243
2017-10-13 04:00:00,112.201,112.246,112.171,112.207,112.2,112.203
2017-10-13 05:00:00,112.206,112.219,112.015,112.086,112.206,112.208
2017-10-13 06:00:00,112.085,112.196,112.07,112.172,112.085,112.089
2017-10-13 07:00:00,112.172,112.192,112.13,112.173,112.172,112.175
2017-10-13 08:00:00,112.173,112.177,112.055,112.102,112.173,112.176
2017-10-13 09:00:00,112.101,112.151,111.889,111.952,112.1,112.103
2017-10-13 10:00:00,111.952,112.011,111.858,112.004,111.952,111.956
2017-10-13 11:00:00,112.002,112.085,111.965,112.064,112.002,112.004
2017-10-13 12:00:00,112.065,112.158,112.06,112.11,112.064,112.068
2017-10-13 13:00:00,112.11,112.176,112.052,112.148,112.11,112.112
2017-10-13 14:00:00,112.149,112.236,112.131,112.216,112.149,112.153
2017-10-13 15:00:00,112.217,112.257,111.691,111.811,112.217,112.219
2017-10-13 16:00:00,111.811,111.887,111.686,111.77,111.811,111.811
2017-10-13 17:00:00,111.77,111.951,111.764,111.924,111.768,111.77
2017-10-13 18:00:00,111.925,111.979,111.88,111.938,111.924,111.924
2017-10-13 19:00:00,111.938,111.953,111.828,111.879,111.938,111.94
2017-10-13 20:00:00,111.878,111.91,111.826,111.851,111.879,111.881
2017-10-13 21:00:00,111.85,111.929,111.831,111.884,111.849,111.852
2017-10-13 22:00:00,111.883,111.913,111.853,111.877,111.883,111.886
2017-10-13 23:00:00,111.877,111.906,111.834,111.834,111.876,111.879
2017-10-16 00:00:00,111.763,111.884,111.763,111.883,111.763,111.79
2017-10-16 01:00:00,111.884,111.975,111.834,111.93,111.882,111.91
2017-10-16 02:00:00,111.93,111.952,111.871,111.874,111.93,111.934
2017-10-16 03:00:00,111.873,112.073,111.863,112.041,111.875,111.879
2017-10-16 04:00:00,112.041,112.079,111.978,112.036,112.041,112.045
2017-10-16 05:00:00,112.036,112.073,111.991,111.997,112.035,112.039
2017-10-16 06:00:00,111.996,112.007,111.929,111.932,111.997,111.999
2017-10-16 07:00:00,111.932,111.95,111.901,111.937,111.932,111.936
2017-10-16 08:00:00,111.937,111.953,111.887,111.907,111.937,111.939
2017-10-16 09:00:00,111.905,111.92,111.718,111.812,111.904,111.906
2017-10-16 10:00:00,111.812,111.826,111.652,111.73,111.811,111.812
2017-10-16 11:00:00,111.729,111.855,111.71,111.822,111.729,111.733
2017-10-16 12:00:00,111.823,111.836,111.734,111.813,111.823,111.826
2017-10-16 13:00:00,111.812,111.863,111.761,111.783,111.81,111.812
2017-10-16 14:00:00,111.783,111.799,111.712,111.734,111.783,111.786
2017-10-16 15:00:00,111.732,111.88,111.731,111.802,111.733,111.736
2017-10-16 16:00:00,111.802,111.877,111.773,111.805,111.802,111.805
2017-10-16 17:00:00,111.806,111.841,111.662,111.741,111.805,111.806
2017-10-16 18:00:00,111.74,111.761,111.674,111.732,111.739,111.74
2017-10-16 19:00:00,111.73,111.787,111.717,111.763,111.73,111.73
2017-10-16 20:00:00,111.763,112.053,111.758,111.908,111.763,111.765
2017-10-16 21:00:00,111.907,112.216,111.869,112.2,111.909,111.911
2017-10-16 22:00:00,112.199,112.29,112.168,112.176,112.2,112.203
2017-10-16 23:00:00,112.176,112.208,112.143,112.185,112.177,112.179
2017-10-17 00:00:00,112.18,112.186,112.131,112.142,112.181,112.193
2017-10-17 01:00:00,112.141,112.175,112.108,112.172,112.14,112.152
2017-10-17 02:00:00,112.172,112.233,112.162,112.182,112.173,112.177
2017-10-17 03:00:00,112.181,112.304,112.172,112.238,112.181,112.184
2017-10-17 04:00:00,112.239,112.247,112.04,112.069,112.237,112.241
2017-10-17 05:00:00,112.069,112.102,112.038,112.079,112.069,112.07
2017-10-17 06:00:00,112.079,112.104,112.036,112.066,112.079,112.081
2017-10-17 07:00:00,112.066,112.152,112.06,112.128,112.066,112.07
2017-10-17 08:00:00,112.127,112.191,112.124,112.165,112.128,112.132
2017-10-17 09:00:00,112.164,112.26,112.122,112.234,112.165,112.168
2017-10-17 10:00:00,112.234,112.264,112.111,112.124,112.233,112.237
2017-10-17 11:00:00,112.123,112.204,112.116,112.194,112.123,112.127
2017-10-17 12:00:00,112.195,112.2,112.118,112.167,112.194,112.197
2017-10-17 13:00:00,112.167,112.199,112.129,112.182,112.167,112.172
2017-10-17 14:00:00,112.181,112.248,112.129,112.175,112.18,112.184
2017-10-17 15:00:00,112.176,112.458,112.154,112.447,112.176,112.18
2017-10-17 16:00:00,112.449,112.456,112.316,112.423,112.449,112.45
2017-10-17 17:00:00,112.423,112.479,112.25,112.336,112.423,112.426
2017-10-17 18:00:00,112.336,112.406,112.266,112.319,112.336,112.337
2017-10-17 19:00:00,112.32,112.336,112.252,112.278,112.319,112.322
2017-10-17 20:00:00,112.278,112.315,112.195,112.208,112.279,112.281
2017-10-17 21:00:00,112.208,112.247,112.13,112.186,112.208,112.211
2017-10-17 22:00:00,112.187,112.237,112.165,112.212,112.188,112.189
2017-10-17 23:00:00,112.209,112.22,112.176,112.196,112.211,112.214
2017-10-18 00:00:00,112.193,112.216,112.167,112.192,112.191,112.205
2017-10-18 01:00:00,112.191,112.197,112.16,112.172,112.19,112.2
2017-10-18 02:00:00,112.171,112.241,112.159,112.211,112.171,112.176
2017-10-18 03:00:00,112.212,112.246,112.135,112.179,112.211,112.216
2017-10-18 04:00:00,112.179,112.218,112.144,112.175,112.181,112.184
2017-10-18 05:00:00,112.173,112.193,112.145,112.183,112.175,112.177
2017-10-18 06:00:00,112.183,112.266,112.182,112.223,112.184,112.187
2017-10-18 07:00:00,112.222,112.257,112.213,112.252,112.222,112.225
2017-10-18 08:00:00,112.252,112.329,112.226,112.291,112.254,112.255
2017-10-18 09:00:00,112.291,112.406,112.278,112.401,112.291,112.293
2017-10-18 10:00:00,112.4,112.535,112.368,112.515,112.398,112.401
2017-10-18 11:00:00,112.514,112.664,112.476,112.65,112.514,112.518
2017-10-18 12:00:00,112.651,112.769,112.623,112.752,112.65,112.654
2017-10-18 13:00:00,112.751,112.765,112.673,112.762,112.751,112.753
2017-10-18 14:00:00,112.763,112.838,112.716,112.825,112.762,112.767
2017-10-18 15:00:00,112.825,112.928,112.794,112.858,112.826,112.827
2017-10-18 16:00:00,112.859,112.968,112.748,112.957,112.859,112.86
2017-10-18 17:00:00,112.958,113.019,112.896,112.968,112.959,112.959
2017-10-18 18:00:00,112.968,113.049,112.936,112.953,112.969,112.97
2017-10-18 19:00:00,112.954,112.961,112.832,112.874,112.953,112.956
2017-10-18 20:00:00,112.873,112.913,112.841,112.909,112.873,112.875
2017-10-18 21:00:00,112.909,112.982,112.88,112.892,112.91,112.912
2017-10-18 22:00:00,112.893,112.921,112.866,112.898,112.893,112.896
2017-10-18 23:00:00,112.898,112.947,112.897,112.932,112.897,112.9
2017-10-19 00:00:00,112.924,112.961,112.91,112.959,112.922,112.945
2017-10-19 01:00:00,112.958,113.093,112.944,113.086,112.957,112.966
2017-10-19 02:00:00,113.086,113.086,112.998,113.01,113.085,113.089
2017-10-19 03:00:00,113.011,113.017,112.878,112.913,113.011,113.017
2017-10-19 04:00:00,112.913,112.981,112.882,112.959,112.912,112.916
2017-10-19 05:00:00,112.959,113.039,112.951,112.993,112.962,112.963
2017-10-19 06:00:00,112.992,113.002,112.946,112.95,112.992,112.994
2017-10-19 07:00:00,112.95,113.005,112.877,112.988,112.951,112.953
2017-10-19 08:00:00,112.989,113.057,112.975,113.001,112.988,112.99
2017-10-19 09:00:00,113.001,113.148,112.991,113.031,113.003,113.005
2017-10-19 10:00:00,113.032,113.053,112.65,112.677,113.031,113.034
2017-10-19 11:00:00,112.676,112.712,112.536,112.645,112.677,112.68
2017-10-19 12:00:00,112.644,112.736,112.603,112.674,112.643,112.647
2017-10-19 13:00:00,112.672,112.674,112.436,112.521,112.672,112.674
2017-10-19 14:00:00,112.522,112.56,112.448,112.494,112.523,112.525
2017-10-19 15:00:00,112.493,112.564,112.294,112.542,112.493,112.496
2017-10-19 16:00:00,112.542,112.617,112.389,112.407,112.543,112.546
2017-10-19 17:00:00,112.406,112.556,112.339,112.508,112.405,112.408
2017-10-19 18:00:00,112.507,112.564,112.462,112.54,112.506,112.508
2017-10-19 19:00:00,112.54,112.623,112.498,112.561,112.54,112.542
2017-10-19 20:00:00,112.559,112.63,112.548,112.554,112.558,112.56
2017-10-19 21:00:00,112.554,112.692,112.547,112.655,112.555,112.556
2017-10-19 22:00:00,112.654,112.685,112.417,112.546,112.653,112.655
2017-10-19 23:00:00,112.546,112.62,112.441,112.544,112.545,112.546
2017-10-20 00:00:00,112.532,112.576,112.516,112.563,112.533,112.548
2017-10-20 01:00:00,112.562,112.616,112.513,112.587,112.562,112.571
2017-10-20 02:00:00,112.587,112.698,112.559,112.678,112.589,112.593
2017-10-20 03:00:00,112.678,112.743,112.604,112.705,112.679,112.682
2017-10-20 04:00:00,112.706,113.196,112.679,113.181,112.706,112.708
2017-10-20 05:00:00,113.18,113.308,113.15,113.196,113.18,113.183
2017-10-20 06:00:00,113.197,113.239,113.116,113.143,113.197,113.2
2017-10-20 07:00:00,113.143,113.231,113.126,113.201,113.143,113.146
2017-10-20 08:00:00,113.2,113.248,113.148,113.153,113.201,113.204
2017-10-20 09:00:00,113.154,113.322,113.13,113.174,113.155,113.158
2017-10-20 10:00:00,113.174,113.353,113.146,113.326,113.174,113.178
2017-10-20 11:00:00,113.325,113.469,113.317,113.323,113.325,113.327
2017-10-20 12:00:00,113.323,113.39,113.295,113.371,113.326,113.326
2017-10-20 13:00:00,113.37,113.425,113.269,113.273,113.372,113.375
2017-10-20 14:00:00,113.274,113.3,113.068,113.17,113.274,113.276
2017-10-20 15:00:00,113.169,113.296,113.102,113.289,113.169,113.171
2017-10-20 16:00:00,113.288,113.502,113.265,113.483,113.289,113.291
2017-10-20 17:00:00,113.485,113.524,113.333,113.418,113.483,113.488
2017-10-20 18:00:00,113.419,113.569,113.414,113.503,113.419,113.423
2017-10-20 19:00:00,113.503,113.517,113.254,113.389,113.503,113.503
2017-10-20 20:00:00,113.39,113.465,113.374,113.442,113.39,113.392
2017-10-20 21:00:00,113.443,113.569,113.406,113.516,113.442,113.445
2017-10-20 22:00:00,113.515,113.536,113.438,113.517,113.514,113.517
2017-10-20 23:00:00,113.514,113.541,113.443,113.511,113.517,113.517
2017-10-23 00:00:00,113.858,113.9,113.81,113.837,113.857,113.887
2017-10-23 01:00:00,113.838,113.948,113.783,113.88,113.838,113.845
2017-10-23 02:00:00,113.88,114.098,113.807,114.058,113.88,113.884
2017-10-23 03:00:00,114.056,114.074,113.828,113.848,114.056,114.058
2017-10-23 04:00:00,113.848,113.943,113.803,113.816,113.849,113.852
2017-10-23 05:00:00,113.817,113.831,113.721,113.725,113.818,113.821
2017-10-23 06:00:00,113.725,113.793,113.724,113.755,113.726,113.73
2017-10-23 07:00:00,113.755,113.791,113.725,113.734,113.754,113.757
2017-10-23 08:00:00,113.733,113.756,113.669,113.688,113.734,113.736
2017-10-23 09:00:00,113.687,113.746,113.621,113.745,113.687,113.689
2017-10-23 10:00:00,113.745,113.853,113.698,113.778,113.748,113.748
2017-10-23 11:00:00,113.778,113.88,113.703,113.834,113.778,113.781
2017-10-23 12:00:00,113.833,113.947,113.801,113.945,113.834,113.837
2017-10-23 13:00:00,113.944,113.97,113.869,113.889,113.945,113.948
2017-10-23 14:00:00,113.89,113.942,113.806,113.827,113.89,113.893
2017-10-23 15:00:00,113.827,113.858,113.76,113.835,113.826,113.828
2017-10-23 16:00:00,113.834,113.874,113.723,113.746,113.835,113.839
2017-10-23 17:00:00,113.746,113.767,113.642,113.693,113.743,113.746
2017-10-23 18:00:00,113.695,113.783,113.629,113.666,113.691,113.693
2017-10-23 19:00:00,113.665,113.712,113.607,113.697,113.664,113.666
2017-10-23 20:00:00,113.698,113.766,113.677,113.747,113.697,113.7
2017-10-23 21:00:00,113.746,113.784,113.684,113.729,113.745,113.748
2017-10-23 22:00:00,113.73,113.752,113.244,113.33,113.731,113.732
2017-10-23 23:00:00,113.331,113.438,113.288,113.432,113.331,113.335
2017-10-24 00:00:00,113.431,113.49,113.423,113.476,113.432,113.445
2017-10-24 01:00:00,113.477,113.486,113.353,113.365,113.477,113.485
2017-10-24 02:00:00,113.365,113.442,113.322,113.334,113.365,113.368
2017-10-24 03:00:00,113.333,113.394,113.291,113.299,113.333,113.336
2017-10-24 04:00:00,113.298,113.396,113.248,113.33,113.297,113.301
2017-10-24 05:00:00,113.33,113.365,113.295,113.353,113.329,113.333
2017-10-24 06:00:00,113.353,113.357,113.275,113.314,113.354,113.357
2017-10-24 07:00:00,113.314,113.386,113.314,113.377,113.316,113.316
2017-10-24 08:00:00,113.375,113.529,113.343,113.518,113.375,113.377
2017-10-24 09:00:00,113.517,113.595,113.496,113.552,113.516,113.519
2017-10-24 10:00:00,113.554,113.718,113.546,113.668,113.552,113.554
2017-10-24 11:00:00,113.668,113.725,113.584,113.669,113.668,113.671
2017-10-24 12:00:00,113.668,113.749,113.626,113.64,113.668,113.669
2017-10-24 13:00:00,113.637,113.767,113.637,113.742,113.639,113.64
2017-10-24 14:00:00,113.742,113.922,113.673,113.889,113.742,113.744
2017-10-24 15:00:00,113.89,113.968,113.835,113.872,113.891,113.892
2017-10-24 16:00:00,113.87,113.983,113.781,113.791,113.869,113.873
2017-10-24 17:00:00,113.79,113.999,113.749,113.947,113.789,113.792
2017-10-24 18:00:00,113.946,114.023,113.895,113.932,113.947,113.949
2017-10-24 19:00:00,113.931,113.981,113.864,113.871,113.931,113.932
2017-10-24 20:00:00,113.872,113.932,113.815,113.889,113.872,113.874
2017-10-24 21:00:00,113.888,113.912,113.55,113.572,113.888,113.89
2017-10-24 22:00:00,113.571,113.918,113.538,113.848,113.572,113.574
2017-10-24 23:00:00,113.849,113.943,113.826,113.908,113.848,113.852
2017-10-25 00:00:00,113.891,113.97,113.89,113.922,113.89,113.925
2017-10-25 01:00:00,113.922,113.976,113.898,113.969,113.921,113.931
2017-10-25 02:00:00,113.97,113.974,113.904,113.942,113.97,113.976
2017-10-25 03:00:00,113.941,113.95,113.777,113.8,113.941,113.945
2017-10-25 04:00:00,113.799,113.853,113.749,113.811,113.8,113.803
2017-10-25 05:00:00,113.81,113.924,113.808,113.877,113.809,113.813
2017-10-25 06:00:00,113.877,113.966,113.875,113.934,113.881,113.881
2017-10-25 07:00:00,113.934,113.955,113.905,113.908,113.934,113.936
2017-10-25 08:00:00,113.91,113.916,113.738,113.783,113.91,113.913
2017-10-25 09:00:00,113.784,113.934,113.773,113.889,113.783,113.784
2017-10-25 10:00:00,113.888,113.931,113.821,113.896,113.888,113.891
2017-10-25 11:00:00,113.896,114.152,113.831,114.123,113.894,113.898
2017-10-25 12:00:00,114.123,114.244,114.084,114.208,114.122,114.126
2017-10-25 13:00:00,114.207,114.224,114.11,114.142,114.206,114.21
2017-10-25 14:00:00,114.143,114.206,114.042,114.043,114.143,114.147
2017-10-25 15:00:00,114.042,114.22,114.037,114.106,114.044,114.046
2017-10-25 16:00:00,114.106,114.111,113.846,113.88,114.105,114.106
2017-10-25 17:00:00,113.881,114.04,113.616,113.667,113.883,113.9
2017-10-25 18:00:00,113.667,113.759,113.563,113.716,113.668,113.669
2017-10-25 19:00:00,113.714,113.714,113.48,113.609,113.713,113.715
2017-10-25 20:00:00,113.609,113.789,113.561,113.77,113.608,113.611
2017-10-25 21:00:00,113.769,113.82,113.674,113.736,113.769,113.773
2017-10-25 22:00:00,113.736,113.79,113.691,113.739,113.736,113.738
2017-10-25 23:00:00,113.739,113.781,113.724,113.736,113.74,113.741
2017-10-26 00:00:00,113.738,113.747,113.671,113.68,113.739,113.748
2017-10-26 01:00:00,113.685,113.701,113.574,113.626,113.686,113.688
2017-10-26 02:00:00,113.627,113.652,113.552,113.58,113.626,113.63
2017-10-26 03:00:00,113.579,113.71,113.533,113.638,113.579,113.581
2017-10-26 04:00:00,113.637,113.644,113.367,113.449,113.637,113.64
2017-10-26 05:00:00,113.449,113.563,113.404,113.549,113.45,113.45
2017-10-26 06:00:00,113.549,113.554,113.456,113.521,113.549,113.551
2017-10-26 07:00:00,113.52,113.552,113.501,113.51,113.52,113.522
2017-10-26 08:00:00,113.511,113.554,113.34,113.467,113.511,113.514
2017-10-26 09:00:00,113.468,113.643,113.453,113.638,113.468,113.469
2017-10-26 10:00:00,113.637,113.778,113.613,113.774,113.637,113.639
2017-10-26 11:00:00,113.774,113.804,113.635,113.647,113.776,113.778
2017-10-26 12:00:00,113.645,113.706,113.628,113.665,113.644,113.646
2017-10-26 13:00:00,113.666,113.674,113.562,113.624,113.666,113.67
2017-10-26 14:00:00,113.625,113.747,113.57,113.743,113.626,113.628
2017-10-26 15:00:00,113.742,113.874,113.676,113.679,113.743,113.745
2017-10-26 16:00:00,113.678,113.865,113.62,113.834,113.679,113.681
2017-10-26 17:00:00,113.834,113.964,113.738,113.941,113.835,113.838
2017-10-26 18:00:00,113.94,114.038,113.708,113.727,113.941,113.941
2017-10-26 19:00:00,113.728,113.817,113.709,113.745,113.727,113.73
2017-10-26 20:00:00,113.743,114.015,113.701,113.971,113.743,113.746
2017-10-26 21:00:00,113.968,114.038,113.92,113.986,113.969,113.97
2017-10-26 22:00:00,113.987,114.011,113.922,113.971,113.988,113.988
2017-10-26 23:00:00,113.97,114.078,113.948,113.991,113.97,113.97
2017-10-27 00:00:00,113.97,114.029,113.962,114.014,113.971,113.997
2017-10-27 01:00:00,114.014,114.1,113.974,114.097,114.015,114.022
2017-10-27 02:00:00,114.096,114.151,114.084,114.123,114.097,114.1
2017-10-27 03:00:00,114.125,114.16,114.011,114.125,114.124,114.127
2017-10-27 04:00:00,114.125,114.267,114.116,114.164,114.124,114.129
2017-10-27 05:00:00,114.165,114.226,114.089,114.15,114.166,114.169
2017-10-27 06:00:00,114.147,114.17,114.083,114.097,114.148,114.151
2017-10-27 07:00:00,114.096,114.153,114.083,114.153,114.096,114.099
2017-10-27 08:00:00,114.152,114.184,114.108,114.123,114.152,114.156
2017-10-27 09:00:00,114.122,114.307,114.112,114.206,114.121,114.125
2017-10-27 10:00:00,114.208,114.319,114.104,114.104,114.207,114.207
2017-10-27 11:00:00,114.104,114.135,113.922,114.018,114.104,114.106
2017-10-27 12:00:00,114.016,114.068,113.945,114.022,114.016,114.02
2017-10-27 13:00:00,114.023,114.095,113.974,114.068,114.026,114.026
2017-10-27 14:00:00,114.069,114.193,114.058,114.148,114.069,114.072
2017-10-27 15:00:00,114.148,114.452,114.133,114.243,114.148,114.15
2017-10-27 16:00:00,114.243,114.302,113.96,114.104,114.243,114.248
2017-10-27 17:00:00,114.104,114.154,113.711,113.849,114.105,114.11
2017-10-27 18:00:00,113.848,113.928,113.785,113.837,113.85,113.851
2017-10-27 19:00:00,113.837,113.995,113.821,113.981,113.836,113.837
2017-10-27 20:00:00,113.98,114.003,113.863,113.882,113.981,113.983
2017-10-27 21:00:00,113.882,113.905,113.785,113.801,113.883,113.883
2017-10-27 22:00:00,113.801,113.836,113.665,113.688,113.8,113.803
2017-10-27 23:00:00,113.688,113.708,113.639,113.672,113.688,113.689
2017-10-30 00:00:00,113.722,113.742,113.677,113.711,113.722,113.742
2017-10-30 01:00:00,113.712,113.804,113.707,113.74,113.714,113.732
2017-10-30 02:00:00,113.74,113.754,113.682,113.722,113.742,113.746
2017-10-30 03:00:00,113.722,113.834,113.664,113.68,113.721,113.725
2017-10-30 04:00:00,113.681,113.748,113.628,113.681,113.68,113.683
2017-10-30 05:00:00,113.68,113.68,113.551,113.633,113.68,113.683
2017-10-30 06:00:00,113.634,113.653,113.527,113.589,113.634,113.637
2017-10-30 07:00:00,113.59,113.64,113.546,113.603,113.589,113.592
2017-10-30 08:00:00,113.601,113.649,113.586,113.614,113.601,113.605
2017-10-30 09:00:00,113.615,113.682,113.614,113.657,113.616,113.619
2017-10-30 10:00:00,113.657,113.749,113.646,113.719,113.658,113.662
2017-10-30 11:00:00,113.718,113.761,113.59,113.618,113.719,113.723
2017-10-30 12:00:00,113.619,113.628,113.532,113.611,113.622,113.622
2017-10-30 13:00:00,113.61,113.624,113.554,113.58,113.611,113.613
2017-10-30 14:00:00,113.582,113.689,113.567,113.656,113.583,113.585
2017-10-30 15:00:00,113.655,113.675,113.531,113.624,113.654,113.657
2017-10-30 16:00:00,113.625,113.658,113.372,113.427,113.623,113.627
2017-10-30 17:00:00,113.428,113.535,113.399,113.428,113.428,113.43
2017-10-30 18:00:00,113.428,113.477,113.199,113.247,113.427,113.428
2017-10-30 19:00:00,113.248,113.265,113.026,113.12,113.248,113.249
2017-10-30 20:00:00,113.12,113.239,113.106,113.148,113.121,113.123
2017-10-30 21:00:00,113.149,113.209,113.107,113.16,113.149,113.151
2017-10-30 22:00:00,113.16,113.186,113.104,113.128,113.159,113.161
2017-10-30 23:00:00,113.126,113.188,113.094,113.177,113.127,113.129
2017-10-31 00:00:00,113.166,113.2,113.16,113.165,113.169,113.196
2017-10-31 01:00:00,113.164,113.176,113.102,113.136,113.165,113.17
2017-10-31 02:00:00,113.137,113.191,112.983,113.015,113.136,113.139
2017-10-31 03:00:00,113.015,113.164,112.978,113.136,113.015,113.016
2017-10-31 04:00:00,113.137,113.202,113.112,113.161,113.138,113.139
2017-10-31 05:00:00,113.161,113.166,113.043,113.086,113.16,113.163
2017-10-31 06:00:00,113.086,113.28,113.076,113.159,113.087,113.09
2017-10-31 07:00:00,113.159,113.212,113.151,113.192,113.158,113.162
2017-10-31 08:00:00,113.192,113.193,113.07,113.152,113.192,113.195
2017-10-31 09:00:00,113.152,113.152,112.956,112.978,113.152,113.153
2017-10-31 10:00:00,112.979,113.172,112.958,113.084,112.982,112.984
2017-10-31 11:00:00,113.084,113.208,113.026,113.191,113.085,113.086
2017-10-31 12:00:00,113.189,113.313,113.177,113.254,113.187,113.191
2017-10-31 13:00:00,113.254,113.378,113.234,113.371,113.254,113.258
2017-10-31 14:00:00,113.37,113.423,113.303,113.324,113.369,113.371
2017-10-31 15:00:00,113.324,113.44,113.251,113.412,113.324,113.328
2017-10-31 16:00:00,113.413,113.488,113.395,113.431,113.411,113.416
2017-10-31 17:00:00,113.428,113.533,113.356,113.439,113.43,113.437
2017-10-31 18:00:00,113.437,113.648,113.355,113.619,113.437,113.439
2017-10-31 19:00:00,113.618,113.724,113.599,113.697,113.619,113.619
2017-10-31 20:00:00,113.698,113.732,113.65,113.684,113.697,113.699
2017-10-31 21:00:00,113.683,113.712,113.638,113.701,113.682,113.684
2017-10-31 22:00:00,113.701,113.723,113.595,113.682,113.7,113.702
2017-10-31 23:00:00,113.683,113.71,113.631,113.637,113.682,113.685
2017-11-01 00:00:00,113.631,113.689,113.623,113.653,113.626,113.641
2017-11-01 01:00:00,113.653,113.66,113.603,113.642,113.653,113.658
2017-11-01 02:00:00,113.642,113.687,113.628,113.653,113.642,113.644
2017-11-01 03:00:00,113.653,113.892,113.628,113.88,113.652,113.653
2017-11-01 04:00:00,113.881,113.937,113.845,113.9,113.881,113.885
2017-11-01 05:00:00,113.901,113.932,113.84,113.872,113.9,113.903
2017-11-01 06:00:00,113.873,113.904,113.805,113.832,113.872,113.874
2017-11-01 07:00:00,113.833,113.889,113.827,113.863,113.833,113.834
2017-11-01 08:00:00,113.864,113.959,113.847,113.926,113.864,113.868
2017-11-01 09:00:00,113.925,113.942,113.732,113.846,113.925,113.928
2017-11-01 10:00:00,113.846,113.975,113.836,113.898,113.844,113.846
2017-11-01 11:00:00,113.897,113.99,113.845,113.971,113.897,113.9
2017-11-01 12:00:00,113.97,114.022,113.89,113.995,113.97,113.971
2017-11-01 13:00:00,113.996,114.038,113.97,114.002,113.998,114.0
2017-11-01 14:00:00,114.0,114.065,113.971,114.054,114.0,114.002
2017-11-01 15:00:00,114.054,114.232,114.027,114.184,114.056,114.057
2017-11-01 16:00:00,114.185,114.281,114.145,114.245,114.183,114.184
2017-11-01 17:00:00,114.244,114.248,113.875,113.967,114.244,114.256
2017-11-01 18:00:00,113.967,114.103,113.86,114.042,113.969,113.971
2017-11-01 19:00:00,114.041,114.086,113.973,114.016,114.04,114.04
2017-11-01 20:00:00,114.017,114.022,113.87,113.929,114.016,114.019
2017-11-01 21:00:00,113.91,114.242,113.751,114.223,113.911,113.965
2017-11-01 22:00:00,114.223,114.238,114.077,114.137,114.224,114.227
2017-11-01 23:00:00,114.136,114.206,113.951,114.182,114.136,114.138
2017-11-02 00:00:00,114.173,114.201,114.11,114.125,114.174,114.186
2017-11-02 01:00:00,114.125,114.187,114.116,114.157,114.126,114.134
2017-11-02 02:00:00,114.158,114.191,114.102,114.171,114.158,114.162
2017-11-02 03:00:00,114.176,114.215,113.92,114.003,114.179,114.179
2017-11-02 04:00:00,114.001,114.036,113.734,113.834,114.006,114.006
2017-11-02 05:00:00,113.834,113.921,113.801,113.904,113.834,113.837
2017-11-02 06:00:00,113.904,113.945,113.876,113.9,113.905,113.907
2017-11-02 07:00:00,113.899,113.957,113.869,113.895,113.899,113.901
2017-11-02 08:00:00,113.895,113.978,113.877,113.917,113.896,113.897
2017-11-02 09:00:00,113.918,113.964,113.848,113.872,113.92,113.922
2017-11-02 10:00:00,113.873,114.074,113.837,114.017,113.872,113.875
2017-11-02 11:00:00,114.017,114.169,114.015,114.07,114.016,114.02
2017-11-02 12:00:00,114.07,114.082,114.003,114.035,114.071,114.074
2017-11-02 13:00:00,114.035,114.125,114.035,114.087,114.036,114.038
2017-11-02 14:00:00,114.087,114.167,114.056,114.165,114.086,114.089
2017-11-02 15:00:00,114.165,114.217,114.067,114.081,114.163,114.167
2017-11-02 16:00:00,114.081,114.146,114.026,114.113,114.081,114.082
2017-11-02 17:00:00,114.115,114.124,113.536,113.844,114.114,114.116
2017-11-02 18:00:00,113.845,113.99,113.786,113.861,113.848,113.849
2017-11-02 19:00:00,113.86,114.174,113.826,114.139,113.86,113.862
2017-11-02 20:00:00,114.14,114.15,114.034,114.086,114.14,114.141
2017-11-02 21:00:00,114.086,114.102,113.968,114.012,114.086,114.087
2017-11-02 22:00:00,114.012,114.146,113.979,114.053,114.013,114.015
2017-11-02 23:00:00,114.054,114.106,114.041,114.084,114.053,114.054
2017-11-03 00:00:00,114.083,114.093,114.062,114.079,114.077,114.087
2017-11-03 01:00:00,114.078,114.091,114.027,114.031,114.082,114.084
2017-11-03 02:00:00,114.031,114.063,113.969,114.018,114.033,114.036
2017-11-03 03:00:00,114.017,114.059,113.944,113.951,114.017,114.019
2017-11-03 04:00:00,113.951,113.964,113.891,113.949,113.952,113.954
2017-11-03 05:00:00,113.948,114.05,113.936,114.025,113.948,113.95
2017-11-03 06:00:00,114.024,114.036,114.0,114.015,114.023,114.026
2017-11-03 07:00:00,114.015,114.02,113.978,113.989,114.015,114.018
2017-11-03 08:00:00,113.989,114.01,113.964,113.981,113.99,113.992
2017-11-03 09:00:00,113.981,114.035,113.955,114.03,113.98,113.983
2017-11-03 10:00:00,114.03,114.138,114.025,114.132,114.029,114.032
2017-11-03 11:00:00,114.131,114.131,114.038,114.072,114.131,114.133
2017-11-03 12:00:00,114.073,114.151,114.066,114.131,114.072,114.075
2017-11-03 13:00:00,114.132,114.132,114.04,114.078,114.132,114.132
2017-11-03 14:00:00,114.078,114.141,114.06,114.089,114.078,114.08
2017-11-03 15:00:00,114.089,114.105,113.625,113.964,114.087,114.091
2017-11-03 16:00:00,113.964,114.075,113.874,113.882,113.966,113.966
2017-11-03 17:00:00,113.882,114.296,113.882,114.269,113.886,113.894
2017-11-03 18:00:00,114.269,114.429,114.206,114.252,114.27,114.272
2017-11-03 19:00:00,114.252,114.369,114.234,114.315,114.251,114.252
2017-11-03 20:00:00,114.314,114.319,114.246,114.258,114.315,114.316
2017-11-03 21:00:00,114.259,114.277,114.158,114.174,114.261,114.264
2017-11-03 22:00:00,114.175,114.175,114.051,114.116,114.172,114.174
2017-11-03 23:00:00,114.117,114.12,114.006,114.055,114.117,114.118
2017-11-06 00:00:00,114.002,114.139,114.002,114.135,114.003,114.034
2017-11-06 01:00:00,114.134,114.208,114.116,114.171,114.133,114.139
2017-11-06 02:00:00,114.171,114.44,114.153,114.399,114.172,114.174
2017-11-06 03:00:00,114.399,114.738,114.351,114.607,114.397,114.401
2017-11-06 04:00:00,114.608,114.609,114.298,114.313,114.608,114.612
2017-11-06 05:00:00,114.313,114.398,114.304,114.371,114.314,114.318
2017-11-06 06:00:00,114.37,114.385,114.213,114.261,114.37,114.371
2017-11-06 07:00:00,114.26,114.342,114.243,114.256,114.26,114.264
2017-11-06 08:00:00,114.257,114.43,114.224,114.392,114.256,114.257
2017-11-06 09:00:00,114.392,114.427,114.258,114.321,114.392,114.396
2017-11-06 10:00:00,114.321,114.324,114.112,114.137,114.32,114.322
2017-11-06 11:00:00,114.136,114.187,114.046,114.145,114.136,114.14
2017-11-06 12:00:00,114.144,114.151,113.993,114.013,114.144,114.145
2017-11-06 13:00:00,114.013,114.129,113.954,114.073,114.013,114.017
2017-11-06 14:00:00,114.074,114.179,114.001,114.126,114.075,114.077
2017-11-06 15:00:00,114.126,114.15,114.067,114.103,114.127,114.129
2017-11-06 16:00:00,114.103,114.207,114.087,114.128,114.103,114.106
2017-11-06 17:00:00,114.126,114.2,114.082,114.127,114.127,114.128
2017-11-06 18:00:00,114.128,114.146,113.858,113.898,114.127,114.128
2017-11-06 19:00:00,113.899,113.914,113.756,113.838,113.899,113.902
2017-11-06 20:00:00,113.839,113.853,113.77,113.771,113.84,113.84
2017-11-06 21:00:00,113.77,113.799,113.744,113.778,113.77,113.772
2017-11-06 22:00:00,113.778,113.798,113.748,113.779,113.777,113.78
2017-11-06 23:00:00,113.778,113.778,113.694,113.706,113.777,113.778
2017-11-07 00:00:00,113.693,113.791,113.69,113.783,113.694,113.713
2017-11-07 01:00:00,113.782,113.819,113.76,113.771,113.783,113.79
2017-11-07 02:00:00,113.77,113.82,113.723,113.768,113.77,113.773
2017-11-07 03:00:00,113.769,113.916,113.709,113.898,113.768,113.771
2017-11-07 04:00:00,113.899,113.939,113.849,113.854,113.898,113.901
2017-11-07 05:00:00,113.854,113.925,113.846,113.904,113.855,113.857
2017-11-07 06:00:00,113.905,114.012,113.898,113.983,113.905,113.907
2017-11-07 07:00:00,113.983,114.008,113.937,113.99,113.983,113.984
2017-11-07 08:00:00,113.99,114.145,113.967,114.115,113.99,113.99
2017-11-07 09:00:00,114.116,114.178,114.084,114.163,114.115,114.117
2017-11-07 10:00:00,114.163,114.288,114.119,114.228,114.164,114.167
2017-11-07 11:00:00,114.228,114.342,114.199,114.271,114.227,114.23
2017-11-07 12:00:00,114.272,114.31,114.154,114.161,114.272,114.275
2017-11-07 13:00:00,114.161,114.198,114.057,114.136,114.161,114.163
2017-11-07 14:00:00,114.136,114.204,114.096,114.176,114.137,114.139
2017-11-07 15:00:00,114.177,114.2,114.057,114.12,114.176,114.178
2017-11-07 16:00:00,114.121,114.264,114.075,114.234,114.121,114.121
2017-11-07 17:00:00,114.234,114.297,113.957,114.029,114.234,114.237
2017-11-07 18:00:00,114.03,114.134,113.884,113.9,114.031,114.031
2017-11-07 19:00:00,113.9,113.929,113.823,113.849,113.901,113.902
2017-11-07 20:00:00,113.848,113.951,113.821,113.94,113.848,113.851
2017-11-07 21:00:00,113.94,113.975,113.854,113.869,113.941,113.942
2017-11-07 22:00:00,113.87,113.951,113.853,113.946,113.869,113.872
2017-11-07 23:00:00,113.946,114.001,113.934,113.982,113.946,113.948
2017-11-08 00:00:00,113.991,114.023,113.804,113.836,113.989,114.011
2017-11-08 01:00:00,113.837,113.851,113.654,113.745,113.837,113.845
2017-11-08 02:00:00,113.746,113.819,113.641,113.767,113.746,113.747
2017-11-08 03:00:00,113.768,113.857,113.751,113.783,113.767,113.77
2017-11-08 04:00:00,113.782,113.787,113.725,113.769,113.781,113.784
2017-11-08 05:00:00,113.769,113.831,113.75,113.807,113.769,113.772
2017-11-08 06:00:00,113.806,113.807,113.761,113.801,113.806,113.809
2017-11-08 07:00:00,113.8,113.838,113.774,113.83,113.797,113.797
2017-11-08 08:00:00,113.83,113.924,113.804,113.844,113.831,113.833
2017-11-08 09:00:00,113.845,113.865,113.719,113.828,113.846,113.848
2017-11-08 10:00:00,113.828,113.889,113.745,113.785,113.829,113.831
2017-11-08 11:00:00,113.785,113.825,113.696,113.717,113.785,113.786
2017-11-08 12:00:00,113.716,113.72,113.58,113.612,113.717,113.719
2017-11-08 13:00:00,113.613,113.686,113.518,113.608,113.613,113.616
2017-11-08 14:00:00,113.608,113.68,113.394,113.462,113.608,113.61
2017-11-08 15:00:00,113.462,113.588,113.423,113.58,113.46,113.462
2017-11-08 16:00:00,113.579,113.634,113.45,113.5,113.579,113.579
2017-11-08 17:00:00,113.5,113.666,113.5,113.631,113.5,113.502
2017-11-08 18:00:00,113.631,113.727,113.523,113.625,113.631,113.633
2017-11-08 19:00:00,113.624,113.782,113.584,113.773,113.626,113.627
2017-11-08 20:00:00,113.774,113.788,113.696,113.779,113.773,113.775
2017-11-08 21:00:00,113.779,113.847,113.747,113.782,113.778,113.78
2017-11-08 22:00:00,113.781,113.877,113.748,113.823,113.78,113.783
2017-11-08 23:00:00,113.824,113.898,113.792,113.872,113.823,113.826
2017-11-09 00:00:00,113.865,113.884,113.799,113.859,113.872,113.882
2017-11-09 01:00:00,113.859,113.974,113.849,113.917,113.859,113.866
2017-11-09 02:00:00,113.917,114.046,113.905,114.032,113.917,113.92
2017-11-09 03:00:00,114.033,114.068,113.96,113.974,114.032,114.035
2017-11-09 04:00:00,113.973,114.063,113.962,114.039,113.974,113.975
2017-11-09 05:00:00,114.04,114.065,113.959,114.01,114.039,114.039
2017-11-09 06:00:00,114.01,114.01,113.792,113.828,114.007,114.009
2017-11-09 07:00:00,113.828,113.834,113.443,113.595,113.829,113.831
2017-11-09 08:00:00,113.594,113.65,113.505,113.575,113.595,113.596
2017-11-09 09:00:00,113.575,113.662,113.495,113.524,113.575,113.576
2017-11-09 10:00:00,113.523,113.638,113.441,113.534,113.522,113.524
2017-11-09 11:00:00,113.535,113.555,113.387,113.464,113.534,113.538
2017-11-09 12:00:00,113.464,113.515,113.397,113.464,113.467,113.469
2017-11-09 13:00:00,113.467,113.534,113.25,113.334,113.465,113.468
2017-11-09 14:00:00,113.334,113.42,113.238,113.323,113.334,113.338
2017-11-09 15:00:00,113.324,113.556,113.272,113.54,113.326,113.326
2017-11-09 16:00:00,113.541,113.587,113.402,113.449,113.542,113.542
2017-11-09 17:00:00,113.448,113.693,113.44,113.678,113.448,113.451
2017-11-09 18:00:00,113.68,113.686,113.339,113.411,113.681,113.681
2017-11-09 19:00:00,113.41,113.418,113.109,113.199,113.41,113.411
2017-11-09 20:00:00,113.199,113.266,113.091,113.185,113.198,113.2
2017-11-09 21:00:00,113.186,113.287,113.121,113.174,113.185,113.188
2017-11-09 22:00:00,113.173,113.362,113.161,113.348,113.173,113.175
2017-11-09 23:00:00,113.348,113.473,113.346,113.468,113.346,113.349
2017-11-10 00:00:00,113.463,113.524,113.423,113.463,113.469,113.477
2017-11-10 01:00:00,113.462,113.464,113.3,113.361,113.463,113.469
2017-11-10 02:00:00,113.36,113.429,113.262,113.317,113.358,113.358
2017-11-10 03:00:00,113.318,113.512,113.315,113.398,113.319,113.32
2017-11-10 04:00:00,113.397,113.405,113.305,113.356,113.397,113.398
2017-11-10 05:00:00,113.357,113.452,113.341,113.376,113.356,113.359
2017-11-10 06:00:00,113.376,113.485,113.368,113.457,113.375,113.378
2017-11-10 07:00:00,113.456,113.542,113.444,113.461,113.456,113.458
2017-11-10 08:00:00,113.46,113.466,113.338,113.377,113.459,113.464
2017-11-10 09:00:00,113.377,113.583,113.373,113.56,113.377,113.382
2017-11-10 10:00:00,113.559,113.635,113.464,113.543,113.561,113.562
2017-11-10 11:00:00,113.543,113.568,113.355,113.372,113.543,113.545
2017-11-10 12:00:00,113.372,113.451,113.325,113.405,113.372,113.376
2017-11-10 13:00:00,113.406,113.492,113.406,113.479,113.406,113.407
2017-11-10 14:00:00,113.479,113.511,113.372,113.387,113.477,113.479
2017-11-10 15:00:00,113.387,113.481,113.332,113.401,113.387,113.388
2017-11-10 16:00:00,113.399,113.464,113.283,113.33,113.399,113.4
2017-11-10 17:00:00,113.329,113.334,113.221,113.311,113.33,113.334
2017-11-10 18:00:00,113.311,113.53,113.286,113.496,113.311,113.312
2017-11-10 19:00:00,113.496,113.584,113.473,113.504,113.497,113.498
2017-11-10 20:00:00,113.504,113.573,113.491,113.549,113.504,113.505
2017-11-10 21:00:00,113.549,113.594,113.535,113.581,113.549,113.552
2017-11-10 22:00:00,113.58,113.609,113.52,113.528,113.58,113.582
2017-11-10 23:00:00,113.529,113.554,113.475,113.51,113.53,113.531
2017-11-13 00:00:00,113.436,113.609,113.436,113.594,113.436,113.523
2017-11-13 01:00:00,113.594,113.708,113.573,113.697,113.593,113.598
2017-11-13 02:00:00,113.697,113.714,113.592,113.643,113.699,113.699
2017-11-13 03:00:00,113.644,113.673,113.596,113.643,113.643,113.643
2017-11-13 04:00:00,113.644,113.696,113.624,113.664,113.645,113.648
2017-11-13 05:00:00,113.664,113.692,113.643,113.662,113.664,113.666
2017-11-13 06:00:00,113.662,113.684,113.63,113.68,113.665,113.666
2017-11-13 07:00:00,113.681,113.687,113.49,113.501,113.681,113.683
2017-11-13 08:00:00,113.501,113.523,113.341,113.438,113.502,113.504
2017-11-13 09:00:00,113.437,113.49,113.383,113.457,113.437,113.439
2017-11-13 10:00:00,113.458,113.523,113.408,113.424,113.456,113.458
2017-11-13 11:00:00,113.424,113.47,113.321,113.364,113.426,113.428
2017-11-13 12:00:00,113.365,113.383,113.292,113.31,113.364,113.366
2017-11-13 13:00:00,113.311,113.383,113.264,113.347,113.31,113.313
2017-11-13 14:00:00,113.348,113.366,113.265,113.309,113.349,113.349
2017-11-13 15:00:00,113.309,113.34,113.243,113.322,113.31,113.311
2017-11-13 16:00:00,113.322,113.482,113.286,113.47,113.322,113.324
2017-11-13 17:00:00,113.47,113.566,113.435,113.503,113.469,113.47
2017-11-13 18:00:00,113.502,113.627,113.456,113.627,113.502,113.504
2017-11-13 19:00:00,113.627,113.67,113.576,113.621,113.628,113.629
2017-11-13 20:00:00,113.621,113.637,113.511,113.603,113.62,113.621
2017-11-13 21:00:00,113.604,113.618,113.545,113.56,113.604,113.605
2017-11-13 22:00:00,113.561,113.653,113.561,113.595,113.564,113.564
2017-11-13 23:00:00,113.595,113.634,113.573,113.624,113.594,113.594
2017-11-14 00:00:00,113.621,113.65,113.551,113.604,113.618,113.63
2017-11-14 01:00:00,113.604,113.652,113.586,113.605,113.604,113.608
2017-11-14 02:00:00,113.606,113.725,113.582,113.653,113.606,113.607
2017-11-14 03:00:00,113.654,113.724,113.64,113.674,113.653,113.653
2017-11-14 04:00:00,113.674,113.721,113.61,113.64,113.673,113.675
2017-11-14 05:00:00,113.64,113.704,113.6,113.63,113.639,113.641
2017-11-14 06:00:00,113.629,113.657,113.589,113.645,113.629,113.63
2017-11-14 07:00:00,113.646,113.704,113.618,113.635,113.645,113.647
2017-11-14 08:00:00,113.635,113.677,113.592,113.659,113.636,113.638
2017-11-14 09:00:00,113.659,113.742,113.629,113.732,113.66,113.662
2017-11-14 10:00:00,113.732,113.912,113.719,113.865,113.732,113.735
2017-11-14 11:00:00,113.866,113.889,113.742,113.766,113.866,113.868
2017-11-14 12:00:00,113.766,113.778,113.671,113.717,113.766,113.77
2017-11-14 13:00:00,113.716,113.719,113.605,113.652,113.715,113.716
2017-11-14 14:00:00,113.651,113.657,113.55,113.561,113.652,113.653
2017-11-14 15:00:00,113.56,113.605,113.443,113.597,113.56,113.562
2017-11-14 16:00:00,113.598,113.598,113.448,113.494,113.597,113.6
2017-11-14 17:00:00,113.492,113.495,113.309,113.456,113.49,113.49
2017-11-14 18:00:00,113.457,113.516,113.371,113.506,113.456,113.458
2017-11-14 19:00:00,113.507,113.576,113.393,113.412,113.506,113.508
2017-11-14 20:00:00,113.412,113.431,113.329,113.36,113.411,113.413
2017-11-14 21:00:00,113.361,113.417,113.343,113.395,113.36,113.363
2017-11-14 22:00:00,113.394,113.443,113.368,113.436,113.394,113.395
2017-11-14 23:00:00,113.435,113.467,113.422,113.452,113.435,113.437
2017-11-15 00:00:00,113.449,113.473,113.4,113.468,113.449,113.456
2017-11-15 01:00:00,113.469,113.469,113.391,113.417,113.466,113.472
2017-11-15 02:00:00,113.417,113.496,113.374,113.476,113.416,113.419
2017-11-15 03:00:00,113.476,113.479,113.177,113.22,113.477,113.479
2017-11-15 04:00:00,113.22,113.224,113.034,113.187,113.22,113.221
2017-11-15 05:00:00,113.186,113.236,113.093,113.137,113.187,113.189
2017-11-15 06:00:00,113.136,113.212,113.128,113.198,113.138,113.138
2017-11-15 07:00:00,113.199,113.279,113.158,113.192,113.197,113.199
2017-11-15 08:00:00,113.191,113.233,113.071,113.094,113.192,113.194
2017-11-15 09:00:00,113.095,113.102,112.905,112.994,113.094,113.096
2017-11-15 10:00:00,112.995,113.016,112.806,112.837,112.993,112.996
2017-11-15 11:00:00,112.838,112.877,112.648,112.804,112.839,112.839
2017-11-15 12:00:00,112.805,112.82,112.695,112.696,112.804,112.807
2017-11-15 13:00:00,112.697,112.809,112.696,112.711,112.697,112.701
2017-11-15 14:00:00,112.711,112.79,112.697,112.762,112.711,112.713
2017-11-15 15:00:00,112.765,112.868,112.478,112.65,112.764,112.764
2017-11-15 16:00:00,112.651,112.845,112.596,112.672,112.652,112.654
2017-11-15 17:00:00,112.671,113.116,112.669,113.084,112.671,112.672
2017-11-15 18:00:00,113.084,113.196,113.042,113.155,113.086,113.086
2017-11-15 19:00:00,113.154,113.184,113.063,113.074,113.156,113.156
2017-11-15 20:00:00,113.072,113.085,112.932,112.943,113.074,113.075
2017-11-15 21:00:00,112.943,112.994,112.882,112.891,112.944,112.945
2017-11-15 22:00:00,112.892,112.929,112.726,112.825,112.891,112.893
2017-11-15 23:00:00,112.825,112.886,112.806,112.873,112.825,112.825
2017-11-16 00:00:00,112.874,112.916,112.792,112.884,112.872,112.877
2017-11-16 01:00:00,112.883,112.883,112.764,112.764,112.881,112.887
2017-11-16 02:00:00,112.762,113.031,112.759,112.959,112.763,112.764
2017-11-16 03:00:00,112.959,112.979,112.857,112.857,112.958,112.96
2017-11-16 04:00:00,112.858,113.012,112.857,112.98,112.857,112.859
2017-11-16 05:00:00,112.98,113.045,112.956,113.012,112.98,112.98
2017-11-16 06:00:00,113.012,113.107,113.007,113.068,113.011,113.013
2017-11-16 07:00:00,113.069,113.112,113.013,113.083,113.069,113.069
2017-11-16 08:00:00,113.08,113.098,112.885,113.055,113.08,113.081
2017-11-16 09:00:00,113.055,113.27,113.055,113.243,113.056,113.056
2017-11-16 10:00:00,113.243,113.243,113.084,113.123,113.243,113.245
2017-11-16 11:00:00,113.122,113.244,113.099,113.218,113.122,113.124
2017-11-16 12:00:00,113.218,113.332,113.21,113.236,113.217,113.219
2017-11-16 13:00:00,113.235,113.263,113.125,113.154,113.235,113.237
2017-11-16 14:00:00,113.155,113.2,113.141,113.189,113.157,113.158
2017-11-16 15:00:00,113.188,113.193,112.996,113.013,113.188,113.189
2017-11-16 16:00:00,113.012,113.071,112.81,112.853,113.012,113.014
2017-11-16 17:00:00,112.852,112.962,112.736,112.794,112.852,112.854
2017-11-16 18:00:00,112.794,112.898,112.777,112.895,112.793,112.794
2017-11-16 19:00:00,112.894,112.916,112.805,112.868,112.893,112.896
2017-11-16 20:00:00,112.869,112.995,112.866,112.951,112.868,112.87
2017-11-16 21:00:00,112.951,113.064,112.947,112.998,112.951,112.953
2017-11-16 22:00:00,112.998,113.076,112.975,113.055,112.998,113.001
2017-11-16 23:00:00,113.054,113.062,113.01,113.056,113.055,113.057
2017-11-17 00:00:00,113.04,113.119,113.023,113.113,113.04,113.074
2017-11-17 01:00:00,113.113,113.143,112.999,113.047,113.112,113.115
2017-11-17 02:00:00,113.047,113.049,112.83,112.932,113.047,113.047
2017-11-17 03:00:00,112.93,112.947,112.527,112.574,112.929,112.929
2017-11-17 04:00:00,112.574,112.598,112.393,112.424,112.574,112.575
2017-11-17 05:00:00,112.424,112.609,112.42,112.498,112.424,112.427
2017-11-17 06:00:00,112.498,112.616,112.444,112.597,112.498,112.499
2017-11-17 07:00:00,112.598,112.599,112.487,112.591,112.599,112.6
2017-11-17 08:00:00,112.591,112.63,112.448,112.475,112.59,112.592
2017-11-17 09:00:00,112.476,112.627,112.472,112.578,112.477,112.48
2017-11-17 10:00:00,112.578,112.644,112.49,112.58,112.577,112.58
2017-11-17 11:00:00,112.579,112.611,112.505,112.535,112.58,112.582
2017-11-17 12:00:00,112.536,112.609,112.505,112.571,112.535,112.537
2017-11-17 13:00:00,112.571,112.65,112.485,112.612,112.571,112.575
2017-11-17 14:00:00,112.612,112.652,112.588,112.621,112.611,112.612
2017-11-17 15:00:00,112.621,112.686,112.542,112.568,112.62,112.621
2017-11-17 16:00:00,112.567,112.571,112.334,112.426,112.568,112.569
2017-11-17 17:00:00,112.426,112.495,112.215,112.233,112.426,112.426
2017-11-17 18:00:00,112.233,112.246,111.958,111.987,112.234,112.236
2017-11-17 19:00:00,111.986,112.107,111.955,112.022,111.986,111.987
2017-11-17 20:00:00,112.022,112.089,111.945,112.087,112.021,112.024
2017-11-17 21:00:00,112.086,112.175,112.083,112.13,112.086,112.088
2017-11-17 22:00:00,112.13,112.138,111.985,112.083,112.13,112.132
2017-11-17 23:00:00,112.084,112.19,112.081,112.148,112.085,112.086
2017-11-20 00:00:00,112.113,112.196,112.101,112.187,112.113,112.173
2017-11-20 01:00:00,112.188,112.188,111.885,112.021,112.188,112.195
2017-11-20 02:00:00,112.018,112.201,111.948,112.117,112.018,112.021
2017-11-20 03:00:00,112.119,112.198,111.995,112.024,112.119,112.12
2017-11-20 04:00:00,112.026,112.072,111.956,112.043,112.026,112.027
2017-11-20 05:00:00,112.044,112.05,111.971,112.02,112.044,112.047
2017-11-20 06:00:00,112.019,112.068,111.974,112.031,112.019,112.021
2017-11-20 07:00:00,112.03,112.095,112.011,112.079,112.03,112.033
2017-11-20 08:00:00,112.082,112.128,111.963,112.06,112.082,112.082
2017-11-20 09:00:00,112.061,112.118,111.949,112.034,112.061,112.064
2017-11-20 10:00:00,112.033,112.222,111.999,112.143,112.033,112.035
2017-11-20 11:00:00,112.145,112.17,112.107,112.12,112.145,112.145
2017-11-20 12:00:00,112.119,112.155,112.024,112.09,112.119,112.121
2017-11-20 13:00:00,112.09,112.195,112.063,112.191,112.09,112.092
2017-11-20 14:00:00,112.191,112.273,112.14,112.143,112.191,112.191
2017-11-20 15:00:00,112.144,112.294,112.117,112.255,112.144,112.145
2017-11-20 16:00:00,112.255,112.344,112.235,112.328,112.255,112.257
2017-11-20 17:00:00,112.328,112.433,112.273,112.403,112.328,112.328
2017-11-20 18:00:00,112.402,112.546,112.36,112.499,112.402,112.403
2017-11-20 19:00:00,112.499,112.585,112.479,112.582,112.499,112.5
2017-11-20 20:00:00,112.581,112.63,112.543,112.626,112.581,112.582
2017-11-20 21:00:00,112.626,112.719,112.614,112.68,112.626,112.627
2017-11-20 22:00:00,112.68,112.701,112.599,112.632,112.68,112.68
2017-11-20 23:00:00,112.631,112.658,112.582,112.618,112.631,112.632
2017-11-21 00:00:00,112.611,112.643,112.567,112.579,112.611,112.629
2017-11-21 01:00:00,112.579,112.598,112.523,112.556,112.579,112.584
2017-11-21 02:00:00,112.554,112.639,112.526,112.601,112.554,112.556
2017-11-21 03:00:00,112.602,112.667,112.524,112.633,112.602,112.602
2017-11-21 04:00:00,112.632,112.705,112.552,112.571,112.632,112.634
2017-11-21 05:00:00,112.572,112.578,112.506,112.527,112.572,112.573
2017-11-21 06:00:00,112.526,112.603,112.513,112.579,112.526,112.529
2017-11-21 07:00:00,112.578,112.606,112.544,112.556,112.578,112.581
2017-11-21 08:00:00,112.554,112.558,112.433,112.442,112.554,112.557
2017-11-21 09:00:00,112.442,112.6,112.442,112.563,112.442,112.445
2017-11-21 10:00:00,112.564,112.564,112.463,112.514,112.564,112.565
2017-11-21 11:00:00,112.514,112.535,112.404,112.425,112.514,112.516
2017-11-21 12:00:00,112.425,112.525,112.42,112.513,112.425,112.427
2017-11-21 13:00:00,112.512,112.589,112.49,112.589,112.512,112.516
2017-11-21 14:00:00,112.589,112.603,112.533,112.582,112.589,112.591
2017-11-21 15:00:00,112.582,112.589,112.424,112.467,112.582,112.582
2017-11-21 16:00:00,112.467,112.468,112.176,112.245,112.467,112.47
2017-11-21 17:00:00,112.244,112.473,112.18,112.462,112.244,112.245
2017-11-21 18:00:00,112.462,112.493,112.369,112.458,112.462,112.462
2017-11-21 19:00:00,112.459,112.524,112.393,112.433,112.459,112.46
2017-11-21 20:00:00,112.432,112.455,112.306,112.306,112.432,112.435
2017-11-21 21:00:00,112.306,112.463,112.291,112.444,112.306,112.308
2017-11-21 22:00:00,112.443,112.494,112.412,112.461,112.443,112.445
2017-11-21 23:00:00,112.461,112.477,112.428,112.44,112.461,112.463
2017-11-22 00:00:00,112.44,112.494,112.435,112.467,112.44,112.45
2017-11-22 01:00:00,112.465,112.476,112.33,112.338,112.465,112.47
2017-11-22 02:00:00,112.338,112.353,112.231,112.295,112.338,112.338
2017-11-22 03:00:00,112.295,112.324,112.194,112.252,112.295,112.296
2017-11-22 04:00:00,112.252,112.347,112.249,112.292,112.252,112.255
2017-11-22 05:00:00,112.293,112.346,112.265,112.282,112.293,112.293
2017-11-22 06:00:00,112.282,112.297,112.155,112.211,112.282,112.284
2017-11-22 07:00:00,112.212,112.236,112.154,112.191,112.212,112.213
2017-11-22 08:00:00,112.191,112.213,112.071,112.129,112.191,112.194
2017-11-22 09:00:00,112.129,112.169,111.993,112.054,112.129,112.132
2017-11-22 10:00:00,112.053,112.071,111.948,111.997,112.053,112.054
2017-11-22 11:00:00,111.998,112.128,111.98,112.079,111.998,112.0
2017-11-22 12:00:00,112.079,112.146,112.031,112.061,112.079,112.081
2017-11-22 13:00:00,112.062,112.118,112.038,112.084,112.062,112.064
2017-11-22 14:00:00,112.083,112.177,112.052,112.077,112.083,112.087
2017-11-22 15:00:00,112.077,112.103,111.892,111.984,112.077,112.079
2017-11-22 16:00:00,111.983,111.986,111.779,111.801,111.983,111.986
2017-11-22 17:00:00,111.799,111.857,111.566,111.622,111.799,111.803
2017-11-22 18:00:00,111.622,111.663,111.507,111.628,111.622,111.624
2017-11-22 19:00:00,111.627,111.639,111.509,111.58,111.627,111.629
2017-11-22 20:00:00,111.58,111.595,111.48,111.512,111.58,111.58
2017-11-22 21:00:00,111.499,111.539,111.141,111.152,111.499,111.503
2017-11-22 22:00:00,111.151,111.285,111.142,111.2,111.151,111.151
2017-11-22 23:00:00,111.2,111.249,111.153,111.219,111.2,111.202
2017-11-23 00:00:00,111.21,111.307,111.19,111.248,111.21,111.222
2017-11-23 01:00:00,111.248,111.316,111.192,111.284,111.248,111.252
2017-11-23 02:00:00,111.283,111.292,111.067,111.126,111.283,111.286
2017-11-23 03:00:00,111.127,111.205,111.082,111.204,111.127,111.129
2017-11-23 04:00:00,111.204,111.306,111.181,111.271,111.204,111.205
2017-11-23 05:00:00,111.271,111.38,111.268,111.312,111.271,111.272
2017-11-23 06:00:00,111.312,111.358,111.287,111.295,111.312,111.313
2017-11-23 07:00:00,111.294,111.337,111.266,111.306,111.294,111.294
2017-11-23 08:00:00,111.306,111.312,111.209,111.232,111.306,111.308
2017-11-23 09:00:00,111.231,111.278,111.129,111.184,111.231,111.232
2017-11-23 10:00:00,111.184,111.267,111.105,111.207,111.184,111.186
2017-11-23 11:00:00,111.207,111.316,111.165,111.258,111.207,111.209
2017-11-23 12:00:00,111.257,111.314,111.214,111.255,111.257,111.26
2017-11-23 13:00:00,111.256,111.256,111.139,111.158,111.256,111.259
2017-11-23 14:00:00,111.157,111.252,111.155,111.229,111.157,111.158
2017-11-23 15:00:00,111.23,111.3,111.215,111.293,111.23,111.232
2017-11-23 16:00:00,111.291,111.316,111.25,111.257,111.291,111.294
2017-11-23 17:00:00,111.257,111.279,111.23,111.235,111.257,111.26
2017-11-23 18:00:00,111.235,111.242,111.174,111.211,111.235,111.238
2017-11-23 19:00:00,111.21,111.213,111.161,111.197,111.21,111.213
2017-11-23 20:00:00,111.199,111.238,111.171,111.196,111.199,111.2
2017-11-23 21:00:00,111.196,111.258,111.19,111.224,111.196,111.198
2017-11-23 22:00:00,111.234,111.254,111.122,111.131,111.234,111.234
2017-11-23 23:00:00,111.132,111.247,111.132,111.217,111.132,111.156
2017-11-24 00:00:00,111.2,111.259,111.193,111.226,111.2,111.23
2017-11-24 01:00:00,111.227,111.273,111.198,111.259,111.227,111.234
2017-11-24 02:00:00,111.261,111.437,111.252,111.384,111.261,111.263
2017-11-24 03:00:00,111.383,111.407,111.29,111.323,111.383,111.385
2017-11-24 04:00:00,111.323,111.353,111.272,111.327,111.323,111.326
2017-11-24 05:00:00,111.327,111.477,111.327,111.449,111.327,111.328
2017-11-24 06:00:00,111.45,111.498,111.431,111.456,111.45,111.452
2017-11-24 07:00:00,111.456,111.513,111.436,111.495,111.456,111.458
2017-11-24 08:00:00,111.497,111.559,111.448,111.516,111.497,111.497
2017-11-24 09:00:00,111.515,111.538,111.407,111.419,111.515,111.519
2017-11-24 10:00:00,111.42,111.458,111.336,111.403,111.42,111.423
2017-11-24 11:00:00,111.403,111.473,111.385,111.429,111.403,111.406
2017-11-24 12:00:00,111.43,111.463,111.392,111.422,111.43,111.432
2017-11-24 13:00:00,111.421,111.535,111.419,111.466,111.421,111.424
2017-11-24 14:00:00,111.466,111.505,111.351,111.364,111.466,111.466
2017-11-24 15:00:00,111.366,111.397,111.296,111.367,111.366,111.367
2017-11-24 16:00:00,111.366,111.438,111.34,111.364,111.366,111.368
2017-11-24 17:00:00,111.363,111.504,111.362,111.502,111.363,111.365
2017-11-24 18:00:00,111.502,111.58,111.481,111.549,111.502,111.505
2017-11-24 19:00:00,111.55,111.595,111.511,111.572,111.55,111.551
2017-11-24 20:00:00,111.571,111.59,111.527,111.542,111.571,111.571
2017-11-24 21:00:00,111.541,111.582,111.538,111.574,111.541,111.541
2017-11-24 22:00:00,111.573,111.623,111.514,111.564,111.573,111.577
2017-11-24 23:00:00,111.563,111.62,111.479,111.525,111.563,111.591
2017-11-27 00:00:00,111.511,111.645,111.489,111.6,111.511,111.543
2017-11-27 01:00:00,111.601,111.692,111.591,111.663,111.601,111.604
2017-11-27 02:00:00,111.662,111.662,111.545,111.633,111.662,111.662
2017-11-27 03:00:00,111.634,111.654,111.404,111.427,111.634,111.636
2017-11-27 04:00:00,111.427,111.435,111.339,111.374,111.427,111.43
2017-11-27 05:00:00,111.374,111.461,111.355,111.386,111.374,111.376
2017-11-27 06:00:00,111.386,111.445,111.32,111.346,111.386,111.389
2017-11-27 07:00:00,111.347,111.42,111.34,111.381,111.347,111.349
2017-11-27 08:00:00,111.382,111.453,111.313,111.429,111.382,111.384
2017-11-27 09:00:00,111.429,111.456,111.337,111.361,111.429,111.432
2017-11-27 10:00:00,111.362,111.37,111.154,111.262,111.362,111.363
2017-11-27 11:00:00,111.262,111.336,111.252,111.264,111.262,111.264
2017-11-27 12:00:00,111.264,111.293,111.207,111.232,111.264,111.267
2017-11-27 13:00:00,111.233,111.288,111.191,111.228,111.233,111.235
2017-11-27 14:00:00,111.229,111.237,111.015,111.038,111.229,111.231
2017-11-27 15:00:00,111.037,111.105,110.884,110.904,111.037,111.038
2017-11-27 16:00:00,110.904,111.167,110.88,111.106,110.904,110.905
2017-11-27 17:00:00,111.107,111.252,111.014,111.041,111.107,111.107
2017-11-27 18:00:00,111.041,111.088,110.842,110.997,111.041,111.042
2017-11-27 19:00:00,110.995,111.055,110.902,111.052,110.995,110.997
2017-11-27 20:00:00,111.052,111.107,111.012,111.075,111.052,111.053
2017-11-27 21:00:00,111.075,111.086,111.006,111.01,111.075,111.076
2017-11-27 22:00:00,111.01,111.127,111.004,111.088,111.01,111.011
2017-11-27 23:00:00,111.087,111.113,111.071,111.098,111.087,111.089
2017-11-28 00:00:00,111.088,111.298,111.013,111.064,111.088,111.102
2017-11-28 01:00:00,111.065,111.19,111.034,111.137,111.065,111.069
2017-11-28 02:00:00,111.136,111.207,110.931,111.013,111.136,111.136
2017-11-28 03:00:00,111.014,111.326,111.013,111.307,111.014,111.016
2017-11-28 04:00:00,111.308,111.327,111.217,111.264,111.308,111.31
2017-11-28 05:00:00,111.264,111.265,111.162,111.179,111.264,111.266
2017-11-28 06:00:00,111.18,111.235,111.133,111.157,111.18,111.181
2017-11-28 07:00:00,111.159,111.196,111.139,111.18,111.159,111.161
2017-11-28 08:00:00,111.18,111.232,111.144,111.198,111.18,111.183
2017-11-28 09:00:00,111.197,111.32,111.191,111.3,111.197,111.203
2017-11-28 10:00:00,111.299,111.317,111.187,111.303,111.299,111.302
2017-11-28 11:00:00,111.304,111.317,111.223,111.238,111.304,111.305
2017-11-28 12:00:00,111.238,111.386,111.238,111.33,111.238,111.239
2017-11-28 13:00:00,111.33,111.359,111.285,111.356,111.33,111.331
2017-11-28 14:00:00,111.356,111.375,111.283,111.297,111.356,111.359
2017-11-28 15:00:00,111.297,111.297,111.152,111.252,111.297,111.297
2017-11-28 16:00:00,111.252,111.406,111.198,111.374,111.252,111.255
2017-11-28 17:00:00,111.375,111.476,111.187,111.305,111.375,111.381
2017-11-28 18:00:00,111.305,111.384,111.088,111.142,111.305,111.307
2017-11-28 19:00:00,111.14,111.327,111.095,111.251,111.14,111.14
2017-11-28 20:00:00,111.25,111.445,111.056,111.208,111.25,111.253
2017-11-28 21:00:00,111.207,111.64,111.176,111.581,111.207,111.21
2017-11-28 22:00:00,111.58,111.589,111.441,111.452,111.58,111.583
2017-11-28 23:00:00,111.451,111.479,111.347,111.477,111.451,111.453
2017-11-29 00:00:00,111.472,111.509,111.366,111.495,111.472,111.498
2017-11-29 01:00:00,111.493,111.659,111.485,111.631,111.493,111.498
2017-11-29 02:00:00,111.628,111.639,111.535,111.605,111.628,111.628
2017-11-29 03:00:00,111.606,111.668,111.593,111.629,111.606,111.608
2017-11-29 04:00:00,111.63,111.63,111.444,111.456,111.63,111.631
2017-11-29 05:00:00,111.455,111.564,111.38,111.46,111.455,111.456
2017-11-29 06:00:00,111.46,111.519,111.446,111.508,111.46,111.461
2017-11-29 07:00:00,111.51,111.573,111.499,111.561,111.51,111.511
2017-11-29 08:00:00,111.561,111.572,111.418,111.506,111.561,111.563
2017-11-29 09:00:00,111.507,111.532,111.402,111.448,111.507,111.509
2017-11-29 10:00:00,111.448,111.48,111.375,111.411,111.448,111.449
2017-11-29 11:00:00,111.411,111.512,111.398,111.47,111.411,111.414
2017-11-29 12:00:00,111.47,111.557,111.457,111.528,111.47,111.474
2017-11-29 13:00:00,111.528,111.63,111.514,111.608,111.528,111.53
2017-11-29 14:00:00,111.606,111.682,111.585,111.628,111.606,111.608
2017-11-29 15:00:00,111.629,112.067,111.616,111.996,111.629,111.63
2017-11-29 16:00:00,111.997,112.088,111.857,112.074,111.997,111.999
2017-11-29 17:00:00,112.074,112.15,111.804,111.917,112.074,112.074
2017-11-29 18:00:00,111.917,112.021,111.689,111.752,111.917,111.917
2017-11-29 19:00:00,111.753,111.93,111.746,111.92,111.753,111.755
2017-11-29 20:00:00,111.92,112.006,111.866,111.917,111.92,111.922
2017-11-29 21:00:00,111.917,111.917,111.807,111.813,111.917,111.92
2017-11-29 22:00:00,111.815,111.89,111.772,111.871,111.815,111.815
2017-11-29 23:00:00,111.87,111.984,111.858,111.937,111.87,111.873
2017-11-30 00:00:00,111.912,112.021,111.864,112.002,111.912,111.927
2017-11-30 01:00:00,112.001,112.078,111.976,112.008,112.001,112.008
2017-11-30 02:00:00,112.007,112.114,111.961,111.992,112.007,112.009
2017-11-30 03:00:00,111.99,112.094,111.951,112.044,111.99,111.995
2017-11-30 04:00:00,112.045,112.077,111.935,111.972,112.045,112.047
2017-11-30 05:00:00,111.975,112.004,111.957,111.984,111.975,111.977
2017-11-30 06:00:00,111.983,112.026,111.949,112.026,111.983,111.986
2017-11-30 07:00:00,112.024,112.138,112.002,112.12,112.024,112.026
2017-11-30 08:00:00,112.119,112.209,112.103,112.196,112.119,112.121
2017-11-30 09:00:00,112.196,112.298,112.182,112.287,112.196,112.197
2017-11-30 10:00:00,112.29,112.431,112.263,112.412,112.29,112.291
2017-11-30 11:00:00,112.411,112.482,112.331,112.342,112.411,112.413
2017-11-30 12:00:00,112.345,112.433,112.283,112.378,112.345,112.347
2017-11-30 13:00:00,112.378,112.402,112.301,112.335,112.378,112.381
2017-11-30 14:00:00,112.335,112.348,112.225,112.315,112.335,112.338
2017-11-30 15:00:00,112.315,112.45,112.25,112.27,112.315,112.316
2017-11-30 16:00:00,112.269,112.281,111.921,111.953,112.269,112.272
2017-11-30 17:00:00,111.953,111.956,111.736,111.904,111.953,111.953
2017-11-30 18:00:00,111.905,112.332,111.852,112.295,111.905,111.905
2017-11-30 19:00:00,112.294,112.523,112.286,112.511,112.294,112.296
2017-11-30 20:00:00,112.512,112.64,112.503,112.554,112.512,112.513
2017-11-30 21:00:00,112.553,112.604,112.521,112.528,112.553,112.555
2017-11-30 22:00:00,112.528,112.624,112.442,112.523,112.528,112.529
2017-11-30 23:00:00,112.522,112.599,112.495,112.533,112.522,112.525
2017-12-01 00:00:00,112.528,112.694,112.517,112.67,112.528,112.541
2017-12-01 01:00:00,112.669,112.671,112.556,112.586,112.669,112.673
2017-12-01 02:00:00,112.586,112.641,112.321,112.403,112.586,112.587
2017-12-01 03:00:00,112.404,112.552,112.36,112.391,112.404,112.406
2017-12-01 04:00:00,112.392,112.562,112.38,112.526,112.392,112.394
2017-12-01 05:00:00,112.527,112.595,112.509,112.517,112.527,112.527
2017-12-01 06:00:00,112.518,112.642,112.505,112.613,112.518,112.519
2017-12-01 07:00:00,112.612,112.63,112.537,112.545,112.612,112.614
2017-12-01 08:00:00,112.545,112.632,112.475,112.617,112.545,112.548
2017-12-01 09:00:00,112.617,112.655,112.546,112.615,112.617,112.62
2017-12-01 10:00:00,112.615,112.653,112.381,112.429,112.615,112.618
2017-12-01 11:00:00,112.429,112.468,112.315,112.444,112.429,112.432
2017-12-01 12:00:00,112.445,112.494,112.281,112.342,112.445,112.447
2017-12-01 13:00:00,112.342,112.409,112.297,112.354,112.342,112.345
2017-12-01 14:00:00,112.355,112.443,112.328,112.37,112.355,112.355
2017-12-01 15:00:00,112.369,112.759,112.365,112.742,112.369,112.369
2017-12-01 16:00:00,112.742,112.77,112.612,112.692,112.742,112.743
2017-12-01 17:00:00,112.692,112.875,112.585,112.787,112.692,112.696
2017-12-01 18:00:00,112.785,112.816,111.404,111.843,112.785,112.787
2017-12-01 19:00:00,111.842,112.121,111.807,112.005,111.842,111.845
2017-12-01 20:00:00,112.007,112.302,111.92,112.163,112.007,112.009
2017-12-01 21:00:00,112.164,112.203,112.02,112.04,112.164,112.166
2017-12-01 22:00:00,112.041,112.131,111.999,112.107,112.041,112.042
2017-12-01 23:00:00,112.108,112.208,112.099,112.177,112.108,112.109
2017-12-04 00:00:00,112.796,112.796,112.649,112.742,112.796,112.83
2017-12-04 01:00:00,112.742,112.896,112.706,112.89,112.742,112.746
2017-12-04 02:00:00,112.89,112.89,112.698,112.746,112.89,112.891
2017-12-04 03:00:00,112.745,112.804,112.657,112.687,112.745,112.749
2017-12-04 04:00:00,112.689,112.783,112.68,112.761,112.689,112.69
2017-12-04 05:00:00,112.762,112.764,112.73,112.743,112.762,112.762
2017-12-04 06:00:00,112.742,112.787,112.724,112.787,112.742,112.744
2017-12-04 07:00:00,112.788,112.837,112.776,112.812,112.788,112.79
2017-12-04 08:00:00,112.813,112.907,112.798,112.874,112.813,112.813
2017-12-04 09:00:00,112.874,113.07,112.868,112.99,112.874,112.875
2017-12-04 10:00:00,112.989,113.024,112.793,112.829,112.989,112.99
2017-12-04 11:00:00,112.83,112.963,112.819,112.9,112.83,112.832
2017-12-04 12:00:00,112.899,112.963,112.866,112.937,112.899,112.9
2017-12-04 13:00:00,112.936,112.973,112.891,112.909,112.936,112.936
2017-12-04 14:00:00,112.908,113.048,112.884,112.952,112.908,112.91
2017-12-04 15:00:00,112.951,113.015,112.838,112.965,112.951,112.954
2017-12-04 16:00:00,112.966,113.089,112.911,112.945,112.966,112.966
2017-12-04 17:00:00,112.942,113.002,112.69,112.714,112.942,112.947
2017-12-04 18:00:00,112.714,112.818,112.678,112.799,112.714,112.717
2017-12-04 19:00:00,112.799,112.847,112.733,112.84,112.799,112.802
2017-12-04 20:00:00,112.839,112.849,112.694,112.778,112.839,112.841
2017-12-04 21:00:00,112.778,112.79,112.591,112.622,112.778,112.779
2017-12-04 22:00:00,112.622,112.645,112.506,112.513,112.622,112.624
2017-12-04 23:00:00,112.513,112.527,112.364,112.402,112.513,112.515
2017-12-05 00:00:00,112.394,112.502,112.394,112.493,112.394,112.415
2017-12-05 01:00:00,112.493,112.526,112.447,112.496,112.493,112.501
2017-12-05 02:00:00,112.494,112.576,112.431,112.452,112.494,112.496
2017-12-05 03:00:00,112.452,112.501,112.378,112.465,112.452,112.454
2017-12-05 04:00:00,112.464,112.529,112.439,112.525,112.464,112.467
2017-12-05 05:00:00,112.524,112.562,112.489,112.529,112.524,112.524
2017-12-05 06:00:00,112.529,112.606,112.486,112.587,112.529,112.531
2017-12-05 07:00:00,112.587,112.631,112.556,112.585,112.587,112.589
2017-12-05 08:00:00,112.585,112.667,112.581,112.651,112.585,112.586
2017-12-05 09:00:00,112.649,112.695,112.58,112.625,112.649,112.652
2017-12-05 10:00:00,112.626,112.694,112.558,112.564,112.626,112.628
2017-12-05 11:00:00,112.563,112.597,112.48,112.516,112.563,112.566
2017-12-05 12:00:00,112.515,112.609,112.451,112.463,112.515,112.519
2017-12-05 13:00:00,112.464,112.532,112.41,112.49,112.464,112.465
2017-12-05 14:00:00,112.491,112.642,112.481,112.636,112.491,112.492
2017-12-05 15:00:00,112.636,112.696,112.574,112.596,112.636,112.637
2017-12-05 16:00:00,112.595,112.846,112.574,112.754,112.595,112.597
2017-12-05 17:00:00,112.754,112.856,112.595,112.771,112.754,112.758
2017-12-05 18:00:00,112.771,112.865,112.725,112.759,112.771,112.772
2017-12-05 19:00:00,112.758,112.771,112.636,112.715,112.758,112.761
2017-12-05 20:00:00,112.716,112.858,112.698,112.74,112.716,112.717
2017-12-05 21:00:00,112.741,112.755,112.572,112.612,112.741,112.743
2017-12-05 22:00:00,112.613,112.636,112.533,112.551,112.613,112.614
2017-12-05 23:00:00,112.552,112.654,112.525,112.586,112.552,112.553
2017-12-06 00:00:00,112.59,112.632,112.561,112.592,112.59,112.639
2017-12-06 01:00:00,112.592,112.623,112.46,112.467,112.592,112.597
2017-12-06 02:00:00,112.467,112.502,112.389,112.437,112.467,112.467
2017-12-06 03:00:00,112.437,112.532,112.371,112.459,112.437,112.44
2017-12-06 04:00:00,112.459,112.462,112.186,112.217,112.459,112.461
2017-12-06 05:00:00,112.218,112.308,112.207,112.226,112.218,112.219
2017-12-06 06:00:00,112.226,112.248,112.108,112.143,112.226,112.227
2017-12-06 07:00:00,112.143,112.166,112.072,112.079,112.143,112.145
2017-12-06 08:00:00,112.078,112.256,112.064,112.227,112.078,112.08
2017-12-06 09:00:00,112.227,112.25,111.992,112.097,112.227,112.231
2017-12-06 10:00:00,112.097,112.217,112.034,112.185,112.097,112.099
2017-12-06 11:00:00,112.184,112.2,112.119,112.153,112.184,112.185
2017-12-06 12:00:00,112.153,112.199,112.034,112.161,112.153,112.153
2017-12-06 13:00:00,112.161,112.241,112.135,112.17,112.161,112.165
2017-12-06 14:00:00,112.172,112.237,112.129,112.167,112.172,112.172
2017-12-06 15:00:00,112.167,112.219,112.037,112.195,112.167,112.17
2017-12-06 16:00:00,112.193,112.341,112.168,112.317,112.193,112.193
2017-12-06 17:00:00,112.318,112.354,112.155,112.256,112.318,112.32
2017-12-06 18:00:00,112.257,112.376,112.192,112.312,112.257,112.259
2017-12-06 19:00:00,112.311,112.368,112.232,112.24,112.311,112.311
2017-12-06 20:00:00,112.24,112.26,112.153,112.215,112.24,112.24
2017-12-06 21:00:00,112.215,112.31,112.204,112.297,112.215,112.217
2017-12-06 22:00:00,112.297,112.297,112.17,112.206,112.297,112.297
2017-12-06 23:00:00,112.206,112.303,112.2,112.291,112.206,112.207
2017-12-07 00:00:00,112.283,112.293,112.234,112.238,112.283,112.297
2017-12-07 01:00:00,112.239,112.321,112.219,112.308,112.239,112.246
2017-12-07 02:00:00,112.308,112.487,112.307,112.46,112.308,112.311
2017-12-07 03:00:00,112.46,112.484,112.398,112.459,112.46,112.462
2017-12-07 04:00:00,112.459,112.478,112.421,112.447,112.459,112.461
2017-12-07 05:00:00,112.446,112.465,112.353,112.382,112.446,112.449
2017-12-07 06:00:00,112.383,112.441,112.374,112.427,112.383,112.385
2017-12-07 07:00:00,112.426,112.537,112.391,112.512,112.426,112.428
2017-12-07 08:00:00,112.512,112.612,112.507,112.557,112.512,112.514
2017-12-07 09:00:00,112.557,112.61,112.515,112.546,112.557,112.56
2017-12-07 10:00:00,112.548,112.68,112.527,112.669,112.548,112.548
2017-12-07 11:00:00,112.669,112.689,112.63,112.655,112.669,112.671
2017-12-07 12:00:00,112.656,112.736,112.626,112.691,112.656,112.659
2017-12-07 13:00:00,112.692,112.778,112.684,112.746,112.692,112.693
2017-12-07 14:00:00,112.747,112.799,112.682,112.75,112.747,112.747
2017-12-07 15:00:00,112.751,112.766,112.575,112.581,112.751,112.753
2017-12-07 16:00:00,112.582,112.703,112.57,112.647,112.582,112.583
2017-12-07 17:00:00,112.648,112.742,112.597,112.74,112.648,112.649
2017-12-07 18:00:00,112.738,112.752,112.622,112.704,112.738,112.74
2017-12-07 19:00:00,112.705,112.79,112.653,112.77,112.705,112.706
2017-12-07 20:00:00,112.771,112.938,112.733,112.88,112.771,112.772
2017-12-07 21:00:00,112.881,113.142,112.861,113.138,112.881,112.882
2017-12-07 22:00:00,113.137,113.158,113.038,113.083,113.137,113.141
2017-12-07 23:00:00,113.083,113.113,113.056,113.082,113.083,113.086
2017-12-08 00:00:00,113.08,113.109,113.076,113.083,113.08,113.087
2017-12-08 01:00:00,113.082,113.211,113.08,113.204,113.082,113.088
2017-12-08 02:00:00,113.207,113.26,113.111,113.244,113.207,113.211
2017-12-08 03:00:00,113.244,113.383,113.223,113.367,113.244,113.245
2017-12-08 04:00:00,113.372,113.389,113.311,113.331,113.372,113.372
2017-12-08 05:00:00,113.331,113.353,113.296,113.299,113.331,113.334
2017-12-08 06:00:00,113.298,113.376,113.28,113.363,113.298,113.3
2017-12-08 07:00:00,113.364,113.392,113.328,113.389,113.364,113.366
2017-12-08 08:00:00,113.389,113.466,113.381,113.449,113.389,113.39
2017-12-08 09:00:00,113.45,113.483,113.398,113.47,113.45,113.452
2017-12-08 10:00:00,113.471,113.591,113.465,113.536,113.471,113.473
2017-12-08 11:00:00,113.537,113.575,113.465,113.562,113.537,113.538
2017-12-08 12:00:00,113.563,113.57,113.527,113.536,113.563,113.564
2017-12-08 13:00:00,113.537,113.559,113.476,113.499,113.537,113.538
2017-12-08 14:00:00,113.498,113.544,113.47,113.494,113.498,113.501
2017-12-08 15:00:00,113.494,113.572,113.236,113.339,113.494,113.495
2017-12-08 16:00:00,113.338,113.376,113.13,113.298,113.338,113.339
2017-12-08 17:00:00,113.302,113.542,113.268,113.525,113.302,113.309
2017-12-08 18:00:00,113.524,113.588,113.485,113.556,113.524,113.526
2017-12-08 19:00:00,113.558,113.582,113.47,113.519,113.558,113.558
2017-12-08 20:00:00,113.519,113.547,113.504,113.529,113.519,113.521
2017-12-08 21:00:00,113.53,113.548,113.505,113.517,113.53,113.531
2017-12-08 22:00:00,113.517,113.525,113.451,113.49,113.517,113.519
2017-12-08 23:00:00,113.489,113.525,113.46,113.465,113.489,113.493
2017-12-11 00:00:00,113.524,113.587,113.508,113.581,113.524,113.545
2017-12-11 01:00:00,113.582,113.628,113.533,113.563,113.582,113.59
2017-12-11 02:00:00,113.562,113.671,113.455,113.669,113.562,113.565
2017-12-11 03:00:00,113.668,113.69,113.594,113.614,113.668,113.671
2017-12-11 04:00:00,113.614,113.644,113.591,113.621,113.614,113.618
2017-12-11 05:00:00,113.621,113.632,113.533,113.577,113.621,113.623
2017-12-11 06:00:00,113.577,113.642,113.571,113.602,113.577,113.578
2017-12-11 07:00:00,113.601,113.601,113.497,113.554,113.601,113.604
2017-12-11 08:00:00,113.555,113.573,113.495,113.522,113.555,113.557
2017-12-11 09:00:00,113.522,113.544,113.382,113.441,113.522,113.525
2017-12-11 10:00:00,113.441,113.496,113.356,113.421,113.441,113.442
2017-12-11 11:00:00,113.421,113.433,113.32,113.365,113.421,113.424
2017-12-11 12:00:00,113.365,113.437,113.363,113.389,113.365,113.367
2017-12-11 13:00:00,113.388,113.435,113.34,113.347,113.388,113.391
2017-12-11 14:00:00,113.345,113.392,113.242,113.286,113.345,113.348
2017-12-11 15:00:00,113.285,113.418,113.275,113.407,113.285,113.287
2017-12-11 16:00:00,113.408,113.445,113.343,113.41,113.408,113.411
2017-12-11 17:00:00,113.41,113.44,113.276,113.359,113.41,113.411
2017-12-11 18:00:00,113.359,113.397,113.307,113.35,113.359,113.361
2017-12-11 19:00:00,113.35,113.444,113.34,113.435,113.35,113.352
2017-12-11 20:00:00,113.435,113.495,113.43,113.463,113.435,113.437
2017-12-11 21:00:00,113.462,113.53,113.446,113.512,113.462,113.465
2017-12-11 22:00:00,113.513,113.546,113.473,113.541,113.513,113.515
2017-12-11 23:00:00,113.542,113.576,113.516,113.551,113.542,113.542
2017-12-12 00:00:00,113.546,113.555,113.524,113.537,113.546,113.574
2017-12-12 01:00:00,113.538,113.559,113.527,113.548,113.538,113.543
2017-12-12 02:00:00,113.546,113.578,113.487,113.502,113.546,113.549
2017-12-12 03:00:00,113.501,113.55,113.444,113.454,113.501,113.505
2017-12-12 04:00:00,113.454,113.49,113.442,113.477,113.454,113.457
2017-12-12 05:00:00,113.476,113.512,113.463,113.505,113.476,113.479
2017-12-12 06:00:00,113.506,113.515,113.472,113.487,113.506,113.506
2017-12-12 07:00:00,113.486,113.489,113.437,113.453,113.486,113.487
2017-12-12 08:00:00,113.454,113.465,113.41,113.41,113.454,113.454
2017-12-12 09:00:00,113.411,113.463,113.371,113.463,113.411,113.413
2017-12-12 10:00:00,113.462,113.496,113.399,113.432,113.462,113.465
2017-12-12 11:00:00,113.433,113.462,113.398,113.451,113.433,113.433
2017-12-12 12:00:00,113.452,113.488,113.424,113.454,113.452,113.455
2017-12-12 13:00:00,113.454,113.463,113.422,113.449,113.454,113.458
2017-12-12 14:00:00,113.448,113.502,113.425,113.47,113.448,113.45
2017-12-12 15:00:00,113.472,113.543,113.453,113.492,113.472,113.473
2017-12-12 16:00:00,113.493,113.64,113.474,113.619,113.493,113.495
2017-12-12 17:00:00,113.618,113.751,113.596,113.679,113.618,113.621
2017-12-12 18:00:00,113.68,113.726,113.615,113.625,113.68,113.681
2017-12-12 19:00:00,113.623,113.665,113.373,113.626,113.623,113.626
2017-12-12 20:00:00,113.627,113.644,113.505,113.54,113.627,113.628
2017-12-12 21:00:00,113.539,113.605,113.518,113.583,113.539,113.539
2017-12-12 22:00:00,113.582,113.583,113.488,113.494,113.582,113.585
2017-12-12 23:00:00,113.493,113.564,113.488,113.549,113.493,113.496
2017-12-13 00:00:00,113.541,113.558,113.498,113.541,113.541,113.547
2017-12-13 01:00:00,113.541,113.575,113.534,113.536,113.541,113.549
2017-12-13 02:00:00,113.536,113.538,113.435,113.453,113.536,113.538
2017-12-13 03:00:00,113.452,113.487,113.418,113.485,113.452,113.456
2017-12-13 04:00:00,113.484,113.507,113.43,113.465,113.484,113.487
2017-12-13 05:00:00,113.466,113.468,113.125,113.297,113.466,113.468
2017-12-13 06:00:00,113.296,113.35,113.271,113.334,113.296,113.298
2017-12-13 07:00:00,113.334,113.347,113.264,113.321,113.334,113.337
2017-12-13 08:00:00,113.32,113.388,113.306,113.383,113.32,113.32
2017-12-13 09:00:00,113.384,113.451,113.38,113.439,113.384,113.384
2017-12-13 10:00:00,113.439,113.454,113.318,113.331,113.439,113.439
2017-12-13 11:00:00,113.332,113.428,113.307,113.398,113.332,113.333
2017-12-13 12:00:00,113.398,113.424,113.358,113.371,113.398,113.4
2017-12-13 13:00:00,113.37,113.387,113.318,113.333,113.37,113.37
2017-12-13 14:00:00,113.333,113.358,113.268,113.305,113.333,113.334
2017-12-13 15:00:00,113.306,113.379,112.952,113.061,113.306,113.308
2017-12-13 16:00:00,113.062,113.174,113.005,113.14,113.062,113.062
2017-12-13 17:00:00,113.138,113.236,113.042,113.042,113.138,113.139
2017-12-13 18:00:00,113.042,113.282,113.002,113.203,113.042,113.042
2017-12-13 19:00:00,113.201,113.208,113.062,113.129,113.201,113.203
2017-12-13 20:00:00,113.129,113.133,112.853,112.86,113.129,113.13
2017-12-13 21:00:00,112.86,113.147,112.496,112.505,112.86,112.892
2017-12-13 22:00:00,112.506,112.643,112.459,112.491,112.506,112.507
2017-12-13 23:00:00,112.492,112.569,112.485,112.535,112.492,112.493
2017-12-14 00:00:00,112.528,112.703,112.528,112.684,112.528,112.541
2017-12-14 01:00:00,112.685,112.794,112.632,112.768,112.685,112.69
2017-12-14 02:00:00,112.768,112.794,112.694,112.759,112.768,112.768
2017-12-14 03:00:00,112.76,112.761,112.586,112.606,112.76,112.761
2017-12-14 04:00:00,112.606,112.693,112.606,112.667,112.606,112.608
2017-12-14 05:00:00,112.667,112.674,112.596,112.609,112.667,112.668
2017-12-14 06:00:00,112.608,112.644,112.555,112.628,112.608,112.608
2017-12-14 07:00:00,112.629,112.645,112.571,112.571,112.629,112.63
2017-12-14 08:00:00,112.571,112.698,112.571,112.69,112.571,112.573
2017-12-14 09:00:00,112.692,112.803,112.682,112.762,112.692,112.692
2017-12-14 10:00:00,112.762,112.793,112.713,112.783,112.762,112.763
2017-12-14 11:00:00,112.782,112.883,112.727,112.776,112.782,112.786
2017-12-14 12:00:00,112.777,112.802,112.707,112.713,112.777,112.779
2017-12-14 13:00:00,112.713,112.745,112.651,112.658,112.713,112.716
2017-12-14 14:00:00,112.659,112.725,112.6,112.668,112.659,112.663
2017-12-14 15:00:00,112.666,112.835,112.581,112.762,112.666,112.666
2017-12-14 16:00:00,112.762,112.799,112.571,112.685,112.762,112.763
2017-12-14 17:00:00,112.685,112.795,112.598,112.612,112.685,112.685
2017-12-14 18:00:00,112.61,112.638,112.468,112.559,112.61,112.61
2017-12-14 19:00:00,112.56,112.586,112.339,112.359,112.56,112.561
2017-12-14 20:00:00,112.36,112.394,112.089,112.23,112.36,112.362
2017-12-14 21:00:00,112.231,112.242,112.063,112.19,112.231,112.232
2017-12-14 22:00:00,112.19,112.301,112.16,112.242,112.19,112.191
2017-12-14 23:00:00,112.242,112.425,112.234,112.402,112.242,112.243
2017-12-15 00:00:00,112.382,112.403,112.303,112.379,112.382,112.402
2017-12-15 01:00:00,112.379,112.402,112.313,112.391,112.379,112.384
2017-12-15 02:00:00,112.391,112.398,112.267,112.34,112.391,112.393
2017-12-15 03:00:00,112.339,112.346,112.238,112.24,112.339,112.341
2017-12-15 04:00:00,112.24,112.383,112.112,112.274,112.24,112.242
2017-12-15 05:00:00,112.273,112.306,112.229,112.293,112.273,112.276
2017-12-15 06:00:00,112.291,112.39,112.266,112.338,112.291,112.292
2017-12-15 07:00:00,112.34,112.374,112.242,112.252,112.34,112.34
2017-12-15 08:00:00,112.252,112.265,112.16,112.244,112.252,112.255
2017-12-15 09:00:00,112.245,112.278,112.143,112.151,112.245,112.248
2017-12-15 10:00:00,112.151,112.167,112.031,112.16,112.151,112.151
2017-12-15 11:00:00,112.159,112.233,112.103,112.154,112.159,112.161
2017-12-15 12:00:00,112.153,112.214,112.133,112.146,112.153,112.156
2017-12-15 13:00:00,112.145,112.221,112.118,112.198,112.145,112.149
2017-12-15 14:00:00,112.198,112.213,112.152,112.179,112.198,112.2
2017-12-15 15:00:00,112.178,112.262,112.15,112.226,112.178,112.181
2017-12-15 16:00:00,112.225,112.463,112.216,112.444,112.225,112.227
2017-12-15 17:00:00,112.445,112.744,112.441,112.641,112.445,112.446
2017-12-15 18:00:00,112.645,112.736,112.61,112.678,112.645,112.646
2017-12-15 19:00:00,112.679,112.696,112.622,112.688,112.679,112.681
2017-12-15 20:00:00,112.688,112.74,112.655,112.718,112.688,112.69
2017-12-15 21:00:00,112.718,112.72,112.605,112.63,112.718,112.721
2017-12-15 22:00:00,112.63,112.635,112.552,112.581,112.63,112.631
2017-12-15 23:00:00,112.58,112.638,112.562,112.603,112.58,112.583
2017-12-18 00:00:00,112.725,112.725,112.314,112.622,112.725,112.738
2017-12-18 01:00:00,112.621,112.745,112.614,112.726,112.621,112.635
2017-12-18 02:00:00,112.726,112.83,112.703,112.744,112.726,112.728
2017-12-18 03:00:00,112.743,112.749,112.627,112.641,112.743,112.743
2017-12-18 04:00:00,112.642,112.68,112.593,112.652,112.642,112.644
2017-12-18 05:00:00,112.652,112.695,112.621,112.678,112.652,112.654
2017-12-18 06:00:00,112.678,112.691,112.635,112.676,112.678,112.681
2017-12-18 07:00:00,112.675,112.68,112.635,112.661,112.675,112.678
2017-12-18 08:00:00,112.661,112.667,112.614,112.667,112.661,112.662
2017-12-18 09:00:00,112.667,112.725,112.655,112.671,112.667,112.67
2017-12-18 10:00:00,112.67,112.744,112.657,112.675,112.67,112.674
2017-12-18 11:00:00,112.675,112.68,112.612,112.637,112.675,112.678
2017-12-18 12:00:00,112.636,112.669,112.597,112.603,112.636,112.637
2017-12-18 13:00:00,112.603,112.63,112.512,112.531,112.603,112.607
2017-12-18 14:00:00,112.531,112.552,112.494,112.514,112.531,112.533
2017-12-18 15:00:00,112.514,112.538,112.451,112.516,112.514,112.514
2017-12-18 16:00:00,112.515,112.56,112.446,112.477,112.515,112.517
2017-12-18 17:00:00,112.478,112.482,112.346,112.366,112.478,112.48
2017-12-18 18:00:00,112.366,112.435,112.309,112.402,112.366,112.367
2017-12-18 19:00:00,112.401,112.477,112.4,112.471,112.401,112.403
2017-12-18 20:00:00,112.471,112.521,112.428,112.518,112.471,112.472
2017-12-18 21:00:00,112.518,112.592,112.49,112.559,112.518,112.519
2017-12-18 22:00:00,112.558,112.61,112.529,112.566,112.558,112.559
2017-12-18 23:00:00,112.568,112.592,112.529,112.54,112.568,112.571
2017-12-19 00:00:00,112.535,112.58,112.535,112.562,112.535,112.548
2017-12-19 01:00:00,112.561,112.58,112.544,112.575,112.561,112.567
2017-12-19 02:00:00,112.575,112.651,112.567,112.572,112.575,112.577
2017-12-19 03:00:00,112.572,112.664,112.559,112.61,112.572,112.575
2017-12-19 04:00:00,112.611,112.627,112.571,112.604,112.611,112.612
2017-12-19 05:00:00,112.603,112.646,112.594,112.629,112.603,112.605
2017-12-19 06:00:00,112.629,112.641,112.606,112.631,112.629,112.63
2017-12-19 07:00:00,112.631,112.631,112.573,112.591,112.631,112.633
2017-12-19 08:00:00,112.592,112.592,112.522,112.542,112.592,112.593
2017-12-19 09:00:00,112.543,112.563,112.51,112.512,112.543,112.543
2017-12-19 10:00:00,112.513,112.603,112.511,112.562,112.513,112.514
2017-12-19 11:00:00,112.561,112.635,112.545,112.613,112.561,112.564
2017-12-19 12:00:00,112.614,112.638,112.595,112.612,112.614,112.616
2017-12-19 13:00:00,112.612,112.636,112.577,112.584,112.612,112.616
2017-12-19 14:00:00,112.584,112.682,112.549,112.644,112.584,112.586
2017-12-19 15:00:00,112.646,112.804,112.645,112.795,112.646,112.648
2017-12-19 16:00:00,112.794,112.855,112.722,112.812,112.794,112.795
2017-12-19 17:00:00,112.811,112.994,112.771,112.992,112.811,112.814
2017-12-19 18:00:00,112.993,113.038,112.929,112.987,112.993,112.994
2017-12-19 19:00:00,112.989,113.069,112.95,113.045,112.989,112.99
2017-12-19 20:00:00,113.046,113.079,112.955,112.972,113.046,113.046
2017-12-19 21:00:00,112.973,113.026,112.912,112.942,112.973,112.975
2017-12-19 22:00:00,112.943,112.95,112.846,112.861,112.943,112.946
2017-12-19 23:00:00,112.864,112.905,112.847,112.885,112.864,112.864
2017-12-20 00:00:00,112.883,112.884,112.839,112.855,112.883,112.891
2017-12-20 01:00:00,112.855,113.007,112.847,113.004,112.855,112.862
2017-12-20 02:00:00,113.002,113.014,112.927,112.931,113.002,113.003
2017-12-20 03:00:00,112.931,112.958,112.877,112.904,112.931,112.933
2017-12-20 04:00:00,112.904,112.953,112.857,112.934,112.904,112.904
2017-12-20 05:00:00,112.933,112.963,112.92,112.949,112.933,112.935
2017-12-20 06:00:00,112.948,112.995,112.927,112.979,112.948,112.95
2017-12-20 07:00:00,112.977,113.075,112.958,112.958,112.977,112.98
2017-12-20 08:00:00,112.958,113.019,112.948,112.997,112.958,112.958
2017-12-20 09:00:00,112.998,113.168,112.996,113.134,112.998,113.001
2017-12-20 10:00:00,113.134,113.167,113.071,113.113,113.134,113.135
2017-12-20 11:00:00,113.113,113.164,113.083,113.152,113.113,113.116
2017-12-20 12:00:00,113.151,113.181,113.099,113.161,113.151,113.154
2017-12-20 13:00:00,113.16,113.173,113.093,113.151,113.16,113.164
2017-12-20 14:00:00,113.151,113.216,113.142,113.192,113.151,113.152
2017-12-20 15:00:00,113.191,113.294,113.183,113.284,113.191,113.193
2017-12-20 16:00:00,113.285,113.302,113.113,113.148,113.285,113.286
2017-12-20 17:00:00,113.148,113.304,113.118,113.292,113.148,113.151
2017-12-20 18:00:00,113.292,113.358,113.267,113.296,113.292,113.292
2017-12-20 19:00:00,113.295,113.324,113.2,113.321,113.295,113.295
2017-12-20 20:00:00,113.32,113.337,113.268,113.336,113.32,113.32
2017-12-20 21:00:00,113.335,113.425,113.329,113.415,113.335,113.338
2017-12-20 22:00:00,113.415,113.466,113.385,113.405,113.415,113.417
2017-12-20 23:00:00,113.406,113.433,113.377,113.386,113.406,113.408
2017-12-21 00:00:00,113.388,113.403,113.326,113.346,113.388,113.403
2017-12-21 01:00:00,113.346,113.355,113.221,113.251,113.346,113.352
2017-12-21 02:00:00,113.252,113.341,113.2,113.264,113.252,113.254
2017-12-21 03:00:00,113.262,113.357,113.258,113.322,113.262,113.262
2017-12-21 04:00:00,113.321,113.451,113.319,113.427,113.321,113.324
2017-12-21 05:00:00,113.425,113.447,113.386,113.409,113.425,113.429
2017-12-21 06:00:00,113.409,113.424,113.358,113.39,113.409,113.41
2017-12-21 07:00:00,113.39,113.414,113.362,113.397,113.39,113.393
2017-12-21 08:00:00,113.399,113.443,113.373,113.416,113.399,113.4
2017-12-21 09:00:00,113.416,113.602,113.414,113.572,113.416,113.417
2017-12-21 10:00:00,113.572,113.637,113.471,113.521,113.572,113.577
2017-12-21 11:00:00,113.521,113.546,113.464,113.481,113.521,113.523
2017-12-21 12:00:00,113.48,113.497,113.428,113.478,113.48,113.483
2017-12-21 13:00:00,113.478,113.548,113.477,113.542,113.478,113.48
2017-12-21 14:00:00,113.542,113.576,113.511,113.517,113.542,113.545
2017-12-21 15:00:00,113.518,113.557,113.371,113.395,113.518,113.519
2017-12-21 16:00:00,113.396,113.489,113.339,113.384,113.396,113.397
2017-12-21 17:00:00,113.387,113.525,113.367,113.476,113.387,113.388
2017-12-21 18:00:00,113.476,113.496,113.391,113.43,113.476,113.477
2017-12-21 19:00:00,113.428,113.473,113.392,113.464,113.428,113.429
2017-12-21 20:00:00,113.464,113.494,113.422,113.433,113.464,113.465
2017-12-21 21:00:00,113.433,113.44,113.324,113.342,113.433,113.433
2017-12-21 22:00:00,113.342,113.354,113.279,113.294,113.342,113.343
2017-12-21 23:00:00,113.295,113.328,113.276,113.322,113.295,113.296
2017-12-22 00:00:00,113.326,113.383,113.309,113.352,113.326,113.337
2017-12-22 01:00:00,113.351,113.38,113.301,113.317,113.351,113.36
2017-12-22 02:00:00,113.317,113.391,113.268,113.366,113.317,113.317
2017-12-22 03:00:00,113.365,113.379,113.295,113.304,113.365,113.369
2017-12-22 04:00:00,113.303,113.339,113.281,113.31,113.303,113.306
2017-12-22 05:00:00,113.31,113.353,113.29,113.34,113.31,113.312
2017-12-22 06:00:00,113.339,113.342,113.294,113.31,113.339,113.341
2017-12-22 07:00:00,113.311,113.341,113.301,113.319,113.311,113.311
2017-12-22 08:00:00,113.318,113.39,113.312,113.356,113.318,113.32
2017-12-22 09:00:00,113.356,113.435,113.355,113.406,113.356,113.359
2017-12-22 10:00:00,113.407,113.448,113.363,113.38,113.407,113.408
2017-12-22 11:00:00,113.379,113.393,113.337,113.348,113.379,113.382
2017-12-22 12:00:00,113.347,113.398,113.34,113.365,113.347,113.35
2017-12-22 13:00:00,113.365,113.391,113.322,113.36,113.365,113.367
2017-12-22 14:00:00,113.361,113.393,113.352,113.376,113.361,113.363
2017-12-22 15:00:00,113.377,113.417,113.352,113.386,113.377,113.377
2017-12-22 16:00:00,113.385,113.393,113.342,113.379,113.385,113.388
2017-12-22 17:00:00,113.38,113.434,113.347,113.378,113.38,113.382
2017-12-22 18:00:00,113.379,113.388,113.306,113.311,113.379,113.38
2017-12-22 19:00:00,113.311,113.313,113.256,113.265,113.311,113.313
2017-12-22 20:00:00,113.265,113.302,113.253,113.277,113.265,113.267
2017-12-22 21:00:00,113.281,113.321,113.262,113.31,113.281,113.282
2017-12-22 22:00:00,113.309,113.318,113.265,113.267,113.309,113.312
2017-12-22 23:00:00,113.268,113.335,113.257,113.279,113.268,113.271
2017-12-26 00:00:00,113.248,113.308,113.24,113.294,113.248,113.307
2017-12-26 01:00:00,113.294,113.331,113.275,113.309,113.294,113.313
2017-12-26 02:00:00,113.31,113.353,113.262,113.346,113.31,113.313
2017-12-26 03:00:00,113.345,113.352,113.306,113.327,113.345,113.348
2017-12-26 04:00:00,113.328,113.336,113.277,113.313,113.328,113.331
2017-12-26 05:00:00,113.313,113.318,113.276,113.286,113.313,113.316
2017-12-26 06:00:00,113.286,113.303,113.274,113.296,113.286,113.288
2017-12-26 07:00:00,113.299,113.306,113.283,113.289,113.299,113.302
2017-12-26 08:00:00,113.29,113.331,113.28,113.329,113.29,113.293
2017-12-26 09:00:00,113.329,113.331,113.285,113.295,113.329,113.332
2017-12-26 10:00:00,113.295,113.302,113.285,113.289,113.295,113.297
2017-12-26 11:00:00,113.29,113.311,113.283,113.302,113.29,113.292
2017-12-26 12:00:00,113.302,113.322,113.302,113.305,113.302,113.303
2017-12-26 13:00:00,113.306,113.312,113.292,113.308,113.306,113.307
2017-12-26 14:00:00,113.309,113.314,113.293,113.301,113.309,113.312
2017-12-26 15:00:00,113.301,113.302,113.264,113.27,113.301,113.302
2017-12-26 16:00:00,113.269,113.285,113.23,113.235,113.269,113.273
2017-12-26 17:00:00,113.235,113.266,113.216,113.223,113.235,113.239
2017-12-26 18:00:00,113.223,113.239,113.193,113.196,113.223,113.226
2017-12-26 19:00:00,113.197,113.207,113.17,113.185,113.197,113.199
2017-12-26 20:00:00,113.185,113.201,113.124,113.135,113.185,113.188
2017-12-26 21:00:00,113.134,113.187,113.12,113.175,113.134,113.137
2017-12-26 22:00:00,113.177,113.183,113.142,113.175,113.177,113.179
2017-12-26 23:00:00,113.177,113.242,113.165,113.232,113.177,113.179
2017-12-27 00:00:00,113.23,113.233,113.162,113.191,113.23,113.237
2017-12-27 01:00:00,113.191,113.226,113.183,113.21,113.191,113.199
2017-12-27 02:00:00,113.21,113.364,113.19,113.301,113.21,113.21
2017-12-27 03:00:00,113.301,113.343,113.266,113.31,113.301,113.305
2017-12-27 04:00:00,113.311,113.335,113.251,113.257,113.311,113.312
2017-12-27 05:00:00,113.257,113.282,113.245,113.256,113.257,113.259
2017-12-27 06:00:00,113.256,113.277,113.186,113.209,113.256,113.26
2017-12-27 07:00:00,113.207,113.223,113.174,113.197,113.207,113.21
2017-12-27 08:00:00,113.195,113.213,113.174,113.194,113.195,113.197
2017-12-27 09:00:00,113.194,113.212,113.161,113.182,113.194,113.2
2017-12-27 10:00:00,113.183,113.22,113.156,113.185,113.183,113.185
2017-12-27 11:00:00,113.186,113.198,113.148,113.174,113.186,113.187
2017-12-27 12:00:00,113.175,113.382,113.164,113.262,113.175,113.177
2017-12-27 13:00:00,113.26,113.278,113.2,113.244,113.26,113.262
2017-12-27 14:00:00,113.242,113.254,113.185,113.228,113.242,113.243
2017-12-27 15:00:00,113.228,113.263,113.199,113.219,113.228,113.232
2017-12-27 16:00:00,113.219,113.335,113.201,113.324,113.219,113.219
2017-12-27 17:00:00,113.324,113.34,113.262,113.289,113.324,113.324
2017-12-27 18:00:00,113.289,113.342,113.278,113.296,113.289,113.291
2017-12-27 19:00:00,113.296,113.33,113.276,113.319,113.296,113.298
2017-12-27 20:00:00,113.318,113.344,113.22,113.274,113.318,113.321
2017-12-27 21:00:00,113.273,113.297,113.225,113.257,113.273,113.276
2017-12-27 22:00:00,113.258,113.29,113.24,113.281,113.258,113.258
2017-12-27 23:00:00,113.282,113.352,113.278,113.329,113.282,113.283
2017-12-28 00:00:00,113.346,113.346,113.114,113.235,113.346,113.353
2017-12-28 01:00:00,113.234,113.252,113.215,113.219,113.234,113.24
2017-12-28 02:00:00,113.22,113.266,113.202,113.234,113.22,113.223
2017-12-28 03:00:00,113.234,113.238,113.181,113.223,113.234,113.237
2017-12-28 04:00:00,113.223,113.224,113.141,113.15,113.223,113.225
2017-12-28 05:00:00,113.15,113.188,113.15,113.155,113.15,113.152
2017-12-28 06:00:00,113.155,113.165,112.967,112.998,113.155,113.156
2017-12-28 07:00:00,112.999,113.032,112.774,112.777,112.999,113.0
2017-12-28 08:00:00,112.777,112.827,112.772,112.797,112.777,112.778
2017-12-28 09:00:00,112.797,112.807,112.663,112.721,112.797,112.798
2017-12-28 10:00:00,112.722,112.794,112.705,112.774,112.722,112.724
2017-12-28 11:00:00,112.774,112.923,112.767,112.886,112.774,112.778
2017-12-28 12:00:00,112.887,112.893,112.831,112.869,112.887,112.89
2017-12-28 13:00:00,112.869,112.88,112.821,112.841,112.869,112.871
2017-12-28 14:00:00,112.842,112.886,112.808,112.845,112.842,112.843
2017-12-28 15:00:00,112.845,112.9,112.809,112.843,112.845,112.846
2017-12-28 16:00:00,112.843,112.867,112.798,112.847,112.843,112.844
2017-12-28 17:00:00,112.846,112.992,112.846,112.878,112.846,112.848
2017-12-28 18:00:00,112.878,112.897,112.816,112.849,112.878,112.88
2017-12-28 19:00:00,112.85,112.885,112.824,112.86,112.85,112.851
2017-12-28 20:00:00,112.86,112.89,112.822,112.857,112.86,112.864
2017-12-28 21:00:00,112.856,112.89,112.842,112.864,112.856,112.859
2017-12-28 22:00:00,112.864,112.901,112.856,112.896,112.864,112.865
2017-12-28 23:00:00,112.895,112.895,112.837,112.865,112.895,112.896
2017-12-29 00:00:00,112.864,112.926,112.845,112.881,112.864,112.884
2017-12-29 01:00:00,112.881,112.911,112.864,112.878,112.881,112.887
2017-12-29 02:00:00,112.877,112.971,112.873,112.894,112.877,112.879
2017-12-29 03:00:00,112.894,112.908,112.705,112.751,112.894,112.896
2017-12-29 04:00:00,112.752,112.781,112.686,112.741,112.752,112.752
2017-12-29 05:00:00,112.742,112.791,112.728,112.77,112.742,112.743
2017-12-29 06:00:00,112.77,112.777,112.736,112.742,112.77,112.77
2017-12-29 07:00:00,112.742,112.765,112.688,112.698,112.742,112.744
2017-12-29 08:00:00,112.696,112.734,112.636,112.656,112.696,112.696
2017-12-29 09:00:00,112.657,112.748,112.656,112.657,112.657,112.66
2017-12-29 10:00:00,112.657,112.678,112.565,112.579,112.657,112.66
2017-12-29 11:00:00,112.576,112.605,112.546,112.605,112.576,112.578
2017-12-29 12:00:00,112.606,112.609,112.518,112.532,112.606,112.606
2017-12-29 13:00:00,112.532,112.546,112.501,112.513,112.532,112.533
2017-12-29 14:00:00,112.513,112.576,112.473,112.554,112.513,112.517
2017-12-29 15:00:00,112.552,112.587,112.532,112.559,112.552,112.552
2017-12-29 16:00:00,112.562,112.576,112.504,112.504,112.562,112.563
2017-12-29 17:00:00,112.503,112.671,112.481,112.629,112.503,112.505
2017-12-29 18:00:00,112.629,112.722,112.566,112.686,112.629,112.631
2017-12-29 19:00:00,112.687,112.696,112.577,112.578,112.687,112.688
2017-12-29 20:00:00,112.58,112.659,112.556,112.633,112.58,112.581
2017-12-29 21:00:00,112.633,112.661,112.608,112.649,112.633,112.637
2017-12-29 22:00:00,112.65,112.683,112.623,112.682,112.65,112.652
2017-12-29 23:00:00,112.683,112.711,112.649,112.671,112.683,112.684
2018-01-02 00:00:00,112.578,112.675,112.571,112.589,112.578,112.644
2018-01-02 01:00:00,112.591,112.789,112.591,112.772,112.591,112.6
2018-01-02 02:00:00,112.772,112.792,112.721,112.736,112.772,112.773
2018-01-02 03:00:00,112.736,112.754,112.658,112.723,112.736,112.739
2018-01-02 04:00:00,112.722,112.752,112.701,112.715,112.722,112.725
2018-01-02 05:00:00,112.715,112.72,112.664,112.701,112.715,112.717
2018-01-02 06:00:00,112.702,112.731,112.692,112.709,112.702,112.704
2018-01-02 07:00:00,112.708,112.738,112.666,112.686,112.708,112.711
2018-01-02 08:00:00,112.686,112.7,112.646,112.667,112.686,112.69
2018-01-02 09:00:00,112.667,112.687,112.61,112.631,112.667,112.67
2018-01-02 10:00:00,112.631,112.638,112.375,112.386,112.631,112.634
2018-01-02 11:00:00,112.386,112.402,112.246,112.254,112.386,112.386
2018-01-02 12:00:00,112.253,112.282,112.116,112.139,112.253,112.255
2018-01-02 13:00:00,112.139,112.235,112.133,112.232,112.139,112.142
2018-01-02 14:00:00,112.231,112.238,112.143,112.162,112.231,112.234
2018-01-02 15:00:00,112.163,112.186,112.084,112.125,112.163,112.165
2018-01-02 16:00:00,112.125,112.247,112.055,112.23,112.125,112.128
2018-01-02 17:00:00,112.231,112.269,112.132,112.149,112.231,112.232
2018-01-02 18:00:00,112.151,112.26,112.099,112.172,112.151,112.151
2018-01-02 19:00:00,112.173,112.304,112.165,112.284,112.173,112.173
2018-01-02 20:00:00,112.284,112.353,112.267,112.338,112.284,112.287
2018-01-02 21:00:00,112.337,112.344,112.253,112.258,112.337,112.338
2018-01-02 22:00:00,112.259,112.284,112.241,112.273,112.259,112.261
2018-01-02 23:00:00,112.273,112.323,112.252,112.287,112.273,112.274
2018-01-03 00:00:00,112.275,112.364,112.215,112.227,112.275,112.295
2018-01-03 01:00:00,112.225,112.283,112.171,112.256,112.225,112.233
2018-01-03 02:00:00,112.255,112.362,112.216,112.338,112.255,112.258
2018-01-03 03:00:00,112.338,112.358,112.266,112.318,112.338,112.34
2018-01-03 04:00:00,112.318,112.397,112.304,112.381,112.318,112.319
2018-01-03 05:00:00,112.381,112.386,112.325,112.341,112.381,112.383
2018-01-03 06:00:00,112.342,112.349,112.264,112.325,112.342,112.343
2018-01-03 07:00:00,112.324,112.33,112.268,112.279,112.324,112.328
2018-01-03 08:00:00,112.279,112.312,112.237,112.303,112.279,112.281
2018-01-03 09:00:00,112.302,112.391,112.295,112.353,112.302,112.303
2018-01-03 10:00:00,112.353,112.38,112.296,112.345,112.353,112.354
2018-01-03 11:00:00,112.345,112.362,112.293,112.299,112.345,112.345
2018-01-03 12:00:00,112.298,112.327,112.212,112.249,112.298,112.299
2018-01-03 13:00:00,112.249,112.281,112.224,112.235,112.249,112.25
2018-01-03 14:00:00,112.232,112.28,112.195,112.259,112.232,112.236
2018-01-03 15:00:00,112.258,112.274,112.22,112.228,112.258,112.259
2018-01-03 16:00:00,112.229,112.281,112.19,112.225,112.229,112.231
2018-01-03 17:00:00,112.229,112.502,112.229,112.396,112.229,112.234
2018-01-03 18:00:00,112.397,112.4,112.279,112.289,112.397,112.398
2018-01-03 19:00:00,112.288,112.364,112.275,112.331,112.288,112.289
2018-01-03 20:00:00,112.332,112.36,112.301,112.316,112.332,112.334
2018-01-03 21:00:00,112.313,112.609,112.298,112.527,112.313,112.32
2018-01-03 22:00:00,112.525,112.526,112.409,112.462,112.525,112.527
2018-01-03 23:00:00,112.462,112.524,112.444,112.509,112.462,112.463
2018-01-04 00:00:00,112.503,112.562,112.462,112.544,112.503,112.515
2018-01-04 01:00:00,112.545,112.624,112.535,112.608,112.545,112.548
2018-01-04 02:00:00,112.608,112.728,112.607,112.684,112.608,112.608
2018-01-04 03:00:00,112.684,112.778,112.681,112.728,112.684,112.686
2018-01-04 04:00:00,112.729,112.731,112.639,112.646,112.729,112.729
2018-01-04 05:00:00,112.646,112.693,112.638,112.663,112.646,112.647
2018-01-04 06:00:00,112.662,112.67,112.617,112.653,112.662,112.664
2018-01-04 07:00:00,112.653,112.668,112.62,112.662,112.653,112.655
2018-01-04 08:00:00,112.66,112.66,112.489,112.539,112.66,112.663
2018-01-04 09:00:00,112.538,112.592,112.517,112.581,112.538,112.54
2018-01-04 10:00:00,112.582,112.673,112.579,112.621,112.582,112.584
2018-01-04 11:00:00,112.621,112.641,112.539,112.546,112.621,112.624
2018-01-04 12:00:00,112.545,112.603,112.528,112.561,112.545,112.545
2018-01-04 13:00:00,112.563,112.616,112.54,112.602,112.563,112.563
2018-01-04 14:00:00,112.603,112.652,112.599,112.622,112.603,112.604
2018-01-04 15:00:00,112.622,112.845,112.617,112.828,112.622,112.623
2018-01-04 16:00:00,112.828,112.838,112.752,112.822,112.828,112.829
2018-01-04 17:00:00,112.823,112.857,112.759,112.773,112.823,112.823
2018-01-04 18:00:00,112.776,112.864,112.748,112.79,112.776,112.776
2018-01-04 19:00:00,112.79,112.852,112.759,112.766,112.79,112.791
2018-01-04 20:00:00,112.766,112.839,112.756,112.823,112.766,112.769
2018-01-04 21:00:00,112.825,112.831,112.725,112.75,112.825,112.826
2018-01-04 22:00:00,112.75,112.78,112.712,112.731,112.75,112.752
2018-01-04 23:00:00,112.73,112.753,112.71,112.749,112.73,112.732
2018-01-05 00:00:00,112.732,112.785,112.717,112.776,112.732,112.749
2018-01-05 01:00:00,112.779,112.804,112.768,112.801,112.779,112.781
2018-01-05 02:00:00,112.802,112.806,112.727,112.77,112.802,112.804
2018-01-05 03:00:00,112.771,112.791,112.743,112.774,112.771,112.773
2018-01-05 04:00:00,112.773,112.848,112.723,112.846,112.773,112.774
2018-01-05 05:00:00,112.845,112.852,112.806,112.832,112.845,112.848
2018-01-05 06:00:00,112.832,112.884,112.826,112.878,112.832,112.834
2018-01-05 07:00:00,112.879,113.003,112.878,112.999,112.879,112.879
2018-01-05 08:00:00,113.0,113.113,112.981,113.081,113.0,113.0
2018-01-05 09:00:00,113.08,113.154,113.037,113.146,113.08,113.083
2018-01-05 10:00:00,113.147,113.238,113.138,113.212,113.147,113.149
2018-01-05 11:00:00,113.212,113.241,113.161,113.224,113.212,113.214
2018-01-05 12:00:00,113.224,113.241,113.168,113.234,113.224,113.229
2018-01-05 13:00:00,113.242,113.288,113.221,113.232,113.242,113.242
2018-01-05 14:00:00,113.231,113.252,113.208,113.239,113.231,113.233
2018-01-05 15:00:00,113.239,113.309,113.015,113.215,113.239,113.24
2018-01-05 16:00:00,113.21,113.274,113.146,113.257,113.21,113.21
2018-01-05 17:00:00,113.247,113.27,113.081,113.23,113.247,113.251
2018-01-05 18:00:00,113.229,113.241,113.135,113.184,113.229,113.23
2018-01-05 19:00:00,113.183,113.221,113.146,113.16,113.183,113.184
2018-01-05 20:00:00,113.159,113.191,113.142,113.166,113.159,113.16
2018-01-05 21:00:00,113.167,113.171,113.122,113.14,113.167,113.168
2018-01-05 22:00:00,113.143,113.147,113.107,113.108,113.143,113.143
2018-01-05 23:00:00,113.107,113.13,113.037,113.071,113.107,113.11
2018-01-08 00:00:00,113.139,113.147,113.014,113.117,113.139,113.176
2018-01-08 01:00:00,113.118,113.181,113.094,113.16,113.118,113.128
2018-01-08 02:00:00,113.159,113.159,113.096,113.096,113.159,113.161
2018-01-08 03:00:00,113.096,113.157,113.079,113.13,113.096,113.099
2018-01-08 04:00:00,113.13,113.201,113.112,113.179,113.13,113.133
2018-01-08 05:00:00,113.179,113.201,113.167,113.179,113.179,113.181
2018-01-08 06:00:00,113.179,113.2,113.173,113.198,113.179,113.18
2018-01-08 07:00:00,113.196,113.274,113.196,113.231,113.196,113.198
2018-01-08 08:00:00,113.232,113.24,113.201,113.211,113.232,113.233
2018-01-08 09:00:00,113.211,113.387,113.211,113.372,113.211,113.214
2018-01-08 10:00:00,113.372,113.376,113.227,113.236,113.372,113.374
2018-01-08 11:00:00,113.236,113.247,113.117,113.16,113.236,113.238
2018-01-08 12:00:00,113.159,113.167,113.08,113.124,113.159,113.162
2018-01-08 13:00:00,113.124,113.154,113.097,113.105,113.124,113.125
2018-01-08 14:00:00,113.105,113.105,113.0,113.061,113.105,113.107
2018-01-08 15:00:00,113.064,113.078,112.881,112.928,113.064,113.064
2018-01-08 16:00:00,112.928,113.008,112.902,112.978,112.928,112.931
2018-01-08 17:00:00,112.979,113.05,112.948,112.977,112.979,112.981
2018-01-08 18:00:00,112.978,113.125,112.956,113.08,112.978,112.979
2018-01-08 19:00:00,113.08,113.125,113.062,113.083,113.08,113.082
2018-01-08 20:00:00,113.084,113.111,113.051,113.06,113.084,113.084
2018-01-08 21:00:00,113.059,113.076,113.023,113.07,113.059,113.062
2018-01-08 22:00:00,113.069,113.125,113.059,113.063,113.069,113.071
2018-01-08 23:00:00,113.062,113.107,113.054,113.09,113.062,113.063
2018-01-09 00:00:00,113.088,113.161,113.087,113.153,113.088,113.11
2018-01-09 01:00:00,113.152,113.174,113.094,113.149,113.152,113.156
2018-01-09 02:00:00,113.148,113.179,113.111,113.126,113.148,113.15
2018-01-09 03:00:00,113.126,113.172,112.591,112.66,113.126,113.129
2018-01-09 04:00:00,112.661,112.663,112.496,112.56,112.661,112.662
2018-01-09 05:00:00,112.559,112.682,112.546,112.627,112.559,112.562
2018-01-09 06:00:00,112.626,112.657,112.57,112.617,112.626,112.628
2018-01-09 07:00:00,112.617,112.702,112.581,112.697,112.617,112.619
2018-01-09 08:00:00,112.697,112.75,112.638,112.747,112.697,112.697
2018-01-09 09:00:00,112.746,112.803,112.7,112.739,112.746,112.749
2018-01-09 10:00:00,112.739,112.959,112.734,112.926,112.739,112.742
2018-01-09 11:00:00,112.925,112.968,112.865,112.875,112.925,112.928
2018-01-09 12:00:00,112.875,112.895,112.797,112.817,112.875,112.877
2018-01-09 13:00:00,112.818,112.823,112.641,112.668,112.818,112.819
2018-01-09 14:00:00,112.668,112.68,112.587,112.608,112.668,112.671
2018-01-09 15:00:00,112.61,112.675,112.494,112.632,112.61,112.61
2018-01-09 16:00:00,112.632,112.778,112.595,112.756,112.632,112.633
2018-01-09 17:00:00,112.755,112.755,112.366,112.431,112.755,112.757
2018-01-09 18:00:00,112.432,112.592,112.431,112.573,112.432,112.432
2018-01-09 19:00:00,112.573,112.667,112.56,112.582,112.573,112.574
2018-01-09 20:00:00,112.582,112.63,112.545,112.552,112.582,112.584
2018-01-09 21:00:00,112.552,112.652,112.521,112.629,112.552,112.555
2018-01-09 22:00:00,112.63,112.69,112.584,112.601,112.63,112.632
2018-01-09 23:00:00,112.602,112.656,112.574,112.648,112.602,112.603
2018-01-10 00:00:00,112.644,112.666,112.612,112.624,112.644,112.67
2018-01-10 01:00:00,112.624,112.777,112.618,112.777,112.624,112.627
2018-01-10 02:00:00,112.776,112.785,112.331,112.376,112.776,112.776
2018-01-10 03:00:00,112.377,112.423,112.167,112.175,112.377,112.378
2018-01-10 04:00:00,112.176,112.314,112.175,112.25,112.176,112.179
2018-01-10 05:00:00,112.251,112.326,112.231,112.286,112.251,112.252
2018-01-10 06:00:00,112.289,112.361,112.236,112.288,112.289,112.289
2018-01-10 07:00:00,112.288,112.361,112.242,112.359,112.288,112.29
2018-01-10 08:00:00,112.358,112.38,112.078,112.128,112.358,112.36
2018-01-10 09:00:00,112.127,112.136,111.762,111.946,112.127,112.128
2018-01-10 10:00:00,111.946,111.957,111.79,111.81,111.946,111.947
2018-01-10 11:00:00,111.81,111.814,111.717,111.76,111.81,111.812
2018-01-10 12:00:00,111.76,111.884,111.299,111.384,111.76,111.762
2018-01-10 13:00:00,111.383,111.529,111.297,111.401,111.383,111.387
2018-01-10 14:00:00,111.401,111.419,111.269,111.393,111.401,111.403
2018-01-10 15:00:00,111.393,111.606,111.365,111.579,111.393,111.393
2018-01-10 16:00:00,111.579,111.648,111.417,111.429,111.579,111.579
2018-01-10 17:00:00,111.428,111.499,111.293,111.347,111.428,111.43
2018-01-10 18:00:00,111.348,111.545,111.347,111.469,111.348,111.349
2018-01-10 19:00:00,111.469,111.531,111.459,111.488,111.469,111.47
2018-01-10 20:00:00,111.487,111.503,111.384,111.447,111.487,111.49
2018-01-10 21:00:00,111.446,111.504,111.339,111.348,111.446,111.446
2018-01-10 22:00:00,111.35,111.435,111.288,111.367,111.35,111.35
2018-01-10 23:00:00,111.366,111.447,111.365,111.43,111.366,111.368
2018-01-11 00:00:00,111.429,111.437,111.328,111.398,111.429,111.45
2018-01-11 01:00:00,111.398,111.462,111.317,111.46,111.398,111.405
2018-01-11 02:00:00,111.46,111.564,111.332,111.425,111.46,111.461
2018-01-11 03:00:00,111.426,111.631,111.421,111.602,111.426,111.428
2018-01-11 04:00:00,111.602,111.633,111.504,111.52,111.602,111.602
2018-01-11 05:00:00,111.52,111.754,111.501,111.692,111.52,111.522
2018-01-11 06:00:00,111.691,111.822,111.687,111.751,111.691,111.693
2018-01-11 07:00:00,111.75,111.824,111.665,111.814,111.75,111.751
2018-01-11 08:00:00,111.813,111.859,111.722,111.812,111.813,111.814
2018-01-11 09:00:00,111.813,111.875,111.758,111.781,111.813,111.815
2018-01-11 10:00:00,111.782,111.796,111.672,111.722,111.782,111.784
2018-01-11 11:00:00,111.722,111.753,111.575,111.623,111.722,111.724
2018-01-11 12:00:00,111.623,111.668,111.573,111.635,111.623,111.625
2018-01-11 13:00:00,111.635,111.7,111.604,111.617,111.635,111.637
2018-01-11 14:00:00,111.618,111.72,111.593,111.675,111.618,111.619
2018-01-11 15:00:00,111.675,111.77,111.392,111.536,111.675,111.675
2018-01-11 16:00:00,111.539,111.562,111.414,111.469,111.539,111.54
2018-01-11 17:00:00,111.469,111.533,111.329,111.4,111.469,111.469
2018-01-11 18:00:00,111.402,111.457,111.336,111.359,111.402,111.402
2018-01-11 19:00:00,111.359,111.378,111.32,111.345,111.359,111.361
2018-01-11 20:00:00,111.344,111.35,111.071,111.084,111.344,111.347
2018-01-11 21:00:00,111.083,111.128,111.044,111.086,111.083,111.085
2018-01-11 22:00:00,111.084,111.244,111.08,111.216,111.084,111.085
2018-01-11 23:00:00,111.216,111.287,111.186,111.267,111.216,111.218
2018-01-12 00:00:00,111.257,111.276,111.208,111.23,111.257,111.277
2018-01-12 01:00:00,111.23,111.336,111.229,111.286,111.23,111.238
2018-01-12 02:00:00,111.286,111.299,111.061,111.211,111.286,111.286
2018-01-12 03:00:00,111.211,111.348,111.175,111.33,111.211,111.211
2018-01-12 04:00:00,111.33,111.343,111.218,111.232,111.33,111.333
2018-01-12 05:00:00,111.232,111.306,111.212,111.262,111.232,111.233
2018-01-12 06:00:00,111.262,111.319,111.211,111.235,111.262,111.262
2018-01-12 07:00:00,111.236,111.275,111.18,111.243,111.236,111.238
2018-01-12 08:00:00,111.243,111.365,111.216,111.329,111.243,111.245
2018-01-12 09:00:00,111.328,111.405,111.261,111.368,111.328,111.33
2018-01-12 10:00:00,111.369,111.438,111.213,111.224,111.369,111.372
2018-01-12 11:00:00,111.226,111.234,110.997,111.108,111.226,111.226
2018-01-12 12:00:00,111.109,111.14,111.014,111.079,111.109,111.111
2018-01-12 13:00:00,111.081,111.152,110.97,111.13,111.081,111.082
2018-01-12 14:00:00,111.13,111.182,111.116,111.165,111.13,111.131
2018-01-12 15:00:00,111.164,111.677,111.118,111.634,111.164,111.165
2018-01-12 16:00:00,111.634,111.696,111.375,111.48,111.634,111.636
2018-01-12 17:00:00,111.48,111.48,111.275,111.3,111.48,111.484
2018-01-12 18:00:00,111.299,111.404,111.154,111.233,111.299,111.3
2018-01-12 19:00:00,111.232,111.268,111.195,111.234,111.232,111.234
2018-01-12 20:00:00,111.234,111.238,110.994,111.051,111.234,111.237
2018-01-12 21:00:00,111.051,111.059,110.913,111.056,111.051,111.053
2018-01-12 22:00:00,111.055,111.069,110.942,111.038,111.055,111.055
2018-01-12 23:00:00,111.039,111.063,110.925,111.034,111.039,111.041
2018-01-15 00:00:00,111.075,111.167,111.002,111.097,111.075,111.114
2018-01-15 01:00:00,111.097,111.166,110.976,111.142,111.097,111.103
2018-01-15 02:00:00,111.141,111.184,110.798,110.829,111.141,111.144
2018-01-15 03:00:00,110.829,110.856,110.649,110.738,110.829,110.831
2018-01-15 04:00:00,110.737,110.786,110.625,110.736,110.737,110.74
2018-01-15 05:00:00,110.736,110.808,110.716,110.747,110.736,110.738
2018-01-15 06:00:00,110.747,110.77,110.674,110.68,110.747,110.749
2018-01-15 07:00:00,110.68,110.731,110.577,110.703,110.68,110.683
2018-01-15 08:00:00,110.702,110.864,110.634,110.862,110.702,110.706
2018-01-15 09:00:00,110.862,110.901,110.773,110.808,110.862,110.865
2018-01-15 10:00:00,110.807,110.821,110.607,110.637,110.807,110.81
2018-01-15 11:00:00,110.638,110.652,110.522,110.559,110.638,110.64
2018-01-15 12:00:00,110.558,110.644,110.538,110.637,110.558,110.56
2018-01-15 13:00:00,110.637,110.712,110.557,110.68,110.637,110.641
2018-01-15 14:00:00,110.681,110.723,110.636,110.648,110.681,110.683
2018-01-15 15:00:00,110.647,110.683,110.538,110.548,110.647,110.649
2018-01-15 16:00:00,110.549,110.668,110.54,110.664,110.549,110.552
2018-01-15 17:00:00,110.664,110.706,110.499,110.511,110.664,110.665
2018-01-15 18:00:00,110.511,110.582,110.476,110.535,110.511,110.513
2018-01-15 19:00:00,110.536,110.554,110.34,110.428,110.536,110.539
2018-01-15 20:00:00,110.428,110.466,110.329,110.356,110.428,110.43
2018-01-15 21:00:00,110.357,110.497,110.353,110.46,110.357,110.362
2018-01-15 22:00:00,110.456,110.497,110.426,110.484,110.456,110.458
2018-01-15 23:00:00,110.484,110.567,110.479,110.521,110.484,110.489
2018-01-16 00:00:00,110.529,110.557,110.49,110.545,110.529,110.545
2018-01-16 01:00:00,110.545,110.638,110.473,110.617,110.545,110.553
2018-01-16 02:00:00,110.616,110.843,110.605,110.843,110.616,110.619
2018-01-16 03:00:00,110.842,110.94,110.796,110.799,110.842,110.842
2018-01-16 04:00:00,110.799,110.953,110.797,110.905,110.799,110.802
2018-01-16 05:00:00,110.905,110.984,110.876,110.95,110.905,110.908
2018-01-16 06:00:00,110.949,110.951,110.825,110.853,110.949,110.951
2018-01-16 07:00:00,110.853,110.942,110.833,110.854,110.853,110.854
2018-01-16 08:00:00,110.854,110.924,110.737,110.832,110.854,110.857
2018-01-16 09:00:00,110.833,110.895,110.701,110.716,110.833,110.834
2018-01-16 10:00:00,110.715,110.762,110.605,110.651,110.715,110.718
2018-01-16 11:00:00,110.653,110.74,110.606,110.666,110.653,110.655
2018-01-16 12:00:00,110.665,110.759,110.66,110.707,110.665,110.668
2018-01-16 13:00:00,110.707,110.735,110.628,110.647,110.707,110.709
2018-01-16 14:00:00,110.65,110.734,110.6,110.716,110.65,110.65
2018-01-16 15:00:00,110.715,110.79,110.682,110.688,110.715,110.716
2018-01-16 16:00:00,110.689,110.883,110.643,110.819,110.689,110.69
2018-01-16 17:00:00,110.82,110.842,110.64,110.678,110.82,110.82
2018-01-16 18:00:00,110.676,110.812,110.671,110.74,110.676,110.677
2018-01-16 19:00:00,110.742,110.847,110.726,110.734,110.742,110.744
2018-01-16 20:00:00,110.733,110.736,110.536,110.54,110.733,110.735
2018-01-16 21:00:00,110.542,110.548,110.248,110.298,110.542,110.543
2018-01-16 22:00:00,110.298,110.403,110.246,110.379,110.298,110.299
2018-01-16 23:00:00,110.382,110.543,110.382,110.472,110.382,110.382
2018-01-17 00:00:00,110.449,110.501,110.385,110.436,110.449,110.473
2018-01-17 01:00:00,110.436,110.436,110.261,110.393,110.436,110.444
2018-01-17 02:00:00,110.393,110.432,110.193,110.307,110.393,110.394
2018-01-17 03:00:00,110.306,110.514,110.306,110.419,110.306,110.309
2018-01-17 04:00:00,110.419,110.683,110.379,110.656,110.419,110.421
2018-01-17 05:00:00,110.655,110.732,110.611,110.639,110.655,110.657
2018-01-17 06:00:00,110.637,110.893,110.56,110.855,110.637,110.639
2018-01-17 07:00:00,110.855,110.931,110.812,110.85,110.855,110.856
2018-01-17 08:00:00,110.851,110.877,110.775,110.817,110.851,110.853
2018-01-17 09:00:00,110.816,110.848,110.72,110.764,110.816,110.82
2018-01-17 10:00:00,110.765,110.847,110.733,110.831,110.765,110.766
2018-01-17 11:00:00,110.83,110.86,110.72,110.736,110.83,110.833
2018-01-17 12:00:00,110.735,110.785,110.654,110.656,110.735,110.738
2018-01-17 13:00:00,110.657,110.761,110.647,110.749,110.657,110.657
2018-01-17 14:00:00,110.747,110.841,110.743,110.747,110.747,110.747
2018-01-17 15:00:00,110.748,110.823,110.66,110.778,110.748,110.749
2018-01-17 16:00:00,110.778,110.829,110.632,110.645,110.778,110.779
2018-01-17 17:00:00,110.645,110.777,110.615,110.714,110.645,110.649
2018-01-17 18:00:00,110.715,110.877,110.695,110.815,110.715,110.715
2018-01-17 19:00:00,110.816,110.821,110.748,110.769,110.816,110.817
2018-01-17 20:00:00,110.77,110.799,110.601,110.638,110.77,110.77
2018-01-17 21:00:00,110.636,111.118,110.625,111.111,110.636,110.64
2018-01-17 22:00:00,111.114,111.247,111.094,111.136,111.114,111.117
2018-01-17 23:00:00,111.137,111.346,111.092,111.303,111.137,111.139
2018-01-18 00:00:00,111.279,111.363,111.26,111.35,111.279,111.317
2018-01-18 01:00:00,111.35,111.392,111.271,111.356,111.35,111.354
2018-01-18 02:00:00,111.353,111.369,111.194,111.26,111.353,111.355
2018-01-18 03:00:00,111.26,111.401,111.215,111.28,111.26,111.262
2018-01-18 04:00:00,111.281,111.372,111.235,111.298,111.281,111.283
2018-01-18 05:00:00,111.297,111.482,111.261,111.446,111.297,111.299
2018-01-18 06:00:00,111.447,111.468,111.336,111.356,111.447,111.447
2018-01-18 07:00:00,111.355,111.377,111.112,111.128,111.355,111.358
2018-01-18 08:00:00,111.127,111.231,111.098,111.205,111.127,111.129
2018-01-18 09:00:00,111.207,111.321,111.169,111.24,111.207,111.208
2018-01-18 10:00:00,111.239,111.26,111.15,111.239,111.239,111.243
2018-01-18 11:00:00,111.24,111.317,111.181,111.308,111.24,111.241
2018-01-18 12:00:00,111.307,111.356,111.252,111.26,111.307,111.31
2018-01-18 13:00:00,111.26,111.314,111.229,111.297,111.26,111.26
2018-01-18 14:00:00,111.295,111.304,111.166,111.215,111.295,111.296
2018-01-18 15:00:00,111.215,111.255,111.126,111.138,111.215,111.215
2018-01-18 16:00:00,111.137,111.172,110.88,110.93,111.137,111.138
2018-01-18 17:00:00,110.93,111.057,110.822,110.937,110.93,110.932
2018-01-18 18:00:00,110.939,111.04,110.693,110.887,110.939,110.939
2018-01-18 19:00:00,110.889,110.969,110.765,110.959,110.889,110.89
2018-01-18 20:00:00,110.96,111.118,110.886,111.105,110.96,110.962
2018-01-18 21:00:00,111.105,111.145,110.966,110.984,111.105,111.107
2018-01-18 22:00:00,110.984,111.204,110.953,111.062,110.984,110.985
2018-01-18 23:00:00,111.062,111.125,111.011,111.103,111.062,111.065
2018-01-19 00:00:00,111.094,111.124,111.012,111.048,111.094,111.123
2018-01-19 01:00:00,111.048,111.066,110.968,111.039,111.048,111.056
2018-01-19 02:00:00,111.037,111.096,110.849,111.042,111.037,111.037
2018-01-19 03:00:00,111.041,111.131,110.963,111.049,111.041,111.043
2018-01-19 04:00:00,111.049,111.066,110.929,110.996,111.049,111.049
2018-01-19 05:00:00,110.995,111.033,110.783,110.834,110.995,110.998
2018-01-19 06:00:00,110.834,110.902,110.829,110.859,110.834,110.836
2018-01-19 07:00:00,110.856,110.923,110.832,110.876,110.856,110.857
2018-01-19 08:00:00,110.877,110.911,110.767,110.785,110.877,110.878
2018-01-19 09:00:00,110.787,110.866,110.663,110.689,110.787,110.789
2018-01-19 10:00:00,110.689,110.757,110.49,110.532,110.689,110.692
2018-01-19 11:00:00,110.532,110.65,110.506,110.637,110.532,110.534
2018-01-19 12:00:00,110.636,110.702,110.565,110.663,110.636,110.639
2018-01-19 13:00:00,110.663,110.772,110.649,110.709,110.663,110.666
2018-01-19 14:00:00,110.706,110.781,110.634,110.674,110.706,110.71
2018-01-19 15:00:00,110.673,110.731,110.519,110.566,110.673,110.675
2018-01-19 16:00:00,110.565,110.75,110.558,110.601,110.565,110.57
2018-01-19 17:00:00,110.602,110.672,110.509,110.636,110.602,110.608
2018-01-19 18:00:00,110.637,110.683,110.545,110.564,110.637,110.638
2018-01-19 19:00:00,110.565,110.632,110.538,110.61,110.565,110.567
2018-01-19 20:00:00,110.61,110.67,110.57,110.571,110.61,110.61
2018-01-19 21:00:00,110.572,110.674,110.57,110.593,110.572,110.573
2018-01-19 22:00:00,110.59,110.778,110.583,110.77,110.59,110.59
2018-01-19 23:00:00,110.769,110.842,110.718,110.825,110.769,110.77
2018-01-22 00:00:00,110.569,110.674,110.501,110.615,110.569,110.604
2018-01-22 01:00:00,110.617,110.807,110.556,110.688,110.617,110.627
2018-01-22 02:00:00,110.69,110.746,110.594,110.711,110.69,110.69
2018-01-22 03:00:00,110.71,110.829,110.685,110.811,110.71,110.714
2018-01-22 04:00:00,110.81,110.873,110.751,110.761,110.81,110.814
2018-01-22 05:00:00,110.762,110.832,110.751,110.788,110.762,110.762
2018-01-22 06:00:00,110.788,110.834,110.765,110.795,110.788,110.789
2018-01-22 07:00:00,110.797,110.898,110.777,110.793,110.797,110.798
2018-01-22 08:00:00,110.796,110.916,110.784,110.877,110.796,110.796
2018-01-22 09:00:00,110.878,110.893,110.761,110.779,110.878,110.88
2018-01-22 10:00:00,110.78,110.884,110.726,110.788,110.78,110.782
2018-01-22 11:00:00,110.789,110.815,110.68,110.708,110.789,110.79
2018-01-22 12:00:00,110.708,110.728,110.66,110.691,110.708,110.711
2018-01-22 13:00:00,110.69,110.735,110.661,110.727,110.69,110.693
2018-01-22 14:00:00,110.726,110.842,110.707,110.838,110.726,110.728
2018-01-22 15:00:00,110.837,110.849,110.715,110.742,110.837,110.839
2018-01-22 16:00:00,110.742,110.876,110.689,110.867,110.742,110.743
2018-01-22 17:00:00,110.867,110.89,110.735,110.784,110.867,110.868
2018-01-22 18:00:00,110.784,111.167,110.771,111.156,110.784,110.786
2018-01-22 19:00:00,111.155,111.223,111.106,111.124,111.155,111.155
2018-01-22 20:00:00,111.123,111.136,111.03,111.081,111.123,111.126
2018-01-22 21:00:00,111.081,111.117,110.973,110.982,111.081,111.081
2018-01-22 22:00:00,110.981,111.002,110.939,110.963,110.981,110.984
2018-01-22 23:00:00,110.962,110.973,110.923,110.934,110.962,110.965
2018-01-23 00:00:00,110.913,110.979,110.853,110.94,110.913,110.919
2018-01-23 01:00:00,110.94,110.999,110.917,110.984,110.94,110.941
2018-01-23 02:00:00,110.983,110.987,110.853,110.941,110.983,110.984
2018-01-23 03:00:00,110.94,111.029,110.899,110.986,110.94,110.943
2018-01-23 04:00:00,110.985,110.994,110.853,110.874,110.985,110.985
2018-01-23 05:00:00,110.873,110.985,110.536,110.753,110.873,110.878
2018-01-23 06:00:00,110.753,110.844,110.73,110.784,110.753,110.754
2018-01-23 07:00:00,110.783,110.852,110.77,110.838,110.783,110.786
2018-01-23 08:00:00,110.839,111.164,110.744,111.092,110.839,110.841
2018-01-23 09:00:00,111.093,111.179,110.94,110.991,111.093,111.095
2018-01-23 10:00:00,110.99,111.037,110.639,110.71,110.99,110.993
2018-01-23 11:00:00,110.71,110.748,110.64,110.659,110.71,110.713
2018-01-23 12:00:00,110.661,110.699,110.585,110.642,110.661,110.662
2018-01-23 13:00:00,110.641,110.644,110.38,110.494,110.641,110.643
2018-01-23 14:00:00,110.494,110.558,110.439,110.521,110.494,110.496
2018-01-23 15:00:00,110.521,110.547,110.337,110.372,110.521,110.522
2018-01-23 16:00:00,110.373,110.55,110.334,110.361,110.373,110.375
2018-01-23 17:00:00,110.36,110.434,110.252,110.337,110.36,110.363
2018-01-23 18:00:00,110.336,110.466,110.316,110.457,110.336,110.337
2018-01-23 19:00:00,110.456,110.467,110.33,110.417,110.456,110.458
2018-01-23 20:00:00,110.417,110.478,110.348,110.396,110.417,110.418
2018-01-23 21:00:00,110.396,110.403,110.285,110.307,110.396,110.398
2018-01-23 22:00:00,110.309,110.36,110.281,110.311,110.309,110.31
2018-01-23 23:00:00,110.312,110.338,110.268,110.289,110.312,110.314
2018-01-24 00:00:00,110.306,110.329,110.238,110.284,110.306,110.318
2018-01-24 01:00:00,110.284,110.336,110.064,110.124,110.284,110.29
2018-01-24 02:00:00,110.124,110.287,110.098,110.237,110.124,110.126
2018-01-24 03:00:00,110.239,110.3,110.046,110.069,110.239,110.24
2018-01-24 04:00:00,110.07,110.121,109.878,109.968,110.07,110.072
2018-01-24 05:00:00,109.969,110.095,109.891,109.957,109.969,109.969
2018-01-24 06:00:00,109.958,109.961,109.805,109.89,109.958,109.96
2018-01-24 07:00:00,109.891,109.984,109.891,109.945,109.891,109.893
2018-01-24 08:00:00,109.946,110.044,109.857,110.007,109.946,109.947
2018-01-24 09:00:00,110.007,110.087,109.912,109.954,110.007,110.011
2018-01-24 10:00:00,109.955,109.975,109.644,109.693,109.955,109.959
2018-01-24 11:00:00,109.691,109.746,109.543,109.666,109.691,109.693
2018-01-24 12:00:00,109.665,109.677,109.498,109.515,109.665,109.668
2018-01-24 13:00:00,109.515,109.566,109.387,109.539,109.515,109.519
2018-01-24 14:00:00,109.542,109.605,109.457,109.524,109.542,109.543
2018-01-24 15:00:00,109.524,109.58,109.365,109.515,109.524,109.526
2018-01-24 16:00:00,109.514,109.519,109.178,109.207,109.514,109.515
2018-01-24 17:00:00,109.204,109.297,109.15,109.205,109.204,109.21
2018-01-24 18:00:00,109.205,109.268,108.995,109.153,109.205,109.205
2018-01-24 19:00:00,109.153,109.278,109.082,109.213,109.153,109.156
2018-01-24 20:00:00,109.211,109.24,108.968,109.025,109.211,109.212
2018-01-24 21:00:00,109.026,109.109,108.973,109.05,109.026,109.027
2018-01-24 22:00:00,109.049,109.182,109.032,109.137,109.049,109.051
2018-01-24 23:00:00,109.137,109.252,109.135,109.221,109.137,109.14
2018-01-25 00:00:00,109.214,109.224,109.11,109.186,109.214,109.226
2018-01-25 01:00:00,109.185,109.338,109.167,109.32,109.185,109.193
2018-01-25 02:00:00,109.321,109.473,109.219,109.397,109.321,109.324
2018-01-25 03:00:00,109.398,109.445,109.21,109.217,109.398,109.399
2018-01-25 04:00:00,109.216,109.239,109.04,109.066,109.216,109.22
2018-01-25 05:00:00,109.065,109.164,108.922,109.023,109.065,109.066
2018-01-25 06:00:00,109.022,109.071,108.952,109.008,109.022,109.026
2018-01-25 07:00:00,109.008,109.086,108.905,108.927,109.008,109.01
2018-01-25 08:00:00,108.926,109.096,108.735,108.954,108.926,108.929
2018-01-25 09:00:00,108.957,109.184,108.855,109.022,108.957,108.96
2018-01-25 10:00:00,109.023,109.27,109.011,109.198,109.023,109.026
2018-01-25 11:00:00,109.197,109.197,108.998,109.006,109.197,109.198
2018-01-25 12:00:00,109.006,109.095,108.997,109.058,109.006,109.008
2018-01-25 13:00:00,109.059,109.059,108.94,109.018,109.059,109.06
2018-01-25 14:00:00,109.017,109.042,108.974,109.004,109.017,109.019
2018-01-25 15:00:00,109.006,109.007,108.752,108.753,109.006,109.008
2018-01-25 16:00:00,108.751,109.147,108.633,108.849,108.751,108.755
2018-01-25 17:00:00,108.849,108.906,108.59,108.696,108.849,108.854
2018-01-25 18:00:00,108.697,108.754,108.605,108.696,108.697,108.698
2018-01-25 19:00:00,108.698,108.769,108.664,108.664,108.698,108.699
2018-01-25 20:00:00,108.665,108.671,108.5,108.551,108.665,108.666
2018-01-25 21:00:00,108.55,109.704,108.533,109.414,108.55,108.553
2018-01-25 22:00:00,109.412,109.435,109.194,109.264,109.412,109.415
2018-01-25 23:00:00,109.262,109.463,109.193,109.41,109.262,109.265
2018-01-26 00:00:00,109.407,109.663,109.4,109.654,109.407,109.423
2018-01-26 01:00:00,109.65,109.72,109.52,109.671,109.65,109.653
2018-01-26 02:00:00,109.674,109.771,109.586,109.675,109.674,109.674
2018-01-26 03:00:00,109.674,109.744,109.344,109.406,109.674,109.677
2018-01-26 04:00:00,109.406,109.508,109.333,109.335,109.406,109.407
2018-01-26 05:00:00,109.335,109.413,109.333,109.377,109.335,109.338
2018-01-26 06:00:00,109.377,109.423,109.348,109.409,109.377,109.379
2018-01-26 07:00:00,109.409,109.507,109.354,109.367,109.409,109.41
2018-01-26 08:00:00,109.369,109.401,109.159,109.173,109.369,109.37
2018-01-26 09:00:00,109.173,109.184,108.918,109.034,109.173,109.173
2018-01-26 10:00:00,109.035,109.048,108.909,108.936,109.035,109.037
2018-01-26 11:00:00,108.935,109.131,108.926,109.111,108.935,108.938
2018-01-26 12:00:00,109.111,109.198,109.06,109.109,109.111,109.113
2018-01-26 13:00:00,109.108,109.414,109.025,109.383,109.108,109.109
2018-01-26 14:00:00,109.383,109.386,109.19,109.276,109.383,109.385
2018-01-26 15:00:00,109.277,109.434,109.119,109.36,109.277,109.279
2018-01-26 16:00:00,109.36,109.591,108.678,108.704,109.36,109.362
2018-01-26 17:00:00,108.704,108.806,108.496,108.596,108.704,108.706
2018-01-26 18:00:00,108.596,108.66,108.324,108.386,108.596,108.599
2018-01-26 19:00:00,108.385,108.542,108.283,108.461,108.385,108.387
2018-01-26 20:00:00,108.46,108.475,108.332,108.332,108.46,108.464
2018-01-26 21:00:00,108.334,109.061,108.282,108.679,108.334,108.334
2018-01-26 22:00:00,108.678,108.78,108.651,108.72,108.678,108.68
2018-01-26 23:00:00,108.719,108.73,108.614,108.632,108.719,108.721
2018-01-29 00:00:00,108.701,108.785,108.63,108.655,108.701,108.735
2018-01-29 01:00:00,108.654,108.761,108.591,108.642,108.654,108.665
2018-01-29 02:00:00,108.643,108.733,108.508,108.656,108.643,108.645
2018-01-29 03:00:00,108.657,108.892,108.64,108.836,108.657,108.659
2018-01-29 04:00:00,108.834,108.991,108.815,108.845,108.834,108.836
2018-01-29 05:00:00,108.844,108.86,108.666,108.71,108.844,108.846
2018-01-29 06:00:00,108.708,108.751,108.664,108.74,108.708,108.709
2018-01-29 07:00:00,108.74,108.801,108.713,108.796,108.74,108.743
2018-01-29 08:00:00,108.796,108.88,108.756,108.768,108.796,108.799
2018-01-29 09:00:00,108.769,109.058,108.759,108.939,108.769,108.771
2018-01-29 10:00:00,108.938,108.972,108.869,108.87,108.938,108.941
2018-01-29 11:00:00,108.871,108.996,108.766,108.783,108.871,108.873
2018-01-29 12:00:00,108.783,108.81,108.633,108.727,108.783,108.785
2018-01-29 13:00:00,108.728,108.802,108.689,108.702,108.728,108.729
2018-01-29 14:00:00,108.703,108.871,108.625,108.861,108.703,108.703
2018-01-29 15:00:00,108.861,108.88,108.736,108.771,108.861,108.862
2018-01-29 16:00:00,108.771,108.893,108.695,108.839,108.771,108.772
2018-01-29 17:00:00,108.838,109.078,108.783,109.02,108.838,108.838
2018-01-29 18:00:00,109.02,109.203,108.982,109.128,109.02,109.022
2018-01-29 19:00:00,109.129,109.19,109.083,109.091,109.129,109.129
2018-01-29 20:00:00,109.092,109.112,109.01,109.051,109.092,109.092
2018-01-29 21:00:00,109.051,109.058,108.901,108.948,109.051,109.052
2018-01-29 22:00:00,108.947,109.014,108.893,108.943,108.947,108.948
2018-01-29 23:00:00,108.943,109.003,108.931,108.958,108.943,108.944
2018-01-30 00:00:00,108.948,109.002,108.927,108.994,108.948,108.959
2018-01-30 01:00:00,108.994,108.994,108.912,108.944,108.994,108.998
2018-01-30 02:00:00,108.944,109.073,108.884,108.951,108.944,108.945
2018-01-30 03:00:00,108.951,108.972,108.779,108.851,108.951,108.952
2018-01-30 04:00:00,108.851,109.205,108.832,109.094,108.851,108.852
2018-01-30 05:00:00,109.095,109.107,108.767,108.799,109.095,109.098
2018-01-30 06:00:00,108.799,108.835,108.659,108.759,108.799,108.8
2018-01-30 07:00:00,108.762,108.845,108.685,108.685,108.762,108.762
2018-01-30 08:00:00,108.684,108.821,108.609,108.814,108.684,108.687
2018-01-30 09:00:00,108.814,108.814,108.66,108.754,108.814,108.817
2018-01-30 10:00:00,108.753,108.805,108.666,108.676,108.753,108.755
2018-01-30 11:00:00,108.677,108.72,108.588,108.649,108.677,108.678
2018-01-30 12:00:00,108.648,108.712,108.561,108.589,108.648,108.651
2018-01-30 13:00:00,108.588,108.669,108.525,108.608,108.588,108.591
2018-01-30 14:00:00,108.608,108.693,108.596,108.663,108.608,108.61
2018-01-30 15:00:00,108.663,108.757,108.547,108.571,108.663,108.664
2018-01-30 16:00:00,108.57,108.608,108.413,108.543,108.57,108.572
2018-01-30 17:00:00,108.542,108.881,108.495,108.821,108.542,108.547
2018-01-30 18:00:00,108.819,108.938,108.715,108.875,108.819,108.821
2018-01-30 19:00:00,108.876,108.908,108.762,108.831,108.876,108.876
2018-01-30 20:00:00,108.83,108.883,108.76,108.809,108.83,108.83
2018-01-30 21:00:00,108.809,108.853,108.716,108.77,108.809,108.81
2018-01-30 22:00:00,108.77,108.873,108.767,108.834,108.77,108.772
2018-01-30 23:00:00,108.837,108.86,108.768,108.78,108.837,108.838
2018-01-31 00:00:00,108.773,108.811,108.694,108.761,108.773,108.784
2018-01-31 01:00:00,108.761,108.813,108.691,108.742,108.761,108.771
2018-01-31 02:00:00,108.744,108.954,108.74,108.791,108.744,108.746
2018-01-31 03:00:00,108.791,109.092,108.747,108.796,108.791,108.794
2018-01-31 04:00:00,108.796,109.088,108.776,108.926,108.796,108.799
2018-01-31 05:00:00,108.927,108.939,108.796,108.88,108.927,108.929
2018-01-31 06:00:00,108.879,108.898,108.799,108.85,108.879,108.881
2018-01-31 07:00:00,108.85,108.895,108.676,108.697,108.85,108.854
2018-01-31 08:00:00,108.697,108.733,108.618,108.628,108.697,108.698
2018-01-31 09:00:00,108.628,108.747,108.595,108.694,108.628,108.633
2018-01-31 10:00:00,108.693,108.796,108.629,108.763,108.693,108.695
2018-01-31 11:00:00,108.764,108.782,108.667,108.702,108.764,108.766
2018-01-31 12:00:00,108.703,108.84,108.689,108.826,108.703,108.707
2018-01-31 13:00:00,108.823,108.844,108.74,108.772,108.823,108.825
2018-01-31 14:00:00,108.772,108.882,108.712,108.857,108.772,108.775
2018-01-31 15:00:00,108.856,108.988,108.788,108.937,108.856,108.858
2018-01-31 16:00:00,108.936,109.023,108.872,108.921,108.936,108.937
2018-01-31 17:00:00,108.922,109.186,108.864,109.174,108.922,108.922
2018-01-31 18:00:00,109.174,109.425,109.097,109.314,109.174,109.174
2018-01-31 19:00:00,109.314,109.375,109.227,109.362,109.314,109.317
2018-01-31 20:00:00,109.363,109.388,109.184,109.218,109.363,109.364
2018-01-31 21:00:00,109.22,109.446,108.993,109.097,109.22,109.223
2018-01-31 22:00:00,109.096,109.205,109.0,109.163,109.096,109.099
2018-01-31 23:00:00,109.163,109.234,109.125,109.182,109.163,109.165
2018-02-01 00:00:00,109.187,109.259,109.178,109.196,109.187,109.206
2018-02-01 01:00:00,109.196,109.261,109.146,109.195,109.196,109.201
2018-02-01 02:00:00,109.194,109.245,109.095,109.187,109.194,109.194
2018-02-01 03:00:00,109.188,109.414,109.186,109.371,109.188,109.189
2018-02-01 04:00:00,109.372,109.397,109.28,109.338,109.372,109.373
2018-02-01 05:00:00,109.337,109.399,109.315,109.34,109.337,109.339
2018-02-01 06:00:00,109.34,109.35,109.225,109.291,109.34,109.341
2018-02-01 07:00:00,109.291,109.364,109.248,109.347,109.291,109.292
2018-02-01 08:00:00,109.35,109.544,109.317,109.533,109.35,109.352
2018-02-01 09:00:00,109.533,109.643,109.518,109.593,109.533,109.535
2018-02-01 10:00:00,109.595,109.597,109.445,109.537,109.595,109.597
2018-02-01 11:00:00,109.538,109.682,109.493,109.631,109.538,109.538
2018-02-01 12:00:00,109.63,109.684,109.609,109.668,109.63,109.633
2018-02-01 13:00:00,109.667,109.751,109.657,109.682,109.667,109.667
2018-02-01 14:00:00,109.682,109.7,109.575,109.592,109.682,109.683
2018-02-01 15:00:00,109.592,109.685,109.361,109.431,109.592,109.592
2018-02-01 16:00:00,109.432,109.496,109.276,109.475,109.432,109.434
2018-02-01 17:00:00,109.48,109.552,109.237,109.376,109.48,109.483
2018-02-01 18:00:00,109.376,109.535,109.342,109.518,109.376,109.377
2018-02-01 19:00:00,109.52,109.582,109.428,109.565,109.52,109.522
2018-02-01 20:00:00,109.57,109.602,109.45,109.467,109.57,109.57
2018-02-01 21:00:00,109.468,109.521,109.319,109.41,109.468,109.469
2018-02-01 22:00:00,109.412,109.429,109.226,109.298,109.412,109.413
2018-02-01 23:00:00,109.3,109.413,109.244,109.403,109.3,109.302
2018-02-02 00:00:00,109.398,109.477,109.38,109.454,109.398,109.406
2018-02-02 01:00:00,109.454,109.47,109.355,109.397,109.454,109.461
2018-02-02 02:00:00,109.4,109.462,109.334,109.441,109.4,109.403
2018-02-02 03:00:00,109.441,109.664,109.279,109.44,109.441,109.443
2018-02-02 04:00:00,109.441,109.694,109.434,109.653,109.441,109.443
2018-02-02 05:00:00,109.654,109.698,109.522,109.526,109.654,109.655
2018-02-02 06:00:00,109.526,109.678,109.526,109.673,109.526,109.53
2018-02-02 07:00:00,109.674,109.701,109.623,109.654,109.674,109.676
2018-02-02 08:00:00,109.653,109.829,109.641,109.802,109.653,109.656
2018-02-02 09:00:00,109.806,109.822,109.625,109.775,109.806,109.806
2018-02-02 10:00:00,109.775,109.832,109.701,109.728,109.775,109.777
2018-02-02 11:00:00,109.729,109.894,109.719,109.876,109.729,109.73
2018-02-02 12:00:00,109.876,109.923,109.839,109.879,109.876,109.88
2018-02-02 13:00:00,109.879,109.918,109.837,109.87,109.879,109.881
2018-02-02 14:00:00,109.869,109.902,109.827,109.875,109.869,109.87
2018-02-02 15:00:00,109.875,110.38,109.833,110.299,109.875,109.875
2018-02-02 16:00:00,110.298,110.435,110.259,110.422,110.298,110.298
2018-02-02 17:00:00,110.417,110.484,110.317,110.386,110.417,110.424
2018-02-02 18:00:00,110.386,110.429,110.352,110.405,110.386,110.387
2018-02-02 19:00:00,110.406,110.424,110.089,110.147,110.406,110.406
2018-02-02 20:00:00,110.149,110.215,110.013,110.196,110.149,110.151
2018-02-02 21:00:00,110.194,110.332,110.169,110.262,110.194,110.195
2018-02-02 22:00:00,110.266,110.287,110.081,110.107,110.266,110.266
2018-02-02 23:00:00,110.107,110.222,110.081,110.175,110.107,110.11
2018-02-05 00:00:00,110.178,110.29,110.129,110.267,110.178,110.207
2018-02-05 01:00:00,110.267,110.277,110.021,110.036,110.267,110.276
2018-02-05 02:00:00,110.034,110.171,109.82,109.833,110.034,110.035
2018-02-05 03:00:00,109.837,109.972,109.793,109.907,109.837,109.838
2018-02-05 04:00:00,109.906,110.016,109.834,109.87,109.906,109.91
2018-02-05 05:00:00,109.869,109.962,109.861,109.959,109.869,109.872
2018-02-05 06:00:00,109.958,110.039,109.931,110.0,109.958,109.959
2018-02-05 07:00:00,110.0,110.082,109.946,109.961,110.0,110.0
2018-02-05 08:00:00,109.96,110.056,109.899,110.019,109.96,109.963
2018-02-05 09:00:00,110.019,110.059,109.897,109.913,110.019,110.021
2018-02-05 10:00:00,109.913,109.913,109.758,109.772,109.913,109.914
2018-02-05 11:00:00,109.772,109.892,109.762,109.89,109.772,109.774
2018-02-05 12:00:00,109.889,109.898,109.796,109.849,109.889,109.891
2018-02-05 13:00:00,109.85,109.889,109.645,109.756,109.85,109.852
2018-02-05 14:00:00,109.757,109.838,109.682,109.817,109.757,109.759
2018-02-05 15:00:00,109.817,109.902,109.794,109.843,109.817,109.819
2018-02-05 16:00:00,109.842,110.163,109.773,110.15,109.842,109.844
2018-02-05 17:00:00,110.155,110.264,110.081,110.095,110.155,110.158
2018-02-05 18:00:00,110.095,110.14,110.012,110.11,110.095,110.096
2018-02-05 19:00:00,110.109,110.11,109.961,109.963,110.109,110.111
2018-02-05 20:00:00,109.961,109.967,109.766,109.903,109.961,109.962
2018-02-05 21:00:00,109.903,109.906,109.674,109.697,109.903,109.905
2018-02-05 22:00:00,109.701,109.734,109.123,109.232,109.701,109.703
2018-02-05 23:00:00,109.232,109.317,108.99,109.146,109.232,109.235
2018-02-06 00:00:00,109.082,109.223,109.047,109.131,109.082,109.093
2018-02-06 01:00:00,109.129,109.252,109.012,109.054,109.129,109.131
2018-02-06 02:00:00,109.054,109.302,109.003,109.118,109.054,109.057
2018-02-06 03:00:00,109.12,109.175,108.544,108.645,109.12,109.121
2018-02-06 04:00:00,108.643,108.761,108.561,108.663,108.643,108.646
2018-02-06 05:00:00,108.663,108.782,108.587,108.613,108.663,108.667
2018-02-06 06:00:00,108.613,108.728,108.456,108.651,108.613,108.616
2018-02-06 07:00:00,108.651,108.973,108.612,108.875,108.651,108.654
2018-02-06 08:00:00,108.875,109.0,108.743,108.889,108.875,108.877
2018-02-06 09:00:00,108.888,109.183,108.871,109.021,108.888,108.89
2018-02-06 10:00:00,109.022,109.32,108.95,109.277,109.022,109.025
2018-02-06 11:00:00,109.277,109.279,108.997,109.009,109.277,109.277
2018-02-06 12:00:00,109.01,109.177,108.882,109.167,109.01,109.012
2018-02-06 13:00:00,109.166,109.192,108.949,108.991,109.166,109.169
2018-02-06 14:00:00,108.991,109.318,108.942,109.282,108.991,108.994
2018-02-06 15:00:00,109.282,109.51,109.245,109.471,109.282,109.283
2018-02-06 16:00:00,109.47,109.654,109.329,109.438,109.47,109.473
2018-02-06 17:00:00,109.439,109.531,109.166,109.297,109.439,109.439
2018-02-06 18:00:00,109.298,109.322,109.092,109.185,109.298,109.298
2018-02-06 19:00:00,109.184,109.454,109.112,109.357,109.184,109.187
2018-02-06 20:00:00,109.356,109.356,109.127,109.128,109.356,109.359
2018-02-06 21:00:00,109.127,109.376,109.083,109.326,109.127,109.129
2018-02-06 22:00:00,109.326,109.609,109.325,109.555,109.326,109.329
2018-02-06 23:00:00,109.556,109.632,109.513,109.559,109.556,109.556
2018-02-07 00:00:00,109.552,109.71,109.45,109.698,109.552,109.566
2018-02-07 01:00:00,109.701,109.704,109.563,109.629,109.701,109.709
2018-02-07 02:00:00,109.63,109.664,109.353,109.444,109.63,109.633
2018-02-07 03:00:00,109.445,109.504,109.387,109.438,109.445,109.447
2018-02-07 04:00:00,109.438,109.533,109.281,109.287,109.438,109.441
2018-02-07 05:00:00,109.286,109.392,109.256,109.346,109.286,109.287
2018-02-07 06:00:00,109.346,109.354,109.241,109.272,109.346,109.349
2018-02-07 07:00:00,109.273,109.278,109.145,109.165,109.273,109.277
2018-02-07 08:00:00,109.166,109.255,109.134,109.199,109.166,109.168
2018-02-07 09:00:00,109.198,109.261,109.004,109.04,109.198,109.2
2018-02-07 10:00:00,109.04,109.064,108.919,109.017,109.04,109.042
2018-02-07 11:00:00,109.016,109.087,108.923,109.086,109.016,109.018
2018-02-07 12:00:00,109.086,109.145,109.021,109.11,109.086,109.089
2018-02-07 13:00:00,109.109,109.248,109.025,109.187,109.109,109.113
2018-02-07 14:00:00,109.188,109.371,109.172,109.276,109.188,109.192
2018-02-07 15:00:00,109.276,109.306,109.133,109.227,109.276,109.276
2018-02-07 16:00:00,109.227,109.329,109.122,109.219,109.227,109.229
2018-02-07 17:00:00,109.218,109.357,109.15,109.258,109.218,109.219
2018-02-07 18:00:00,109.258,109.536,109.244,109.526,109.258,109.258
2018-02-07 19:00:00,109.525,109.676,109.394,109.577,109.525,109.528
2018-02-07 20:00:00,109.578,109.63,109.258,109.352,109.578,109.58
2018-02-07 21:00:00,109.352,109.533,109.271,109.4,109.352,109.355
2018-02-07 22:00:00,109.399,109.702,109.399,109.592,109.399,109.404
2018-02-07 23:00:00,109.592,109.634,109.266,109.334,109.592,109.594
2018-02-08 00:00:00,109.32,109.428,109.266,109.373,109.32,109.348
2018-02-08 01:00:00,109.371,109.382,109.133,109.154,109.371,109.379
2018-02-08 02:00:00,109.153,109.393,109.118,109.32,109.153,109.157
2018-02-08 03:00:00,109.319,109.395,109.229,109.296,109.319,109.322
2018-02-08 04:00:00,109.295,109.4,109.26,109.372,109.295,109.295
2018-02-08 05:00:00,109.372,109.391,109.28,109.348,109.372,109.375
2018-02-08 06:00:00,109.348,109.586,109.341,109.562,109.348,109.35
2018-02-08 07:00:00,109.563,109.69,109.537,109.651,109.563,109.564
2018-02-08 08:00:00,109.652,109.784,109.579,109.774,109.652,109.655
2018-02-08 09:00:00,109.774,109.775,109.511,109.539,109.774,109.777
2018-02-08 10:00:00,109.536,109.728,109.477,109.642,109.536,109.539
2018-02-08 11:00:00,109.643,109.758,109.606,109.744,109.643,109.646
2018-02-08 12:00:00,109.745,109.75,109.589,109.595,109.745,109.746
2018-02-08 13:00:00,109.594,109.698,109.567,109.675,109.594,109.596
2018-02-08 14:00:00,109.675,109.766,109.603,109.631,109.675,109.677
2018-02-08 15:00:00,109.631,109.726,109.531,109.568,109.631,109.631
2018-02-08 16:00:00,109.568,109.614,109.329,109.432,109.568,109.57
2018-02-08 17:00:00,109.432,109.556,109.221,109.245,109.432,109.434
2018-02-08 18:00:00,109.245,109.295,108.887,109.012,109.245,109.246
2018-02-08 19:00:00,109.012,109.048,108.581,108.676,109.012,109.015
2018-02-08 20:00:00,108.675,108.986,108.598,108.928,108.675,108.678
2018-02-08 21:00:00,108.926,108.998,108.811,108.855,108.926,108.926
2018-02-08 22:00:00,108.854,108.969,108.658,108.72,108.854,108.854
2018-02-08 23:00:00,108.721,108.863,108.67,108.755,108.721,108.723
2018-02-09 00:00:00,108.734,108.879,108.711,108.762,108.734,108.748
2018-02-09 01:00:00,108.762,108.762,108.494,108.56,108.762,108.767
2018-02-09 02:00:00,108.558,108.873,108.534,108.815,108.558,108.56
2018-02-09 03:00:00,108.814,109.062,108.761,108.811,108.814,108.817
2018-02-09 04:00:00,108.811,108.966,108.72,108.829,108.811,108.811
2018-02-09 05:00:00,108.83,109.096,108.822,109.0,108.83,108.83
2018-02-09 06:00:00,109.003,109.058,108.895,108.921,109.003,109.005
2018-02-09 07:00:00,108.922,109.002,108.851,108.986,108.922,108.924
2018-02-09 08:00:00,108.988,109.043,108.912,108.984,108.988,108.988
2018-02-09 09:00:00,108.983,109.188,108.95,109.151,108.983,108.983
2018-02-09 10:00:00,109.15,109.31,109.126,109.236,109.15,109.15
2018-02-09 11:00:00,109.235,109.252,109.037,109.05,109.235,109.235
2018-02-09 12:00:00,109.05,109.155,108.998,109.135,109.05,109.051
2018-02-09 13:00:00,109.135,109.158,108.924,109.049,109.135,109.136
2018-02-09 14:00:00,109.05,109.088,108.743,108.801,109.05,109.051
2018-02-09 15:00:00,108.801,109.249,108.764,108.998,108.801,108.802
2018-02-09 16:00:00,108.997,109.043,108.839,108.903,108.997,108.998
2018-02-09 17:00:00,108.902,108.926,108.561,108.675,108.902,108.907
2018-02-09 18:00:00,108.677,108.765,108.419,108.456,108.677,108.678
2018-02-09 19:00:00,108.459,108.486,108.16,108.415,108.459,108.46
2018-02-09 20:00:00,108.416,108.416,108.046,108.302,108.416,108.418
2018-02-09 21:00:00,108.3,108.793,108.293,108.578,108.3,108.303
2018-02-09 22:00:00,108.577,108.866,108.426,108.796,108.577,108.58
2018-02-09 23:00:00,108.795,108.853,108.744,108.786,108.795,108.797
2018-02-12 00:00:00,108.842,108.871,108.821,108.851,108.842,108.872
2018-02-12 01:00:00,108.852,108.886,108.705,108.805,108.852,108.855
2018-02-12 02:00:00,108.802,108.804,108.561,108.642,108.802,108.805
2018-02-12 03:00:00,108.643,108.72,108.607,108.65,108.643,108.646
2018-02-12 04:00:00,108.65,108.745,108.633,108.702,108.65,108.653
2018-02-12 05:00:00,108.702,108.767,108.67,108.723,108.702,108.703
2018-02-12 06:00:00,108.726,108.728,108.631,108.664,108.726,108.726
2018-02-12 07:00:00,108.664,108.721,108.646,108.691,108.664,108.666
2018-02-12 08:00:00,108.69,108.722,108.654,108.664,108.69,108.694
2018-02-12 09:00:00,108.664,108.691,108.577,108.6,108.664,108.666
2018-02-12 10:00:00,108.6,108.723,108.511,108.628,108.6,108.602
2018-02-12 11:00:00,108.628,108.759,108.627,108.732,108.628,108.632
2018-02-12 12:00:00,108.732,108.742,108.651,108.701,108.732,108.734
2018-02-12 13:00:00,108.702,108.726,108.603,108.651,108.702,108.705
2018-02-12 14:00:00,108.65,108.694,108.629,108.635,108.65,108.652
2018-02-12 15:00:00,108.636,108.727,108.596,108.611,108.636,108.637
2018-02-12 16:00:00,108.61,108.7,108.536,108.539,108.61,108.613
2018-02-12 17:00:00,108.539,108.584,108.436,108.544,108.539,108.541
2018-02-12 18:00:00,108.546,108.733,108.512,108.724,108.546,108.546
2018-02-12 19:00:00,108.726,108.81,108.684,108.69,108.726,108.726
2018-02-12 20:00:00,108.692,108.768,108.595,108.731,108.692,108.692
2018-02-12 21:00:00,108.731,108.789,108.666,108.675,108.731,108.734
2018-02-12 22:00:00,108.674,108.706,108.548,108.615,108.674,108.677
2018-02-12 23:00:00,108.615,108.659,108.597,108.659,108.615,108.616
2018-02-13 00:00:00,108.653,108.742,108.609,108.714,108.653,108.676
2018-02-13 01:00:00,108.717,108.78,108.67,108.72,108.717,108.725
2018-02-13 02:00:00,108.719,108.73,108.606,108.681,108.719,108.72
2018-02-13 03:00:00,108.681,108.768,108.623,108.687,108.681,108.681
2018-02-13 04:00:00,108.688,108.74,108.669,108.686,108.688,108.69
2018-02-13 05:00:00,108.685,108.727,108.573,108.579,108.685,108.688
2018-02-13 06:00:00,108.579,108.603,108.334,108.367,108.579,108.582
2018-02-13 07:00:00,108.368,108.379,108.24,108.296,108.368,108.37
2018-02-13 08:00:00,108.295,108.304,108.061,108.147,108.295,108.297
2018-02-13 09:00:00,108.149,108.152,107.677,107.755,108.149,108.151
2018-02-13 10:00:00,107.756,107.807,107.532,107.664,107.756,107.758
2018-02-13 11:00:00,107.665,107.716,107.597,107.654,107.665,107.667
2018-02-13 12:00:00,107.655,107.701,107.424,107.614,107.655,107.656
2018-02-13 13:00:00,107.613,107.664,107.538,107.645,107.613,107.617
2018-02-13 14:00:00,107.647,107.648,107.433,107.641,107.647,107.648
2018-02-13 15:00:00,107.64,107.736,107.568,107.6,107.64,107.642
2018-02-13 16:00:00,107.601,107.749,107.558,107.629,107.601,107.604
2018-02-13 17:00:00,107.627,107.712,107.46,107.462,107.627,107.628
2018-02-13 18:00:00,107.463,107.637,107.409,107.603,107.463,107.464
2018-02-13 19:00:00,107.602,107.703,107.521,107.694,107.602,107.604
2018-02-13 20:00:00,107.692,107.782,107.606,107.687,107.692,107.693
2018-02-13 21:00:00,107.685,107.746,107.662,107.7,107.685,107.687
2018-02-13 22:00:00,107.699,107.817,107.65,107.807,107.699,107.699
2018-02-13 23:00:00,107.808,107.839,107.771,107.815,107.808,107.81
2018-02-14 00:00:00,107.818,107.844,107.755,107.828,107.818,107.843
2018-02-14 01:00:00,107.829,107.852,107.742,107.765,107.829,107.835
2018-02-14 02:00:00,107.766,107.903,107.759,107.786,107.766,107.768
2018-02-14 03:00:00,107.787,107.792,107.637,107.674,107.787,107.788
2018-02-14 04:00:00,107.672,107.696,107.171,107.215,107.672,107.674
2018-02-14 05:00:00,107.214,107.216,106.851,106.868,107.214,107.217
2018-02-14 06:00:00,106.87,107.148,106.839,107.103,106.87,106.87
2018-02-14 07:00:00,107.103,107.266,107.099,107.158,107.103,107.106
2018-02-14 08:00:00,107.159,107.25,107.145,107.196,107.159,107.161
2018-02-14 09:00:00,107.197,107.503,107.194,107.4,107.197,107.2
2018-02-14 10:00:00,107.399,107.434,107.277,107.421,107.399,107.401
2018-02-14 11:00:00,107.425,107.521,107.412,107.475,107.425,107.425
2018-02-14 12:00:00,107.475,107.491,107.379,107.407,107.475,107.477
2018-02-14 13:00:00,107.408,107.485,107.349,107.386,107.408,107.409
2018-02-14 14:00:00,107.385,107.388,107.225,107.241,107.385,107.387
2018-02-14 15:00:00,107.241,107.542,107.049,107.24,107.241,107.242
2018-02-14 16:00:00,107.239,107.442,106.996,107.371,107.239,107.24
2018-02-14 17:00:00,107.37,107.39,106.721,106.834,107.37,107.372
2018-02-14 18:00:00,106.836,107.045,106.768,107.015,106.836,106.836
2018-02-14 19:00:00,107.016,107.154,106.992,107.052,107.016,107.017
2018-02-14 20:00:00,107.053,107.096,106.794,106.991,107.053,107.053
2018-02-14 21:00:00,106.991,107.129,106.905,107.081,106.991,106.991
2018-02-14 22:00:00,107.082,107.172,106.939,106.939,107.082,107.085
2018-02-14 23:00:00,106.94,107.04,106.928,107.016,106.94,106.94
2018-02-15 00:00:00,106.995,107.007,106.919,106.971,106.995,107.016
2018-02-15 01:00:00,106.972,106.972,106.42,106.55,106.972,106.981
2018-02-15 02:00:00,106.549,106.821,106.544,106.759,106.549,106.556
2018-02-15 03:00:00,106.758,106.891,106.497,106.667,106.758,106.761
2018-02-15 04:00:00,106.667,106.73,106.304,106.476,106.667,106.67
2018-02-15 05:00:00,106.475,106.647,106.448,106.575,106.475,106.479
2018-02-15 06:00:00,106.574,106.606,106.355,106.602,106.574,106.576
2018-02-15 07:00:00,106.601,106.624,106.511,106.556,106.601,106.602
2018-02-15 08:00:00,106.556,106.558,106.332,106.46,106.556,106.558
2018-02-15 09:00:00,106.459,106.459,106.174,106.361,106.459,106.462
2018-02-15 10:00:00,106.36,106.499,106.327,106.377,106.36,106.362
2018-02-15 11:00:00,106.375,106.436,106.269,106.415,106.375,106.377
2018-02-15 12:00:00,106.415,106.589,106.385,106.572,106.415,106.418
2018-02-15 13:00:00,106.571,106.745,106.55,106.697,106.571,106.573
2018-02-15 14:00:00,106.697,106.802,106.563,106.621,106.697,106.699
2018-02-15 15:00:00,106.621,106.679,106.434,106.52,106.621,106.622
2018-02-15 16:00:00,106.519,106.601,106.328,106.358,106.519,106.521
2018-02-15 17:00:00,106.356,106.44,106.194,106.264,106.356,106.357
2018-02-15 18:00:00,106.261,106.415,106.208,106.356,106.261,106.262
2018-02-15 19:00:00,106.354,106.859,106.348,106.681,106.354,106.354
2018-02-15 20:00:00,106.679,106.712,106.367,106.403,106.679,106.679
2018-02-15 21:00:00,106.403,106.414,106.237,106.262,106.403,106.405
2018-02-15 22:00:00,106.264,106.29,106.035,106.095,106.264,106.266
2018-02-15 23:00:00,106.097,106.189,106.044,106.147,106.097,106.099
2018-02-16 00:00:00,106.119,106.186,106.09,106.155,106.119,106.141
2018-02-16 01:00:00,106.159,106.251,106.022,106.104,106.159,106.169
2018-02-16 02:00:00,106.104,106.292,106.048,106.24,106.104,106.104
2018-02-16 03:00:00,106.238,106.353,106.096,106.125,106.238,106.241
2018-02-16 04:00:00,106.125,106.211,106.012,106.063,106.125,106.127
2018-02-16 05:00:00,106.062,106.21,106.062,106.084,106.062,106.065
2018-02-16 06:00:00,106.084,106.109,105.546,105.709,106.084,106.086
2018-02-16 07:00:00,105.706,105.823,105.665,105.795,105.706,105.708
2018-02-16 08:00:00,105.793,105.846,105.671,105.79,105.793,105.795
2018-02-16 09:00:00,105.79,106.036,105.761,106.02,105.79,105.793
2018-02-16 10:00:00,106.02,106.02,105.755,105.848,106.02,106.02
2018-02-16 11:00:00,105.848,106.027,105.82,106.027,105.848,105.849
2018-02-16 12:00:00,106.027,106.098,105.95,106.043,106.027,106.029
2018-02-16 13:00:00,106.043,106.187,106.033,106.173,106.043,106.045
2018-02-16 14:00:00,106.174,106.347,106.163,106.266,106.174,106.177
2018-02-16 15:00:00,106.267,106.295,106.127,106.153,106.267,106.269
2018-02-16 16:00:00,106.153,106.379,106.148,106.279,106.153,106.156
2018-02-16 17:00:00,106.279,106.335,105.917,106.027,106.279,106.28
2018-02-16 18:00:00,106.028,106.115,105.976,106.109,106.028,106.031
2018-02-16 19:00:00,106.108,106.244,106.021,106.058,106.108,106.11
2018-02-16 20:00:00,106.061,106.281,106.052,106.241,106.061,106.063
2018-02-16 21:00:00,106.241,106.399,106.231,106.316,106.241,106.243
2018-02-16 22:00:00,106.315,106.391,106.28,106.318,106.315,106.318
2018-02-16 23:00:00,106.306,106.314,106.206,106.292,106.306,106.306
2018-02-19 00:00:00,106.328,106.369,106.275,106.308,106.328,106.365
2018-02-19 01:00:00,106.309,106.309,106.138,106.267,106.309,106.317
2018-02-19 02:00:00,106.268,106.352,106.191,106.293,106.268,106.271
2018-02-19 03:00:00,106.293,106.322,106.094,106.11,106.293,106.296
2018-02-19 04:00:00,106.116,106.21,106.11,106.182,106.116,106.116
2018-02-19 05:00:00,106.182,106.365,106.181,106.319,106.182,106.183
2018-02-19 06:00:00,106.319,106.449,106.284,106.392,106.319,106.322
2018-02-19 07:00:00,106.393,106.513,106.355,106.496,106.393,106.395
2018-02-19 08:00:00,106.5,106.61,106.456,106.526,106.5,106.502
2018-02-19 09:00:00,106.525,106.646,106.441,106.565,106.525,106.527
2018-02-19 10:00:00,106.565,106.633,106.515,106.613,106.565,106.567
2018-02-19 11:00:00,106.612,106.656,106.555,106.615,106.612,106.616
2018-02-19 12:00:00,106.614,106.624,106.488,106.508,106.614,106.616
2018-02-19 13:00:00,106.51,106.554,106.471,106.491,106.51,106.513
2018-02-19 14:00:00,106.491,106.561,106.454,106.52,106.491,106.493
2018-02-19 15:00:00,106.519,106.728,106.518,106.716,106.519,106.521
2018-02-19 16:00:00,106.715,106.72,106.621,106.667,106.715,106.719
2018-02-19 17:00:00,106.668,106.683,106.494,106.513,106.668,106.671
2018-02-19 18:00:00,106.512,106.605,106.496,106.546,106.512,106.514
2018-02-19 19:00:00,106.547,106.595,106.543,106.563,106.547,106.549
2018-02-19 20:00:00,106.564,106.586,106.536,106.561,106.564,106.566
2018-02-19 21:00:00,106.561,106.573,106.518,106.553,106.561,106.57
2018-02-19 22:00:00,106.552,106.592,106.533,106.589,106.552,106.56
2018-02-19 23:00:00,106.589,106.605,106.572,106.586,106.589,106.591
2018-02-20 00:00:00,106.586,106.621,106.56,106.61,106.586,106.602
2018-02-20 01:00:00,106.609,106.739,106.59,106.716,106.609,106.62
2018-02-20 02:00:00,106.719,106.789,106.643,106.778,106.719,106.72
2018-02-20 03:00:00,106.778,106.79,106.663,106.705,106.778,106.781
2018-02-20 04:00:00,106.705,106.776,106.665,106.771,106.705,106.706
2018-02-20 05:00:00,106.771,106.864,106.715,106.791,106.771,106.773
2018-02-20 06:00:00,106.79,106.832,106.762,106.787,106.79,106.791
2018-02-20 07:00:00,106.786,106.866,106.738,106.838,106.786,106.789
2018-02-20 08:00:00,106.839,106.949,106.837,106.909,106.839,106.84
2018-02-20 09:00:00,106.909,107.017,106.833,106.97,106.909,106.911
2018-02-20 10:00:00,106.97,107.154,106.97,107.112,106.97,106.972
2018-02-20 11:00:00,107.111,107.205,107.092,107.181,107.111,107.114
2018-02-20 12:00:00,107.181,107.202,107.055,107.158,107.181,107.185
2018-02-20 13:00:00,107.156,107.169,107.044,107.056,107.156,107.159
2018-02-20 14:00:00,107.056,107.18,107.031,107.139,107.056,107.06
2018-02-20 15:00:00,107.139,107.378,107.092,107.322,107.139,107.141
2018-02-20 16:00:00,107.322,107.334,107.07,107.181,107.322,107.324
2018-02-20 17:00:00,107.182,107.198,107.08,107.11,107.182,107.183
2018-02-20 18:00:00,107.111,107.318,107.086,107.233,107.111,107.112
2018-02-20 19:00:00,107.233,107.281,107.183,107.266,107.233,107.234
2018-02-20 20:00:00,107.265,107.353,107.221,107.287,107.265,107.267
2018-02-20 21:00:00,107.286,107.3,107.196,107.28,107.286,107.287
2018-02-20 22:00:00,107.281,107.3,107.208,107.255,107.281,107.283
2018-02-20 23:00:00,107.255,107.343,107.246,107.323,107.255,107.256
2018-02-21 00:00:00,107.323,107.328,107.278,107.315,107.323,107.329
2018-02-21 01:00:00,107.313,107.4,107.298,107.393,107.313,107.32
2018-02-21 02:00:00,107.393,107.575,107.293,107.544,107.393,107.393
2018-02-21 03:00:00,107.543,107.667,107.523,107.622,107.543,107.545
2018-02-21 04:00:00,107.622,107.852,107.561,107.834,107.622,107.625
2018-02-21 05:00:00,107.834,107.903,107.777,107.787,107.834,107.837
2018-02-21 06:00:00,107.788,107.82,107.643,107.787,107.788,107.788
2018-02-21 07:00:00,107.787,107.855,107.706,107.81,107.787,107.788
2018-02-21 08:00:00,107.81,107.828,107.669,107.685,107.81,107.811
2018-02-21 09:00:00,107.685,107.872,107.659,107.772,107.685,107.686
2018-02-21 10:00:00,107.774,107.797,107.489,107.559,107.774,107.776
2018-02-21 11:00:00,107.559,107.574,107.47,107.5,107.559,107.561
2018-02-21 12:00:00,107.501,107.568,107.366,107.391,107.501,107.503
2018-02-21 13:00:00,107.39,107.518,107.335,107.505,107.39,107.392
2018-02-21 14:00:00,107.504,107.59,107.424,107.541,107.504,107.508
2018-02-21 15:00:00,107.542,107.621,107.476,107.481,107.542,107.543
2018-02-21 16:00:00,107.482,107.552,107.336,107.516,107.482,107.483
2018-02-21 17:00:00,107.516,107.701,107.455,107.615,107.516,107.519
2018-02-21 18:00:00,107.614,107.724,107.563,107.642,107.614,107.615
2018-02-21 19:00:00,107.644,107.705,107.626,107.65,107.644,107.644
2018-02-21 20:00:00,107.648,107.741,107.621,107.712,107.648,107.649
2018-02-21 21:00:00,107.709,107.792,107.288,107.761,107.709,107.719
2018-02-21 22:00:00,107.762,107.902,107.652,107.667,107.762,107.765
2018-02-21 23:00:00,107.668,107.777,107.582,107.774,107.668,107.67
2018-02-22 00:00:00,107.755,107.769,107.71,107.749,107.755,107.771
2018-02-22 01:00:00,107.75,107.754,107.526,107.591,107.75,107.758
2018-02-22 02:00:00,107.591,107.763,107.442,107.446,107.591,107.593
2018-02-22 03:00:00,107.447,107.526,107.159,107.256,107.447,107.448
2018-02-22 04:00:00,107.254,107.409,107.235,107.378,107.254,107.254
2018-02-22 05:00:00,107.378,107.388,107.289,107.32,107.378,107.381
2018-02-22 06:00:00,107.319,107.46,107.281,107.447,107.319,107.321
2018-02-22 07:00:00,107.447,107.472,107.376,107.47,107.447,107.447
2018-02-22 08:00:00,107.47,107.587,107.335,107.567,107.47,107.473
2018-02-22 09:00:00,107.567,107.609,107.443,107.472,107.567,107.569
2018-02-22 10:00:00,107.472,107.483,107.24,107.277,107.472,107.474
2018-02-22 11:00:00,107.276,107.329,107.218,107.321,107.276,107.279
2018-02-22 12:00:00,107.321,107.382,107.296,107.342,107.321,107.323
2018-02-22 13:00:00,107.342,107.384,107.253,107.27,107.342,107.346
2018-02-22 14:00:00,107.27,107.364,107.03,107.04,107.27,107.272
2018-02-22 15:00:00,107.042,107.12,106.863,106.891,107.042,107.044
2018-02-22 16:00:00,106.893,106.964,106.803,106.858,106.893,106.894
2018-02-22 17:00:00,106.86,106.914,106.65,106.891,106.86,106.861
2018-02-22 18:00:00,106.89,107.074,106.868,106.965,106.89,106.891
2018-02-22 19:00:00,106.965,106.997,106.799,106.805,106.965,106.966
2018-02-22 20:00:00,106.803,106.856,106.725,106.828,106.803,106.805
2018-02-22 21:00:00,106.827,106.843,106.616,106.63,106.827,106.829
2018-02-22 22:00:00,106.628,106.731,106.595,106.687,106.628,106.63
2018-02-22 23:00:00,106.686,106.778,106.666,106.753,106.686,106.686
2018-02-23 00:00:00,106.745,106.77,106.714,106.722,106.745,106.76
2018-02-23 01:00:00,106.723,106.845,106.653,106.838,106.723,106.73
2018-02-23 02:00:00,106.841,106.996,106.78,106.887,106.841,106.841
2018-02-23 03:00:00,106.888,106.956,106.736,106.796,106.888,106.888
2018-02-23 04:00:00,106.793,106.935,106.781,106.875,106.793,106.794
2018-02-23 05:00:00,106.876,106.915,106.82,106.893,106.876,106.879
2018-02-23 06:00:00,106.894,106.99,106.882,106.974,106.894,106.896
2018-02-23 07:00:00,106.974,107.032,106.932,106.962,106.974,106.974
2018-02-23 08:00:00,106.963,107.131,106.88,107.083,106.963,106.966
2018-02-23 09:00:00,107.084,107.134,107.018,107.018,107.084,107.087
2018-02-23 10:00:00,107.019,107.025,106.8,106.827,107.019,107.021
2018-02-23 11:00:00,106.826,106.918,106.79,106.902,106.826,106.828
2018-02-23 12:00:00,106.9,106.932,106.805,106.892,106.9,106.904
2018-02-23 13:00:00,106.892,106.917,106.803,106.805,106.892,106.893
2018-02-23 14:00:00,106.805,106.819,106.676,106.731,106.805,106.807
2018-02-23 15:00:00,106.731,106.833,106.709,106.783,106.731,106.732
2018-02-23 16:00:00,106.782,106.902,106.734,106.775,106.782,106.783
2018-02-23 17:00:00,106.776,106.792,106.512,106.602,106.776,106.776
2018-02-23 18:00:00,106.603,106.732,106.602,106.653,106.603,106.604
2018-02-23 19:00:00,106.654,106.656,106.551,106.563,106.654,106.656
2018-02-23 20:00:00,106.564,106.636,106.564,106.63,106.564,106.566
2018-02-23 21:00:00,106.63,106.746,106.609,106.741,106.63,106.633
2018-02-23 22:00:00,106.741,106.888,106.681,106.883,106.741,106.743
2018-02-23 23:00:00,106.882,106.939,106.767,106.846,106.882,106.885
2018-02-26 00:00:00,107.181,107.181,106.989,107.052,107.181,107.21
2018-02-26 01:00:00,107.056,107.116,106.909,107.078,107.056,107.067
2018-02-26 02:00:00,107.077,107.077,106.849,106.878,107.077,107.079
2018-02-26 03:00:00,106.879,106.883,106.571,106.667,106.879,106.881
2018-02-26 04:00:00,106.666,106.666,106.438,106.498,106.666,106.668
2018-02-26 05:00:00,106.498,106.633,106.491,106.577,106.498,106.499
2018-02-26 06:00:00,106.576,106.636,106.537,106.624,106.576,106.58
2018-02-26 07:00:00,106.623,106.697,106.519,106.519,106.623,106.626
2018-02-26 08:00:00,106.519,106.565,106.438,106.498,106.519,106.521
2018-02-26 09:00:00,106.496,106.558,106.375,106.546,106.496,106.499
2018-02-26 10:00:00,106.545,106.669,106.545,106.663,106.545,106.549
2018-02-26 11:00:00,106.66,106.68,106.553,106.599,106.66,106.663
2018-02-26 12:00:00,106.597,106.64,106.555,106.592,106.597,106.6
2018-02-26 13:00:00,106.592,106.773,106.568,106.763,106.592,106.595
2018-02-26 14:00:00,106.764,106.814,106.717,106.763,106.764,106.765
2018-02-26 15:00:00,106.764,106.866,106.733,106.856,106.764,106.767
2018-02-26 16:00:00,106.855,107.04,106.843,106.935,106.855,106.858
2018-02-26 17:00:00,106.935,107.002,106.809,106.932,106.935,106.937
2018-02-26 18:00:00,106.933,106.972,106.82,106.957,106.933,106.934
2018-02-26 19:00:00,106.958,107.065,106.958,107.003,106.958,106.959
2018-02-26 20:00:00,107.004,107.04,106.951,106.966,107.004,107.006
2018-02-26 21:00:00,106.966,107.012,106.904,106.912,106.975,106.977
2018-02-26 22:00:00,106.912,107.003,106.904,106.927,106.912,106.913
2018-02-26 23:00:00,106.927,106.963,106.905,106.949,106.927,106.927
2018-02-27 00:00:00,106.906,107.01,106.903,107.004,106.906,106.945
2018-02-27 01:00:00,107.004,107.09,106.998,107.07,107.004,107.012
2018-02-27 02:00:00,107.07,107.1,106.784,106.841,107.07,107.071
2018-02-27 03:00:00,106.841,107.061,106.786,107.023,106.841,106.845
2018-02-27 04:00:00,107.023,107.06,106.92,106.956,107.023,107.026
2018-02-27 05:00:00,106.956,107.007,106.816,106.969,106.956,106.957
2018-02-27 06:00:00,106.969,106.987,106.914,106.938,106.969,106.97
2018-02-27 07:00:00,106.939,106.95,106.856,106.872,106.939,106.941
2018-02-27 08:00:00,106.872,106.933,106.803,106.856,106.872,106.874
2018-02-27 09:00:00,106.856,107.031,106.834,107.019,106.856,106.859
2018-02-27 10:00:00,107.021,107.107,106.97,107.064,107.021,107.021
2018-02-27 11:00:00,107.062,107.094,106.989,107.037,107.062,107.064
2018-02-27 12:00:00,107.038,107.054,106.992,107.015,107.038,107.04
2018-02-27 13:00:00,107.015,107.041,106.935,106.96,107.015,107.017
2018-02-27 14:00:00,106.959,107.048,106.943,107.044,106.959,106.962
2018-02-27 15:00:00,107.045,107.23,106.953,107.099,107.045,107.045
2018-02-27 16:00:00,107.098,107.216,106.995,107.196,107.098,107.101
2018-02-27 17:00:00,107.2,107.676,107.17,107.563,107.2,107.211
2018-02-27 18:00:00,107.563,107.568,107.425,107.474,107.563,107.564
2018-02-27 19:00:00,107.474,107.584,107.311,107.382,107.474,107.476
2018-02-27 20:00:00,107.382,107.443,107.276,107.303,107.382,107.385
2018-02-27 21:00:00,107.303,107.432,107.3,107.422,107.303,107.305
2018-02-27 22:00:00,107.422,107.423,107.315,107.366,107.422,107.425
2018-02-27 23:00:00,107.367,107.404,107.326,107.326,107.367,107.367
2018-02-28 00:00:00,107.323,107.377,107.312,107.349,107.323,107.336
2018-02-28 01:00:00,107.347,107.441,107.346,107.427,107.347,107.356
2018-02-28 02:00:00,107.428,107.527,107.287,107.344,107.428,107.429
2018-02-28 03:00:00,107.343,107.409,107.073,107.138,107.343,107.346
2018-02-28 04:00:00,107.138,107.322,107.119,107.322,107.138,107.141
2018-02-28 05:00:00,107.318,107.364,107.159,107.216,107.318,107.32
2018-02-28 06:00:00,107.216,107.27,107.161,107.186,107.216,107.217
2018-02-28 07:00:00,107.186,107.205,107.06,107.065,107.186,107.189
2018-02-28 08:00:00,107.068,107.144,107.012,107.041,107.068,107.068
2018-02-28 09:00:00,107.041,107.124,107.001,107.071,107.041,107.045
2018-02-28 10:00:00,107.07,107.223,107.062,107.184,107.07,107.073
2018-02-28 11:00:00,107.183,107.242,107.056,107.08,107.183,107.186
2018-02-28 12:00:00,107.079,107.116,107.036,107.104,107.079,107.082
2018-02-28 13:00:00,107.103,107.167,107.085,107.108,107.103,107.106
2018-02-28 14:00:00,107.109,107.124,106.929,106.948,107.109,107.111
2018-02-28 15:00:00,106.947,107.161,106.945,107.055,106.947,106.948
2018-02-28 16:00:00,107.055,107.126,106.952,107.106,107.055,107.055
2018-02-28 17:00:00,107.107,107.107,106.67,106.716,107.107,107.111
2018-02-28 18:00:00,106.718,106.74,106.565,106.621,106.718,106.718
2018-02-28 19:00:00,106.621,106.76,106.594,106.732,106.621,106.622
2018-02-28 20:00:00,106.731,106.788,106.694,106.737,106.731,106.733
2018-02-28 21:00:00,106.738,106.788,106.644,106.653,106.738,106.74
2018-02-28 22:00:00,106.651,106.725,106.611,106.7,106.651,106.654
2018-02-28 23:00:00,106.697,106.752,106.659,106.683,106.697,106.699
2018-03-01 00:00:00,106.675,106.712,106.616,106.655,106.675,106.693
2018-03-01 01:00:00,106.653,106.698,106.59,106.637,106.653,106.658
2018-03-01 02:00:00,106.637,106.756,106.544,106.687,106.637,106.637
2018-03-01 03:00:00,106.687,106.765,106.564,106.647,106.687,106.689
2018-03-01 04:00:00,106.646,106.777,106.597,106.738,106.646,106.647
2018-03-01 05:00:00,106.737,106.774,106.686,106.73,106.737,106.739
2018-03-01 06:00:00,106.73,106.868,106.693,106.82,106.73,106.733
2018-03-01 07:00:00,106.822,106.86,106.752,106.829,106.822,106.822
2018-03-01 08:00:00,106.83,106.864,106.729,106.758,106.83,106.832
2018-03-01 09:00:00,106.758,106.862,106.754,106.801,106.758,106.761
2018-03-01 10:00:00,106.8,106.896,106.77,106.772,106.8,106.803
2018-03-01 11:00:00,106.771,106.811,106.693,106.762,106.771,106.775
2018-03-01 12:00:00,106.762,106.813,106.735,106.766,106.762,106.764
2018-03-01 13:00:00,106.766,106.794,106.66,106.677,106.766,106.768
2018-03-01 14:00:00,106.676,106.794,106.671,106.765,106.676,106.678
2018-03-01 15:00:00,106.764,106.986,106.727,106.921,106.764,106.766
2018-03-01 16:00:00,106.921,107.051,106.831,106.845,106.921,106.923
2018-03-01 17:00:00,106.844,107.204,106.844,107.069,106.844,106.863
2018-03-01 18:00:00,107.069,107.083,106.883,106.909,107.069,107.071
2018-03-01 19:00:00,106.91,106.925,106.776,106.808,106.91,106.911
2018-03-01 20:00:00,106.808,106.811,106.488,106.492,106.808,106.808
2018-03-01 21:00:00,106.491,106.519,106.198,106.248,106.491,106.494
2018-03-01 22:00:00,106.249,106.383,106.163,106.2,106.249,106.25
2018-03-01 23:00:00,106.198,106.3,106.178,106.239,106.198,106.2
2018-03-02 00:00:00,106.223,106.278,106.074,106.097,106.223,106.241
2018-03-02 01:00:00,106.097,106.189,106.097,106.17,106.097,106.103
2018-03-02 02:00:00,106.172,106.288,106.16,106.272,106.172,106.173
2018-03-02 03:00:00,106.273,106.298,106.004,106.013,106.273,106.274
2018-03-02 04:00:00,106.013,106.091,105.934,106.039,106.013,106.015
2018-03-02 05:00:00,106.039,106.075,106.002,106.024,106.039,106.042
2018-03-02 06:00:00,106.025,106.155,105.992,106.08,106.025,106.026
2018-03-02 07:00:00,106.081,106.151,105.756,105.794,106.081,106.082
2018-03-02 08:00:00,105.793,105.937,105.707,105.898,105.793,105.796
2018-03-02 09:00:00,105.898,105.978,105.717,105.737,105.898,105.901
2018-03-02 10:00:00,105.736,105.838,105.636,105.67,105.736,105.738
2018-03-02 11:00:00,105.669,105.945,105.626,105.758,105.669,105.671
2018-03-02 12:00:00,105.758,105.758,105.535,105.539,105.758,105.76
2018-03-02 13:00:00,105.538,105.591,105.272,105.429,105.538,105.54
2018-03-02 14:00:00,105.428,105.487,105.247,105.376,105.428,105.431
2018-03-02 15:00:00,105.376,105.502,105.252,105.416,105.376,105.377
2018-03-02 16:00:00,105.416,105.493,105.341,105.359,105.416,105.418
2018-03-02 17:00:00,105.359,105.561,105.282,105.47,105.359,105.36
2018-03-02 18:00:00,105.47,105.679,105.403,105.671,105.47,105.471
2018-03-02 19:00:00,105.67,105.681,105.577,105.582,105.67,105.671
2018-03-02 20:00:00,105.581,105.582,105.407,105.492,105.581,105.582
2018-03-02 21:00:00,105.491,105.606,105.457,105.543,105.491,105.494
2018-03-02 22:00:00,105.542,105.724,105.517,105.723,105.542,105.543
2018-03-02 23:00:00,105.724,105.742,105.68,105.717,105.724,105.725
2018-03-05 00:00:00,105.445,105.679,105.422,105.608,105.445,105.512
2018-03-05 01:00:00,105.608,105.68,105.466,105.563,105.608,105.616
2018-03-05 02:00:00,105.563,105.678,105.455,105.463,105.563,105.566
2018-03-05 03:00:00,105.463,105.57,105.421,105.481,105.463,105.466
2018-03-05 04:00:00,105.482,105.552,105.427,105.461,105.482,105.482
2018-03-05 05:00:00,105.461,105.562,105.418,105.549,105.461,105.465
2018-03-05 06:00:00,105.549,105.592,105.481,105.493,105.549,105.552
2018-03-05 07:00:00,105.496,105.615,105.483,105.567,105.496,105.497
2018-03-05 08:00:00,105.568,105.606,105.496,105.542,105.568,105.57
2018-03-05 09:00:00,105.541,105.543,105.351,105.393,105.541,105.545
2018-03-05 10:00:00,105.393,105.629,105.375,105.54,105.393,105.396
2018-03-05 11:00:00,105.54,105.597,105.468,105.576,105.54,105.544
2018-03-05 12:00:00,105.576,105.648,105.554,105.608,105.576,105.58
2018-03-05 13:00:00,105.608,105.678,105.549,105.667,105.608,105.61
2018-03-05 14:00:00,105.666,105.69,105.602,105.61,105.666,105.668
2018-03-05 15:00:00,105.613,105.684,105.595,105.665,105.613,105.613
2018-03-05 16:00:00,105.664,105.924,105.658,105.783,105.664,105.667
2018-03-05 17:00:00,105.783,105.899,105.714,105.837,105.783,105.799
2018-03-05 18:00:00,105.838,105.997,105.806,105.971,105.838,105.839
2018-03-05 19:00:00,105.97,106.184,105.877,106.168,105.97,105.97
2018-03-05 20:00:00,106.168,106.231,106.12,106.168,106.168,106.171
2018-03-05 21:00:00,106.169,106.239,106.13,106.204,106.169,106.171
2018-03-05 22:00:00,106.203,106.228,106.157,106.157,106.203,106.205
2018-03-05 23:00:00,106.158,106.214,106.148,106.198,106.158,106.16
2018-03-06 00:00:00,106.196,106.219,106.157,106.214,106.196,106.22
2018-03-06 01:00:00,106.212,106.282,106.172,106.255,106.212,106.218
2018-03-06 02:00:00,106.256,106.385,106.238,106.313,106.256,106.258
2018-03-06 03:00:00,106.314,106.387,106.262,106.333,106.314,106.315
2018-03-06 04:00:00,106.334,106.466,106.311,106.408,106.334,106.337
2018-03-06 05:00:00,106.407,106.423,106.346,106.362,106.407,106.411
2018-03-06 06:00:00,106.363,106.371,106.266,106.283,106.363,106.364
2018-03-06 07:00:00,106.285,106.294,106.177,106.225,106.285,106.287
2018-03-06 08:00:00,106.223,106.262,106.151,106.239,106.223,106.223
2018-03-06 09:00:00,106.238,106.288,106.068,106.149,106.238,106.24
2018-03-06 10:00:00,106.149,106.153,105.989,106.041,106.149,106.152
2018-03-06 11:00:00,106.042,106.057,105.859,105.863,106.042,106.046
2018-03-06 12:00:00,105.863,105.98,105.853,105.954,105.863,105.865
2018-03-06 13:00:00,105.954,106.424,105.938,106.352,105.954,105.958
2018-03-06 14:00:00,106.355,106.435,106.266,106.271,106.355,106.357
2018-03-06 15:00:00,106.271,106.282,106.034,106.046,106.271,106.274
2018-03-06 16:00:00,106.047,106.181,105.947,106.047,106.047,106.049
2018-03-06 17:00:00,106.046,106.198,105.974,106.028,106.046,106.051
2018-03-06 18:00:00,106.028,106.049,105.905,106.03,106.028,106.03
2018-03-06 19:00:00,106.03,106.262,105.986,106.217,106.03,106.031
2018-03-06 20:00:00,106.217,106.252,106.087,106.103,106.217,106.219
2018-03-06 21:00:00,106.103,106.224,106.067,106.223,106.103,106.106
2018-03-06 22:00:00,106.222,106.237,106.152,106.213,106.222,106.223
2018-03-06 23:00:00,106.214,106.216,106.117,106.119,106.214,106.214
2018-03-07 00:00:00,106.124,106.187,105.554,105.663,106.124,106.153
2018-03-07 01:00:00,105.663,105.676,105.455,105.579,105.663,105.667
2018-03-07 02:00:00,105.582,105.703,105.506,105.641,105.582,105.583
2018-03-07 03:00:00,105.642,105.868,105.636,105.819,105.642,105.644
2018-03-07 04:00:00,105.819,105.856,105.65,105.675,105.819,105.822
2018-03-07 05:00:00,105.676,105.749,105.626,105.689,105.676,105.679
2018-03-07 06:00:00,105.693,105.708,105.62,105.691,105.693,105.694
2018-03-07 07:00:00,105.69,105.698,105.532,105.642,105.69,105.693
2018-03-07 08:00:00,105.643,105.663,105.512,105.571,105.643,105.645
2018-03-07 09:00:00,105.572,105.747,105.568,105.717,105.572,105.574
2018-03-07 10:00:00,105.716,105.805,105.635,105.75,105.716,105.719
2018-03-07 11:00:00,105.751,105.765,105.55,105.614,105.751,105.753
2018-03-07 12:00:00,105.614,105.686,105.55,105.553,105.614,105.615
2018-03-07 13:00:00,105.552,105.699,105.505,105.689,105.552,105.555
2018-03-07 14:00:00,105.689,105.781,105.684,105.719,105.689,105.692
2018-03-07 15:00:00,105.719,105.987,105.719,105.831,105.719,105.719
2018-03-07 16:00:00,105.83,105.998,105.79,105.907,105.83,105.833
2018-03-07 17:00:00,105.906,106.057,105.806,105.99,105.906,105.91
2018-03-07 18:00:00,105.99,106.222,105.937,105.94,105.99,105.993
2018-03-07 19:00:00,105.94,105.959,105.828,105.916,105.94,105.942
2018-03-07 20:00:00,105.916,105.985,105.825,105.961,105.916,105.918
2018-03-07 21:00:00,105.962,106.096,105.933,106.062,105.962,105.965
2018-03-07 22:00:00,106.061,106.168,106.052,106.078,106.061,106.065
2018-03-07 23:00:00,106.077,106.105,106.043,106.061,106.077,106.081
2018-03-08 00:00:00,106.056,106.132,106.012,106.126,106.056,106.087
2018-03-08 01:00:00,106.13,106.206,106.049,106.18,106.13,106.132
2018-03-08 02:00:00,106.18,106.203,106.044,106.08,106.18,106.181
2018-03-08 03:00:00,106.08,106.178,106.058,106.136,106.08,106.083
2018-03-08 04:00:00,106.139,106.142,106.063,106.084,106.139,106.14
2018-03-08 05:00:00,106.083,106.148,106.065,106.088,106.083,106.084
2018-03-08 06:00:00,106.088,106.093,105.997,106.057,106.088,106.09
2018-03-08 07:00:00,106.057,106.057,105.926,105.97,106.057,106.059
2018-03-08 08:00:00,105.971,106.011,105.936,105.97,105.971,105.974
2018-03-08 09:00:00,105.97,105.999,105.891,105.947,105.97,105.974
2018-03-08 10:00:00,105.947,106.119,105.909,106.089,105.947,105.948
2018-03-08 11:00:00,106.091,106.134,106.053,106.089,106.091,106.093
2018-03-08 12:00:00,106.089,106.118,106.066,106.072,106.089,106.092
2018-03-08 13:00:00,106.073,106.152,106.064,106.109,106.073,106.075
2018-03-08 14:00:00,106.11,106.2,106.103,106.138,106.11,106.112
2018-03-08 15:00:00,106.138,106.2,106.013,106.077,106.138,106.141
2018-03-08 16:00:00,106.077,106.266,106.042,106.127,106.077,106.079
2018-03-08 17:00:00,106.127,106.229,106.05,106.082,106.127,106.129
2018-03-08 18:00:00,106.082,106.172,106.055,106.09,106.082,106.085
2018-03-08 19:00:00,106.089,106.15,106.063,106.134,106.089,106.091
2018-03-08 20:00:00,106.136,106.201,106.122,106.14,106.136,106.136
2018-03-08 21:00:00,106.141,106.251,106.108,106.234,106.141,106.143
2018-03-08 22:00:00,106.236,106.296,106.128,106.257,106.236,106.237
2018-03-08 23:00:00,106.257,106.315,106.166,106.197,106.257,106.258
2018-03-09 00:00:00,106.196,106.31,106.155,106.288,106.196,106.275
2018-03-09 01:00:00,106.289,106.44,106.261,106.421,106.289,106.296
2018-03-09 02:00:00,106.421,106.707,106.35,106.653,106.421,106.425
2018-03-09 03:00:00,106.653,106.945,106.651,106.868,106.653,106.656
2018-03-09 04:00:00,106.864,106.888,106.642,106.675,106.864,106.865
2018-03-09 05:00:00,106.675,106.737,106.593,106.714,106.675,106.678
2018-03-09 06:00:00,106.715,106.749,106.569,106.63,106.715,106.716
2018-03-09 07:00:00,106.629,106.701,106.607,106.64,106.629,106.633
2018-03-09 08:00:00,106.641,106.755,106.624,106.713,106.641,106.643
2018-03-09 09:00:00,106.714,106.736,106.644,106.683,106.714,106.717
2018-03-09 10:00:00,106.682,106.777,106.675,106.73,106.682,106.685
2018-03-09 11:00:00,106.731,106.787,106.698,106.777,106.731,106.735
2018-03-09 12:00:00,106.778,106.787,106.705,106.756,106.778,106.779
2018-03-09 13:00:00,106.755,106.82,106.74,106.804,106.755,106.755
2018-03-09 14:00:00,106.804,106.854,106.792,106.837,106.804,106.806
2018-03-09 15:00:00,106.838,107.054,106.748,106.87,106.838,106.839
2018-03-09 16:00:00,106.869,106.954,106.831,106.883,106.869,106.871
2018-03-09 17:00:00,106.883,107.038,106.852,106.95,106.883,106.886
2018-03-09 18:00:00,106.952,106.992,106.715,106.747,106.952,106.952
2018-03-09 19:00:00,106.746,106.84,106.746,106.814,106.746,106.749
2018-03-09 20:00:00,106.815,106.87,106.788,106.853,106.815,106.817
2018-03-09 21:00:00,106.854,106.883,106.748,106.767,106.854,106.855
2018-03-09 22:00:00,106.767,106.9,106.677,106.814,106.767,106.769
2018-03-09 23:00:00,106.813,106.825,106.76,106.818,106.813,106.816
2018-03-12 00:00:00,106.65,106.81,106.65,106.788,106.65,106.699
2018-03-12 01:00:00,106.788,106.955,106.73,106.943,106.788,106.796
2018-03-12 02:00:00,106.943,106.973,106.881,106.902,106.943,106.946
2018-03-12 03:00:00,106.902,106.968,106.847,106.924,106.902,106.902
2018-03-12 04:00:00,106.927,106.973,106.559,106.582,106.927,106.928
2018-03-12 05:00:00,106.582,106.637,106.51,106.581,106.582,106.585
2018-03-12 06:00:00,106.582,106.645,106.581,106.624,106.582,106.585
2018-03-12 07:00:00,106.626,106.633,106.354,106.4,106.626,106.628
2018-03-12 08:00:00,106.405,106.673,106.372,106.637,106.405,106.405
2018-03-12 09:00:00,106.636,106.732,106.613,106.638,106.636,106.638
2018-03-12 10:00:00,106.638,106.682,106.523,106.577,106.638,106.639
2018-03-12 11:00:00,106.577,106.598,106.459,106.545,106.577,106.579
2018-03-12 12:00:00,106.546,106.558,106.474,106.543,106.546,106.549
2018-03-12 13:00:00,106.544,106.598,106.532,106.562,106.544,106.547
2018-03-12 14:00:00,106.563,106.625,106.496,106.622,106.563,106.565
2018-03-12 15:00:00,106.621,106.647,106.583,106.601,106.621,106.623
2018-03-12 16:00:00,106.602,106.609,106.493,106.523,106.602,106.602
2018-03-12 17:00:00,106.524,106.582,106.422,106.425,106.524,106.526
2018-03-12 18:00:00,106.424,106.53,106.417,106.518,106.424,106.427
2018-03-12 19:00:00,106.522,106.589,106.502,106.549,106.522,106.522
2018-03-12 20:00:00,106.549,106.569,106.468,106.535,106.549,106.551
2018-03-12 21:00:00,106.534,106.542,106.316,106.361,106.534,106.536
2018-03-12 22:00:00,106.361,106.427,106.315,106.356,106.361,106.362
2018-03-12 23:00:00,106.356,106.421,106.315,106.413,106.356,106.358
2018-03-13 00:00:00,106.409,106.441,106.403,106.438,106.409,106.423
2018-03-13 01:00:00,106.442,106.47,106.393,106.406,106.442,106.445
2018-03-13 02:00:00,106.406,106.408,106.26,106.294,106.406,106.408
2018-03-13 03:00:00,106.293,106.382,106.254,106.318,106.293,106.294
2018-03-13 04:00:00,106.316,106.399,106.312,106.371,106.316,106.318
2018-03-13 05:00:00,106.372,106.435,106.341,106.42,106.372,106.373
2018-03-13 06:00:00,106.421,106.58,106.412,106.552,106.421,106.422
2018-03-13 07:00:00,106.55,106.807,106.55,106.773,106.55,106.552
2018-03-13 08:00:00,106.771,106.846,106.711,106.778,106.771,106.774
2018-03-13 09:00:00,106.779,106.901,106.723,106.872,106.779,106.781
2018-03-13 10:00:00,106.872,106.991,106.83,106.97,106.872,106.874
2018-03-13 11:00:00,106.971,107.032,106.887,106.925,106.971,106.972
2018-03-13 12:00:00,106.925,107.223,106.921,107.147,106.925,106.928
2018-03-13 13:00:00,107.147,107.208,107.142,107.197,107.147,107.149
2018-03-13 14:00:00,107.197,107.279,107.161,107.189,107.197,107.199
2018-03-13 15:00:00,107.188,107.294,106.707,106.956,107.188,107.191
2018-03-13 16:00:00,106.958,106.964,106.817,106.902,106.958,106.96
2018-03-13 17:00:00,106.903,107.121,106.817,106.877,106.903,106.903
2018-03-13 18:00:00,106.877,106.89,106.572,106.63,106.877,106.879
2018-03-13 19:00:00,106.63,106.667,106.482,106.602,106.63,106.631
2018-03-13 20:00:00,106.602,106.72,106.58,106.614,106.602,106.605
2018-03-13 21:00:00,106.613,106.673,106.566,106.611,106.613,106.616
2018-03-13 22:00:00,106.612,106.68,106.46,106.536,106.612,106.614
2018-03-13 23:00:00,106.535,106.601,106.534,106.577,106.535,106.538
2018-03-14 00:00:00,106.57,106.601,106.439,106.459,106.57,106.577
2018-03-14 01:00:00,106.459,106.499,106.395,106.496,106.459,106.461
2018-03-14 02:00:00,106.496,106.536,106.452,106.528,106.496,106.496
2018-03-14 03:00:00,106.53,106.749,106.53,106.679,106.53,106.532
2018-03-14 04:00:00,106.679,106.721,106.495,106.525,106.679,106.682
2018-03-14 05:00:00,106.524,106.549,106.413,106.416,106.524,106.526
2018-03-14 06:00:00,106.417,106.533,106.394,106.456,106.417,106.42
2018-03-14 07:00:00,106.455,106.534,106.41,106.52,106.455,106.459
2018-03-14 08:00:00,106.519,106.545,106.381,106.461,106.519,106.52
2018-03-14 09:00:00,106.462,106.574,106.461,106.502,106.462,106.463
2018-03-14 10:00:00,106.502,106.612,106.473,106.597,106.502,106.506
2018-03-14 11:00:00,106.597,106.717,106.563,106.588,106.597,106.6
2018-03-14 12:00:00,106.588,106.601,106.494,106.569,106.588,106.592
2018-03-14 13:00:00,106.569,106.614,106.48,106.494,106.569,106.571
2018-03-14 14:00:00,106.495,106.542,106.396,106.448,106.495,106.497
2018-03-14 15:00:00,106.447,106.579,106.314,106.561,106.447,106.45
2018-03-14 16:00:00,106.561,106.59,106.442,106.484,106.561,106.562
2018-03-14 17:00:00,106.483,106.549,106.351,106.373,106.483,106.484
2018-03-14 18:00:00,106.374,106.396,106.064,106.166,106.374,106.376
2018-03-14 19:00:00,106.165,106.292,106.065,106.258,106.165,106.166
2018-03-14 20:00:00,106.258,106.371,106.174,106.335,106.258,106.26
2018-03-14 21:00:00,106.336,106.388,106.218,106.259,106.336,106.339
2018-03-14 22:00:00,106.259,106.297,106.169,106.257,106.259,106.26
2018-03-14 23:00:00,106.257,106.329,106.251,106.325,106.257,106.258
2018-03-15 00:00:00,106.318,106.339,106.283,106.314,106.318,106.328
2018-03-15 01:00:00,106.311,106.357,106.297,106.319,106.311,106.32
2018-03-15 02:00:00,106.318,106.318,106.112,106.161,106.318,106.321
2018-03-15 03:00:00,106.161,106.175,105.854,105.866,106.161,106.161
2018-03-15 04:00:00,105.865,105.946,105.825,105.928,105.865,105.867
2018-03-15 05:00:00,105.928,106.08,105.875,106.003,105.928,105.93
2018-03-15 06:00:00,106.002,106.047,105.928,106.026,106.002,106.006
2018-03-15 07:00:00,106.027,106.038,105.951,105.978,106.027,106.029
2018-03-15 08:00:00,105.979,105.982,105.785,105.93,105.979,105.98
2018-03-15 09:00:00,105.93,106.066,105.928,106.049,105.93,105.932
2018-03-15 10:00:00,106.051,106.14,106.039,106.082,106.051,106.053
2018-03-15 11:00:00,106.086,106.178,106.02,106.067,106.086,106.086
2018-03-15 12:00:00,106.068,106.089,105.893,105.946,106.068,106.07
2018-03-15 13:00:00,105.945,105.947,105.841,105.904,105.945,105.948
2018-03-15 14:00:00,105.904,106.016,105.874,105.985,105.904,105.907
2018-03-15 15:00:00,105.985,106.089,105.924,106.0,105.985,105.985
2018-03-15 16:00:00,105.998,106.082,105.909,105.913,105.998,105.998
2018-03-15 17:00:00,105.914,106.012,105.868,106.012,105.914,105.915
2018-03-15 18:00:00,106.014,106.163,106.007,106.066,106.014,106.015
2018-03-15 19:00:00,106.066,106.248,106.031,106.215,106.066,106.068
2018-03-15 20:00:00,106.215,106.299,105.955,105.992,106.215,106.216
2018-03-15 21:00:00,105.993,106.262,105.934,106.24,105.993,105.993
2018-03-15 22:00:00,106.239,106.287,106.176,106.266,106.239,106.241
2018-03-15 23:00:00,106.266,106.414,106.249,106.341,106.266,106.27
2018-03-16 00:00:00,106.339,106.377,106.244,106.339,106.339,106.359
2018-03-16 01:00:00,106.339,106.353,106.284,106.287,106.339,106.348
2018-03-16 02:00:00,106.287,106.367,106.277,106.31,106.287,106.291
2018-03-16 03:00:00,106.31,106.333,106.181,106.2,106.31,106.31
2018-03-16 04:00:00,106.2,106.205,105.935,105.997,106.2,106.202
2018-03-16 05:00:00,105.997,106.042,105.884,105.931,105.997,106.0
2018-03-16 06:00:00,105.931,106.005,105.851,105.896,105.931,105.933
2018-03-16 07:00:00,105.895,105.922,105.846,105.886,105.895,105.898
2018-03-16 08:00:00,105.888,105.967,105.873,105.881,105.888,105.889
2018-03-16 09:00:00,105.885,106.006,105.866,105.951,105.885,105.887
2018-03-16 10:00:00,105.951,105.977,105.643,105.656,105.951,105.953
2018-03-16 11:00:00,105.654,105.812,105.654,105.799,105.654,105.657
2018-03-16 12:00:00,105.797,105.812,105.658,105.713,105.797,105.799
2018-03-16 13:00:00,105.712,105.741,105.665,105.669,105.712,105.715
2018-03-16 14:00:00,105.67,105.678,105.603,105.624,105.67,105.673
2018-03-16 15:00:00,105.624,105.804,105.613,105.797,105.624,105.625
2018-03-16 16:00:00,105.8,106.078,105.748,106.052,105.8,105.8
2018-03-16 17:00:00,106.052,106.157,106.028,106.156,106.052,106.057
2018-03-16 18:00:00,106.155,106.236,106.057,106.085,106.155,106.157
2018-03-16 19:00:00,106.085,106.143,106.063,106.112,106.085,106.087
2018-03-16 20:00:00,106.111,106.177,106.071,106.088,106.111,106.113
2018-03-16 21:00:00,106.09,106.128,106.048,106.085,106.09,106.091
2018-03-16 22:00:00,106.084,106.106,106.029,106.042,106.084,106.086
2018-03-16 23:00:00,106.042,106.086,105.982,105.99,106.042,106.043
2018-03-19 00:00:00,105.912,106.068,105.903,106.045,105.912,105.942
2018-03-19 01:00:00,106.046,106.046,105.928,105.976,106.046,106.052
2018-03-19 02:00:00,105.976,106.01,105.908,105.958,105.976,105.978
2018-03-19 03:00:00,105.958,106.15,105.875,105.911,105.958,105.959
2018-03-19 04:00:00,105.911,105.937,105.745,105.813,105.911,105.912
2018-03-19 05:00:00,105.812,105.895,105.792,105.816,105.812,105.814
2018-03-19 06:00:00,105.815,105.86,105.801,105.815,105.815,105.818
2018-03-19 07:00:00,105.814,105.828,105.69,105.71,105.814,105.816
2018-03-19 08:00:00,105.711,105.786,105.678,105.744,105.711,105.713
2018-03-19 09:00:00,105.743,105.793,105.681,105.743,105.743,105.744
2018-03-19 10:00:00,105.743,105.915,105.695,105.902,105.743,105.746
2018-03-19 11:00:00,105.902,105.937,105.816,105.908,105.902,105.904
2018-03-19 12:00:00,105.908,106.015,105.891,105.997,105.908,105.911
2018-03-19 13:00:00,105.997,106.171,105.99,106.151,105.997,106.0
2018-03-19 14:00:00,106.152,106.212,106.086,106.193,106.152,106.154
2018-03-19 15:00:00,106.193,106.307,106.183,106.197,106.193,106.194
2018-03-19 16:00:00,106.198,106.221,106.055,106.098,106.198,106.2
2018-03-19 17:00:00,106.098,106.216,106.02,106.043,106.098,106.098
2018-03-19 18:00:00,106.043,106.131,105.818,105.834,106.043,106.044
2018-03-19 19:00:00,105.836,105.939,105.783,105.898,105.836,105.837
2018-03-19 20:00:00,105.898,105.898,105.79,105.886,105.898,105.899
2018-03-19 21:00:00,105.886,106.043,105.833,105.952,105.886,105.886
2018-03-19 22:00:00,105.951,106.146,105.921,106.117,105.951,105.954
2018-03-19 23:00:00,106.117,106.16,106.066,106.096,106.117,106.119
2018-03-20 00:00:00,106.088,106.093,105.985,106.03,106.088,106.102
2018-03-20 01:00:00,106.031,106.08,106.02,106.043,106.031,106.038
2018-03-20 02:00:00,106.041,106.055,105.929,106.016,106.041,106.046
2018-03-20 03:00:00,106.016,106.14,105.987,106.043,106.016,106.017
2018-03-20 04:00:00,106.043,106.306,105.985,106.244,106.043,106.045
2018-03-20 05:00:00,106.244,106.264,106.155,106.207,106.244,106.246
2018-03-20 06:00:00,106.208,106.314,106.199,106.258,106.208,106.21
2018-03-20 07:00:00,106.259,106.351,106.195,106.316,106.259,106.261
2018-03-20 08:00:00,106.315,106.334,106.251,106.294,106.315,106.318
2018-03-20 09:00:00,106.295,106.318,106.249,106.25,106.295,106.296
2018-03-20 10:00:00,106.249,106.608,106.211,106.446,106.249,106.251
2018-03-20 11:00:00,106.446,106.504,106.333,106.399,106.446,106.446
2018-03-20 12:00:00,106.399,106.432,106.083,106.334,106.399,106.402
2018-03-20 13:00:00,106.334,106.442,106.294,106.401,106.334,106.337
2018-03-20 14:00:00,106.401,106.538,106.381,106.513,106.401,106.402
2018-03-20 15:00:00,106.513,106.604,106.456,106.456,106.513,106.514
2018-03-20 16:00:00,106.456,106.502,106.351,106.413,106.456,106.458
2018-03-20 17:00:00,106.412,106.476,106.336,106.458,106.412,106.412
2018-03-20 18:00:00,106.457,106.496,106.352,106.42,106.457,106.458
2018-03-20 19:00:00,106.419,106.466,106.339,106.413,106.419,106.42
2018-03-20 20:00:00,106.414,106.444,106.36,106.389,106.414,106.416
2018-03-20 21:00:00,106.389,106.466,106.372,106.449,106.389,106.39
2018-03-20 22:00:00,106.451,106.523,106.438,106.516,106.451,106.451
2018-03-20 23:00:00,106.515,106.546,106.498,106.536,106.515,106.517
2018-03-21 00:00:00,106.535,106.548,106.505,106.527,106.535,106.538
2018-03-21 01:00:00,106.527,106.548,106.512,106.539,106.527,106.535
2018-03-21 02:00:00,106.538,106.543,106.471,106.48,106.538,106.54
2018-03-21 03:00:00,106.478,106.528,106.44,106.46,106.478,106.48
2018-03-21 04:00:00,106.46,106.522,106.451,106.462,106.46,106.463
2018-03-21 05:00:00,106.465,106.512,106.444,106.483,106.465,106.465
2018-03-21 06:00:00,106.484,106.503,106.447,106.477,106.484,106.486
2018-03-21 07:00:00,106.478,106.483,106.456,106.471,106.478,106.479
2018-03-21 08:00:00,106.471,106.483,106.412,106.416,106.471,106.473
2018-03-21 09:00:00,106.416,106.452,106.385,106.421,106.416,106.418
2018-03-21 10:00:00,106.421,106.431,106.31,106.321,106.421,106.424
2018-03-21 11:00:00,106.321,106.355,106.253,106.319,106.321,106.324
2018-03-21 12:00:00,106.318,106.338,106.243,106.307,106.318,106.318
2018-03-21 13:00:00,106.307,106.358,106.281,106.329,106.307,106.309
2018-03-21 14:00:00,106.328,106.379,106.081,106.26,106.328,106.331
2018-03-21 15:00:00,106.26,106.353,106.208,106.209,106.26,106.261
2018-03-21 16:00:00,106.209,106.271,106.138,106.243,106.209,106.209
2018-03-21 17:00:00,106.242,106.314,106.201,106.257,106.242,106.244
2018-03-21 18:00:00,106.258,106.337,106.204,106.298,106.258,106.26
2018-03-21 19:00:00,106.297,106.419,106.295,106.308,106.297,106.297
2018-03-21 20:00:00,106.307,106.333,106.126,106.17,106.307,106.307
2018-03-21 21:00:00,106.166,106.64,106.019,106.112,106.166,106.232
2018-03-21 22:00:00,106.111,106.197,105.88,105.914,106.111,106.112
2018-03-21 23:00:00,105.914,106.052,105.885,106.045,105.914,105.914
2018-03-22 00:00:00,106.047,106.085,106.029,106.066,106.047,106.053
2018-03-22 01:00:00,106.066,106.073,105.961,105.963,106.066,106.074
2018-03-22 02:00:00,105.964,105.985,105.887,105.94,105.964,105.966
2018-03-22 03:00:00,105.94,105.97,105.578,105.607,105.94,105.941
2018-03-22 04:00:00,105.608,105.75,105.607,105.681,105.608,105.61
2018-03-22 05:00:00,105.682,105.714,105.625,105.706,105.682,105.685
2018-03-22 06:00:00,105.705,105.74,105.672,105.677,105.705,105.707
2018-03-22 07:00:00,105.678,105.776,105.674,105.772,105.678,105.68
2018-03-22 08:00:00,105.772,105.963,105.753,105.9,105.772,105.773
2018-03-22 09:00:00,105.901,105.927,105.84,105.849,105.901,105.901
2018-03-22 10:00:00,105.848,105.859,105.665,105.695,105.848,105.851
2018-03-22 11:00:00,105.694,105.797,105.631,105.762,105.694,105.694
2018-03-22 12:00:00,105.764,105.766,105.536,105.624,105.764,105.764
2018-03-22 13:00:00,105.624,105.7,105.573,105.614,105.624,105.627
2018-03-22 14:00:00,105.615,105.701,105.564,105.637,105.615,105.618
2018-03-22 15:00:00,105.632,105.665,105.261,105.41,105.632,105.632
2018-03-22 16:00:00,105.409,105.561,105.288,105.441,105.409,105.411
2018-03-22 17:00:00,105.442,105.653,105.376,105.424,105.442,105.442
2018-03-22 18:00:00,105.423,105.524,105.324,105.334,105.423,105.425
2018-03-22 19:00:00,105.334,105.777,105.304,105.622,105.334,105.337
2018-03-22 20:00:00,105.622,105.8,105.545,105.763,105.622,105.625
2018-03-22 21:00:00,105.762,105.816,105.6,105.6,105.762,105.763
2018-03-22 22:00:00,105.599,105.661,105.348,105.385,105.599,105.6
2018-03-22 23:00:00,105.384,105.42,105.271,105.28,105.384,105.388
2018-03-23 00:00:00,105.273,105.402,105.264,105.316,105.273,105.287
2018-03-23 01:00:00,105.313,105.329,104.634,104.848,105.313,105.319
2018-03-23 02:00:00,104.85,104.99,104.647,104.96,104.85,104.851
2018-03-23 03:00:00,104.959,105.093,104.809,104.845,104.959,104.96
2018-03-23 04:00:00,104.844,104.962,104.811,104.925,104.844,104.846
2018-03-23 05:00:00,104.926,104.968,104.732,104.887,104.926,104.928
2018-03-23 06:00:00,104.886,104.897,104.76,104.766,104.886,104.889
2018-03-23 07:00:00,104.766,104.868,104.738,104.815,104.766,104.767
2018-03-23 08:00:00,104.816,104.866,104.745,104.796,104.816,104.817
2018-03-23 09:00:00,104.797,104.858,104.66,104.836,104.797,104.799
2018-03-23 10:00:00,104.835,105.041,104.803,105.029,104.835,104.837
2018-03-23 11:00:00,105.03,105.119,104.863,104.895,105.03,105.033
2018-03-23 12:00:00,104.894,104.957,104.824,104.877,104.894,104.897
2018-03-23 13:00:00,104.876,104.993,104.838,104.983,104.876,104.879
2018-03-23 14:00:00,104.984,105.092,104.933,105.06,104.984,104.985
2018-03-23 15:00:00,105.058,105.223,105.046,105.084,105.058,105.058
2018-03-23 16:00:00,105.084,105.286,105.052,105.145,105.084,105.086
2018-03-23 17:00:00,105.145,105.222,105.067,105.136,105.145,105.151
2018-03-23 18:00:00,105.135,105.169,104.829,104.838,105.135,105.135
2018-03-23 19:00:00,104.838,104.959,104.796,104.908,104.838,104.838
2018-03-23 20:00:00,104.908,105.062,104.885,105.033,104.908,104.911
2018-03-23 21:00:00,105.033,105.055,104.801,104.803,105.033,105.034
2018-03-23 22:00:00,104.804,104.861,104.658,104.809,104.804,104.804
2018-03-23 23:00:00,104.807,104.879,104.709,104.735,104.807,104.809
2018-03-26 00:00:00,104.657,104.762,104.631,104.662,104.657,104.695
2018-03-26 01:00:00,104.663,104.822,104.658,104.727,104.663,104.672
2018-03-26 02:00:00,104.728,104.87,104.727,104.836,104.728,104.731
2018-03-26 03:00:00,104.834,105.004,104.727,104.981,104.834,104.834
2018-03-26 04:00:00,104.982,105.057,104.87,104.982,104.982,104.982
2018-03-26 05:00:00,104.982,104.995,104.905,104.923,104.982,104.984
2018-03-26 06:00:00,104.922,104.961,104.878,104.952,104.922,104.924
2018-03-26 07:00:00,104.951,104.96,104.866,104.874,104.951,104.954
2018-03-26 08:00:00,104.875,105.015,104.853,104.97,104.875,104.875
2018-03-26 09:00:00,104.968,105.091,104.967,105.079,104.968,104.97
2018-03-26 10:00:00,105.08,105.159,105.02,105.069,105.08,105.081
2018-03-26 11:00:00,105.068,105.147,104.929,104.957,105.068,105.07
2018-03-26 12:00:00,104.959,105.135,104.933,105.083,104.959,104.96
2018-03-26 13:00:00,105.083,105.145,105.048,105.135,105.083,105.085
2018-03-26 14:00:00,105.134,105.148,105.073,105.13,105.134,105.134
2018-03-26 15:00:00,105.129,105.207,105.101,105.186,105.129,105.132
2018-03-26 16:00:00,105.185,105.257,105.106,105.178,105.185,105.187
2018-03-26 17:00:00,105.177,105.226,105.031,105.053,105.177,105.179
2018-03-26 18:00:00,105.053,105.075,104.914,105.001,105.053,105.053
2018-03-26 19:00:00,105.001,105.148,104.968,105.131,105.001,105.002
2018-03-26 20:00:00,105.13,105.178,105.099,105.122,105.13,105.134
2018-03-26 21:00:00,105.122,105.245,105.098,105.223,105.122,105.124
2018-03-26 22:00:00,105.223,105.481,105.218,105.426,105.223,105.225
2018-03-26 23:00:00,105.425,105.45,105.373,105.4,105.425,105.427
2018-03-27 00:00:00,105.402,105.47,105.388,105.463,105.402,105.417
2018-03-27 01:00:00,105.464,105.549,105.449,105.455,105.464,105.471
2018-03-27 02:00:00,105.454,105.548,105.419,105.547,105.454,105.457
2018-03-27 03:00:00,105.546,105.68,105.457,105.594,105.546,105.548
2018-03-27 04:00:00,105.593,105.752,105.543,105.707,105.593,105.594
2018-03-27 05:00:00,105.709,105.744,105.614,105.643,105.709,105.711
2018-03-27 06:00:00,105.643,105.676,105.556,105.631,105.643,105.643
2018-03-27 07:00:00,105.631,105.64,105.543,105.628,105.631,105.633
2018-03-27 08:00:00,105.627,105.687,105.598,105.62,105.627,105.629
2018-03-27 09:00:00,105.62,105.672,105.56,105.671,105.62,105.622
2018-03-27 10:00:00,105.672,105.684,105.463,105.492,105.672,105.674
2018-03-27 11:00:00,105.492,105.584,105.451,105.564,105.492,105.495
2018-03-27 12:00:00,105.564,105.707,105.561,105.699,105.564,105.567
2018-03-27 13:00:00,105.699,105.711,105.614,105.659,105.699,105.701
2018-03-27 14:00:00,105.66,105.791,105.655,105.768,105.66,105.661
2018-03-27 15:00:00,105.77,105.904,105.717,105.738,105.77,105.77
2018-03-27 16:00:00,105.738,105.782,105.635,105.745,105.738,105.742
2018-03-27 17:00:00,105.741,105.804,105.569,105.787,105.741,105.747
2018-03-27 18:00:00,105.786,105.786,105.688,105.735,105.786,105.787
2018-03-27 19:00:00,105.735,105.747,105.616,105.739,105.735,105.737
2018-03-27 20:00:00,105.742,105.786,105.609,105.663,105.742,105.744
2018-03-27 21:00:00,105.663,105.677,105.513,105.536,105.663,105.663
2018-03-27 22:00:00,105.537,105.552,105.341,105.424,105.537,105.538
2018-03-27 23:00:00,105.424,105.456,105.324,105.33,105.424,105.427
2018-03-28 00:00:00,105.327,105.397,105.325,105.386,105.327,105.343
2018-03-28 01:00:00,105.384,105.404,105.358,105.399,105.384,105.391
2018-03-28 02:00:00,105.4,105.515,105.369,105.48,105.4,105.402
2018-03-28 03:00:00,105.478,105.619,105.424,105.512,105.478,105.48
2018-03-28 04:00:00,105.511,105.669,105.474,105.618,105.511,105.515
2018-03-28 05:00:00,105.618,105.625,105.523,105.529,105.618,105.621
2018-03-28 06:00:00,105.529,105.556,105.456,105.528,105.529,105.53
2018-03-28 07:00:00,105.529,105.629,105.529,105.568,105.529,105.53
2018-03-28 08:00:00,105.569,105.64,105.475,105.625,105.569,105.571
2018-03-28 09:00:00,105.624,105.731,105.605,105.651,105.624,105.627
2018-03-28 10:00:00,105.651,105.68,105.429,105.465,105.651,105.652
2018-03-28 11:00:00,105.463,105.633,105.459,105.57,105.463,105.466
2018-03-28 12:00:00,105.57,105.687,105.557,105.669,105.57,105.572
2018-03-28 13:00:00,105.668,105.94,105.653,105.903,105.668,105.67
2018-03-28 14:00:00,105.904,106.036,105.873,106.013,105.904,105.906
2018-03-28 15:00:00,106.015,106.345,106.003,106.108,106.015,106.016
2018-03-28 16:00:00,106.108,106.238,106.034,106.228,106.108,106.111
2018-03-28 17:00:00,106.229,106.272,106.123,106.197,106.229,106.232
2018-03-28 18:00:00,106.198,106.306,106.165,106.297,106.198,106.199
2018-03-28 19:00:00,106.296,106.477,106.296,106.432,106.296,106.299
2018-03-28 20:00:00,106.432,106.882,106.41,106.834,106.432,106.434
2018-03-28 21:00:00,106.833,106.966,106.782,106.877,106.833,106.836
2018-03-28 22:00:00,106.877,107.012,106.71,106.97,106.877,106.879
2018-03-28 23:00:00,106.972,106.981,106.798,106.852,106.972,106.972
2018-03-29 00:00:00,106.833,106.853,106.761,106.792,106.833,106.856
2018-03-29 01:00:00,106.789,106.868,106.772,106.822,106.789,106.796
2018-03-29 02:00:00,106.823,106.904,106.786,106.805,106.823,106.826
2018-03-29 03:00:00,106.805,106.934,106.767,106.862,106.805,106.805
2018-03-29 04:00:00,106.86,106.865,106.612,106.676,106.86,106.86
2018-03-29 05:00:00,106.677,106.693,106.532,106.642,106.677,106.68
2018-03-29 06:00:00,106.642,106.661,106.559,106.579,106.642,106.644
2018-03-29 07:00:00,106.58,106.59,106.449,106.469,106.58,106.581
2018-03-29 08:00:00,106.468,106.514,106.395,106.487,106.468,106.471
2018-03-29 09:00:00,106.487,106.692,106.475,106.675,106.487,106.491
2018-03-29 10:00:00,106.677,106.688,106.497,106.57,106.677,106.677
2018-03-29 11:00:00,106.569,106.659,106.536,106.654,106.569,106.571
2018-03-29 12:00:00,106.654,106.679,106.597,106.636,106.654,106.657
2018-03-29 13:00:00,106.636,106.652,106.556,106.563,106.636,106.638
2018-03-29 14:00:00,106.564,106.576,106.456,106.515,106.564,106.565
2018-03-29 15:00:00,106.516,106.568,106.415,106.538,106.516,106.516
2018-03-29 16:00:00,106.536,106.545,106.314,106.361,106.536,106.537
2018-03-29 17:00:00,106.361,106.442,106.306,106.351,106.361,106.364
2018-03-29 18:00:00,106.35,106.41,106.267,106.345,106.35,106.352
2018-03-29 19:00:00,106.344,106.44,106.268,106.423,106.344,106.346
2018-03-29 20:00:00,106.424,106.48,106.394,106.456,106.424,106.425
2018-03-29 21:00:00,106.457,106.564,106.398,106.502,106.457,106.459
2018-03-29 22:00:00,106.501,106.574,106.392,106.406,106.501,106.503
2018-03-29 23:00:00,106.409,106.457,106.393,106.428,106.409,106.41
2018-03-30 00:00:00,106.422,106.5,106.415,106.486,106.422,106.444
2018-03-30 01:00:00,106.487,106.538,106.462,106.484,106.487,106.493
2018-03-30 02:00:00,106.49,106.511,106.405,106.488,106.49,106.493
2018-03-30 03:00:00,106.488,106.513,106.228,106.285,106.488,106.497
2018-03-30 04:00:00,106.285,106.335,106.142,106.171,106.285,106.287
2018-03-30 05:00:00,106.171,106.24,106.142,106.211,106.171,106.176
2018-03-30 06:00:00,106.212,106.453,106.202,106.328,106.212,106.217
2018-03-30 07:00:00,106.327,106.369,106.265,106.271,106.327,106.336
2018-03-30 08:00:00,106.273,106.276,106.132,106.164,106.273,106.282
2018-03-30 09:00:00,106.164,106.349,106.137,106.188,106.164,106.172
2018-03-30 10:00:00,106.188,106.19,106.138,106.186,106.188,106.188
2018-03-30 11:00:00,106.186,106.24,106.166,106.176,106.186,106.189
2018-03-30 12:00:00,106.174,106.178,106.123,106.173,106.174,106.181
2018-03-30 13:00:00,106.174,106.202,106.17,106.2,106.174,106.179
2018-03-30 14:00:00,106.199,106.22,106.168,106.196,106.199,106.205
2018-03-30 15:00:00,106.196,106.212,106.17,106.171,106.196,106.2
2018-03-30 16:00:00,106.17,106.24,106.169,106.215,106.17,106.176
2018-03-30 17:00:00,106.216,106.235,106.201,106.205,106.216,106.221
2018-03-30 18:00:00,106.205,106.219,106.165,106.216,106.205,106.207
2018-03-30 19:00:00,106.217,106.223,106.192,106.213,106.217,106.223
2018-03-30 20:00:00,106.213,106.227,106.197,106.225,106.213,106.217
2018-03-30 21:00:00,106.225,106.242,106.214,106.228,106.225,106.231
2018-03-30 22:00:00,106.224,106.263,106.217,106.263,106.224,106.234
2018-03-30 23:00:00,106.263,106.293,106.243,106.291,106.263,106.272
2018-04-02 00:00:00,106.171,106.267,106.168,106.258,106.171,106.273
2018-04-02 01:00:00,106.267,106.405,106.267,106.302,106.267,106.278
2018-04-02 02:00:00,106.302,106.352,106.25,106.32,106.302,106.307
2018-04-02 03:00:00,106.32,106.369,106.186,106.283,106.32,106.32
2018-04-02 04:00:00,106.283,106.382,106.231,106.338,106.283,106.285
2018-04-02 05:00:00,106.338,106.352,106.281,106.327,106.338,106.342
2018-04-02 06:00:00,106.327,106.391,106.304,106.358,106.327,106.328
2018-04-02 07:00:00,106.359,106.37,106.305,106.331,106.359,106.362
2018-04-02 08:00:00,106.331,106.38,106.301,106.315,106.331,106.335
2018-04-02 09:00:00,106.314,106.364,106.285,106.331,106.314,106.315
2018-04-02 10:00:00,106.331,106.332,106.278,106.29,106.331,106.333
2018-04-02 11:00:00,106.29,106.32,106.268,106.284,106.29,106.29
2018-04-02 12:00:00,106.284,106.294,106.263,106.292,106.284,106.287
2018-04-02 13:00:00,106.292,106.319,106.286,106.287,106.292,106.294
2018-04-02 14:00:00,106.288,106.309,106.264,106.279,106.288,106.29
2018-04-02 15:00:00,106.28,106.43,106.268,106.428,106.28,106.282
2018-04-02 16:00:00,106.428,106.45,106.341,106.354,106.428,106.429
2018-04-02 17:00:00,106.352,106.439,106.208,106.22,106.352,106.352
2018-04-02 18:00:00,106.219,106.23,105.943,105.996,106.219,106.221
2018-04-02 19:00:00,105.996,106.121,105.988,106.014,105.996,105.997
2018-04-02 20:00:00,106.014,106.036,105.667,105.667,106.014,106.016
2018-04-02 21:00:00,105.666,105.872,105.658,105.848,105.666,105.666
2018-04-02 22:00:00,105.847,105.948,105.821,105.897,105.847,105.85
2018-04-02 23:00:00,105.897,105.948,105.896,105.903,105.897,105.899
2018-04-03 00:00:00,105.876,105.911,105.812,105.848,105.876,105.901
2018-04-03 01:00:00,105.847,105.888,105.833,105.836,105.847,105.855
2018-04-03 02:00:00,105.835,105.851,105.739,105.798,105.835,105.838
2018-04-03 03:00:00,105.796,105.853,105.692,105.81,105.796,105.799
2018-04-03 04:00:00,105.811,105.938,105.8,105.862,105.811,105.813
2018-04-03 05:00:00,105.863,105.952,105.82,105.905,105.863,105.865
2018-04-03 06:00:00,105.904,105.976,105.868,105.947,105.904,105.907
2018-04-03 07:00:00,105.947,105.977,105.922,105.936,105.947,105.948
2018-04-03 08:00:00,105.937,106.038,105.874,105.988,105.937,105.938
2018-04-03 09:00:00,105.988,106.07,105.759,105.898,105.988,105.991
2018-04-03 10:00:00,105.897,106.095,105.892,106.044,105.897,105.897
2018-04-03 11:00:00,106.043,106.194,106.039,106.099,106.043,106.046
2018-04-03 12:00:00,106.098,106.207,106.057,106.204,106.098,106.101
2018-04-03 13:00:00,106.204,106.269,106.128,106.198,106.204,106.206
2018-04-03 14:00:00,106.198,106.273,106.16,106.249,106.198,106.201
2018-04-03 15:00:00,106.25,106.304,106.203,106.296,106.25,106.251
2018-04-03 16:00:00,106.298,106.576,106.269,106.466,106.298,106.298
2018-04-03 17:00:00,106.465,106.594,106.381,106.557,106.465,106.468
2018-04-03 18:00:00,106.558,106.578,106.438,106.44,106.558,106.559
2018-04-03 19:00:00,106.44,106.499,106.392,106.442,106.44,106.441
2018-04-03 20:00:00,106.443,106.58,106.407,106.563,106.443,106.444
2018-04-03 21:00:00,106.562,106.58,106.421,106.574,106.562,106.563
2018-04-03 22:00:00,106.573,106.657,106.537,106.648,106.573,106.573
2018-04-03 23:00:00,106.649,106.654,106.593,106.604,106.649,106.651
2018-04-04 00:00:00,106.607,106.658,106.594,106.594,106.607,106.627
2018-04-04 01:00:00,106.596,106.62,106.494,106.506,106.596,106.602
2018-04-04 02:00:00,106.507,106.545,106.425,106.442,106.507,106.508
2018-04-04 03:00:00,106.445,106.591,106.409,106.523,106.445,106.447
2018-04-04 04:00:00,106.524,106.587,106.432,106.514,106.524,106.525
2018-04-04 05:00:00,106.514,106.547,106.46,106.479,106.514,106.516
2018-04-04 06:00:00,106.479,106.561,106.466,106.508,106.479,106.481
2018-04-04 07:00:00,106.509,106.558,106.486,106.556,106.509,106.511
2018-04-04 08:00:00,106.556,106.593,106.497,106.541,106.556,106.559
2018-04-04 09:00:00,106.542,106.687,106.529,106.651,106.542,106.545
2018-04-04 10:00:00,106.652,106.652,106.192,106.205,106.652,106.653
2018-04-04 11:00:00,106.207,106.222,105.99,106.198,106.207,106.208
2018-04-04 12:00:00,106.199,106.212,106.108,106.17,106.199,106.201
2018-04-04 13:00:00,106.17,106.176,105.992,106.137,106.17,106.173
2018-04-04 14:00:00,106.136,106.249,106.126,106.176,106.136,106.139
2018-04-04 15:00:00,106.176,106.279,106.122,106.248,106.176,106.178
2018-04-04 16:00:00,106.248,106.358,106.189,106.323,106.248,106.25
2018-04-04 17:00:00,106.326,106.567,106.238,106.553,106.326,106.336
2018-04-04 18:00:00,106.552,106.629,106.473,106.56,106.552,106.554
2018-04-04 19:00:00,106.559,106.651,106.535,106.613,106.559,106.561
2018-04-04 20:00:00,106.615,106.622,106.509,106.573,106.615,106.616
2018-04-04 21:00:00,106.576,106.802,106.576,106.738,106.576,106.576
2018-04-04 22:00:00,106.736,106.824,106.68,106.797,106.736,106.738
2018-04-04 23:00:00,106.797,106.847,106.759,106.773,106.797,106.798
2018-04-05 00:00:00,106.776,106.776,106.722,106.76,106.776,106.784
2018-04-05 01:00:00,106.76,106.812,106.729,106.78,106.76,106.766
2018-04-05 02:00:00,106.781,106.805,106.744,106.786,106.781,106.784
2018-04-05 03:00:00,106.785,106.876,106.711,106.868,106.785,106.788
2018-04-05 04:00:00,106.866,106.974,106.777,106.96,106.866,106.868
2018-04-05 05:00:00,106.959,106.989,106.898,106.976,106.959,106.961
2018-04-05 06:00:00,106.976,106.995,106.898,106.921,106.976,106.979
2018-04-05 07:00:00,106.92,107.024,106.903,106.936,106.92,106.922
2018-04-05 08:00:00,106.937,106.946,106.833,106.9,106.937,106.939
2018-04-05 09:00:00,106.898,107.089,106.867,107.058,106.898,106.902
2018-04-05 10:00:00,107.056,107.152,107.053,107.058,107.056,107.057
2018-04-05 11:00:00,107.057,107.145,107.029,107.115,107.057,107.059
2018-04-05 12:00:00,107.116,107.128,106.952,107.051,107.116,107.119
2018-04-05 13:00:00,107.051,107.062,106.965,106.997,107.051,107.054
2018-04-05 14:00:00,107.0,107.094,106.973,107.041,107.0,107.0
2018-04-05 15:00:00,107.041,107.146,107.006,107.081,107.041,107.043
2018-04-05 16:00:00,107.082,107.133,107.0,107.131,107.082,107.083
2018-04-05 17:00:00,107.132,107.493,107.111,107.455,107.132,107.132
2018-04-05 18:00:00,107.456,107.485,107.393,107.48,107.456,107.456
2018-04-05 19:00:00,107.481,107.483,107.341,107.427,107.481,107.482
2018-04-05 20:00:00,107.429,107.453,107.321,107.374,107.429,107.43
2018-04-05 21:00:00,107.374,107.45,107.366,107.441,107.374,107.376
2018-04-05 22:00:00,107.44,107.488,107.378,107.466,107.44,107.442
2018-04-05 23:00:00,107.467,107.478,107.369,107.385,107.467,107.469
2018-04-06 00:00:00,107.37,107.433,107.362,107.413,107.37,107.402
2018-04-06 01:00:00,107.414,107.436,107.156,107.157,107.414,107.422
2018-04-06 02:00:00,107.158,107.2,107.0,107.107,107.158,107.16
2018-04-06 03:00:00,107.105,107.189,107.065,107.153,107.105,107.107
2018-04-06 04:00:00,107.152,107.182,106.992,107.144,107.152,107.155
2018-04-06 05:00:00,107.146,107.264,107.13,107.218,107.146,107.148
2018-04-06 06:00:00,107.219,107.285,107.175,107.232,107.219,107.221
2018-04-06 07:00:00,107.234,107.44,107.225,107.35,107.234,107.234
2018-04-06 08:00:00,107.35,107.383,107.269,107.287,107.35,107.353
2018-04-06 09:00:00,107.288,107.429,107.276,107.419,107.288,107.291
2018-04-06 10:00:00,107.42,107.461,107.349,107.401,107.42,107.423
2018-04-06 11:00:00,107.402,107.445,107.353,107.414,107.402,107.403
2018-04-06 12:00:00,107.415,107.422,107.323,107.33,107.415,107.416
2018-04-06 13:00:00,107.326,107.402,107.324,107.387,107.326,107.326
2018-04-06 14:00:00,107.388,107.392,107.308,107.308,107.388,107.389
2018-04-06 15:00:00,107.309,107.409,107.127,107.225,107.309,107.311
2018-04-06 16:00:00,107.225,107.286,106.986,107.217,107.225,107.226
2018-04-06 17:00:00,107.216,107.257,107.071,107.117,107.216,107.218
2018-04-06 18:00:00,107.118,107.119,106.947,107.045,107.118,107.118
2018-04-06 19:00:00,107.044,107.155,106.995,107.11,107.044,107.045
2018-04-06 20:00:00,107.108,107.111,106.83,106.851,107.108,107.108
2018-04-06 21:00:00,106.854,106.931,106.825,106.842,106.854,106.855
2018-04-06 22:00:00,106.841,106.923,106.776,106.87,106.841,106.843
2018-04-06 23:00:00,106.871,106.979,106.846,106.946,106.871,106.874
2018-04-09 00:00:00,106.945,106.956,106.89,106.914,106.945,106.989
2018-04-09 01:00:00,106.913,107.04,106.893,106.897,106.913,106.922
2018-04-09 02:00:00,106.898,107.0,106.803,106.958,106.898,106.899
2018-04-09 03:00:00,106.958,107.017,106.856,106.89,106.958,106.958
2018-04-09 04:00:00,106.888,106.968,106.839,106.918,106.888,106.888
2018-04-09 05:00:00,106.918,106.967,106.894,106.959,106.918,106.92
2018-04-09 06:00:00,106.958,107.068,106.937,107.036,106.958,106.96
2018-04-09 07:00:00,107.035,107.049,106.999,107.018,107.035,107.038
2018-04-09 08:00:00,107.018,107.045,106.954,106.982,107.018,107.021
2018-04-09 09:00:00,106.982,107.13,106.964,107.097,106.982,106.985
2018-04-09 10:00:00,107.098,107.148,106.957,107.088,107.098,107.1
2018-04-09 11:00:00,107.089,107.156,107.066,107.088,107.089,107.09
2018-04-09 12:00:00,107.088,107.157,107.074,107.143,107.088,107.091
2018-04-09 13:00:00,107.143,107.203,107.094,107.1,107.143,107.144
2018-04-09 14:00:00,107.1,107.14,107.039,107.071,107.1,107.1
2018-04-09 15:00:00,107.071,107.107,106.965,106.966,107.071,107.072
2018-04-09 16:00:00,106.967,107.037,106.902,107.004,106.967,106.968
2018-04-09 17:00:00,107.003,107.107,106.974,107.038,107.003,107.006
2018-04-09 18:00:00,107.036,107.11,107.009,107.069,107.036,107.036
2018-04-09 19:00:00,107.068,107.121,106.907,106.939,107.068,107.068
2018-04-09 20:00:00,106.938,106.96,106.912,106.917,106.938,106.939
2018-04-09 21:00:00,106.915,106.92,106.751,106.776,106.915,106.916
2018-04-09 22:00:00,106.775,106.78,106.616,106.674,106.775,106.778
2018-04-09 23:00:00,106.673,106.772,106.646,106.747,106.673,106.674
2018-04-10 00:00:00,106.749,106.801,106.68,106.787,106.749,106.803
2018-04-10 01:00:00,106.786,106.788,106.709,106.733,106.786,106.793
2018-04-10 02:00:00,106.732,106.76,106.704,106.754,106.732,106.736
2018-04-10 03:00:00,106.754,106.754,106.618,106.685,106.754,106.755
2018-04-10 04:00:00,106.686,106.95,106.679,106.93,106.686,106.686
2018-04-10 05:00:00,106.931,107.245,106.88,107.176,106.931,106.933
2018-04-10 06:00:00,107.176,107.19,107.053,107.088,107.176,107.176
2018-04-10 07:00:00,107.087,107.137,107.079,107.118,107.087,107.089
2018-04-10 08:00:00,107.118,107.187,107.095,107.142,107.118,107.119
2018-04-10 09:00:00,107.142,107.231,107.125,107.174,107.142,107.145
2018-04-10 10:00:00,107.174,107.175,106.807,106.902,107.174,107.175
2018-04-10 11:00:00,106.902,107.067,106.844,106.984,106.902,106.905
2018-04-10 12:00:00,106.985,107.037,106.973,107.014,106.985,106.986
2018-04-10 13:00:00,107.013,107.092,106.977,107.048,107.013,107.016
2018-04-10 14:00:00,107.048,107.07,106.932,107.057,107.048,107.05
2018-04-10 15:00:00,107.057,107.155,106.973,107.089,107.057,107.059
2018-04-10 16:00:00,107.089,107.134,106.944,106.972,107.089,107.091
2018-04-10 17:00:00,106.971,107.18,106.945,107.167,106.971,106.975
2018-04-10 18:00:00,107.169,107.399,107.136,107.299,107.169,107.17
2018-04-10 19:00:00,107.299,107.304,107.125,107.224,107.299,107.301
2018-04-10 20:00:00,107.223,107.332,107.123,107.324,107.223,107.225
2018-04-10 21:00:00,107.323,107.374,107.146,107.171,107.323,107.326
2018-04-10 22:00:00,107.17,107.213,107.127,107.154,107.17,107.172
2018-04-10 23:00:00,107.155,107.21,107.138,107.2,107.155,107.157
2018-04-11 00:00:00,107.189,107.251,107.189,107.191,107.189,107.216
2018-04-11 01:00:00,107.19,107.228,107.171,107.207,107.19,107.197
2018-04-11 02:00:00,107.208,107.225,107.093,107.13,107.208,107.211
2018-04-11 03:00:00,107.13,107.136,106.97,107.1,107.13,107.131
2018-04-11 04:00:00,107.101,107.152,107.08,107.091,107.101,107.101
2018-04-11 05:00:00,107.09,107.133,107.057,107.121,107.09,107.092
2018-04-11 06:00:00,107.121,107.143,107.022,107.061,107.121,107.122
2018-04-11 07:00:00,107.061,107.087,107.019,107.019,107.061,107.064
2018-04-11 08:00:00,107.018,107.111,107.016,107.066,107.018,107.02
2018-04-11 09:00:00,107.066,107.109,107.018,107.056,107.066,107.068
2018-04-11 10:00:00,107.056,107.086,106.983,107.008,107.056,107.058
2018-04-11 11:00:00,107.007,107.018,106.893,106.957,107.007,107.01
2018-04-11 12:00:00,106.958,107.029,106.935,106.952,106.958,106.959
2018-04-11 13:00:00,106.951,106.984,106.866,106.896,106.951,106.954
2018-04-11 14:00:00,106.897,106.905,106.748,106.851,106.897,106.899
2018-04-11 15:00:00,106.853,106.853,106.68,106.833,106.853,106.853
2018-04-11 16:00:00,106.833,106.962,106.795,106.902,106.833,106.834
2018-04-11 17:00:00,106.901,106.928,106.699,106.708,106.901,106.902
2018-04-11 18:00:00,106.708,106.809,106.65,106.775,106.708,106.71
2018-04-11 19:00:00,106.774,106.947,106.759,106.867,106.774,106.774
2018-04-11 20:00:00,106.868,106.924,106.8,106.848,106.868,106.869
2018-04-11 21:00:00,106.84,107.065,106.8,106.934,106.84,106.848
2018-04-11 22:00:00,106.935,106.943,106.78,106.855,106.935,106.935
2018-04-11 23:00:00,106.856,106.874,106.782,106.791,106.856,106.857
2018-04-12 00:00:00,106.776,106.847,106.774,106.798,106.776,106.809
2018-04-12 01:00:00,106.797,106.83,106.786,106.802,106.797,106.804
2018-04-12 02:00:00,106.801,106.865,106.791,106.828,106.801,106.804
2018-04-12 03:00:00,106.826,106.873,106.7,106.852,106.826,106.829
2018-04-12 04:00:00,106.852,106.929,106.833,106.857,106.852,106.854
2018-04-12 05:00:00,106.857,106.935,106.855,106.879,106.857,106.857
2018-04-12 06:00:00,106.88,106.905,106.814,106.865,106.88,106.882
2018-04-12 07:00:00,106.869,106.938,106.865,106.909,106.869,106.87
2018-04-12 08:00:00,106.909,106.972,106.892,106.934,106.909,106.911
2018-04-12 09:00:00,106.935,106.943,106.835,106.877,106.935,106.935
2018-04-12 10:00:00,106.877,106.928,106.848,106.899,106.877,106.878
2018-04-12 11:00:00,106.899,106.926,106.82,106.824,106.899,106.901
2018-04-12 12:00:00,106.823,106.961,106.823,106.918,106.823,106.826
2018-04-12 13:00:00,106.919,107.182,106.918,107.154,106.919,106.919
2018-04-12 14:00:00,107.154,107.206,107.097,107.179,107.154,107.157
2018-04-12 15:00:00,107.179,107.242,107.111,107.236,107.179,107.179
2018-04-12 16:00:00,107.235,107.43,107.18,107.376,107.235,107.237
2018-04-12 17:00:00,107.375,107.403,107.263,107.267,107.375,107.375
2018-04-12 18:00:00,107.267,107.41,107.262,107.316,107.267,107.268
2018-04-12 19:00:00,107.315,107.346,107.208,107.219,107.315,107.317
2018-04-12 20:00:00,107.218,107.286,107.081,107.175,107.218,107.22
2018-04-12 21:00:00,107.175,107.266,107.165,107.21,107.175,107.175
2018-04-12 22:00:00,107.212,107.246,107.166,107.227,107.212,107.212
2018-04-12 23:00:00,107.227,107.367,107.227,107.348,107.227,107.23
2018-04-13 00:00:00,107.299,107.349,107.283,107.303,107.299,107.342
2018-04-13 01:00:00,107.305,107.314,107.245,107.25,107.305,107.314
2018-04-13 02:00:00,107.25,107.259,107.204,107.254,107.25,107.252
2018-04-13 03:00:00,107.254,107.373,107.251,107.334,107.254,107.256
2018-04-13 04:00:00,107.334,107.48,107.311,107.42,107.334,107.336
2018-04-13 05:00:00,107.42,107.434,107.319,107.369,107.42,107.422
2018-04-13 06:00:00,107.369,107.406,107.354,107.357,107.369,107.371
2018-04-13 07:00:00,107.358,107.383,107.334,107.376,107.358,107.358
2018-04-13 08:00:00,107.375,107.484,107.362,107.467,107.375,107.377
2018-04-13 09:00:00,107.47,107.659,107.455,107.601,107.47,107.471
2018-04-13 10:00:00,107.6,107.675,107.556,107.642,107.6,107.603
2018-04-13 11:00:00,107.64,107.662,107.559,107.614,107.64,107.64
2018-04-13 12:00:00,107.613,107.631,107.523,107.593,107.613,107.616
2018-04-13 13:00:00,107.594,107.683,107.559,107.675,107.594,107.596
2018-04-13 14:00:00,107.675,107.74,107.649,107.694,107.675,107.678
2018-04-13 15:00:00,107.693,107.715,107.657,107.701,107.693,107.696
2018-04-13 16:00:00,107.7,107.779,107.604,107.649,107.7,107.7
2018-04-13 17:00:00,107.65,107.651,107.486,107.519,107.65,107.656
2018-04-13 18:00:00,107.519,107.552,107.439,107.535,107.519,107.519
2018-04-13 19:00:00,107.535,107.541,107.377,107.396,107.535,107.536
2018-04-13 20:00:00,107.395,107.512,107.389,107.5,107.395,107.398
2018-04-13 21:00:00,107.5,107.509,107.419,107.422,107.5,107.501
2018-04-13 22:00:00,107.421,107.422,107.254,107.37,107.421,107.423
2018-04-13 23:00:00,107.369,107.377,107.338,107.36,107.369,107.372
2018-04-16 00:00:00,107.47,107.56,107.444,107.483,107.47,107.542
2018-04-16 01:00:00,107.494,107.608,107.458,107.542,107.494,107.505
2018-04-16 02:00:00,107.541,107.585,107.478,107.523,107.541,107.542
2018-04-16 03:00:00,107.523,107.523,107.38,107.474,107.523,107.524
2018-04-16 04:00:00,107.474,107.479,107.33,107.38,107.474,107.477
2018-04-16 05:00:00,107.381,107.412,107.172,107.2,107.381,107.382
2018-04-16 06:00:00,107.199,107.273,107.176,107.25,107.199,107.202
2018-04-16 07:00:00,107.25,107.254,107.165,107.251,107.25,107.251
2018-04-16 08:00:00,107.251,107.254,107.13,107.209,107.251,107.251
2018-04-16 09:00:00,107.208,107.315,107.171,107.219,107.208,107.21
2018-04-16 10:00:00,107.22,107.29,107.197,107.21,107.22,107.22
2018-04-16 11:00:00,107.209,107.275,107.182,107.192,107.209,107.209
2018-04-16 12:00:00,107.193,107.222,107.151,107.203,107.193,107.195
2018-04-16 13:00:00,107.202,107.271,107.182,107.235,107.202,107.204
2018-04-16 14:00:00,107.235,107.339,107.22,107.335,107.235,107.237
2018-04-16 15:00:00,107.336,107.391,107.263,107.309,107.336,107.338
2018-04-16 16:00:00,107.31,107.338,107.196,107.214,107.31,107.312
2018-04-16 17:00:00,107.212,107.3,107.167,107.254,107.212,107.212
2018-04-16 18:00:00,107.254,107.291,107.236,107.261,107.254,107.256
2018-04-16 19:00:00,107.26,107.281,107.1,107.117,107.26,107.262
2018-04-16 20:00:00,107.116,107.173,107.047,107.059,107.116,107.118
2018-04-16 21:00:00,107.059,107.093,107.036,107.086,107.059,107.061
2018-04-16 22:00:00,107.087,107.153,107.071,107.135,107.087,107.088
2018-04-16 23:00:00,107.135,107.145,107.077,107.114,107.135,107.137
2018-04-17 00:00:00,107.098,107.149,107.098,107.131,107.098,107.134
2018-04-17 01:00:00,107.131,107.137,107.09,107.114,107.131,107.137
2018-04-17 02:00:00,107.115,107.162,107.037,107.054,107.115,107.117
2018-04-17 03:00:00,107.054,107.12,106.998,107.067,107.054,107.054
2018-04-17 04:00:00,107.068,107.069,106.968,107.003,107.068,107.07
2018-04-17 05:00:00,107.002,107.091,107.001,107.044,107.002,107.005
2018-04-17 06:00:00,107.044,107.095,107.02,107.073,107.044,107.047
2018-04-17 07:00:00,107.073,107.081,107.025,107.059,107.073,107.075
2018-04-17 08:00:00,107.059,107.066,106.989,107.001,107.059,107.061
2018-04-17 09:00:00,107.002,107.026,106.904,106.916,107.002,107.002
2018-04-17 10:00:00,106.917,107.01,106.882,106.997,106.917,106.919
2018-04-17 11:00:00,106.996,107.016,106.918,106.969,106.996,106.998
2018-04-17 12:00:00,106.969,107.071,106.95,107.058,106.969,106.97
2018-04-17 13:00:00,107.058,107.094,107.029,107.078,107.058,107.058
2018-04-17 14:00:00,107.077,107.1,107.029,107.092,107.077,107.08
2018-04-17 15:00:00,107.092,107.168,107.075,107.142,107.092,107.092
2018-04-17 16:00:00,107.142,107.152,107.076,107.125,107.142,107.145
2018-04-17 17:00:00,107.126,107.212,107.12,107.143,107.126,107.128
2018-04-17 18:00:00,107.143,107.158,107.086,107.089,107.143,107.146
2018-04-17 19:00:00,107.09,107.126,106.936,106.946,107.09,107.09
2018-04-17 20:00:00,106.945,107.022,106.896,107.0,106.945,106.945
2018-04-17 21:00:00,106.999,107.031,106.946,107.005,106.999,107.002
2018-04-17 22:00:00,107.01,107.048,106.988,107.015,107.01,107.01
2018-04-17 23:00:00,107.015,107.043,107.003,107.007,107.015,107.016
2018-04-18 00:00:00,106.989,107.046,106.978,107.012,106.989,107.025
2018-04-18 01:00:00,107.011,107.058,107.004,107.034,107.011,107.02
2018-04-18 02:00:00,107.035,107.064,107.008,107.022,107.035,107.037
2018-04-18 03:00:00,107.022,107.21,107.007,107.185,107.022,107.023
2018-04-18 04:00:00,107.184,107.324,107.18,107.291,107.184,107.186
2018-04-18 05:00:00,107.291,107.295,107.231,107.244,107.291,107.293
2018-04-18 06:00:00,107.245,107.354,107.245,107.322,107.245,107.247
2018-04-18 07:00:00,107.326,107.377,107.297,107.352,107.326,107.326
2018-04-18 08:00:00,107.35,107.385,107.311,107.341,107.35,107.352
2018-04-18 09:00:00,107.341,107.358,107.283,107.304,107.341,107.344
2018-04-18 10:00:00,107.304,107.376,107.274,107.306,107.304,107.307
2018-04-18 11:00:00,107.306,107.348,107.256,107.282,107.306,107.307
2018-04-18 12:00:00,107.282,107.324,107.246,107.27,107.282,107.284
2018-04-18 13:00:00,107.271,107.276,107.204,107.228,107.271,107.272
2018-04-18 14:00:00,107.227,107.239,107.166,107.233,107.227,107.229
2018-04-18 15:00:00,107.234,107.248,107.198,107.227,107.234,107.235
2018-04-18 16:00:00,107.225,107.242,107.146,107.185,107.225,107.227
2018-04-18 17:00:00,107.184,107.242,107.097,107.237,107.184,107.189
2018-04-18 18:00:00,107.236,107.3,107.224,107.27,107.236,107.239
2018-04-18 19:00:00,107.269,107.308,107.152,107.165,107.269,107.27
2018-04-18 20:00:00,107.165,107.275,107.16,107.219,107.165,107.167
2018-04-18 21:00:00,107.218,107.275,107.18,107.264,107.218,107.22
2018-04-18 22:00:00,107.265,107.317,107.206,107.221,107.265,107.266
2018-04-18 23:00:00,107.22,107.252,107.208,107.226,107.22,107.22
2018-04-19 00:00:00,107.222,107.238,107.184,107.205,107.222,107.249
2018-04-19 01:00:00,107.207,107.248,107.182,107.214,107.207,107.237
2018-04-19 02:00:00,107.215,107.363,107.211,107.356,107.215,107.218
2018-04-19 03:00:00,107.356,107.469,107.33,107.434,107.356,107.357
2018-04-19 04:00:00,107.435,107.516,107.417,107.478,107.435,107.437
2018-04-19 05:00:00,107.478,107.486,107.41,107.422,107.478,107.48
2018-04-19 06:00:00,107.421,107.445,107.374,107.415,107.421,107.424
2018-04-19 07:00:00,107.414,107.434,107.357,107.432,107.414,107.416
2018-04-19 08:00:00,107.432,107.45,107.374,107.422,107.432,107.434
2018-04-19 09:00:00,107.423,107.472,107.365,107.373,107.423,107.425
2018-04-19 10:00:00,107.374,107.386,107.268,107.287,107.374,107.375
2018-04-19 11:00:00,107.288,107.407,107.264,107.361,107.288,107.288
2018-04-19 12:00:00,107.361,107.433,107.353,107.373,107.361,107.362
2018-04-19 13:00:00,107.374,107.456,107.359,107.413,107.374,107.375
2018-04-19 14:00:00,107.414,107.441,107.356,107.358,107.414,107.415
2018-04-19 15:00:00,107.358,107.396,107.313,107.348,107.358,107.359
2018-04-19 16:00:00,107.349,107.424,107.326,107.387,107.349,107.349
2018-04-19 17:00:00,107.387,107.401,107.331,107.361,107.387,107.39
2018-04-19 18:00:00,107.362,107.47,107.348,107.428,107.362,107.363
2018-04-19 19:00:00,107.429,107.447,107.262,107.275,107.429,107.429
2018-04-19 20:00:00,107.274,107.33,107.24,107.319,107.274,107.275
2018-04-19 21:00:00,107.319,107.422,107.318,107.399,107.319,107.32
2018-04-19 22:00:00,107.399,107.506,107.316,107.353,107.399,107.401
2018-04-19 23:00:00,107.354,107.377,107.35,107.37,107.354,107.355
2018-04-20 00:00:00,107.349,107.419,107.347,107.387,107.349,107.38
2018-04-20 01:00:00,107.395,107.442,107.386,107.424,107.395,107.396
2018-04-20 02:00:00,107.423,107.461,107.377,107.443,107.423,107.427
2018-04-20 03:00:00,107.443,107.561,107.395,107.463,107.443,107.444
2018-04-20 04:00:00,107.462,107.733,107.415,107.719,107.462,107.464
2018-04-20 05:00:00,107.719,107.728,107.615,107.657,107.719,107.721
2018-04-20 06:00:00,107.657,107.673,107.582,107.615,107.657,107.658
2018-04-20 07:00:00,107.616,107.686,107.615,107.647,107.616,107.617
2018-04-20 08:00:00,107.646,107.672,107.604,107.637,107.646,107.647
2018-04-20 09:00:00,107.636,107.636,107.487,107.506,107.636,107.636
2018-04-20 10:00:00,107.507,107.578,107.479,107.556,107.507,107.509
2018-04-20 11:00:00,107.555,107.618,107.536,107.617,107.555,107.558
2018-04-20 12:00:00,107.617,107.686,107.602,107.66,107.617,107.618
2018-04-20 13:00:00,107.661,107.712,107.635,107.636,107.661,107.663
2018-04-20 14:00:00,107.636,107.657,107.575,107.621,107.636,107.638
2018-04-20 15:00:00,107.62,107.702,107.551,107.696,107.62,107.62
2018-04-20 16:00:00,107.695,107.81,107.662,107.791,107.695,107.698
2018-04-20 17:00:00,107.791,107.857,107.692,107.698,107.791,107.793
2018-04-20 18:00:00,107.698,107.712,107.565,107.601,107.698,107.701
2018-04-20 19:00:00,107.602,107.648,107.51,107.511,107.602,107.603
2018-04-20 20:00:00,107.512,107.605,107.506,107.579,107.512,107.514
2018-04-20 21:00:00,107.578,107.605,107.557,107.589,107.578,107.58
2018-04-20 22:00:00,107.59,107.646,107.555,107.646,107.59,107.591
2018-04-20 23:00:00,107.646,107.667,107.584,107.63,107.646,107.647
2018-04-23 00:00:00,107.77,107.819,107.736,107.762,107.77,107.815
2018-04-23 01:00:00,107.762,107.805,107.662,107.783,107.762,107.779
2018-04-23 02:00:00,107.782,107.888,107.747,107.881,107.782,107.786
2018-04-23 03:00:00,107.88,107.88,107.731,107.82,107.88,107.88
2018-04-23 04:00:00,107.819,107.884,107.777,107.792,107.819,107.821
2018-04-23 05:00:00,107.793,107.816,107.74,107.814,107.793,107.794
2018-04-23 06:00:00,107.814,107.845,107.805,107.807,107.814,107.817
2018-04-23 07:00:00,107.808,107.837,107.786,107.807,107.808,107.81
2018-04-23 08:00:00,107.806,107.833,107.767,107.801,107.806,107.809
2018-04-23 09:00:00,107.802,107.877,107.789,107.843,107.802,107.803
2018-04-23 10:00:00,107.843,107.942,107.821,107.915,107.843,107.844
2018-04-23 11:00:00,107.914,108.011,107.859,107.999,107.914,107.914
2018-04-23 12:00:00,108.0,108.255,107.997,108.2,108.0,108.002
2018-04-23 13:00:00,108.199,108.28,108.17,108.22,108.199,108.202
2018-04-23 14:00:00,108.22,108.28,108.169,108.175,108.22,108.223
2018-04-23 15:00:00,108.175,108.26,108.126,108.211,108.175,108.176
2018-04-23 16:00:00,108.212,108.385,108.177,108.377,108.212,108.213
2018-04-23 17:00:00,108.378,108.49,108.367,108.443,108.378,108.38
2018-04-23 18:00:00,108.444,108.634,108.425,108.617,108.444,108.444
2018-04-23 19:00:00,108.618,108.714,108.567,108.649,108.618,108.62
2018-04-23 20:00:00,108.649,108.736,108.631,108.706,108.649,108.651
2018-04-23 21:00:00,108.706,108.706,108.551,108.638,108.706,108.707
2018-04-23 22:00:00,108.638,108.753,108.633,108.725,108.638,108.641
2018-04-23 23:00:00,108.726,108.747,108.678,108.701,108.726,108.727
2018-04-24 00:00:00,108.693,108.719,108.684,108.719,108.693,108.72
2018-04-24 01:00:00,108.72,108.735,108.67,108.674,108.72,108.722
2018-04-24 02:00:00,108.673,108.79,108.673,108.773,108.673,108.677
2018-04-24 03:00:00,108.773,108.807,108.736,108.752,108.773,108.774
2018-04-24 04:00:00,108.753,108.872,108.706,108.812,108.753,108.753
2018-04-24 05:00:00,108.818,108.834,108.693,108.764,108.818,108.818
2018-04-24 06:00:00,108.765,108.832,108.742,108.77,108.765,108.766
2018-04-24 07:00:00,108.771,108.833,108.769,108.812,108.771,108.773
2018-04-24 08:00:00,108.812,108.812,108.754,108.803,108.812,108.812
2018-04-24 09:00:00,108.804,108.866,108.755,108.858,108.804,108.806
2018-04-24 10:00:00,108.857,108.918,108.836,108.887,108.857,108.859
2018-04-24 11:00:00,108.886,108.902,108.81,108.822,108.886,108.889
2018-04-24 12:00:00,108.821,108.863,108.805,108.833,108.821,108.822
2018-04-24 13:00:00,108.832,108.858,108.774,108.849,108.832,108.833
2018-04-24 14:00:00,108.849,108.87,108.794,108.796,108.849,108.852
2018-04-24 15:00:00,108.798,109.067,108.793,108.996,108.798,108.798
2018-04-24 16:00:00,108.995,109.159,108.939,109.086,108.995,108.997
2018-04-24 17:00:00,109.085,109.179,109.024,109.172,109.085,109.099
2018-04-24 18:00:00,109.171,109.202,109.034,109.034,109.171,109.173
2018-04-24 19:00:00,109.034,109.072,108.714,108.722,109.034,109.035
2018-04-24 20:00:00,108.721,108.792,108.633,108.644,108.721,108.721
2018-04-24 21:00:00,108.646,108.679,108.543,108.677,108.646,108.646
2018-04-24 22:00:00,108.676,108.753,108.657,108.747,108.676,108.678
2018-04-24 23:00:00,108.746,108.833,108.743,108.812,108.746,108.748
2018-04-25 00:00:00,108.806,108.83,108.785,108.821,108.806,108.832
2018-04-25 01:00:00,108.825,108.875,108.817,108.857,108.825,108.829
2018-04-25 02:00:00,108.858,108.865,108.797,108.803,108.858,108.858
2018-04-25 03:00:00,108.803,108.965,108.788,108.891,108.803,108.806
2018-04-25 04:00:00,108.891,109.063,108.872,108.92,108.891,108.892
2018-04-25 05:00:00,108.919,108.938,108.811,108.897,108.919,108.922
2018-04-25 06:00:00,108.898,109.02,108.885,109.017,108.898,108.9
2018-04-25 07:00:00,109.017,109.045,108.973,109.034,109.017,109.017
2018-04-25 08:00:00,109.034,109.083,108.999,109.064,109.034,109.035
2018-04-25 09:00:00,109.063,109.171,109.06,109.167,109.063,109.065
2018-04-25 10:00:00,109.167,109.268,109.137,109.251,109.167,109.17
2018-04-25 11:00:00,109.251,109.269,109.057,109.089,109.251,109.253
2018-04-25 12:00:00,109.09,109.106,108.983,109.086,109.09,109.092
2018-04-25 13:00:00,109.087,109.14,109.047,109.055,109.087,109.088
2018-04-25 14:00:00,109.054,109.254,109.035,109.22,109.054,109.056
2018-04-25 15:00:00,109.22,109.258,109.165,109.2,109.22,109.222
2018-04-25 16:00:00,109.199,109.29,109.055,109.107,109.199,109.2
2018-04-25 17:00:00,109.107,109.346,109.099,109.305,109.107,109.108
2018-04-25 18:00:00,109.306,109.383,109.242,109.338,109.306,109.306
2018-04-25 19:00:00,109.336,109.366,109.234,109.24,109.336,109.337
2018-04-25 20:00:00,109.239,109.375,109.237,109.364,109.239,109.241
2018-04-25 21:00:00,109.366,109.377,109.299,109.348,109.366,109.367
2018-04-25 22:00:00,109.348,109.372,109.307,109.364,109.348,109.35
2018-04-25 23:00:00,109.365,109.454,109.349,109.425,109.365,109.367
2018-04-26 00:00:00,109.413,109.426,109.364,109.395,109.413,109.44
2018-04-26 01:00:00,109.393,109.469,109.392,109.409,109.393,109.397
2018-04-26 02:00:00,109.409,109.449,109.357,109.374,109.409,109.413
2018-04-26 03:00:00,109.377,109.434,109.242,109.414,109.377,109.378
2018-04-26 04:00:00,109.413,109.456,109.291,109.364,109.413,109.413
2018-04-26 05:00:00,109.366,109.376,109.307,109.368,109.366,109.367
2018-04-26 06:00:00,109.369,109.375,109.277,109.292,109.369,109.37
2018-04-26 07:00:00,109.292,109.358,109.291,109.338,109.292,109.294
2018-04-26 08:00:00,109.337,109.347,109.29,109.327,109.337,109.338
2018-04-26 09:00:00,109.327,109.395,109.28,109.296,109.327,109.328
2018-04-26 10:00:00,109.298,109.364,109.244,109.325,109.298,109.299
2018-04-26 11:00:00,109.325,109.381,109.308,109.356,109.325,109.327
2018-04-26 12:00:00,109.355,109.385,109.265,109.296,109.355,109.358
2018-04-26 13:00:00,109.295,109.316,109.174,109.214,109.295,109.296
2018-04-26 14:00:00,109.214,109.237,109.104,109.18,109.214,109.214
2018-04-26 15:00:00,109.18,109.263,109.096,109.17,109.18,109.182
2018-04-26 16:00:00,109.169,109.205,109.065,109.194,109.169,109.173
2018-04-26 17:00:00,109.193,109.364,109.182,109.363,109.193,109.194
2018-04-26 18:00:00,109.361,109.398,109.255,109.294,109.361,109.363
2018-04-26 19:00:00,109.295,109.331,109.19,109.202,109.295,109.296
2018-04-26 20:00:00,109.202,109.307,109.202,109.297,109.202,109.205
2018-04-26 21:00:00,109.298,109.406,109.285,109.346,109.298,109.299
2018-04-26 22:00:00,109.346,109.42,109.316,109.358,109.346,109.347
2018-04-26 23:00:00,109.359,109.381,109.301,109.302,109.359,109.361
2018-04-27 00:00:00,109.294,109.345,109.258,109.307,109.294,109.303
2018-04-27 01:00:00,109.308,109.353,109.302,109.349,109.308,109.312
2018-04-27 02:00:00,109.349,109.349,109.301,109.303,109.349,109.351
2018-04-27 03:00:00,109.303,109.328,109.233,109.268,109.303,109.304
2018-04-27 04:00:00,109.267,109.338,109.152,109.161,109.267,109.268
2018-04-27 05:00:00,109.162,109.241,109.144,109.158,109.162,109.163
2018-04-27 06:00:00,109.157,109.247,109.157,109.176,109.157,109.16
2018-04-27 07:00:00,109.177,109.221,109.154,109.182,109.177,109.178
2018-04-27 08:00:00,109.181,109.324,109.164,109.245,109.181,109.181
2018-04-27 09:00:00,109.245,109.34,109.245,109.304,109.245,109.248
2018-04-27 10:00:00,109.305,109.492,109.274,109.394,109.305,109.307
2018-04-27 11:00:00,109.393,109.404,109.287,109.376,109.393,109.396
2018-04-27 12:00:00,109.377,109.386,109.256,109.302,109.377,109.378
2018-04-27 13:00:00,109.303,109.367,109.302,109.309,109.303,109.304
2018-04-27 14:00:00,109.309,109.349,109.297,109.321,109.309,109.311
2018-04-27 15:00:00,109.32,109.539,109.263,109.314,109.32,109.321
2018-04-27 16:00:00,109.317,109.344,109.13,109.206,109.317,109.318
2018-04-27 17:00:00,109.205,109.267,108.958,109.074,109.205,109.206
2018-04-27 18:00:00,109.074,109.142,109.007,109.117,109.074,109.077
2018-04-27 19:00:00,109.118,109.149,109.048,109.085,109.118,109.12
2018-04-27 20:00:00,109.085,109.147,109.085,109.105,109.085,109.087
2018-04-27 21:00:00,109.105,109.122,109.017,109.023,109.105,109.107
2018-04-27 22:00:00,109.024,109.07,108.987,109.058,109.024,109.025
2018-04-27 23:00:00,109.057,109.137,109.05,109.058,109.057,109.06
2018-04-30 00:00:00,109.062,109.093,109.025,109.079,109.062,109.082
2018-04-30 01:00:00,109.08,109.164,109.076,109.144,109.08,109.088
2018-04-30 02:00:00,109.145,109.181,109.094,109.096,109.145,109.147
2018-04-30 03:00:00,109.094,109.108,109.021,109.077,109.094,109.096
2018-04-30 04:00:00,109.077,109.127,109.061,109.09,109.077,109.079
2018-04-30 05:00:00,109.091,109.135,109.07,109.12,109.091,109.091
2018-04-30 06:00:00,109.121,109.151,109.102,109.137,109.121,109.122
2018-04-30 07:00:00,109.135,109.157,109.125,109.14,109.135,109.136
2018-04-30 08:00:00,109.139,109.166,109.13,109.144,109.139,109.141
2018-04-30 09:00:00,109.145,109.214,109.141,109.198,109.145,109.147
2018-04-30 10:00:00,109.196,109.264,109.187,109.248,109.196,109.198
2018-04-30 11:00:00,109.249,109.329,109.241,109.309,109.249,109.25
2018-04-30 12:00:00,109.308,109.326,109.242,109.252,109.308,109.31
2018-04-30 13:00:00,109.251,109.306,109.231,109.267,109.251,109.253
2018-04-30 14:00:00,109.268,109.407,109.264,109.369,109.268,109.269
2018-04-30 15:00:00,109.369,109.431,109.298,109.321,109.369,109.37
2018-04-30 16:00:00,109.321,109.416,109.284,109.372,109.321,109.324
2018-04-30 17:00:00,109.371,109.453,109.299,109.431,109.371,109.374
2018-04-30 18:00:00,109.431,109.442,109.246,109.286,109.431,109.431
2018-04-30 19:00:00,109.287,109.309,109.086,109.122,109.287,109.287
2018-04-30 20:00:00,109.123,109.276,109.106,109.242,109.123,109.124
2018-04-30 21:00:00,109.242,109.3,109.162,109.292,109.242,109.243
2018-04-30 22:00:00,109.295,109.372,109.271,109.318,109.295,109.295
2018-04-30 23:00:00,109.317,109.332,109.284,109.325,109.317,109.319
2018-05-01 00:00:00,109.327,109.331,109.235,109.263,109.327,109.36
2018-05-01 01:00:00,109.266,109.287,109.239,109.271,109.266,109.274
2018-05-01 02:00:00,109.271,109.335,109.25,109.312,109.271,109.274
2018-05-01 03:00:00,109.312,109.34,109.257,109.298,109.312,109.314
2018-05-01 04:00:00,109.296,109.363,109.292,109.332,109.296,109.298
2018-05-01 05:00:00,109.333,109.364,109.306,109.359,109.333,109.335
2018-05-01 06:00:00,109.359,109.389,109.347,109.36,109.359,109.359
2018-05-01 07:00:00,109.36,109.39,109.347,109.38,109.36,109.362
2018-05-01 08:00:00,109.382,109.404,109.37,109.388,109.382,109.382
2018-05-01 09:00:00,109.389,109.458,109.373,109.426,109.389,109.391
2018-05-01 10:00:00,109.428,109.483,109.407,109.475,109.428,109.43
2018-05-01 11:00:00,109.475,109.583,109.453,109.569,109.475,109.476
2018-05-01 12:00:00,109.569,109.656,109.559,109.633,109.569,109.571
2018-05-01 13:00:00,109.632,109.703,109.62,109.646,109.632,109.634
2018-05-01 14:00:00,109.647,109.69,109.615,109.635,109.647,109.648
2018-05-01 15:00:00,109.634,109.683,109.574,109.682,109.634,109.635
2018-05-01 16:00:00,109.683,109.738,109.607,109.727,109.683,109.685
2018-05-01 17:00:00,109.719,109.795,109.586,109.749,109.719,109.729
2018-05-01 18:00:00,109.749,109.752,109.642,109.687,109.749,109.75
2018-05-01 19:00:00,109.687,109.722,109.566,109.584,109.687,109.689
2018-05-01 20:00:00,109.585,109.71,109.514,109.704,109.585,109.586
2018-05-01 21:00:00,109.705,109.802,109.699,109.796,109.705,109.707
2018-05-01 22:00:00,109.796,109.889,109.755,109.883,109.796,109.796
2018-05-01 23:00:00,109.882,109.888,109.802,109.862,109.882,109.882
2018-05-02 00:00:00,109.853,109.877,109.84,109.843,109.853,109.877
2018-05-02 01:00:00,109.847,109.911,109.829,109.908,109.847,109.847
2018-05-02 02:00:00,109.908,109.919,109.857,109.871,109.908,109.91
2018-05-02 03:00:00,109.871,109.875,109.694,109.807,109.871,109.871
2018-05-02 04:00:00,109.807,109.841,109.668,109.678,109.807,109.809
2018-05-02 05:00:00,109.682,109.723,109.645,109.692,109.682,109.682
2018-05-02 06:00:00,109.691,109.717,109.664,109.697,109.691,109.693
2018-05-02 07:00:00,109.699,109.759,109.695,109.735,109.699,109.701
2018-05-02 08:00:00,109.735,109.806,109.735,109.794,109.735,109.736
2018-05-02 09:00:00,109.794,109.867,109.792,109.845,109.794,109.797
2018-05-02 10:00:00,109.843,109.878,109.728,109.789,109.843,109.845
2018-05-02 11:00:00,109.788,109.84,109.745,109.796,109.788,109.79
2018-05-02 12:00:00,109.797,109.84,109.794,109.827,109.797,109.798
2018-05-02 13:00:00,109.828,109.854,109.814,109.839,109.828,109.828
2018-05-02 14:00:00,109.838,109.852,109.789,109.812,109.838,109.839
2018-05-02 15:00:00,109.813,109.836,109.768,109.777,109.813,109.814
2018-05-02 16:00:00,109.777,109.925,109.746,109.875,109.777,109.777
2018-05-02 17:00:00,109.876,109.992,109.872,109.977,109.876,109.877
2018-05-02 18:00:00,109.976,110.036,109.88,109.903,109.976,109.976
2018-05-02 19:00:00,109.904,109.947,109.818,109.862,109.904,109.906
2018-05-02 20:00:00,109.861,109.93,109.826,109.863,109.861,109.863
2018-05-02 21:00:00,109.856,109.922,109.595,109.742,109.856,109.899
2018-05-02 22:00:00,109.741,109.958,109.669,109.92,109.741,109.744
2018-05-02 23:00:00,109.921,109.964,109.843,109.848,109.921,109.923
2018-05-03 00:00:00,109.837,109.885,109.772,109.841,109.837,109.849
2018-05-03 01:00:00,109.838,109.883,109.818,109.83,109.838,109.845
2018-05-03 02:00:00,109.829,109.849,109.801,109.841,109.829,109.832
2018-05-03 03:00:00,109.841,109.857,109.69,109.696,109.841,109.842
2018-05-03 04:00:00,109.696,109.734,109.569,109.631,109.696,109.696
2018-05-03 05:00:00,109.632,109.702,109.631,109.65,109.632,109.633
2018-05-03 06:00:00,109.651,109.685,109.612,109.675,109.651,109.652
2018-05-03 07:00:00,109.675,109.687,109.64,109.649,109.675,109.678
2018-05-03 08:00:00,109.648,109.668,109.584,109.614,109.648,109.65
2018-05-03 09:00:00,109.613,109.689,109.554,109.666,109.613,109.615
2018-05-03 10:00:00,109.666,109.744,109.62,109.645,109.666,109.668
2018-05-03 11:00:00,109.645,109.693,109.596,109.656,109.645,109.647
2018-05-03 12:00:00,109.656,109.686,109.454,109.524,109.656,109.659
2018-05-03 13:00:00,109.523,109.535,109.36,109.412,109.523,109.523
2018-05-03 14:00:00,109.412,109.463,109.207,109.222,109.412,109.413
2018-05-03 15:00:00,109.221,109.307,109.155,109.258,109.221,109.223
2018-05-03 16:00:00,109.256,109.381,109.252,109.322,109.256,109.256
2018-05-03 17:00:00,109.336,109.359,109.027,109.059,109.336,109.364
2018-05-03 18:00:00,109.058,109.123,108.93,109.05,109.058,109.059
2018-05-03 19:00:00,109.051,109.184,109.051,109.148,109.051,109.051
2018-05-03 20:00:00,109.149,109.242,109.102,109.232,109.149,109.149
2018-05-03 21:00:00,109.232,109.248,109.129,109.202,109.232,109.234
2018-05-03 22:00:00,109.201,109.222,109.139,109.209,109.201,109.203
2018-05-03 23:00:00,109.209,109.214,109.177,109.196,109.209,109.209
2018-05-04 00:00:00,109.181,109.226,109.165,109.174,109.181,109.21
2018-05-04 01:00:00,109.175,109.217,109.157,109.157,109.175,109.177
2018-05-04 02:00:00,109.157,109.176,109.096,109.106,109.157,109.16
2018-05-04 03:00:00,109.104,109.235,109.103,109.174,109.104,109.107
2018-05-04 04:00:00,109.175,109.185,108.994,109.022,109.175,109.176
2018-05-04 05:00:00,109.022,109.034,108.934,108.985,109.022,109.023
2018-05-04 06:00:00,108.986,109.003,108.952,108.996,108.986,108.988
2018-05-04 07:00:00,108.996,109.11,108.996,109.103,108.996,108.999
2018-05-04 08:00:00,109.102,109.122,109.051,109.095,109.102,109.104
2018-05-04 09:00:00,109.094,109.16,109.089,109.125,109.094,109.094
2018-05-04 10:00:00,109.126,109.153,109.007,109.076,109.126,109.128
2018-05-04 11:00:00,109.076,109.104,108.986,109.05,109.076,109.078
2018-05-04 12:00:00,109.051,109.122,109.035,109.114,109.051,109.053
2018-05-04 13:00:00,109.114,109.127,108.952,108.958,109.114,109.116
2018-05-04 14:00:00,108.957,108.999,108.874,108.918,108.957,108.959
2018-05-04 15:00:00,108.919,108.973,108.648,108.807,108.919,108.921
2018-05-04 16:00:00,108.809,109.234,108.809,109.184,108.809,108.809
2018-05-04 17:00:00,109.185,109.202,109.067,109.11,109.185,109.185
2018-05-04 18:00:00,109.112,109.274,109.106,109.167,109.112,109.112
2018-05-04 19:00:00,109.166,109.203,108.957,108.972,109.166,109.168
2018-05-04 20:00:00,108.972,109.104,108.971,109.093,108.972,108.974
2018-05-04 21:00:00,109.093,109.142,109.084,109.106,109.093,109.095
2018-05-04 22:00:00,109.11,109.164,109.083,109.093,109.11,109.11
2018-05-04 23:00:00,109.093,109.107,109.047,109.049,109.093,109.097
2018-05-07 00:00:00,109.11,109.118,109.088,109.093,109.11,109.127
2018-05-07 01:00:00,109.092,109.1,109.041,109.088,109.092,109.098
2018-05-07 02:00:00,109.088,109.201,109.08,109.141,109.088,109.091
2018-05-07 03:00:00,109.142,109.168,108.901,108.909,109.142,109.142
2018-05-07 04:00:00,108.909,108.947,108.758,108.938,108.909,108.912
2018-05-07 05:00:00,108.937,108.985,108.886,108.969,108.937,108.94
2018-05-07 06:00:00,108.968,108.988,108.937,108.984,108.968,108.969
2018-05-07 07:00:00,108.984,109.133,108.984,109.117,108.984,108.987
2018-05-07 08:00:00,109.117,109.22,109.111,109.169,109.117,109.119
2018-05-07 09:00:00,109.169,109.256,109.162,109.212,109.169,109.17
2018-05-07 10:00:00,109.212,109.33,109.174,109.189,109.212,109.213
2018-05-07 11:00:00,109.189,109.313,109.188,109.297,109.189,109.191
2018-05-07 12:00:00,109.295,109.328,109.269,109.277,109.295,109.298
2018-05-07 13:00:00,109.278,109.288,109.243,109.279,109.278,109.28
2018-05-07 14:00:00,109.278,109.387,109.267,109.379,109.278,109.281
2018-05-07 15:00:00,109.379,109.398,109.189,109.27,109.379,109.381
2018-05-07 16:00:00,109.269,109.378,109.246,109.37,109.269,109.271
2018-05-07 17:00:00,109.369,109.377,109.19,109.246,109.369,109.369
2018-05-07 18:00:00,109.246,109.258,109.149,109.15,109.246,109.247
2018-05-07 19:00:00,109.15,109.175,109.038,109.075,109.15,109.15
2018-05-07 20:00:00,109.073,109.112,109.015,109.02,109.073,109.075
2018-05-07 21:00:00,109.021,109.107,109.016,109.058,109.021,109.023
2018-05-07 22:00:00,109.057,109.095,108.993,109.043,109.057,109.057
2018-05-07 23:00:00,109.044,109.097,109.033,109.091,109.044,109.046
2018-05-08 00:00:00,109.081,109.106,108.999,109.083,109.081,109.108
2018-05-08 01:00:00,109.084,109.14,109.059,109.137,109.084,109.091
2018-05-08 02:00:00,109.136,109.136,108.924,108.946,109.136,109.139
2018-05-08 03:00:00,108.945,108.997,108.865,108.9,108.945,108.947
2018-05-08 04:00:00,108.9,109.059,108.852,108.974,108.9,108.901
2018-05-08 05:00:00,108.974,109.023,108.88,108.959,108.974,108.977
2018-05-08 06:00:00,108.961,109.026,108.92,109.014,108.961,108.962
2018-05-08 07:00:00,109.014,109.113,109.014,109.052,109.014,109.016
2018-05-08 08:00:00,109.053,109.102,109.006,109.032,109.053,109.054
2018-05-08 09:00:00,109.032,109.047,108.889,108.984,109.032,109.034
2018-05-08 10:00:00,108.984,109.017,108.9,108.931,108.984,108.986
2018-05-08 11:00:00,108.932,109.054,108.923,109.046,108.932,108.933
2018-05-08 12:00:00,109.047,109.085,108.894,108.908,109.047,109.048
2018-05-08 13:00:00,108.907,108.986,108.893,108.959,108.907,108.91
2018-05-08 14:00:00,108.961,109.037,108.938,109.004,108.961,108.961
2018-05-08 15:00:00,109.004,109.128,108.989,109.109,109.004,109.005
2018-05-08 16:00:00,109.11,109.292,109.105,109.24,109.11,109.112
2018-05-08 17:00:00,109.239,109.281,109.187,109.231,109.239,109.241
2018-05-08 18:00:00,109.232,109.351,109.155,109.166,109.232,109.232
2018-05-08 19:00:00,109.165,109.181,109.038,109.058,109.165,109.167
2018-05-08 20:00:00,109.059,109.151,109.021,109.039,109.059,109.062
2018-05-08 21:00:00,109.04,109.192,108.827,109.034,109.04,109.044
2018-05-08 22:00:00,109.035,109.136,108.976,109.127,109.035,109.038
2018-05-08 23:00:00,109.128,109.147,109.1,109.134,109.128,109.128
2018-05-09 00:00:00,109.121,109.136,109.05,109.06,109.121,109.128
2018-05-09 01:00:00,109.06,109.11,109.05,109.1,109.06,109.067
2018-05-09 02:00:00,109.098,109.113,108.996,109.035,109.098,109.101
2018-05-09 03:00:00,109.035,109.376,109.001,109.355,109.035,109.037
2018-05-09 04:00:00,109.355,109.64,109.352,109.545,109.355,109.357
2018-05-09 05:00:00,109.544,109.554,109.453,109.487,109.544,109.547
2018-05-09 06:00:00,109.487,109.532,109.453,109.524,109.487,109.487
2018-05-09 07:00:00,109.523,109.552,109.44,109.468,109.523,109.525
2018-05-09 08:00:00,109.467,109.556,109.46,109.508,109.467,109.47
2018-05-09 09:00:00,109.508,109.685,109.466,109.678,109.508,109.511
2018-05-09 10:00:00,109.676,109.792,109.634,109.713,109.676,109.676
2018-05-09 11:00:00,109.714,109.806,109.669,109.758,109.714,109.714
2018-05-09 12:00:00,109.759,109.803,109.716,109.736,109.759,109.759
2018-05-09 13:00:00,109.736,109.758,109.616,109.641,109.736,109.739
2018-05-09 14:00:00,109.642,109.754,109.641,109.723,109.642,109.642
2018-05-09 15:00:00,109.723,109.723,109.571,109.651,109.723,109.723
2018-05-09 16:00:00,109.651,109.833,109.635,109.77,109.651,109.652
2018-05-09 17:00:00,109.769,109.772,109.661,109.688,109.769,109.772
2018-05-09 18:00:00,109.687,109.758,109.67,109.685,109.687,109.687
2018-05-09 19:00:00,109.686,109.788,109.642,109.654,109.686,109.687
2018-05-09 20:00:00,109.654,109.731,109.599,109.646,109.654,109.657
2018-05-09 21:00:00,109.647,109.713,109.635,109.712,109.647,109.649
2018-05-09 22:00:00,109.711,109.76,109.687,109.75,109.711,109.712
2018-05-09 23:00:00,109.751,109.752,109.69,109.743,109.751,109.752
2018-05-10 00:00:00,109.741,109.741,109.679,109.729,109.741,109.749
2018-05-10 01:00:00,109.729,109.766,109.728,109.745,109.729,109.73
2018-05-10 02:00:00,109.745,109.87,109.714,109.842,109.745,109.746
2018-05-10 03:00:00,109.843,109.922,109.806,109.86,109.843,109.843
2018-05-10 04:00:00,109.861,109.87,109.632,109.674,109.861,109.862
2018-05-10 05:00:00,109.673,109.748,109.631,109.727,109.673,109.675
2018-05-10 06:00:00,109.728,109.744,109.665,109.736,109.728,109.73
2018-05-10 07:00:00,109.736,109.742,109.661,109.69,109.736,109.738
2018-05-10 08:00:00,109.69,109.84,109.673,109.833,109.69,109.691
2018-05-10 09:00:00,109.833,109.897,109.776,109.893,109.833,109.836
2018-05-10 10:00:00,109.893,110.019,109.872,109.934,109.893,109.893
2018-05-10 11:00:00,109.933,109.94,109.771,109.771,109.933,109.935
2018-05-10 12:00:00,109.771,109.796,109.61,109.658,109.771,109.774
2018-05-10 13:00:00,109.657,109.702,109.623,109.656,109.657,109.66
2018-05-10 14:00:00,109.655,109.728,109.537,109.663,109.655,109.659
2018-05-10 15:00:00,109.664,109.664,109.317,109.423,109.664,109.665
2018-05-10 16:00:00,109.424,109.58,109.326,109.523,109.424,109.426
2018-05-10 17:00:00,109.522,109.617,109.406,109.6,109.522,109.524
2018-05-10 18:00:00,109.598,109.65,109.517,109.529,109.598,109.599
2018-05-10 19:00:00,109.529,109.567,109.436,109.447,109.529,109.531
2018-05-10 20:00:00,109.447,109.479,109.32,109.373,109.447,109.449
2018-05-10 21:00:00,109.373,109.438,109.323,109.38,109.373,109.375
2018-05-10 22:00:00,109.382,109.429,109.34,109.401,109.382,109.382
2018-05-10 23:00:00,109.401,109.434,109.382,109.393,109.401,109.402
2018-05-11 00:00:00,109.386,109.434,109.349,109.417,109.386,109.411
2018-05-11 01:00:00,109.418,109.435,109.38,109.407,109.418,109.426
2018-05-11 02:00:00,109.407,109.459,109.374,109.456,109.407,109.41
2018-05-11 03:00:00,109.456,109.568,109.193,109.236,109.456,109.458
2018-05-11 04:00:00,109.237,109.411,109.225,109.373,109.237,109.238
2018-05-11 05:00:00,109.372,109.433,109.362,109.426,109.372,109.372
2018-05-11 06:00:00,109.426,109.499,109.415,109.475,109.426,109.427
2018-05-11 07:00:00,109.474,109.487,109.406,109.45,109.474,109.477
2018-05-11 08:00:00,109.45,109.522,109.443,109.498,109.45,109.45
2018-05-11 09:00:00,109.496,109.513,109.269,109.351,109.496,109.498
2018-05-11 10:00:00,109.352,109.427,109.307,109.335,109.352,109.352
2018-05-11 11:00:00,109.335,109.392,109.263,109.269,109.335,109.336
2018-05-11 12:00:00,109.269,109.357,109.265,109.308,109.269,109.272
2018-05-11 13:00:00,109.309,109.353,109.257,109.283,109.309,109.311
2018-05-11 14:00:00,109.284,109.327,109.242,109.279,109.284,109.285
2018-05-11 15:00:00,109.278,109.334,109.212,109.241,109.278,109.279
2018-05-11 16:00:00,109.242,109.269,109.159,109.193,109.242,109.243
2018-05-11 17:00:00,109.192,109.403,109.151,109.38,109.192,109.195
2018-05-11 18:00:00,109.38,109.436,109.265,109.265,109.38,109.382
2018-05-11 19:00:00,109.265,109.3,109.213,109.223,109.265,109.267
2018-05-11 20:00:00,109.223,109.308,109.221,109.25,109.223,109.226
2018-05-11 21:00:00,109.251,109.35,109.251,109.289,109.251,109.252
2018-05-11 22:00:00,109.289,109.313,109.259,109.303,109.289,109.29
2018-05-11 23:00:00,109.305,109.385,109.292,109.374,109.305,109.306
2018-05-14 00:00:00,109.3,109.375,109.257,109.307,109.3,109.4
2018-05-14 01:00:00,109.309,109.404,109.307,109.363,109.309,109.338
2018-05-14 02:00:00,109.362,109.372,109.306,109.315,109.362,109.365
2018-05-14 03:00:00,109.314,109.343,109.208,109.263,109.314,109.317
2018-05-14 04:00:00,109.263,109.296,109.221,109.236,109.263,109.265
2018-05-14 05:00:00,109.237,109.354,109.23,109.325,109.237,109.238
2018-05-14 06:00:00,109.325,109.363,109.295,109.338,109.325,109.327
2018-05-14 07:00:00,109.338,109.388,109.335,109.385,109.338,109.339
2018-05-14 08:00:00,109.386,109.449,109.359,109.373,109.386,109.387
2018-05-14 09:00:00,109.372,109.492,109.315,109.484,109.372,109.374
2018-05-14 10:00:00,109.484,109.56,109.411,109.51,109.484,109.486
2018-05-14 11:00:00,109.511,109.557,109.472,109.546,109.511,109.512
2018-05-14 12:00:00,109.546,109.597,109.526,109.573,109.546,109.547
2018-05-14 13:00:00,109.573,109.594,109.486,109.497,109.573,109.576
2018-05-14 14:00:00,109.498,109.567,109.471,109.502,109.498,109.5
2018-05-14 15:00:00,109.501,109.53,109.458,109.509,109.501,109.503
2018-05-14 16:00:00,109.508,109.554,109.474,109.508,109.508,109.511
2018-05-14 17:00:00,109.508,109.602,109.505,109.54,109.508,109.509
2018-05-14 18:00:00,109.541,109.639,109.527,109.528,109.541,109.543
2018-05-14 19:00:00,109.527,109.602,109.423,109.426,109.527,109.529
2018-05-14 20:00:00,109.425,109.585,109.421,109.582,109.425,109.428
2018-05-14 21:00:00,109.582,109.671,109.577,109.66,109.582,109.586
2018-05-14 22:00:00,109.664,109.664,109.597,109.649,109.664,109.664
2018-05-14 23:00:00,109.648,109.659,109.615,109.644,109.648,109.65
2018-05-15 00:00:00,109.654,109.701,109.645,109.693,109.654,109.667
2018-05-15 01:00:00,109.692,109.715,109.659,109.71,109.692,109.699
2018-05-15 02:00:00,109.71,109.746,109.677,109.732,109.71,109.711
2018-05-15 03:00:00,109.731,109.793,109.662,109.721,109.731,109.734
2018-05-15 04:00:00,109.722,109.78,109.694,109.715,109.722,109.724
2018-05-15 05:00:00,109.715,109.756,109.69,109.714,109.715,109.716
2018-05-15 06:00:00,109.713,109.738,109.695,109.732,109.713,109.715
2018-05-15 07:00:00,109.731,109.925,109.723,109.907,109.731,109.733
2018-05-15 08:00:00,109.91,109.928,109.862,109.878,109.91,109.91
2018-05-15 09:00:00,109.877,110.003,109.853,109.865,109.877,109.878
2018-05-15 10:00:00,109.865,109.929,109.817,109.883,109.865,109.867
2018-05-15 11:00:00,109.883,109.965,109.817,109.963,109.883,109.886
2018-05-15 12:00:00,109.963,109.978,109.87,109.904,109.963,109.965
2018-05-15 13:00:00,109.905,109.948,109.875,109.906,109.905,109.907
2018-05-15 14:00:00,109.906,110.143,109.872,110.102,109.906,109.907
2018-05-15 15:00:00,110.102,110.302,109.999,110.205,110.102,110.104
2018-05-15 16:00:00,110.2,110.382,110.177,110.326,110.2,110.2
2018-05-15 17:00:00,110.324,110.35,110.242,110.297,110.324,110.327
2018-05-15 18:00:00,110.297,110.36,110.202,110.253,110.297,110.298
2018-05-15 19:00:00,110.252,110.352,110.226,110.287,110.252,110.254
2018-05-15 20:00:00,110.287,110.396,110.286,110.39,110.287,110.288
2018-05-15 21:00:00,110.39,110.455,110.248,110.36,110.39,110.392
2018-05-15 22:00:00,110.358,110.394,110.258,110.382,110.358,110.362
2018-05-15 23:00:00,110.379,110.395,110.284,110.353,110.379,110.382
2018-05-16 00:00:00,110.341,110.358,110.279,110.337,110.341,110.361
2018-05-16 01:00:00,110.336,110.386,110.25,110.287,110.336,110.348
2018-05-16 02:00:00,110.288,110.318,110.198,110.293,110.288,110.29
2018-05-16 03:00:00,110.292,110.341,110.227,110.328,110.292,110.296
2018-05-16 04:00:00,110.329,110.385,110.306,110.337,110.329,110.329
2018-05-16 05:00:00,110.342,110.342,110.197,110.256,110.342,110.342
2018-05-16 06:00:00,110.257,110.301,110.251,110.278,110.257,110.257
2018-05-16 07:00:00,110.279,110.313,110.241,110.251,110.279,110.279
2018-05-16 08:00:00,110.25,110.298,110.219,110.252,110.25,110.251
2018-05-16 09:00:00,110.251,110.306,110.163,110.198,110.251,110.254
2018-05-16 10:00:00,110.201,110.255,110.078,110.182,110.201,110.201
2018-05-16 11:00:00,110.182,110.249,110.129,110.176,110.182,110.183
2018-05-16 12:00:00,110.178,110.202,110.099,110.153,110.178,110.18
2018-05-16 13:00:00,110.154,110.182,110.094,110.095,110.154,110.157
2018-05-16 14:00:00,110.094,110.277,110.094,110.171,110.094,110.097
2018-05-16 15:00:00,110.17,110.228,110.076,110.12,110.17,110.173
2018-05-16 16:00:00,110.12,110.207,110.04,110.207,110.12,110.123
2018-05-16 17:00:00,110.207,110.316,110.187,110.31,110.207,110.208
2018-05-16 18:00:00,110.308,110.348,110.187,110.228,110.308,110.311
2018-05-16 19:00:00,110.227,110.237,110.08,110.085,110.227,110.23
2018-05-16 20:00:00,110.086,110.184,110.083,110.14,110.086,110.086
2018-05-16 21:00:00,110.139,110.269,110.115,110.263,110.139,110.142
2018-05-16 22:00:00,110.263,110.353,110.233,110.347,110.263,110.265
2018-05-16 23:00:00,110.348,110.403,110.297,110.403,110.348,110.349
2018-05-17 00:00:00,110.392,110.393,110.27,110.287,110.392,110.399
2018-05-17 01:00:00,110.288,110.32,110.273,110.295,110.288,110.297
2018-05-17 02:00:00,110.295,110.396,110.295,110.369,110.295,110.298
2018-05-17 03:00:00,110.369,110.401,110.304,110.334,110.369,110.369
2018-05-17 04:00:00,110.333,110.373,110.265,110.313,110.333,110.335
2018-05-17 05:00:00,110.312,110.315,110.072,110.158,110.312,110.313
2018-05-17 06:00:00,110.158,110.224,110.105,110.214,110.158,110.161
2018-05-17 07:00:00,110.214,110.337,110.178,110.32,110.214,110.216
2018-05-17 08:00:00,110.321,110.34,110.239,110.259,110.321,110.322
2018-05-17 09:00:00,110.26,110.572,110.258,110.45,110.26,110.261
2018-05-17 10:00:00,110.45,110.632,110.445,110.553,110.45,110.451
2018-05-17 11:00:00,110.552,110.744,110.535,110.672,110.552,110.555
2018-05-17 12:00:00,110.672,110.735,110.64,110.69,110.672,110.673
2018-05-17 13:00:00,110.691,110.7,110.571,110.579,110.691,110.691
2018-05-17 14:00:00,110.58,110.695,110.562,110.642,110.58,110.581
2018-05-17 15:00:00,110.643,110.803,110.638,110.752,110.643,110.644
2018-05-17 16:00:00,110.752,110.791,110.661,110.791,110.752,110.754
2018-05-17 17:00:00,110.791,110.83,110.71,110.826,110.791,110.792
2018-05-17 18:00:00,110.822,110.859,110.766,110.766,110.822,110.822
2018-05-17 19:00:00,110.766,110.772,110.628,110.646,110.766,110.767
2018-05-17 20:00:00,110.647,110.727,110.644,110.688,110.647,110.648
2018-05-17 21:00:00,110.687,110.76,110.655,110.756,110.687,110.687
2018-05-17 22:00:00,110.756,110.806,110.738,110.772,110.756,110.756
2018-05-17 23:00:00,110.773,110.788,110.752,110.773,110.773,110.775
2018-05-18 00:00:00,110.744,110.807,110.721,110.782,110.744,110.78
2018-05-18 01:00:00,110.782,110.859,110.78,110.787,110.782,110.792
2018-05-18 02:00:00,110.786,110.852,110.769,110.848,110.786,110.789
2018-05-18 03:00:00,110.848,110.92,110.82,110.882,110.848,110.851
2018-05-18 04:00:00,110.882,110.992,110.881,110.932,110.882,110.884
2018-05-18 05:00:00,110.931,110.992,110.898,110.98,110.931,110.934
2018-05-18 06:00:00,110.98,111.004,110.91,110.953,110.98,110.982
2018-05-18 07:00:00,110.953,110.962,110.914,110.921,110.953,110.956
2018-05-18 08:00:00,110.921,110.944,110.818,110.847,110.921,110.922
2018-05-18 09:00:00,110.847,110.907,110.807,110.823,110.847,110.848
2018-05-18 10:00:00,110.823,110.909,110.81,110.898,110.823,110.825
2018-05-18 11:00:00,110.898,111.02,110.886,110.946,110.898,110.899
2018-05-18 12:00:00,110.947,111.042,110.901,110.975,110.947,110.949
2018-05-18 13:00:00,110.974,111.049,110.952,111.034,110.974,110.975
2018-05-18 14:00:00,111.035,111.082,110.945,110.945,111.035,111.036
2018-05-18 15:00:00,110.944,111.016,110.911,110.95,110.944,110.946
2018-05-18 16:00:00,110.949,111.005,110.848,110.919,110.949,110.951
2018-05-18 17:00:00,110.92,110.948,110.652,110.681,110.92,110.92
2018-05-18 18:00:00,110.682,110.782,110.666,110.712,110.682,110.682
2018-05-18 19:00:00,110.713,110.72,110.61,110.62,110.713,110.713
2018-05-18 20:00:00,110.621,110.692,110.614,110.681,110.621,110.622
2018-05-18 21:00:00,110.683,110.711,110.659,110.677,110.683,110.683
2018-05-18 22:00:00,110.679,110.726,110.663,110.725,110.679,110.681
2018-05-18 23:00:00,110.725,110.778,110.693,110.748,110.725,110.727
2018-05-21 00:00:00,110.872,110.908,110.854,110.881,110.872,110.922
2018-05-21 01:00:00,110.882,110.9,110.822,110.868,110.882,110.894
2018-05-21 02:00:00,110.868,110.901,110.842,110.894,110.868,110.871
2018-05-21 03:00:00,110.894,111.07,110.891,111.029,110.894,110.895
2018-05-21 04:00:00,111.029,111.071,110.949,110.953,111.029,111.032
2018-05-21 05:00:00,110.954,111.062,110.953,111.058,110.954,110.954
2018-05-21 06:00:00,111.059,111.142,111.052,111.14,111.059,111.06
2018-05-21 07:00:00,111.141,111.246,111.135,111.239,111.141,111.143
2018-05-21 08:00:00,111.239,111.376,111.216,111.307,111.239,111.24
2018-05-21 09:00:00,111.307,111.389,111.283,111.356,111.307,111.309
2018-05-21 10:00:00,111.355,111.396,111.285,111.359,111.355,111.356
2018-05-21 11:00:00,111.359,111.384,111.264,111.306,111.359,111.362
2018-05-21 12:00:00,111.306,111.328,111.251,111.274,111.306,111.308
2018-05-21 13:00:00,111.275,111.35,111.269,111.347,111.275,111.276
2018-05-21 14:00:00,111.346,111.364,111.244,111.246,111.346,111.347
2018-05-21 15:00:00,111.248,111.332,111.237,111.258,111.248,111.248
2018-05-21 16:00:00,111.257,111.262,111.122,111.122,111.257,111.257
2018-05-21 17:00:00,111.126,111.257,111.103,111.202,111.126,111.126
2018-05-21 18:00:00,111.201,111.249,111.08,111.09,111.201,111.202
2018-05-21 19:00:00,111.09,111.113,111.015,111.021,111.09,111.091
2018-05-21 20:00:00,111.022,111.098,111.0,111.097,111.022,111.023
2018-05-21 21:00:00,111.098,111.146,111.088,111.112,111.098,111.098
2018-05-21 22:00:00,111.114,111.114,111.02,111.032,111.114,111.115
2018-05-21 23:00:00,111.031,111.057,110.954,111.044,111.031,111.032
2018-05-22 00:00:00,111.034,111.071,111.007,111.029,111.034,111.064
2018-05-22 01:00:00,111.031,111.035,110.946,110.957,111.031,111.037
2018-05-22 02:00:00,110.958,111.056,110.918,110.998,110.958,110.961
2018-05-22 03:00:00,110.997,111.029,110.876,110.964,110.997,110.998
2018-05-22 04:00:00,110.963,111.008,110.865,110.873,110.963,110.964
2018-05-22 05:00:00,110.873,110.945,110.861,110.902,110.873,110.875
2018-05-22 06:00:00,110.901,110.939,110.84,110.916,110.901,110.903
2018-05-22 07:00:00,110.916,110.965,110.897,110.939,110.916,110.919
2018-05-22 08:00:00,110.939,110.963,110.894,110.906,110.939,110.941
2018-05-22 09:00:00,110.906,111.13,110.904,111.124,110.906,110.907
2018-05-22 10:00:00,111.124,111.185,111.061,111.076,111.124,111.125
2018-05-22 11:00:00,111.076,111.078,110.912,110.994,111.076,111.078
2018-05-22 12:00:00,110.994,111.028,110.906,110.907,110.994,110.995
2018-05-22 13:00:00,110.906,110.999,110.898,110.989,110.906,110.906
2018-05-22 14:00:00,110.988,110.989,110.8,110.852,110.988,110.99
2018-05-22 15:00:00,110.852,110.957,110.796,110.912,110.852,110.852
2018-05-22 16:00:00,110.913,110.986,110.855,110.954,110.913,110.914
2018-05-22 17:00:00,110.958,111.048,110.915,111.021,110.958,110.958
2018-05-22 18:00:00,111.022,111.08,110.928,110.939,111.022,111.023
2018-05-22 19:00:00,110.939,111.016,110.934,110.943,110.939,110.94
2018-05-22 20:00:00,110.942,111.02,110.942,110.949,110.942,110.943
2018-05-22 21:00:00,110.951,111.024,110.948,111.009,110.951,110.951
2018-05-22 22:00:00,111.01,111.01,110.87,110.883,111.01,111.01
2018-05-22 23:00:00,110.883,110.933,110.858,110.896,110.883,110.885
2018-05-23 00:00:00,110.892,110.92,110.855,110.906,110.892,110.908
2018-05-23 01:00:00,110.906,110.918,110.772,110.825,110.906,110.915
2018-05-23 02:00:00,110.824,110.851,110.723,110.737,110.824,110.828
2018-05-23 03:00:00,110.737,110.878,110.724,110.853,110.737,110.737
2018-05-23 04:00:00,110.853,110.853,110.417,110.498,110.853,110.855
2018-05-23 05:00:00,110.499,110.545,110.429,110.463,110.499,110.501
2018-05-23 06:00:00,110.462,110.546,110.378,110.524,110.462,110.464
2018-05-23 07:00:00,110.525,110.532,110.472,110.492,110.525,110.526
2018-05-23 08:00:00,110.492,110.517,110.415,110.505,110.492,110.494
2018-05-23 09:00:00,110.505,110.525,110.316,110.322,110.505,110.508
2018-05-23 10:00:00,110.32,110.34,109.934,109.996,110.32,110.325
2018-05-23 11:00:00,109.996,110.02,109.78,109.865,109.996,109.998
2018-05-23 12:00:00,109.864,109.867,109.557,109.597,109.864,109.867
2018-05-23 13:00:00,109.597,109.856,109.597,109.74,109.597,109.598
2018-05-23 14:00:00,109.74,109.824,109.648,109.727,109.74,109.743
2018-05-23 15:00:00,109.726,109.982,109.674,109.905,109.726,109.726
2018-05-23 16:00:00,109.906,110.15,109.905,110.077,109.906,109.908
2018-05-23 17:00:00,110.078,110.179,109.898,109.952,110.078,110.08
2018-05-23 18:00:00,109.951,110.086,109.891,110.047,109.951,109.952
2018-05-23 19:00:00,110.048,110.255,110.047,110.253,110.048,110.049
2018-05-23 20:00:00,110.253,110.328,110.195,110.29,110.253,110.256
2018-05-23 21:00:00,110.291,110.331,110.05,110.077,110.291,110.294
2018-05-23 22:00:00,110.076,110.184,110.067,110.131,110.076,110.078
2018-05-23 23:00:00,110.13,110.139,110.006,110.082,110.13,110.133
2018-05-24 00:00:00,110.069,110.09,109.931,109.947,110.069,110.09
2018-05-24 01:00:00,109.947,109.996,109.947,109.991,109.947,109.957
2018-05-24 02:00:00,109.989,110.044,109.855,109.879,109.989,109.991
2018-05-24 03:00:00,109.879,109.934,109.654,109.669,109.879,109.88
2018-05-24 04:00:00,109.668,109.708,109.449,109.521,109.668,109.668
2018-05-24 05:00:00,109.52,109.664,109.476,109.618,109.52,109.522
2018-05-24 06:00:00,109.619,109.655,109.381,109.464,109.619,109.622
2018-05-24 07:00:00,109.463,109.519,109.425,109.481,109.463,109.466
2018-05-24 08:00:00,109.482,109.489,109.332,109.463,109.482,109.484
2018-05-24 09:00:00,109.463,109.632,109.367,109.547,109.463,109.466
2018-05-24 10:00:00,109.547,109.661,109.491,109.625,109.547,109.548
2018-05-24 11:00:00,109.626,109.752,109.602,109.708,109.626,109.628
2018-05-24 12:00:00,109.708,109.752,109.628,109.705,109.708,109.71
2018-05-24 13:00:00,109.706,109.766,109.671,109.681,109.706,109.706
2018-05-24 14:00:00,109.682,109.708,109.61,109.624,109.682,109.682
2018-05-24 15:00:00,109.625,109.728,109.513,109.64,109.625,109.627
2018-05-24 16:00:00,109.639,109.639,109.106,109.161,109.639,109.64
2018-05-24 17:00:00,109.16,109.224,108.993,109.038,109.16,109.163
2018-05-24 18:00:00,109.037,109.308,108.954,109.304,109.037,109.04
2018-05-24 19:00:00,109.304,109.33,109.245,109.328,109.304,109.305
2018-05-24 20:00:00,109.328,109.376,109.279,109.308,109.328,109.331
2018-05-24 21:00:00,109.308,109.37,109.286,109.289,109.308,109.309
2018-05-24 22:00:00,109.291,109.325,109.228,109.273,109.291,109.292
2018-05-24 23:00:00,109.272,109.311,109.246,109.248,109.272,109.274
2018-05-25 00:00:00,109.241,109.287,109.085,109.189,109.241,109.271
2018-05-25 01:00:00,109.189,109.27,109.131,109.26,109.189,109.218
2018-05-25 02:00:00,109.263,109.341,109.244,109.315,109.263,109.266
2018-05-25 03:00:00,109.314,109.55,109.238,109.523,109.314,109.314
2018-05-25 04:00:00,109.523,109.744,109.521,109.621,109.523,109.524
2018-05-25 05:00:00,109.622,109.643,109.539,109.573,109.622,109.623
2018-05-25 06:00:00,109.574,109.604,109.539,109.577,109.574,109.575
2018-05-25 07:00:00,109.578,109.583,109.513,109.539,109.578,109.58
2018-05-25 08:00:00,109.54,109.591,109.536,109.566,109.54,109.54
2018-05-25 09:00:00,109.566,109.576,109.381,109.387,109.566,109.566
2018-05-25 10:00:00,109.387,109.464,109.344,109.379,109.387,109.388
2018-05-25 11:00:00,109.379,109.544,109.33,109.537,109.379,109.381
2018-05-25 12:00:00,109.538,109.596,109.451,109.465,109.538,109.539
2018-05-25 13:00:00,109.464,109.49,109.39,109.417,109.464,109.466
2018-05-25 14:00:00,109.418,109.493,109.371,109.382,109.418,109.419
2018-05-25 15:00:00,109.38,109.489,109.297,109.352,109.38,109.38
2018-05-25 16:00:00,109.353,109.379,109.122,109.185,109.353,109.354
2018-05-25 17:00:00,109.186,109.362,109.16,109.269,109.186,109.187
2018-05-25 18:00:00,109.267,109.431,109.241,109.355,109.267,109.269
2018-05-25 19:00:00,109.356,109.429,109.334,109.429,109.356,109.357
2018-05-25 20:00:00,109.429,109.46,109.37,109.429,109.429,109.431
2018-05-25 21:00:00,109.429,109.482,109.368,109.38,109.429,109.431
2018-05-25 22:00:00,109.379,109.492,109.377,109.458,109.379,109.381
2018-05-25 23:00:00,109.456,109.572,109.407,109.413,109.456,109.458
2018-05-28 00:00:00,109.75,109.83,109.589,109.8,109.75,109.795
2018-05-28 01:00:00,109.803,109.807,109.617,109.644,109.803,109.81
2018-05-28 02:00:00,109.643,109.663,109.608,109.613,109.643,109.646
2018-05-28 03:00:00,109.612,109.749,109.464,109.479,109.612,109.612
2018-05-28 04:00:00,109.48,109.523,109.315,109.378,109.48,109.481
2018-05-28 05:00:00,109.377,109.448,109.366,109.44,109.377,109.379
2018-05-28 06:00:00,109.442,109.481,109.373,109.444,109.442,109.443
2018-05-28 07:00:00,109.445,109.499,109.37,109.406,109.445,109.446
2018-05-28 08:00:00,109.406,109.566,109.391,109.559,109.406,109.406
2018-05-28 09:00:00,109.558,109.613,109.435,109.455,109.558,109.56
2018-05-28 10:00:00,109.453,109.471,109.385,109.45,109.453,109.454
2018-05-28 11:00:00,109.45,109.492,109.383,109.39,109.45,109.454
2018-05-28 12:00:00,109.391,109.475,109.371,109.422,109.391,109.393
2018-05-28 13:00:00,109.422,109.424,109.301,109.38,109.422,109.426
2018-05-28 14:00:00,109.38,109.39,109.331,109.35,109.38,109.382
2018-05-28 15:00:00,109.348,109.374,109.234,109.35,109.348,109.348
2018-05-28 16:00:00,109.351,109.351,109.251,109.286,109.351,109.353
2018-05-28 17:00:00,109.285,109.374,109.263,109.356,109.285,109.287
2018-05-28 18:00:00,109.356,109.378,109.329,109.364,109.356,109.356
2018-05-28 19:00:00,109.364,109.438,109.364,109.418,109.364,109.364
2018-05-28 20:00:00,109.417,109.417,109.315,109.363,109.417,109.42
2018-05-28 21:00:00,109.363,109.4,109.334,109.379,109.363,109.37
2018-05-28 22:00:00,109.38,109.432,109.367,109.423,109.38,109.388
2018-05-28 23:00:00,109.422,109.436,109.388,109.409,109.422,109.438
2018-05-29 00:00:00,109.398,109.425,109.256,109.375,109.398,109.429
2018-05-29 01:00:00,109.377,109.467,109.372,109.45,109.377,109.386
2018-05-29 02:00:00,109.451,109.458,109.368,109.401,109.451,109.453
2018-05-29 03:00:00,109.401,109.402,109.137,109.206,109.401,109.401
2018-05-29 04:00:00,109.206,109.241,108.916,109.081,109.206,109.208
2018-05-29 05:00:00,109.081,109.081,108.965,109.017,109.081,109.083
2018-05-29 06:00:00,109.018,109.084,108.967,109.07,109.018,109.021
2018-05-29 07:00:00,109.069,109.096,108.962,109.079,109.069,109.072
2018-05-29 08:00:00,109.08,109.124,108.986,109.087,109.08,109.082
2018-05-29 09:00:00,109.087,109.109,108.851,108.949,109.087,109.089
2018-05-29 10:00:00,108.95,108.956,108.708,108.742,108.95,108.95
2018-05-29 11:00:00,108.743,108.795,108.426,108.603,108.743,108.745
2018-05-29 12:00:00,108.603,108.94,108.544,108.881,108.603,108.603
2018-05-29 13:00:00,108.883,108.935,108.744,108.868,108.883,108.886
2018-05-29 14:00:00,108.871,108.978,108.799,108.965,108.871,108.871
2018-05-29 15:00:00,108.965,109.009,108.852,108.94,108.965,108.966
2018-05-29 16:00:00,108.941,109.062,108.817,108.989,108.941,108.943
2018-05-29 17:00:00,108.989,109.108,108.763,108.851,108.989,109.0
2018-05-29 18:00:00,108.85,108.9,108.586,108.606,108.85,108.851
2018-05-29 19:00:00,108.604,108.785,108.529,108.767,108.604,108.605
2018-05-29 20:00:00,108.766,108.767,108.531,108.536,108.766,108.767
2018-05-29 21:00:00,108.534,108.585,108.113,108.241,108.534,108.535
2018-05-29 22:00:00,108.242,108.666,108.209,108.658,108.242,108.244
2018-05-29 23:00:00,108.658,108.786,108.585,108.768,108.658,108.658
2018-05-30 00:00:00,108.754,108.781,108.55,108.576,108.754,108.789
2018-05-30 01:00:00,108.575,108.669,108.536,108.629,108.575,108.587
2018-05-30 02:00:00,108.628,108.628,108.352,108.406,108.628,108.628
2018-05-30 03:00:00,108.406,108.6,108.384,108.488,108.406,108.411
2018-05-30 04:00:00,108.487,108.78,108.433,108.55,108.487,108.487
2018-05-30 05:00:00,108.553,108.642,108.466,108.605,108.553,108.553
2018-05-30 06:00:00,108.606,108.72,108.585,108.61,108.606,108.608
2018-05-30 07:00:00,108.611,108.702,108.598,108.638,108.611,108.612
2018-05-30 08:00:00,108.638,108.714,108.471,108.682,108.638,108.639
2018-05-30 09:00:00,108.684,108.887,108.657,108.846,108.684,108.687
2018-05-30 10:00:00,108.846,108.874,108.653,108.722,108.846,108.846
2018-05-30 11:00:00,108.723,108.832,108.541,108.655,108.723,108.725
2018-05-30 12:00:00,108.656,108.803,108.574,108.789,108.656,108.657
2018-05-30 13:00:00,108.789,108.903,108.729,108.892,108.789,108.79
2018-05-30 14:00:00,108.891,108.979,108.859,108.962,108.891,108.895
2018-05-30 15:00:00,108.965,108.968,108.754,108.836,108.965,108.965
2018-05-30 16:00:00,108.837,108.934,108.81,108.82,108.837,108.839
2018-05-30 17:00:00,108.819,108.968,108.813,108.908,108.819,108.821
2018-05-30 18:00:00,108.907,109.074,108.859,109.069,108.907,108.909
2018-05-30 19:00:00,109.069,109.069,108.912,108.914,109.069,109.069
2018-05-30 20:00:00,108.913,108.968,108.891,108.938,108.913,108.915
2018-05-30 21:00:00,108.94,108.94,108.828,108.869,108.94,108.94
2018-05-30 22:00:00,108.87,108.95,108.867,108.942,108.87,108.87
2018-05-30 23:00:00,108.94,108.94,108.866,108.901,108.94,108.94
2018-05-31 00:00:00,108.904,108.905,108.82,108.892,108.904,108.911
2018-05-31 01:00:00,108.892,108.892,108.785,108.825,108.892,108.899
2018-05-31 02:00:00,108.825,108.835,108.705,108.728,108.825,108.829
2018-05-31 03:00:00,108.727,108.738,108.536,108.716,108.727,108.73
2018-05-31 04:00:00,108.716,108.727,108.542,108.573,108.716,108.717
2018-05-31 05:00:00,108.574,108.702,108.571,108.635,108.574,108.576
2018-05-31 06:00:00,108.636,108.807,108.636,108.765,108.636,108.638
2018-05-31 07:00:00,108.766,108.793,108.683,108.709,108.766,108.766
2018-05-31 08:00:00,108.708,108.854,108.641,108.791,108.708,108.71
2018-05-31 09:00:00,108.79,108.804,108.624,108.625,108.79,108.792
2018-05-31 10:00:00,108.625,108.774,108.57,108.761,108.625,108.627
2018-05-31 11:00:00,108.76,108.945,108.673,108.945,108.76,108.763
2018-05-31 12:00:00,108.945,109.004,108.811,108.843,108.945,108.947
2018-05-31 13:00:00,108.842,108.948,108.806,108.93,108.842,108.844
2018-05-31 14:00:00,108.929,108.939,108.817,108.854,108.929,108.931
2018-05-31 15:00:00,108.853,108.929,108.756,108.82,108.853,108.855
2018-05-31 16:00:00,108.822,108.822,108.458,108.469,108.822,108.823
2018-05-31 17:00:00,108.47,108.66,108.386,108.631,108.47,108.47
2018-05-31 18:00:00,108.63,108.836,108.57,108.728,108.63,108.631
2018-05-31 19:00:00,108.727,108.773,108.661,108.738,108.727,108.729
2018-05-31 20:00:00,108.737,108.879,108.662,108.667,108.737,108.739
2018-05-31 21:00:00,108.668,108.713,108.616,108.634,108.668,108.669
2018-05-31 22:00:00,108.636,108.792,108.634,108.782,108.636,108.637
2018-05-31 23:00:00,108.78,108.859,108.77,108.809,108.78,108.781
2018-06-01 00:00:00,108.804,108.828,108.772,108.773,108.804,108.838
2018-06-01 01:00:00,108.777,108.841,108.766,108.773,108.777,108.785
2018-06-01 02:00:00,108.773,108.786,108.722,108.786,108.773,108.778
2018-06-01 03:00:00,108.787,108.936,108.756,108.865,108.787,108.787
2018-06-01 04:00:00,108.865,109.199,108.732,109.051,108.865,108.866
2018-06-01 05:00:00,109.051,109.17,109.014,109.164,109.051,109.053
2018-06-01 06:00:00,109.163,109.241,109.146,109.155,109.163,109.165
2018-06-01 07:00:00,109.155,109.169,109.07,109.106,109.155,109.156
2018-06-01 08:00:00,109.107,109.128,109.032,109.068,109.107,109.11
2018-06-01 09:00:00,109.069,109.226,109.068,109.164,109.069,109.07
2018-06-01 10:00:00,109.165,109.236,109.109,109.196,109.165,109.166
2018-06-01 11:00:00,109.196,109.213,109.073,109.211,109.196,109.197
2018-06-01 12:00:00,109.211,109.273,109.159,109.267,109.211,109.211
2018-06-01 13:00:00,109.267,109.307,109.182,109.187,109.267,109.269
2018-06-01 14:00:00,109.188,109.441,109.175,109.439,109.188,109.188
2018-06-01 15:00:00,109.438,109.696,109.41,109.687,109.438,109.438
2018-06-01 16:00:00,109.687,109.734,109.597,109.713,109.687,109.687
2018-06-01 17:00:00,109.718,109.734,109.458,109.553,109.718,109.721
2018-06-01 18:00:00,109.552,109.597,109.427,109.497,109.552,109.554
2018-06-01 19:00:00,109.497,109.531,109.462,109.491,109.497,109.498
2018-06-01 20:00:00,109.492,109.539,109.458,109.518,109.492,109.493
2018-06-01 21:00:00,109.519,109.532,109.422,109.51,109.519,109.52
2018-06-01 22:00:00,109.508,109.584,109.498,109.578,109.508,109.508
2018-06-01 23:00:00,109.581,109.583,109.454,109.515,109.581,109.582
2018-06-04 00:00:00,109.455,109.475,109.45,109.475,109.455,109.48
2018-06-04 01:00:00,109.475,109.555,109.473,109.553,109.475,109.483
2018-06-04 02:00:00,109.552,109.62,109.479,109.605,109.552,109.558
2018-06-04 03:00:00,109.604,109.768,109.564,109.729,109.604,109.604
2018-06-04 04:00:00,109.729,109.732,109.555,109.602,109.729,109.731
2018-06-04 05:00:00,109.603,109.654,109.592,109.625,109.603,109.606
2018-06-04 06:00:00,109.626,109.656,109.603,109.61,109.626,109.626
2018-06-04 07:00:00,109.61,109.634,109.59,109.625,109.61,109.613
2018-06-04 08:00:00,109.625,109.701,109.61,109.628,109.625,109.626
2018-06-04 09:00:00,109.628,109.726,109.605,109.657,109.628,109.629
2018-06-04 10:00:00,109.658,109.661,109.516,109.585,109.658,109.659
2018-06-04 11:00:00,109.586,109.586,109.459,109.533,109.586,109.587
2018-06-04 12:00:00,109.532,109.641,109.497,109.617,109.532,109.535
2018-06-04 13:00:00,109.618,109.641,109.504,109.509,109.618,109.618
2018-06-04 14:00:00,109.509,109.537,109.446,109.452,109.509,109.511
2018-06-04 15:00:00,109.452,109.53,109.371,109.511,109.452,109.453
2018-06-04 16:00:00,109.509,109.603,109.471,109.576,109.509,109.512
2018-06-04 17:00:00,109.576,109.656,109.462,109.641,109.576,109.579
2018-06-04 18:00:00,109.642,109.727,109.624,109.664,109.642,109.643
2018-06-04 19:00:00,109.664,109.746,109.657,109.689,109.664,109.664
2018-06-04 20:00:00,109.69,109.747,109.654,109.708,109.69,109.691
2018-06-04 21:00:00,109.706,109.747,109.674,109.735,109.706,109.708
2018-06-04 22:00:00,109.736,109.838,109.716,109.831,109.736,109.738
2018-06-04 23:00:00,109.831,109.854,109.807,109.816,109.831,109.833
2018-06-05 00:00:00,109.813,109.813,109.769,109.81,109.813,109.819
2018-06-05 01:00:00,109.81,109.907,109.798,109.901,109.81,109.81
2018-06-05 02:00:00,109.901,109.993,109.894,109.966,109.901,109.904
2018-06-05 03:00:00,109.967,109.981,109.804,109.886,109.967,109.969
2018-06-05 04:00:00,109.886,109.93,109.847,109.885,109.886,109.888
2018-06-05 05:00:00,109.886,109.899,109.772,109.886,109.886,109.887
2018-06-05 06:00:00,109.887,109.891,109.831,109.877,109.887,109.888
2018-06-05 07:00:00,109.877,109.987,109.831,109.951,109.877,109.879
2018-06-05 08:00:00,109.952,110.005,109.848,109.861,109.952,109.953
2018-06-05 09:00:00,109.86,109.903,109.794,109.794,109.86,109.863
2018-06-05 10:00:00,109.794,109.895,109.73,109.823,109.794,109.794
2018-06-05 11:00:00,109.824,109.851,109.744,109.748,109.824,109.827
2018-06-05 12:00:00,109.749,109.818,109.741,109.759,109.749,109.751
2018-06-05 13:00:00,109.758,109.813,109.702,109.808,109.758,109.759
2018-06-05 14:00:00,109.807,109.813,109.738,109.754,109.807,109.808
2018-06-05 15:00:00,109.753,109.772,109.651,109.673,109.753,109.754
2018-06-05 16:00:00,109.673,109.804,109.601,109.765,109.673,109.675
2018-06-05 17:00:00,109.784,109.901,109.758,109.82,109.784,109.785
2018-06-05 18:00:00,109.821,109.824,109.573,109.635,109.821,109.821
2018-06-05 19:00:00,109.635,109.705,109.473,109.574,109.635,109.635
2018-06-05 20:00:00,109.573,109.678,109.559,109.602,109.573,109.575
2018-06-05 21:00:00,109.603,109.763,109.601,109.756,109.603,109.605
2018-06-05 22:00:00,109.756,109.762,109.704,109.728,109.756,109.757
2018-06-05 23:00:00,109.727,109.817,109.727,109.794,109.727,109.728
2018-06-06 00:00:00,109.778,109.839,109.776,109.837,109.778,109.806
2018-06-06 01:00:00,109.836,109.873,109.821,109.826,109.836,109.845
2018-06-06 02:00:00,109.828,109.903,109.802,109.886,109.828,109.831
2018-06-06 03:00:00,109.887,109.941,109.795,109.826,109.887,109.891
2018-06-06 04:00:00,109.826,109.919,109.822,109.869,109.826,109.827
2018-06-06 05:00:00,109.868,109.893,109.816,109.832,109.868,109.871
2018-06-06 06:00:00,109.832,109.881,109.831,109.859,109.832,109.834
2018-06-06 07:00:00,109.859,109.973,109.856,109.938,109.859,109.86
2018-06-06 08:00:00,109.937,109.968,109.885,109.885,109.937,109.941
2018-06-06 09:00:00,109.885,110.067,109.859,110.02,109.885,109.887
2018-06-06 10:00:00,110.021,110.148,110.018,110.083,110.021,110.023
2018-06-06 11:00:00,110.083,110.09,110.012,110.059,110.083,110.083
2018-06-06 12:00:00,110.058,110.174,110.047,110.16,110.058,110.06
2018-06-06 13:00:00,110.16,110.215,110.138,110.175,110.16,110.162
2018-06-06 14:00:00,110.173,110.229,110.155,110.21,110.173,110.175
2018-06-06 15:00:00,110.214,110.23,110.058,110.091,110.214,110.214
2018-06-06 16:00:00,110.091,110.105,109.94,109.988,110.091,110.093
2018-06-06 17:00:00,109.986,110.052,109.892,110.037,109.986,109.986
2018-06-06 18:00:00,110.037,110.076,109.964,110.005,110.037,110.038
2018-06-06 19:00:00,110.005,110.136,109.99,110.122,110.005,110.006
2018-06-06 20:00:00,110.12,110.194,110.094,110.175,110.12,110.12
2018-06-06 21:00:00,110.174,110.19,110.095,110.188,110.174,110.175
2018-06-06 22:00:00,110.188,110.266,110.185,110.21,110.188,110.19
2018-06-06 23:00:00,110.21,110.219,110.177,110.187,110.21,110.21
2018-06-07 00:00:00,110.177,110.186,110.108,110.144,110.177,110.188
2018-06-07 01:00:00,110.144,110.175,110.133,110.162,110.144,110.148
2018-06-07 02:00:00,110.162,110.176,110.116,110.136,110.162,110.166
2018-06-07 03:00:00,110.136,110.222,110.09,110.154,110.136,110.137
2018-06-07 04:00:00,110.154,110.175,109.95,109.971,110.154,110.155
2018-06-07 05:00:00,109.972,110.044,109.912,109.927,109.972,109.973
2018-06-07 06:00:00,109.926,109.977,109.865,109.954,109.926,109.927
2018-06-07 07:00:00,109.954,110.021,109.891,109.904,109.954,109.955
2018-06-07 08:00:00,109.902,109.954,109.888,109.94,109.902,109.905
2018-06-07 09:00:00,109.939,110.069,109.928,110.038,109.939,109.942
2018-06-07 10:00:00,110.037,110.055,109.843,109.891,110.037,110.037
2018-06-07 11:00:00,109.892,109.982,109.86,109.942,109.892,109.894
2018-06-07 12:00:00,109.944,109.965,109.895,109.919,109.944,109.944
2018-06-07 13:00:00,109.92,110.01,109.91,109.977,109.92,109.922
2018-06-07 14:00:00,109.979,110.092,109.963,110.017,109.979,109.979
2018-06-07 15:00:00,110.018,110.072,109.962,109.988,110.018,110.02
2018-06-07 16:00:00,109.989,110.042,109.938,110.022,109.989,109.99
2018-06-07 17:00:00,110.023,110.027,109.866,109.99,110.023,110.023
2018-06-07 18:00:00,109.992,110.045,109.893,109.918,109.992,109.992
2018-06-07 19:00:00,109.919,109.947,109.704,109.776,109.919,109.919
2018-06-07 20:00:00,109.777,109.782,109.476,109.626,109.777,109.778
2018-06-07 21:00:00,109.625,109.758,109.556,109.72,109.625,109.628
2018-06-07 22:00:00,109.725,109.76,109.62,109.696,109.725,109.725
2018-06-07 23:00:00,109.694,109.751,109.676,109.695,109.694,109.695
2018-06-08 00:00:00,109.689,109.725,109.65,109.702,109.689,109.71
2018-06-08 01:00:00,109.702,109.715,109.648,109.691,109.702,109.709
2018-06-08 02:00:00,109.691,109.749,109.606,109.719,109.691,109.695
2018-06-08 03:00:00,109.719,109.833,109.675,109.801,109.719,109.721
2018-06-08 04:00:00,109.802,109.852,109.721,109.746,109.802,109.803
2018-06-08 05:00:00,109.747,109.805,109.697,109.782,109.747,109.75
2018-06-08 06:00:00,109.781,109.793,109.683,109.704,109.781,109.784
2018-06-08 07:00:00,109.703,109.719,109.635,109.655,109.703,109.705
2018-06-08 08:00:00,109.655,109.731,109.619,109.661,109.655,109.657
2018-06-08 09:00:00,109.662,109.688,109.487,109.499,109.662,109.664
2018-06-08 10:00:00,109.497,109.504,109.346,109.414,109.497,109.498
2018-06-08 11:00:00,109.414,109.43,109.298,109.321,109.414,109.416
2018-06-08 12:00:00,109.32,109.406,109.276,109.314,109.32,109.322
2018-06-08 13:00:00,109.315,109.333,109.255,109.258,109.315,109.315
2018-06-08 14:00:00,109.256,109.427,109.198,109.415,109.256,109.258
2018-06-08 15:00:00,109.418,109.544,109.386,109.542,109.418,109.419
2018-06-08 16:00:00,109.541,109.603,109.454,109.502,109.541,109.543
2018-06-08 17:00:00,109.5,109.528,109.344,109.346,109.5,109.502
2018-06-08 18:00:00,109.345,109.492,109.336,109.443,109.345,109.345
2018-06-08 19:00:00,109.444,109.539,109.436,109.496,109.444,109.444
2018-06-08 20:00:00,109.496,109.508,109.397,109.424,109.496,109.497
2018-06-08 21:00:00,109.425,109.488,109.406,109.472,109.425,109.426
2018-06-08 22:00:00,109.473,109.485,109.44,109.45,109.473,109.474
2018-06-08 23:00:00,109.45,109.543,109.427,109.516,109.45,109.451
2018-06-11 00:00:00,109.288,109.38,109.28,109.321,109.288,109.372
2018-06-11 01:00:00,109.309,109.486,109.309,109.418,109.309,109.339
2018-06-11 02:00:00,109.418,109.474,109.372,109.46,109.418,109.418
2018-06-11 03:00:00,109.459,109.54,109.391,109.448,109.459,109.46
2018-06-11 04:00:00,109.447,109.502,109.399,109.445,109.447,109.448
2018-06-11 05:00:00,109.443,109.746,109.416,109.706,109.443,109.446
2018-06-11 06:00:00,109.706,109.762,109.652,109.735,109.706,109.707
2018-06-11 07:00:00,109.736,109.835,109.727,109.795,109.736,109.736
2018-06-11 08:00:00,109.794,109.806,109.754,109.771,109.794,109.796
2018-06-11 09:00:00,109.771,110.042,109.758,110.013,109.771,109.773
2018-06-11 10:00:00,110.013,110.07,109.947,109.964,110.013,110.016
2018-06-11 11:00:00,109.964,110.004,109.938,109.96,109.964,109.965
2018-06-11 12:00:00,109.96,110.034,109.948,110.033,109.96,109.962
2018-06-11 13:00:00,110.032,110.05,109.987,110.01,110.032,110.033
2018-06-11 14:00:00,110.011,110.045,109.96,109.968,110.011,110.011
2018-06-11 15:00:00,109.968,109.976,109.903,109.905,109.968,109.968
2018-06-11 16:00:00,109.904,109.922,109.844,109.904,109.904,109.906
2018-06-11 17:00:00,109.903,109.983,109.871,109.899,109.903,109.904
2018-06-11 18:00:00,109.898,109.961,109.873,109.942,109.898,109.9
2018-06-11 19:00:00,109.941,110.053,109.934,110.013,109.941,109.943
2018-06-11 20:00:00,110.013,110.119,110.004,110.086,110.013,110.015
2018-06-11 21:00:00,110.086,110.1,110.013,110.026,110.086,110.087
2018-06-11 22:00:00,110.025,110.062,110.024,110.03,110.025,110.026
2018-06-11 23:00:00,110.031,110.051,110.025,110.033,110.031,110.032
2018-06-12 00:00:00,110.033,110.065,109.954,110.054,110.033,110.038
2018-06-12 01:00:00,110.056,110.173,110.038,110.166,110.056,110.066
2018-06-12 02:00:00,110.166,110.427,110.163,110.392,110.166,110.169
2018-06-12 03:00:00,110.392,110.494,110.297,110.316,110.392,110.395
2018-06-12 04:00:00,110.317,110.419,110.257,110.379,110.317,110.319
2018-06-12 05:00:00,110.38,110.395,110.127,110.227,110.38,110.38
2018-06-12 06:00:00,110.227,110.323,110.204,110.301,110.227,110.23
2018-06-12 07:00:00,110.301,110.432,110.276,110.387,110.301,110.303
2018-06-12 08:00:00,110.387,110.437,110.203,110.296,110.387,110.387
2018-06-12 09:00:00,110.297,110.417,110.268,110.32,110.297,110.297
2018-06-12 10:00:00,110.321,110.361,110.264,110.32,110.321,110.321
2018-06-12 11:00:00,110.32,110.337,110.14,110.221,110.32,110.321
2018-06-12 12:00:00,110.221,110.227,110.099,110.138,110.221,110.222
2018-06-12 13:00:00,110.138,110.242,110.138,110.236,110.138,110.139
2018-06-12 14:00:00,110.235,110.301,110.227,110.294,110.235,110.237
2018-06-12 15:00:00,110.295,110.425,110.256,110.279,110.295,110.295
2018-06-12 16:00:00,110.278,110.301,110.21,110.227,110.278,110.28
2018-06-12 17:00:00,110.227,110.295,110.212,110.29,110.227,110.228
2018-06-12 18:00:00,110.289,110.296,110.16,110.22,110.289,110.291
2018-06-12 19:00:00,110.219,110.274,110.215,110.259,110.219,110.22
2018-06-12 20:00:00,110.257,110.438,110.252,110.387,110.257,110.258
2018-06-12 21:00:00,110.386,110.486,110.329,110.336,110.386,110.387
2018-06-12 22:00:00,110.336,110.374,110.305,110.349,110.336,110.337
2018-06-12 23:00:00,110.35,110.396,110.342,110.371,110.35,110.351
2018-06-13 00:00:00,110.359,110.391,110.322,110.381,110.359,110.384
2018-06-13 01:00:00,110.378,110.543,110.363,110.446,110.378,110.387
2018-06-13 02:00:00,110.444,110.484,110.415,110.452,110.444,110.449
2018-06-13 03:00:00,110.451,110.502,110.365,110.471,110.451,110.453
2018-06-13 04:00:00,110.471,110.616,110.462,110.533,110.471,110.472
2018-06-13 05:00:00,110.533,110.612,110.531,110.604,110.533,110.536
2018-06-13 06:00:00,110.605,110.671,110.603,110.628,110.605,110.606
2018-06-13 07:00:00,110.63,110.689,110.61,110.639,110.63,110.631
2018-06-13 08:00:00,110.639,110.654,110.556,110.565,110.639,110.64
2018-06-13 09:00:00,110.566,110.619,110.544,110.587,110.566,110.566
2018-06-13 10:00:00,110.588,110.635,110.554,110.629,110.588,110.59
2018-06-13 11:00:00,110.63,110.718,110.616,110.623,110.63,110.631
2018-06-13 12:00:00,110.623,110.652,110.584,110.586,110.623,110.626
2018-06-13 13:00:00,110.587,110.591,110.522,110.549,110.587,110.588
2018-06-13 14:00:00,110.548,110.576,110.517,110.552,110.548,110.55
2018-06-13 15:00:00,110.552,110.552,110.464,110.478,110.552,110.553
2018-06-13 16:00:00,110.48,110.482,110.356,110.402,110.48,110.48
2018-06-13 17:00:00,110.4,110.447,110.371,110.421,110.4,110.4
2018-06-13 18:00:00,110.421,110.432,110.341,110.418,110.421,110.422
2018-06-13 19:00:00,110.417,110.459,110.395,110.401,110.417,110.417
2018-06-13 20:00:00,110.4,110.445,110.368,110.428,110.4,110.402
2018-06-13 21:00:00,110.429,110.848,110.428,110.541,110.429,110.466
2018-06-13 22:00:00,110.542,110.588,110.271,110.29,110.542,110.543
2018-06-13 23:00:00,110.29,110.393,110.29,110.343,110.29,110.29
2018-06-14 00:00:00,110.329,110.369,110.251,110.251,110.329,110.35
2018-06-14 01:00:00,110.252,110.264,110.083,110.196,110.252,110.26
2018-06-14 02:00:00,110.196,110.262,110.18,110.239,110.196,110.199
2018-06-14 03:00:00,110.24,110.32,110.102,110.302,110.24,110.24
2018-06-14 04:00:00,110.301,110.352,110.187,110.274,110.301,110.303
2018-06-14 05:00:00,110.273,110.329,110.209,110.213,110.273,110.276
2018-06-14 06:00:00,110.212,110.26,110.176,110.238,110.212,110.213
2018-06-14 07:00:00,110.238,110.244,110.16,110.192,110.238,110.239
2018-06-14 08:00:00,110.19,110.195,110.021,110.024,110.19,110.192
2018-06-14 09:00:00,110.027,110.063,109.963,110.046,110.027,110.028
2018-06-14 10:00:00,110.046,110.082,109.918,109.929,110.046,110.047
2018-06-14 11:00:00,109.928,110.032,109.92,109.952,109.928,109.93
2018-06-14 12:00:00,109.951,109.989,109.924,109.941,109.951,109.952
2018-06-14 13:00:00,109.941,110.027,109.941,109.999,109.941,109.942
2018-06-14 14:00:00,109.999,110.143,109.977,110.113,109.999,110.0
2018-06-14 15:00:00,110.114,110.226,110.056,110.17,110.114,110.118
2018-06-14 16:00:00,110.171,110.385,110.163,110.347,110.171,110.173
2018-06-14 17:00:00,110.346,110.454,110.249,110.25,110.346,110.346
2018-06-14 18:00:00,110.25,110.466,110.247,110.448,110.25,110.25
2018-06-14 19:00:00,110.45,110.494,110.394,110.44,110.45,110.45
2018-06-14 20:00:00,110.439,110.626,110.414,110.567,110.439,110.441
2018-06-14 21:00:00,110.566,110.695,110.56,110.573,110.566,110.566
2018-06-14 22:00:00,110.57,110.619,110.553,110.606,110.57,110.57
2018-06-14 23:00:00,110.604,110.69,110.586,110.625,110.604,110.604
2018-06-15 00:00:00,110.62,110.691,110.583,110.665,110.62,110.648
2018-06-15 01:00:00,110.663,110.675,110.516,110.572,110.663,110.671
2018-06-15 02:00:00,110.572,110.69,110.566,110.642,110.572,110.575
2018-06-15 03:00:00,110.64,110.671,110.492,110.567,110.64,110.641
2018-06-15 04:00:00,110.566,110.582,110.455,110.556,110.566,110.566
2018-06-15 05:00:00,110.557,110.798,110.546,110.693,110.557,110.559
2018-06-15 06:00:00,110.694,110.754,110.651,110.708,110.694,110.696
2018-06-15 07:00:00,110.707,110.761,110.701,110.75,110.707,110.708
2018-06-15 08:00:00,110.752,110.894,110.747,110.878,110.752,110.752
2018-06-15 09:00:00,110.877,110.904,110.736,110.76,110.877,110.878
2018-06-15 10:00:00,110.76,110.838,110.483,110.517,110.76,110.762
2018-06-15 11:00:00,110.518,110.565,110.387,110.507,110.518,110.52
2018-06-15 12:00:00,110.508,110.562,110.471,110.551,110.508,110.508
2018-06-15 13:00:00,110.55,110.654,110.528,110.63,110.55,110.552
2018-06-15 14:00:00,110.63,110.734,110.621,110.708,110.63,110.633
2018-06-15 15:00:00,110.707,110.721,110.44,110.491,110.707,110.709
2018-06-15 16:00:00,110.492,110.652,110.413,110.642,110.492,110.492
2018-06-15 17:00:00,110.642,110.651,110.454,110.485,110.642,110.643
2018-06-15 18:00:00,110.485,110.598,110.462,110.587,110.485,110.485
2018-06-15 19:00:00,110.588,110.653,110.535,110.592,110.588,110.589
2018-06-15 20:00:00,110.593,110.6,110.538,110.566,110.593,110.594
2018-06-15 21:00:00,110.566,110.628,110.534,110.609,110.566,110.566
2018-06-15 22:00:00,110.609,110.622,110.582,110.608,110.609,110.611
2018-06-15 23:00:00,110.607,110.678,110.597,110.662,110.607,110.609
2018-06-18 00:00:00,110.66,110.734,110.659,110.671,110.66,110.7
2018-06-18 01:00:00,110.67,110.675,110.609,110.616,110.67,110.679
2018-06-18 02:00:00,110.616,110.668,110.579,110.64,110.616,110.621
2018-06-18 03:00:00,110.641,110.668,110.469,110.555,110.641,110.644
2018-06-18 04:00:00,110.554,110.555,110.3,110.311,110.554,110.556
2018-06-18 05:00:00,110.311,110.448,110.311,110.428,110.311,110.314
2018-06-18 06:00:00,110.428,110.448,110.391,110.403,110.428,110.429
2018-06-18 07:00:00,110.404,110.541,110.401,110.501,110.404,110.406
2018-06-18 08:00:00,110.501,110.523,110.443,110.493,110.501,110.502
2018-06-18 09:00:00,110.494,110.593,110.456,110.554,110.494,110.495
2018-06-18 10:00:00,110.555,110.618,110.455,110.473,110.555,110.556
2018-06-18 11:00:00,110.473,110.555,110.464,110.53,110.473,110.476
2018-06-18 12:00:00,110.53,110.58,110.524,110.548,110.53,110.532
2018-06-18 13:00:00,110.549,110.571,110.471,110.478,110.549,110.551
2018-06-18 14:00:00,110.477,110.514,110.423,110.456,110.477,110.478
2018-06-18 15:00:00,110.456,110.5,110.417,110.468,110.456,110.457
2018-06-18 16:00:00,110.468,110.524,110.43,110.432,110.468,110.47
2018-06-18 17:00:00,110.432,110.482,110.377,110.457,110.432,110.435
2018-06-18 18:00:00,110.456,110.504,110.433,110.451,110.456,110.459
2018-06-18 19:00:00,110.452,110.478,110.438,110.464,110.452,110.452
2018-06-18 20:00:00,110.464,110.524,110.464,110.494,110.464,110.466
2018-06-18 21:00:00,110.494,110.525,110.472,110.511,110.494,110.496
2018-06-18 22:00:00,110.511,110.596,110.501,110.571,110.511,110.512
2018-06-18 23:00:00,110.572,110.583,110.537,110.548,110.572,110.573
2018-06-19 00:00:00,110.539,110.564,110.529,110.548,110.539,110.56
2018-06-19 01:00:00,110.547,110.575,110.525,110.542,110.547,110.557
2018-06-19 02:00:00,110.543,110.547,110.104,110.134,110.543,110.546
2018-06-19 03:00:00,110.133,110.214,110.024,110.118,110.133,110.136
2018-06-19 04:00:00,110.116,110.157,109.854,109.884,110.116,110.118
2018-06-19 05:00:00,109.884,109.927,109.794,109.916,109.884,109.886
2018-06-19 06:00:00,109.915,109.919,109.759,109.768,109.915,109.917
2018-06-19 07:00:00,109.769,109.793,109.677,109.718,109.769,109.77
2018-06-19 08:00:00,109.719,109.734,109.586,109.599,109.719,109.722
2018-06-19 09:00:00,109.598,109.773,109.551,109.68,109.598,109.6
2018-06-19 10:00:00,109.68,109.85,109.564,109.759,109.68,109.682
2018-06-19 11:00:00,109.758,109.844,109.655,109.838,109.758,109.76
2018-06-19 12:00:00,109.839,109.934,109.812,109.833,109.839,109.84
2018-06-19 13:00:00,109.834,109.94,109.811,109.844,109.834,109.836
2018-06-19 14:00:00,109.845,109.895,109.796,109.895,109.845,109.846
2018-06-19 15:00:00,109.895,109.95,109.788,109.904,109.895,109.895
2018-06-19 16:00:00,109.903,110.012,109.85,109.855,109.903,109.905
2018-06-19 17:00:00,109.854,109.878,109.706,109.827,109.854,109.857
2018-06-19 18:00:00,109.827,110.1,109.809,110.021,109.827,109.828
2018-06-19 19:00:00,110.021,110.043,109.886,109.952,110.021,110.023
2018-06-19 20:00:00,109.952,110.018,109.866,110.011,109.952,109.953
2018-06-19 21:00:00,110.012,110.101,109.974,110.07,110.012,110.014
2018-06-19 22:00:00,110.07,110.087,110.002,110.026,110.07,110.07
2018-06-19 23:00:00,110.026,110.1,110.003,110.058,110.026,110.026
2018-06-20 00:00:00,110.05,110.108,110.025,110.027,110.05,110.077
2018-06-20 01:00:00,110.027,110.049,110.002,110.035,110.027,110.034
2018-06-20 02:00:00,110.035,110.142,110.02,110.09,110.035,110.039
2018-06-20 03:00:00,110.088,110.101,109.985,110.004,110.088,110.089
2018-06-20 04:00:00,110.005,110.133,109.853,110.083,110.005,110.006
2018-06-20 05:00:00,110.082,110.204,110.059,110.079,110.082,110.085
2018-06-20 06:00:00,110.08,110.154,110.064,110.13,110.08,110.081
2018-06-20 07:00:00,110.131,110.169,110.093,110.161,110.131,110.132
2018-06-20 08:00:00,110.16,110.25,110.114,110.211,110.16,110.163
2018-06-20 09:00:00,110.212,110.217,110.088,110.159,110.212,110.214
2018-06-20 10:00:00,110.16,110.228,110.113,110.216,110.16,110.161
2018-06-20 11:00:00,110.216,110.216,110.081,110.112,110.216,110.217
2018-06-20 12:00:00,110.111,110.159,110.096,110.121,110.111,110.114
2018-06-20 13:00:00,110.121,110.133,110.075,110.094,110.121,110.122
2018-06-20 14:00:00,110.093,110.093,110.006,110.025,110.093,110.095
2018-06-20 15:00:00,110.028,110.056,109.995,110.035,110.028,110.028
2018-06-20 16:00:00,110.035,110.212,109.95,110.187,110.035,110.037
2018-06-20 17:00:00,110.183,110.215,110.1,110.103,110.183,110.187
2018-06-20 18:00:00,110.104,110.158,110.015,110.141,110.104,110.105
2018-06-20 19:00:00,110.143,110.25,110.127,110.198,110.143,110.143
2018-06-20 20:00:00,110.198,110.228,110.162,110.223,110.198,110.198
2018-06-20 21:00:00,110.222,110.402,110.216,110.397,110.222,110.223
2018-06-20 22:00:00,110.398,110.451,110.383,110.4,110.398,110.399
2018-06-20 23:00:00,110.4,110.407,110.341,110.355,110.4,110.401
2018-06-21 00:00:00,110.355,110.369,110.319,110.35,110.355,110.359
2018-06-21 01:00:00,110.351,110.436,110.335,110.374,110.351,110.357
2018-06-21 02:00:00,110.374,110.403,110.347,110.381,110.374,110.378
2018-06-21 03:00:00,110.38,110.432,110.324,110.376,110.38,110.38
2018-06-21 04:00:00,110.377,110.642,110.335,110.603,110.377,110.379
2018-06-21 05:00:00,110.606,110.618,110.531,110.588,110.606,110.607
2018-06-21 06:00:00,110.589,110.61,110.526,110.567,110.589,110.589
2018-06-21 07:00:00,110.568,110.687,110.566,110.645,110.568,110.569
2018-06-21 08:00:00,110.644,110.759,110.624,110.686,110.644,110.646
2018-06-21 09:00:00,110.685,110.717,110.59,110.624,110.685,110.686
2018-06-21 10:00:00,110.625,110.649,110.526,110.536,110.625,110.627
2018-06-21 11:00:00,110.538,110.622,110.367,110.467,110.538,110.538
2018-06-21 12:00:00,110.466,110.481,110.331,110.406,110.466,110.47
2018-06-21 13:00:00,110.405,110.558,110.365,110.547,110.405,110.407
2018-06-21 14:00:00,110.547,110.592,110.49,110.531,110.547,110.548
2018-06-21 15:00:00,110.532,110.597,110.204,110.271,110.532,110.532
2018-06-21 16:00:00,110.27,110.319,110.112,110.165,110.27,110.271
2018-06-21 17:00:00,110.166,110.168,109.852,109.991,110.166,110.168
2018-06-21 18:00:00,109.991,110.077,109.962,110.045,109.991,109.994
2018-06-21 19:00:00,110.048,110.063,109.943,109.957,110.048,110.048
2018-06-21 20:00:00,109.957,109.992,109.874,109.944,109.957,109.957
2018-06-21 21:00:00,109.944,109.955,109.855,109.864,109.944,109.945
2018-06-21 22:00:00,109.863,110.036,109.842,109.997,109.863,109.865
2018-06-21 23:00:00,109.998,110.009,109.955,109.968,109.998,109.998
2018-06-22 00:00:00,109.978,109.999,109.841,109.885,109.978,110.035
2018-06-22 01:00:00,109.883,109.941,109.882,109.9,109.883,109.891
2018-06-22 02:00:00,109.9,109.988,109.9,109.953,109.9,109.905
2018-06-22 03:00:00,109.955,110.04,109.882,109.998,109.955,109.957
2018-06-22 04:00:00,109.997,110.078,109.96,110.051,109.997,109.998
2018-06-22 05:00:00,110.051,110.061,109.998,110.038,110.051,110.052
2018-06-22 06:00:00,110.039,110.047,109.932,109.974,110.039,110.04
2018-06-22 07:00:00,109.975,110.034,109.951,110.032,109.975,109.975
2018-06-22 08:00:00,110.031,110.031,109.937,109.977,110.031,110.034
2018-06-22 09:00:00,109.978,110.008,109.884,109.903,109.978,109.978
2018-06-22 10:00:00,109.902,110.197,109.861,110.151,109.902,109.902
2018-06-22 11:00:00,110.151,110.218,110.124,110.142,110.151,110.153
2018-06-22 12:00:00,110.142,110.159,110.104,110.137,110.142,110.145
2018-06-22 13:00:00,110.136,110.188,110.087,110.166,110.136,110.138
2018-06-22 14:00:00,110.166,110.18,110.12,110.18,110.166,110.167
2018-06-22 15:00:00,110.181,110.194,110.044,110.061,110.181,110.181
2018-06-22 16:00:00,110.062,110.116,109.99,110.063,110.062,110.063
2018-06-22 17:00:00,110.063,110.109,109.802,109.897,110.063,110.064
2018-06-22 18:00:00,109.897,109.996,109.887,109.981,109.897,109.899
2018-06-22 19:00:00,109.981,109.988,109.911,109.945,109.981,109.981
2018-06-22 20:00:00,109.946,109.971,109.915,109.939,109.946,109.947
2018-06-22 21:00:00,109.937,109.96,109.875,109.911,109.937,109.938
2018-06-22 22:00:00,109.911,109.987,109.896,109.979,109.911,109.911
2018-06-22 23:00:00,109.978,110.004,109.946,109.999,109.978,109.979
2018-06-25 00:00:00,109.83,110.021,109.83,109.905,109.83,109.89
2018-06-25 01:00:00,109.91,109.951,109.86,109.921,109.91,109.922
2018-06-25 02:00:00,109.921,109.949,109.817,109.945,109.921,109.925
2018-06-25 03:00:00,109.944,109.946,109.581,109.624,109.944,109.944
2018-06-25 04:00:00,109.625,109.684,109.457,109.504,109.625,109.626
2018-06-25 05:00:00,109.503,109.546,109.45,109.511,109.503,109.505
2018-06-25 06:00:00,109.511,109.6,109.505,109.52,109.511,109.512
2018-06-25 07:00:00,109.522,109.553,109.472,109.488,109.522,109.523
2018-06-25 08:00:00,109.488,109.49,109.377,109.442,109.488,109.491
2018-06-25 09:00:00,109.44,109.567,109.436,109.443,109.44,109.441
2018-06-25 10:00:00,109.445,109.513,109.423,109.471,109.445,109.447
2018-06-25 11:00:00,109.474,109.588,109.454,109.457,109.474,109.474
2018-06-25 12:00:00,109.457,109.529,109.414,109.504,109.457,109.46
2018-06-25 13:00:00,109.503,109.553,109.445,109.551,109.503,109.506
2018-06-25 14:00:00,109.551,109.648,109.515,109.588,109.551,109.553
2018-06-25 15:00:00,109.591,109.664,109.562,109.65,109.591,109.592
2018-06-25 16:00:00,109.649,109.664,109.525,109.526,109.649,109.651
2018-06-25 17:00:00,109.525,109.693,109.47,109.678,109.525,109.529
2018-06-25 18:00:00,109.677,109.695,109.544,109.615,109.677,109.679
2018-06-25 19:00:00,109.615,109.632,109.487,109.544,109.615,109.616
2018-06-25 20:00:00,109.544,109.546,109.442,109.487,109.544,109.545
2018-06-25 21:00:00,109.486,109.528,109.367,109.438,109.486,109.488
2018-06-25 22:00:00,109.44,110.046,109.427,109.823,109.44,109.44
2018-06-25 23:00:00,109.821,109.825,109.728,109.76,109.821,109.824
2018-06-26 00:00:00,109.756,109.781,109.719,109.735,109.756,109.824
2018-06-26 01:00:00,109.735,109.748,109.651,109.679,109.735,109.742
2018-06-26 02:00:00,109.678,109.695,109.62,109.638,109.678,109.681
2018-06-26 03:00:00,109.639,109.677,109.506,109.562,109.639,109.641
2018-06-26 04:00:00,109.562,109.643,109.446,109.462,109.562,109.564
2018-06-26 05:00:00,109.462,109.474,109.368,109.43,109.462,109.463
2018-06-26 06:00:00,109.431,109.507,109.407,109.461,109.431,109.433
2018-06-26 07:00:00,109.462,109.484,109.401,109.457,109.462,109.463
2018-06-26 08:00:00,109.457,109.619,109.457,109.596,109.457,109.459
2018-06-26 09:00:00,109.596,109.727,109.573,109.708,109.596,109.598
2018-06-26 10:00:00,109.706,109.721,109.6,109.632,109.706,109.706
2018-06-26 11:00:00,109.632,109.721,109.607,109.648,109.632,109.634
2018-06-26 12:00:00,109.647,109.804,109.644,109.746,109.647,109.649
2018-06-26 13:00:00,109.746,109.751,109.608,109.69,109.746,109.747
2018-06-26 14:00:00,109.688,109.691,109.558,109.558,109.688,109.688
2018-06-26 15:00:00,109.557,109.71,109.556,109.71,109.557,109.558
2018-06-26 16:00:00,109.709,109.792,109.674,109.776,109.709,109.712
2018-06-26 17:00:00,109.775,110.048,109.75,109.881,109.775,109.782
2018-06-26 18:00:00,109.881,109.954,109.859,109.927,109.881,109.881
2018-06-26 19:00:00,109.928,110.028,109.896,109.997,109.928,109.928
2018-06-26 20:00:00,109.995,110.218,109.987,110.158,109.995,109.996
2018-06-26 21:00:00,110.16,110.16,110.101,110.119,110.16,110.163
2018-06-26 22:00:00,110.121,110.189,110.051,110.112,110.121,110.121
2018-06-26 23:00:00,110.113,110.12,110.004,110.023,110.113,110.115
2018-06-27 00:00:00,110.023,110.05,109.994,110.021,110.023,110.083
2018-06-27 01:00:00,110.02,110.082,110.019,110.058,110.02,110.028
2018-06-27 02:00:00,110.058,110.133,110.052,110.126,110.058,110.061
2018-06-27 03:00:00,110.126,110.204,109.895,109.935,110.126,110.128
2018-06-27 04:00:00,109.935,109.96,109.772,109.828,109.935,109.937
2018-06-27 05:00:00,109.829,109.946,109.801,109.895,109.829,109.831
2018-06-27 06:00:00,109.895,109.953,109.867,109.898,109.895,109.896
2018-06-27 07:00:00,109.899,110.005,109.888,109.99,109.899,109.9
2018-06-27 08:00:00,109.991,110.01,109.864,109.865,109.991,109.992
2018-06-27 09:00:00,109.866,109.939,109.804,109.841,109.866,109.867
2018-06-27 10:00:00,109.839,109.852,109.685,109.728,109.839,109.839
2018-06-27 11:00:00,109.729,109.848,109.716,109.774,109.729,109.731
2018-06-27 12:00:00,109.775,109.898,109.762,109.886,109.775,109.775
2018-06-27 13:00:00,109.886,109.914,109.811,109.863,109.886,109.889
2018-06-27 14:00:00,109.863,110.35,109.851,110.192,109.863,109.865
2018-06-27 15:00:00,110.191,110.317,110.141,110.25,110.191,110.191
2018-06-27 16:00:00,110.249,110.435,110.245,110.411,110.249,110.251
2018-06-27 17:00:00,110.41,110.483,110.353,110.483,110.41,110.411
2018-06-27 18:00:00,110.483,110.49,110.298,110.342,110.483,110.483
2018-06-27 19:00:00,110.342,110.435,110.312,110.346,110.342,110.344
2018-06-27 20:00:00,110.348,110.375,110.183,110.252,110.348,110.349
2018-06-27 21:00:00,110.252,110.262,110.146,110.21,110.252,110.252
2018-06-27 22:00:00,110.211,110.341,110.197,110.261,110.211,110.211
2018-06-27 23:00:00,110.266,110.293,110.221,110.268,110.266,110.266
2018-06-28 00:00:00,110.245,110.255,110.132,110.235,110.245,110.266
2018-06-28 01:00:00,110.235,110.279,110.226,110.231,110.235,110.24
2018-06-28 02:00:00,110.231,110.287,110.206,110.22,110.231,110.235
2018-06-28 03:00:00,110.221,110.293,109.966,110.037,110.221,110.222
2018-06-28 04:00:00,110.037,110.169,110.006,110.132,110.037,110.039
2018-06-28 05:00:00,110.133,110.178,110.085,110.157,110.133,110.135
2018-06-28 06:00:00,110.157,110.243,110.139,110.211,110.157,110.16
2018-06-28 07:00:00,110.212,110.317,110.211,110.293,110.212,110.213
2018-06-28 08:00:00,110.293,110.348,110.233,110.249,110.293,110.296
2018-06-28 09:00:00,110.249,110.402,110.232,110.353,110.249,110.249
2018-06-28 10:00:00,110.353,110.419,110.298,110.342,110.353,110.355
2018-06-28 11:00:00,110.34,110.409,110.296,110.304,110.34,110.34
2018-06-28 12:00:00,110.305,110.327,110.193,110.222,110.305,110.307
2018-06-28 13:00:00,110.222,110.264,110.17,110.189,110.222,110.224
2018-06-28 14:00:00,110.19,110.254,110.182,110.22,110.19,110.191
2018-06-28 15:00:00,110.219,110.24,110.062,110.149,110.219,110.22
2018-06-28 16:00:00,110.149,110.326,110.139,110.308,110.149,110.15
2018-06-28 17:00:00,110.307,110.384,110.189,110.37,110.307,110.31
2018-06-28 18:00:00,110.369,110.426,110.275,110.385,110.369,110.371
2018-06-28 19:00:00,110.385,110.395,110.28,110.34,110.385,110.386
2018-06-28 20:00:00,110.341,110.444,110.326,110.416,110.341,110.342
2018-06-28 21:00:00,110.416,110.636,110.41,110.628,110.416,110.417
2018-06-28 22:00:00,110.629,110.65,110.504,110.517,110.629,110.63
2018-06-28 23:00:00,110.516,110.535,110.481,110.494,110.516,110.516
2018-06-29 00:00:00,110.476,110.521,110.414,110.465,110.476,110.504
2018-06-29 01:00:00,110.463,110.524,110.463,110.49,110.463,110.47
2018-06-29 02:00:00,110.489,110.541,110.428,110.489,110.489,110.491
2018-06-29 03:00:00,110.49,110.511,110.375,110.447,110.49,110.492
2018-06-29 04:00:00,110.447,110.602,110.431,110.461,110.447,110.448
2018-06-29 05:00:00,110.46,110.731,110.446,110.717,110.46,110.46
2018-06-29 06:00:00,110.716,110.792,110.668,110.686,110.716,110.719
2018-06-29 07:00:00,110.687,110.755,110.656,110.677,110.687,110.689
2018-06-29 08:00:00,110.676,110.706,110.634,110.704,110.676,110.678
2018-06-29 09:00:00,110.704,110.707,110.564,110.603,110.704,110.704
2018-06-29 10:00:00,110.603,110.646,110.566,110.637,110.603,110.604
2018-06-29 11:00:00,110.637,110.763,110.622,110.742,110.637,110.639
2018-06-29 12:00:00,110.741,110.75,110.636,110.651,110.741,110.745
2018-06-29 13:00:00,110.651,110.679,110.474,110.614,110.651,110.653
2018-06-29 14:00:00,110.615,110.666,110.594,110.66,110.615,110.616
2018-06-29 15:00:00,110.66,110.736,110.607,110.609,110.66,110.662
2018-06-29 16:00:00,110.608,110.793,110.607,110.748,110.608,110.611
2018-06-29 17:00:00,110.748,110.782,110.62,110.744,110.748,110.75
2018-06-29 18:00:00,110.743,110.88,110.706,110.72,110.743,110.745
2018-06-29 19:00:00,110.719,110.804,110.7,110.782,110.719,110.72
2018-06-29 20:00:00,110.781,110.856,110.776,110.795,110.781,110.783
2018-06-29 21:00:00,110.795,110.881,110.793,110.869,110.795,110.796
2018-06-29 22:00:00,110.871,110.944,110.708,110.708,110.871,110.871
2018-06-29 23:00:00,110.709,110.728,110.604,110.69,110.709,110.711
2018-07-02 00:00:00,110.605,110.827,110.554,110.652,110.605,110.705
2018-07-02 01:00:00,110.652,110.734,110.64,110.707,110.652,110.673
2018-07-02 02:00:00,110.706,110.765,110.679,110.735,110.706,110.712
2018-07-02 03:00:00,110.736,110.844,110.705,110.843,110.736,110.74
2018-07-02 04:00:00,110.843,111.061,110.817,110.983,110.843,110.846
2018-07-02 05:00:00,110.982,111.062,110.958,111.007,110.982,110.985
2018-07-02 06:00:00,111.007,111.013,110.839,110.861,111.007,111.009
2018-07-02 07:00:00,110.862,110.887,110.753,110.8,110.862,110.865
2018-07-02 08:00:00,110.8,110.8,110.66,110.679,110.8,110.802
2018-07-02 09:00:00,110.68,110.762,110.662,110.705,110.68,110.683
2018-07-02 10:00:00,110.706,110.76,110.603,110.739,110.706,110.707
2018-07-02 11:00:00,110.74,110.84,110.704,110.803,110.74,110.742
2018-07-02 12:00:00,110.802,110.838,110.755,110.831,110.802,110.803
2018-07-02 13:00:00,110.834,110.837,110.734,110.768,110.834,110.837
2018-07-02 14:00:00,110.769,110.796,110.731,110.757,110.769,110.771
2018-07-02 15:00:00,110.757,110.823,110.698,110.817,110.757,110.758
2018-07-02 16:00:00,110.818,110.919,110.809,110.813,110.818,110.82
2018-07-02 17:00:00,110.826,110.91,110.718,110.742,110.826,110.826
2018-07-02 18:00:00,110.741,110.806,110.676,110.732,110.741,110.743
2018-07-02 19:00:00,110.733,110.849,110.712,110.843,110.733,110.735
2018-07-02 20:00:00,110.844,110.928,110.792,110.885,110.844,110.845
2018-07-02 21:00:00,110.885,110.927,110.858,110.877,110.885,110.887
2018-07-02 22:00:00,110.877,110.883,110.829,110.867,110.877,110.879
2018-07-02 23:00:00,110.866,110.903,110.81,110.886,110.866,110.868
2018-07-03 00:00:00,110.894,110.894,110.783,110.859,110.894,110.902
2018-07-03 01:00:00,110.857,110.895,110.838,110.839,110.857,110.868
2018-07-03 02:00:00,110.838,110.885,110.822,110.88,110.838,110.842
2018-07-03 03:00:00,110.882,110.977,110.871,110.959,110.882,110.882
2018-07-03 04:00:00,110.959,111.135,110.754,110.853,110.959,110.961
2018-07-03 05:00:00,110.852,110.958,110.798,110.892,110.852,110.855
2018-07-03 06:00:00,110.893,110.903,110.809,110.844,110.893,110.895
2018-07-03 07:00:00,110.843,110.876,110.795,110.842,110.843,110.846
2018-07-03 08:00:00,110.841,111.003,110.79,110.979,110.841,110.845
2018-07-03 09:00:00,110.98,111.06,110.946,111.032,110.98,110.982
2018-07-03 10:00:00,111.032,111.118,110.938,110.981,111.032,111.033
2018-07-03 11:00:00,110.981,111.016,110.877,110.927,110.981,110.984
2018-07-03 12:00:00,110.927,110.941,110.843,110.925,110.927,110.929
2018-07-03 13:00:00,110.924,110.937,110.848,110.863,110.924,110.927
2018-07-03 14:00:00,110.863,110.863,110.82,110.83,110.863,110.863
2018-07-03 15:00:00,110.83,110.837,110.583,110.695,110.83,110.833
2018-07-03 16:00:00,110.698,110.742,110.617,110.637,110.698,110.699
2018-07-03 17:00:00,110.64,110.68,110.561,110.642,110.64,110.642
2018-07-03 18:00:00,110.643,110.644,110.516,110.518,110.643,110.644
2018-07-03 19:00:00,110.536,110.609,110.53,110.55,110.536,110.536
2018-07-03 20:00:00,110.549,110.578,110.523,110.554,110.549,110.551
2018-07-03 21:00:00,110.554,110.595,110.551,110.595,110.554,110.556
2018-07-03 22:00:00,110.595,110.609,110.562,110.609,110.595,110.597
2018-07-03 23:00:00,110.611,110.611,110.57,110.577,110.611,110.611
2018-07-04 00:00:00,110.577,110.608,110.549,110.58,110.577,110.58
2018-07-04 01:00:00,110.571,110.576,110.478,110.5,110.571,110.584
2018-07-04 02:00:00,110.501,110.536,110.393,110.414,110.501,110.504
2018-07-04 03:00:00,110.413,110.45,110.278,110.289,110.413,110.416
2018-07-04 04:00:00,110.29,110.449,110.281,110.345,110.29,110.292
2018-07-04 05:00:00,110.346,110.437,110.301,110.413,110.346,110.348
2018-07-04 06:00:00,110.412,110.448,110.382,110.444,110.412,110.415
2018-07-04 07:00:00,110.444,110.484,110.427,110.455,110.444,110.445
2018-07-04 08:00:00,110.456,110.485,110.371,110.395,110.456,110.458
2018-07-04 09:00:00,110.395,110.418,110.323,110.369,110.395,110.399
2018-07-04 10:00:00,110.372,110.503,110.343,110.478,110.372,110.373
2018-07-04 11:00:00,110.478,110.557,110.452,110.483,110.478,110.48
2018-07-04 12:00:00,110.483,110.525,110.462,110.464,110.483,110.486
2018-07-04 13:00:00,110.465,110.513,110.465,110.495,110.465,110.467
2018-07-04 14:00:00,110.495,110.528,110.492,110.498,110.495,110.498
2018-07-04 15:00:00,110.497,110.519,110.47,110.493,110.497,110.499
2018-07-04 16:00:00,110.492,110.522,110.475,110.495,110.492,110.495
2018-07-04 17:00:00,110.496,110.553,110.472,110.546,110.496,110.498
2018-07-04 18:00:00,110.547,110.552,110.51,110.511,110.547,110.547
2018-07-04 19:00:00,110.512,110.519,110.46,110.472,110.512,110.514
2018-07-04 20:00:00,110.472,110.482,110.413,110.463,110.472,110.476
2018-07-04 21:00:00,110.463,110.493,110.457,110.474,110.463,110.472
2018-07-04 22:00:00,110.475,110.511,110.448,110.483,110.475,110.486
2018-07-04 23:00:00,110.483,110.521,110.46,110.491,110.483,110.491
2018-07-05 00:00:00,110.459,110.52,110.417,110.444,110.459,110.537
2018-07-05 01:00:00,110.441,110.507,110.437,110.471,110.441,110.451
2018-07-05 02:00:00,110.471,110.516,110.442,110.503,110.471,110.475
2018-07-05 03:00:00,110.503,110.618,110.4,110.447,110.503,110.506
2018-07-05 04:00:00,110.446,110.483,110.295,110.414,110.446,110.446
2018-07-05 05:00:00,110.414,110.467,110.384,110.42,110.414,110.415
2018-07-05 06:00:00,110.421,110.43,110.29,110.34,110.421,110.421
2018-07-05 07:00:00,110.339,110.403,110.32,110.377,110.339,110.34
2018-07-05 08:00:00,110.376,110.7,110.366,110.667,110.376,110.377
2018-07-05 09:00:00,110.666,110.682,110.544,110.616,110.666,110.669
2018-07-05 10:00:00,110.616,110.69,110.605,110.651,110.616,110.618
2018-07-05 11:00:00,110.651,110.677,110.601,110.612,110.651,110.653
2018-07-05 12:00:00,110.613,110.707,110.587,110.685,110.613,110.615
2018-07-05 13:00:00,110.686,110.692,110.627,110.658,110.686,110.688
2018-07-05 14:00:00,110.658,110.685,110.612,110.672,110.658,110.661
2018-07-05 15:00:00,110.674,110.693,110.54,110.57,110.674,110.674
2018-07-05 16:00:00,110.57,110.661,110.546,110.628,110.57,110.572
2018-07-05 17:00:00,110.635,110.694,110.526,110.565,110.635,110.642
2018-07-05 18:00:00,110.566,110.653,110.531,110.6,110.566,110.567
2018-07-05 19:00:00,110.601,110.653,110.575,110.631,110.601,110.602
2018-07-05 20:00:00,110.632,110.692,110.63,110.661,110.632,110.632
2018-07-05 21:00:00,110.659,110.731,110.579,110.673,110.659,110.67
2018-07-05 22:00:00,110.673,110.712,110.637,110.639,110.673,110.674
2018-07-05 23:00:00,110.64,110.674,110.615,110.659,110.64,110.641
2018-07-06 00:00:00,110.58,110.688,110.504,110.648,110.58,110.66
2018-07-06 01:00:00,110.655,110.7,110.561,110.66,110.655,110.674
2018-07-06 02:00:00,110.66,110.66,110.542,110.566,110.66,110.663
2018-07-06 03:00:00,110.566,110.742,110.528,110.688,110.566,110.568
2018-07-06 04:00:00,110.689,110.757,110.629,110.728,110.689,110.691
2018-07-06 05:00:00,110.734,110.745,110.649,110.683,110.734,110.734
2018-07-06 06:00:00,110.682,110.716,110.639,110.716,110.682,110.684
2018-07-06 07:00:00,110.717,110.776,110.599,110.674,110.717,110.718
2018-07-06 08:00:00,110.672,110.787,110.655,110.74,110.672,110.674
2018-07-06 09:00:00,110.74,110.776,110.598,110.603,110.74,110.742
2018-07-06 10:00:00,110.603,110.632,110.528,110.578,110.603,110.605
2018-07-06 11:00:00,110.578,110.643,110.546,110.633,110.578,110.581
2018-07-06 12:00:00,110.633,110.647,110.591,110.631,110.633,110.636
2018-07-06 13:00:00,110.63,110.673,110.626,110.638,110.63,110.632
2018-07-06 14:00:00,110.639,110.641,110.601,110.628,110.639,110.64
2018-07-06 15:00:00,110.627,110.686,110.438,110.564,110.627,110.629
2018-07-06 16:00:00,110.564,110.565,110.388,110.388,110.564,110.566
2018-07-06 17:00:00,110.39,110.477,110.381,110.455,110.39,110.39
2018-07-06 18:00:00,110.453,110.528,110.413,110.485,110.453,110.454
2018-07-06 19:00:00,110.485,110.547,110.472,110.472,110.485,110.487
2018-07-06 20:00:00,110.471,110.511,110.455,110.485,110.471,110.472
2018-07-06 21:00:00,110.485,110.514,110.443,110.445,110.485,110.486
2018-07-06 22:00:00,110.446,110.451,110.396,110.427,110.446,110.447
2018-07-06 23:00:00,110.427,110.483,110.387,110.461,110.427,110.43
2018-07-09 02:00:00,110.415,110.459,110.389,110.439,110.415,110.418
2018-07-09 03:00:00,110.44,110.529,110.403,110.459,110.44,110.441
2018-07-09 04:00:00,110.46,110.503,110.352,110.421,110.46,110.461
2018-07-09 05:00:00,110.42,110.504,110.42,110.455,110.42,110.423
2018-07-09 06:00:00,110.455,110.468,110.421,110.456,110.455,110.457
2018-07-09 07:00:00,110.455,110.457,110.421,110.446,110.455,110.458
2018-07-09 08:00:00,110.446,110.478,110.43,110.448,110.446,110.446
2018-07-09 09:00:00,110.448,110.522,110.414,110.498,110.448,110.449
2018-07-09 10:00:00,110.498,110.545,110.395,110.403,110.498,110.501
2018-07-09 11:00:00,110.404,110.478,110.385,110.47,110.404,110.407
2018-07-09 12:00:00,110.47,110.519,110.438,110.452,110.47,110.472
2018-07-09 13:00:00,110.451,110.485,110.435,110.438,110.451,110.454
2018-07-09 14:00:00,110.439,110.451,110.409,110.448,110.439,110.439
2018-07-09 15:00:00,110.449,110.496,110.425,110.496,110.449,110.451
2018-07-09 16:00:00,110.497,110.682,110.49,110.677,110.497,110.498
2018-07-09 17:00:00,110.677,110.736,110.628,110.718,110.677,110.678
2018-07-09 18:00:00,110.718,110.811,110.706,110.797,110.718,110.719
2018-07-09 19:00:00,110.796,110.848,110.747,110.822,110.796,110.797
2018-07-09 20:00:00,110.823,110.902,110.788,110.809,110.823,110.825
2018-07-09 21:00:00,110.808,110.859,110.782,110.821,110.808,110.81
2018-07-09 22:00:00,110.819,110.847,110.78,110.837,110.819,110.82
2018-07-09 23:00:00,110.837,110.846,110.807,110.842,110.837,110.837
2018-07-10 00:00:00,110.846,110.851,110.777,110.844,110.846,110.849
2018-07-10 01:00:00,110.846,110.895,110.832,110.871,110.846,110.853
2018-07-10 02:00:00,110.874,110.979,110.857,110.955,110.874,110.876
2018-07-10 03:00:00,110.955,111.04,110.922,111.022,110.955,110.958
2018-07-10 04:00:00,111.022,111.053,110.949,111.017,111.022,111.023
2018-07-10 05:00:00,111.016,111.049,110.999,111.033,111.016,111.018
2018-07-10 06:00:00,111.032,111.09,111.012,111.086,111.032,111.034
2018-07-10 07:00:00,111.087,111.167,111.075,111.161,111.087,111.088
2018-07-10 08:00:00,111.161,111.203,111.135,111.16,111.161,111.162
2018-07-10 09:00:00,111.16,111.16,111.025,111.056,111.16,111.162
2018-07-10 10:00:00,111.055,111.121,111.046,111.079,111.055,111.056
2018-07-10 11:00:00,111.078,111.151,111.054,111.144,111.078,111.08
2018-07-10 12:00:00,111.145,111.279,111.141,111.256,111.145,111.148
2018-07-10 13:00:00,111.255,111.319,111.222,111.314,111.255,111.258
2018-07-10 14:00:00,111.315,111.353,111.256,111.261,111.315,111.316
2018-07-10 15:00:00,111.264,111.27,111.164,111.206,111.264,111.264
2018-07-10 16:00:00,111.206,111.28,111.176,111.274,111.206,111.209
2018-07-10 17:00:00,111.275,111.314,111.226,111.241,111.275,111.277
2018-07-10 18:00:00,111.242,111.269,111.195,111.246,111.242,111.243
2018-07-10 19:00:00,111.247,111.312,111.247,111.274,111.247,111.247
2018-07-10 20:00:00,111.273,111.326,111.207,111.211,111.273,111.275
2018-07-10 21:00:00,111.211,111.3,111.204,111.294,111.211,111.213
2018-07-10 22:00:00,111.296,111.3,111.25,111.274,111.296,111.297
2018-07-10 23:00:00,111.273,111.281,110.954,111.047,111.273,111.274
2018-07-11 00:00:00,110.998,111.012,110.844,110.985,110.998,111.008
2018-07-11 01:00:00,110.985,111.022,110.795,110.842,110.985,110.993
2018-07-11 02:00:00,110.839,110.932,110.816,110.852,110.839,110.841
2018-07-11 03:00:00,110.851,110.939,110.839,110.844,110.851,110.853
2018-07-11 04:00:00,110.848,111.006,110.766,110.994,110.848,110.848
2018-07-11 05:00:00,110.994,111.146,110.965,111.077,110.994,110.994
2018-07-11 06:00:00,111.077,111.113,111.036,111.087,111.077,111.08
2018-07-11 07:00:00,111.087,111.124,110.997,111.025,111.087,111.088
2018-07-11 08:00:00,111.024,111.082,111.009,111.067,111.024,111.026
2018-07-11 09:00:00,111.068,111.092,110.952,110.985,111.068,111.069
2018-07-11 10:00:00,110.984,111.057,110.959,111.011,110.984,110.988
2018-07-11 11:00:00,111.011,111.161,110.992,111.16,111.011,111.012
2018-07-11 12:00:00,111.16,111.233,111.16,111.201,111.16,111.163
2018-07-11 13:00:00,111.202,111.275,111.182,111.255,111.202,111.203
2018-07-11 14:00:00,111.254,111.276,111.187,111.226,111.254,111.257
2018-07-11 15:00:00,111.225,111.306,110.973,111.128,111.225,111.228
2018-07-11 16:00:00,111.127,111.242,111.123,111.189,111.127,111.13
2018-07-11 17:00:00,111.189,111.308,111.165,111.284,111.189,111.192
2018-07-11 18:00:00,111.285,111.64,111.26,111.529,111.285,111.286
2018-07-11 19:00:00,111.526,111.953,111.508,111.892,111.526,111.529
2018-07-11 20:00:00,111.893,112.05,111.871,111.999,111.893,111.895
2018-07-11 21:00:00,111.998,112.176,111.939,112.043,111.998,112.001
2018-07-11 22:00:00,112.043,112.067,111.979,112.052,112.043,112.046
2018-07-11 23:00:00,112.051,112.056,111.973,112.0,112.051,112.053
2018-07-12 00:00:00,111.99,112.037,111.916,111.928,111.99,112.029
2018-07-12 01:00:00,111.928,111.999,111.914,111.942,111.928,111.933
2018-07-12 02:00:00,111.942,111.987,111.923,111.977,111.942,111.947
2018-07-12 03:00:00,111.978,112.173,111.965,112.134,111.978,111.98
2018-07-12 04:00:00,112.139,112.347,112.07,112.244,112.139,112.139
2018-07-12 05:00:00,112.246,112.303,112.241,112.257,112.246,112.247
2018-07-12 06:00:00,112.258,112.382,112.237,112.256,112.258,112.258
2018-07-12 07:00:00,112.257,112.287,112.194,112.194,112.257,112.257
2018-07-12 08:00:00,112.194,112.306,112.167,112.296,112.194,112.196
2018-07-12 09:00:00,112.295,112.303,112.214,112.258,112.295,112.297
2018-07-12 10:00:00,112.256,112.422,112.255,112.335,112.256,112.258
2018-07-12 11:00:00,112.334,112.387,112.254,112.372,112.334,112.336
2018-07-12 12:00:00,112.372,112.466,112.372,112.425,112.372,112.374
2018-07-12 13:00:00,112.425,112.616,112.414,112.605,112.425,112.428
2018-07-12 14:00:00,112.605,112.627,112.499,112.504,112.605,112.607
2018-07-12 15:00:00,112.505,112.58,112.385,112.487,112.505,112.506
2018-07-12 16:00:00,112.487,112.537,112.37,112.524,112.487,112.488
2018-07-12 17:00:00,112.522,112.544,112.401,112.408,112.522,112.522
2018-07-12 18:00:00,112.409,112.465,112.392,112.419,112.409,112.409
2018-07-12 19:00:00,112.418,112.455,112.364,112.441,112.418,112.42
2018-07-12 20:00:00,112.44,112.54,112.415,112.468,112.44,112.443
2018-07-12 21:00:00,112.469,112.549,112.458,112.463,112.469,112.472
2018-07-12 22:00:00,112.463,112.513,112.459,112.498,112.463,112.464
2018-07-12 23:00:00,112.498,112.544,112.48,112.524,112.498,112.499
2018-07-13 00:00:00,112.53,112.544,112.471,112.524,112.53,112.578
2018-07-13 01:00:00,112.523,112.661,112.516,112.608,112.523,112.533
2018-07-13 02:00:00,112.609,112.704,112.604,112.671,112.609,112.61
2018-07-13 03:00:00,112.671,112.77,112.62,112.685,112.671,112.675
2018-07-13 04:00:00,112.684,112.712,112.613,112.663,112.684,112.685
2018-07-13 05:00:00,112.665,112.675,112.576,112.597,112.665,112.667
2018-07-13 06:00:00,112.598,112.682,112.583,112.649,112.598,112.6
2018-07-13 07:00:00,112.649,112.673,112.605,112.668,112.649,112.65
2018-07-13 08:00:00,112.669,112.674,112.561,112.572,112.669,112.671
2018-07-13 09:00:00,112.57,112.666,112.543,112.618,112.57,112.572
2018-07-13 10:00:00,112.619,112.801,112.606,112.788,112.619,112.621
2018-07-13 11:00:00,112.788,112.8,112.713,112.722,112.788,112.79
2018-07-13 12:00:00,112.722,112.751,112.418,112.472,112.722,112.724
2018-07-13 13:00:00,112.472,112.634,112.46,112.608,112.472,112.473
2018-07-13 14:00:00,112.607,112.642,112.568,112.635,112.607,112.609
2018-07-13 15:00:00,112.635,112.635,112.473,112.509,112.635,112.637
2018-07-13 16:00:00,112.51,112.563,112.488,112.513,112.51,112.513
2018-07-13 17:00:00,112.513,112.524,112.372,112.4,112.513,112.516
2018-07-13 18:00:00,112.4,112.496,112.334,112.394,112.4,112.402
2018-07-13 19:00:00,112.395,112.465,112.383,112.438,112.395,112.396
2018-07-13 20:00:00,112.438,112.467,112.37,112.37,112.438,112.439
2018-07-13 21:00:00,112.369,112.371,112.294,112.325,112.369,112.371
2018-07-13 22:00:00,112.324,112.348,112.275,112.336,112.324,112.327
2018-07-13 23:00:00,112.335,112.373,112.319,112.331,112.335,112.337
2018-07-16 01:00:00,112.313,112.429,112.313,112.396,112.313,112.324
2018-07-16 02:00:00,112.395,112.467,112.369,112.4,112.395,112.398
2018-07-16 03:00:00,112.399,112.518,112.395,112.479,112.399,112.401
2018-07-16 04:00:00,112.479,112.564,112.453,112.458,112.479,112.481
2018-07-16 05:00:00,112.459,112.523,112.451,112.49,112.459,112.461
2018-07-16 06:00:00,112.489,112.498,112.453,112.472,112.489,112.491
2018-07-16 07:00:00,112.471,112.491,112.463,112.476,112.471,112.474
2018-07-16 08:00:00,112.476,112.476,112.388,112.407,112.476,112.477
2018-07-16 09:00:00,112.409,112.454,112.338,112.368,112.409,112.409
2018-07-16 10:00:00,112.369,112.531,112.353,112.509,112.369,112.371
2018-07-16 11:00:00,112.508,112.508,112.429,112.471,112.508,112.509
2018-07-16 12:00:00,112.471,112.474,112.39,112.396,112.471,112.475
2018-07-16 13:00:00,112.395,112.411,112.349,112.353,112.395,112.397
2018-07-16 14:00:00,112.353,112.365,112.299,112.323,112.353,112.356
2018-07-16 15:00:00,112.324,112.428,112.268,112.351,112.324,112.326
2018-07-16 16:00:00,112.352,112.436,112.318,112.336,112.352,112.353
2018-07-16 17:00:00,112.334,112.389,112.229,112.383,112.334,112.337
2018-07-16 18:00:00,112.382,112.418,112.288,112.289,112.382,112.384
2018-07-16 19:00:00,112.289,112.379,112.23,112.332,112.289,112.291
2018-07-16 20:00:00,112.331,112.345,112.282,112.294,112.331,112.334
2018-07-16 21:00:00,112.294,112.303,112.244,112.277,112.294,112.296
2018-07-16 22:00:00,112.278,112.316,112.247,112.286,112.278,112.28
2018-07-16 23:00:00,112.287,112.317,112.254,112.277,112.287,112.288
2018-07-17 00:00:00,112.278,112.3,112.23,112.264,112.278,112.312
2018-07-17 01:00:00,112.265,112.314,112.256,112.314,112.265,112.28
2018-07-17 02:00:00,112.313,112.419,112.299,112.385,112.313,112.316
2018-07-17 03:00:00,112.384,112.461,112.35,112.421,112.384,112.386
2018-07-17 04:00:00,112.42,112.574,112.404,112.427,112.42,112.422
2018-07-17 05:00:00,112.429,112.446,112.374,112.422,112.429,112.43
2018-07-17 06:00:00,112.422,112.427,112.342,112.344,112.422,112.425
2018-07-17 07:00:00,112.345,112.408,112.327,112.384,112.345,112.346
2018-07-17 08:00:00,112.384,112.441,112.379,112.411,112.384,112.386
2018-07-17 09:00:00,112.412,112.438,112.333,112.357,112.412,112.414
2018-07-17 10:00:00,112.356,112.381,112.222,112.342,112.356,112.359
2018-07-17 11:00:00,112.341,112.396,112.323,112.347,112.341,112.343
2018-07-17 12:00:00,112.346,112.389,112.299,112.381,112.346,112.349
2018-07-17 13:00:00,112.381,112.528,112.381,112.522,112.381,112.384
2018-07-17 14:00:00,112.523,112.615,112.493,112.608,112.523,112.524
2018-07-17 15:00:00,112.606,112.667,112.576,112.654,112.606,112.607
2018-07-17 16:00:00,112.653,112.776,112.616,112.764,112.653,112.655
2018-07-17 17:00:00,112.766,112.918,112.637,112.825,112.766,112.767
2018-07-17 18:00:00,112.825,112.838,112.724,112.809,112.825,112.826
2018-07-17 19:00:00,112.811,112.893,112.781,112.874,112.811,112.812
2018-07-17 20:00:00,112.874,112.926,112.8,112.817,112.874,112.875
2018-07-17 21:00:00,112.816,112.908,112.81,112.83,112.816,112.818
2018-07-17 22:00:00,112.829,112.878,112.821,112.846,112.829,112.831
2018-07-17 23:00:00,112.845,112.883,112.833,112.881,112.845,112.848
2018-07-18 00:00:00,112.859,112.912,112.833,112.899,112.859,112.898
2018-07-18 01:00:00,112.896,112.949,112.88,112.925,112.896,112.912
2018-07-18 02:00:00,112.925,113.077,112.924,113.019,112.925,112.928
2018-07-18 03:00:00,113.019,113.062,112.952,112.978,113.019,113.02
2018-07-18 04:00:00,112.979,113.011,112.879,112.94,112.979,112.98
2018-07-18 05:00:00,112.94,112.963,112.918,112.925,112.94,112.942
2018-07-18 06:00:00,112.926,112.962,112.919,112.95,112.926,112.926
2018-07-18 07:00:00,112.951,113.016,112.949,113.003,112.951,112.952
2018-07-18 08:00:00,113.003,113.048,112.979,113.004,113.003,113.004
2018-07-18 09:00:00,113.004,113.138,113.0,113.071,113.004,113.006
2018-07-18 10:00:00,113.072,113.103,113.019,113.053,113.072,113.074
2018-07-18 11:00:00,113.054,113.073,112.997,113.032,113.054,113.056
2018-07-18 12:00:00,113.031,113.036,112.953,112.96,113.031,113.033
2018-07-18 13:00:00,112.96,113.003,112.926,112.996,112.96,112.961
2018-07-18 14:00:00,112.995,113.033,112.949,112.958,112.995,112.996
2018-07-18 15:00:00,112.957,112.959,112.709,112.817,112.957,112.958
2018-07-18 16:00:00,112.818,112.879,112.747,112.836,112.818,112.82
2018-07-18 17:00:00,112.836,112.876,112.762,112.777,112.836,112.84
2018-07-18 18:00:00,112.776,112.868,112.716,112.821,112.776,112.777
2018-07-18 19:00:00,112.82,112.821,112.738,112.802,112.82,112.823
2018-07-18 20:00:00,112.802,112.809,112.765,112.805,112.802,112.804
2018-07-18 21:00:00,112.805,112.846,112.797,112.846,112.805,112.808
2018-07-18 22:00:00,112.846,112.9,112.835,112.88,112.846,112.847
2018-07-18 23:00:00,112.879,112.889,112.827,112.842,112.879,112.881
2018-07-19 00:00:00,112.85,112.88,112.763,112.829,112.85,112.911
2018-07-19 01:00:00,112.835,112.872,112.827,112.859,112.835,112.845
2018-07-19 02:00:00,112.859,112.872,112.785,112.8,112.859,112.859
2018-07-19 03:00:00,112.8,112.827,112.671,112.7,112.8,112.803
2018-07-19 04:00:00,112.701,112.803,112.693,112.727,112.701,112.702
2018-07-19 05:00:00,112.728,112.764,112.651,112.743,112.728,112.73
2018-07-19 06:00:00,112.743,112.769,112.691,112.722,112.743,112.745
2018-07-19 07:00:00,112.721,112.763,112.676,112.732,112.721,112.724
2018-07-19 08:00:00,112.733,112.829,112.73,112.79,112.733,112.734
2018-07-19 09:00:00,112.79,112.878,112.766,112.824,112.79,112.791
2018-07-19 10:00:00,112.824,113.037,112.816,112.974,112.824,112.824
2018-07-19 11:00:00,112.973,113.047,112.922,112.938,112.973,112.973
2018-07-19 12:00:00,112.938,113.071,112.936,113.022,112.938,112.941
2018-07-19 13:00:00,113.021,113.081,112.931,113.022,113.021,113.024
2018-07-19 14:00:00,113.024,113.061,112.944,112.952,113.024,113.026
2018-07-19 15:00:00,112.952,113.178,112.95,113.086,112.952,112.954
2018-07-19 16:00:00,113.085,113.094,112.904,112.942,113.085,113.088
2018-07-19 17:00:00,112.942,112.96,112.828,112.88,112.942,112.944
2018-07-19 18:00:00,112.881,112.996,112.879,112.982,112.881,112.883
2018-07-19 19:00:00,112.981,112.985,112.788,112.858,112.981,112.982
2018-07-19 20:00:00,112.857,112.858,112.052,112.338,112.857,112.859
2018-07-19 21:00:00,112.337,112.474,112.269,112.464,112.337,112.339
2018-07-19 22:00:00,112.465,112.515,112.431,112.498,112.465,112.467
2018-07-19 23:00:00,112.498,112.52,112.392,112.464,112.498,112.501
2018-07-20 00:00:00,112.458,112.477,112.379,112.431,112.458,112.495
2018-07-20 01:00:00,112.44,112.485,112.417,112.445,112.44,112.44
2018-07-20 02:00:00,112.449,112.468,112.348,112.361,112.449,112.449
2018-07-20 03:00:00,112.362,112.603,112.352,112.528,112.362,112.362
2018-07-20 04:00:00,112.528,112.624,112.274,112.383,112.528,112.528
2018-07-20 05:00:00,112.383,112.485,112.353,112.409,112.383,112.385
2018-07-20 06:00:00,112.409,112.413,112.301,112.344,112.409,112.411
2018-07-20 07:00:00,112.344,112.387,112.208,112.218,112.344,112.345
2018-07-20 08:00:00,112.219,112.342,112.218,112.315,112.219,112.221
2018-07-20 09:00:00,112.314,112.426,112.303,112.351,112.314,112.316
2018-07-20 10:00:00,112.352,112.445,112.344,112.445,112.352,112.354
2018-07-20 11:00:00,112.444,112.503,112.419,112.445,112.444,112.447
2018-07-20 12:00:00,112.445,112.484,112.365,112.432,112.445,112.446
2018-07-20 13:00:00,112.433,112.452,112.315,112.395,112.433,112.435
2018-07-20 14:00:00,112.396,112.456,112.252,112.264,112.396,112.398
2018-07-20 15:00:00,112.265,112.3,111.75,111.769,112.265,112.265
2018-07-20 16:00:00,111.771,111.918,111.718,111.858,111.771,111.773
2018-07-20 17:00:00,111.863,111.863,111.567,111.832,111.863,111.864
2018-07-20 18:00:00,111.832,111.858,111.714,111.745,111.832,111.834
2018-07-20 19:00:00,111.744,111.787,111.68,111.687,111.744,111.744
2018-07-20 20:00:00,111.686,111.701,111.542,111.556,111.686,111.688
2018-07-20 21:00:00,111.557,111.561,111.404,111.513,111.557,111.559
2018-07-20 22:00:00,111.514,111.589,111.471,111.508,111.514,111.516
2018-07-20 23:00:00,111.508,111.518,111.382,111.458,111.508,111.511
2018-07-23 00:00:00,111.381,111.451,111.345,111.401,111.381,111.394
2018-07-23 01:00:00,111.402,111.512,111.293,111.333,111.402,111.413
2018-07-23 02:00:00,111.334,111.374,111.056,111.06,111.334,111.338
2018-07-23 03:00:00,111.061,111.082,110.852,110.935,111.061,111.061
2018-07-23 04:00:00,110.936,111.171,110.751,110.887,110.936,110.936
2018-07-23 05:00:00,110.887,110.975,110.854,110.946,110.887,110.888
2018-07-23 06:00:00,110.947,110.958,110.861,110.886,110.947,110.948
2018-07-23 07:00:00,110.885,110.949,110.884,110.939,110.885,110.887
2018-07-23 08:00:00,110.938,111.009,110.9,110.987,110.938,110.941
2018-07-23 09:00:00,110.986,111.046,110.897,111.028,110.986,110.99
2018-07-23 10:00:00,111.026,111.128,110.938,110.965,111.026,111.028
2018-07-23 11:00:00,110.966,111.141,110.914,111.101,110.966,110.968
2018-07-23 12:00:00,111.1,111.189,111.063,111.136,111.1,111.102
2018-07-23 13:00:00,111.137,111.176,111.091,111.096,111.137,111.138
2018-07-23 14:00:00,111.096,111.12,111.058,111.092,111.096,111.099
2018-07-23 15:00:00,111.094,111.271,111.091,111.267,111.094,111.095
2018-07-23 16:00:00,111.266,111.348,111.24,111.286,111.266,111.268
2018-07-23 17:00:00,111.285,111.421,111.268,111.393,111.285,111.289
2018-07-23 18:00:00,111.393,111.425,111.256,111.352,111.393,111.396
2018-07-23 19:00:00,111.353,111.498,111.335,111.43,111.353,111.353
2018-07-23 20:00:00,111.43,111.544,111.384,111.458,111.43,111.433
2018-07-23 21:00:00,111.457,111.503,111.401,111.473,111.457,111.46
2018-07-23 22:00:00,111.473,111.521,111.387,111.416,111.473,111.475
2018-07-23 23:00:00,111.417,111.439,111.321,111.353,111.417,111.419
2018-07-24 00:00:00,111.332,111.364,111.286,111.31,111.332,111.363
2018-07-24 01:00:00,111.312,111.38,111.289,111.377,111.312,111.322
2018-07-24 02:00:00,111.376,111.514,111.376,111.464,111.376,111.379
2018-07-24 03:00:00,111.465,111.466,111.225,111.23,111.465,111.467
2018-07-24 04:00:00,111.229,111.232,111.059,111.205,111.229,111.229
2018-07-24 05:00:00,111.205,111.261,111.176,111.236,111.205,111.206
2018-07-24 06:00:00,111.237,111.364,111.235,111.313,111.237,111.238
2018-07-24 07:00:00,111.313,111.359,111.282,111.343,111.313,111.314
2018-07-24 08:00:00,111.342,111.344,111.292,111.294,111.342,111.344
2018-07-24 09:00:00,111.293,111.453,111.292,111.359,111.293,111.293
2018-07-24 10:00:00,111.359,111.359,111.138,111.207,111.359,111.362
2018-07-24 11:00:00,111.207,111.273,111.159,111.239,111.207,111.21
2018-07-24 12:00:00,111.24,111.24,111.164,111.194,111.24,111.242
2018-07-24 13:00:00,111.194,111.205,111.013,111.039,111.194,111.196
2018-07-24 14:00:00,111.04,111.091,111.014,111.057,111.04,111.043
2018-07-24 15:00:00,111.058,111.207,111.058,111.172,111.058,111.06
2018-07-24 16:00:00,111.172,111.185,110.961,111.004,111.172,111.176
2018-07-24 17:00:00,111.005,111.113,110.975,111.097,111.005,111.007
2018-07-24 18:00:00,111.097,111.292,111.072,111.279,111.097,111.099
2018-07-24 19:00:00,111.28,111.337,111.226,111.283,111.28,111.281
2018-07-24 20:00:00,111.284,111.287,111.131,111.159,111.284,111.286
2018-07-24 21:00:00,111.158,111.222,111.15,111.221,111.158,111.16
2018-07-24 22:00:00,111.222,111.236,111.153,111.188,111.222,111.222
2018-07-24 23:00:00,111.187,111.225,111.17,111.206,111.187,111.19
2018-07-25 00:00:00,111.189,111.225,111.115,111.198,111.189,111.211
2018-07-25 01:00:00,111.199,111.251,111.191,111.243,111.199,111.208
2018-07-25 02:00:00,111.242,111.288,111.213,111.277,111.242,111.244
2018-07-25 03:00:00,111.276,111.34,111.151,111.297,111.276,111.276
2018-07-25 04:00:00,111.296,111.385,111.196,111.281,111.296,111.298
2018-07-25 05:00:00,111.282,111.322,111.249,111.297,111.282,111.283
2018-07-25 06:00:00,111.298,111.326,111.273,111.303,111.298,111.298
2018-07-25 07:00:00,111.303,111.321,111.267,111.282,111.303,111.305
2018-07-25 08:00:00,111.283,111.285,111.144,111.208,111.283,111.284
2018-07-25 09:00:00,111.207,111.234,111.145,111.164,111.207,111.209
2018-07-25 10:00:00,111.166,111.282,111.128,111.256,111.166,111.168
2018-07-25 11:00:00,111.255,111.31,111.205,111.205,111.255,111.258
2018-07-25 12:00:00,111.204,111.205,111.033,111.144,111.204,111.204
2018-07-25 13:00:00,111.143,111.211,111.083,111.102,111.143,111.146
2018-07-25 14:00:00,111.102,111.11,111.014,111.045,111.102,111.105
2018-07-25 15:00:00,111.045,111.098,110.985,111.056,111.045,111.047
2018-07-25 16:00:00,111.056,111.092,110.932,111.056,111.056,111.06
2018-07-25 17:00:00,111.053,111.118,110.814,110.937,111.053,111.054
2018-07-25 18:00:00,110.937,111.029,110.887,111.026,110.937,110.937
2018-07-25 19:00:00,111.026,111.051,110.942,110.978,111.026,111.027
2018-07-25 20:00:00,110.979,110.993,110.659,110.757,110.979,110.981
2018-07-25 21:00:00,110.757,110.877,110.73,110.831,110.757,110.759
2018-07-25 22:00:00,110.832,111.001,110.779,110.967,110.832,110.834
2018-07-25 23:00:00,110.966,111.084,110.904,110.964,110.966,110.968
2018-07-26 00:00:00,110.967,111.045,110.821,110.867,110.967,110.998
2018-07-26 01:00:00,110.864,110.968,110.852,110.915,110.864,110.875
2018-07-26 02:00:00,110.914,110.926,110.84,110.859,110.914,110.917
2018-07-26 03:00:00,110.859,110.888,110.71,110.75,110.859,110.859
2018-07-26 04:00:00,110.75,110.884,110.738,110.816,110.75,110.751
2018-07-26 05:00:00,110.814,110.854,110.767,110.769,110.814,110.816
2018-07-26 06:00:00,110.768,110.81,110.743,110.792,110.768,110.769
2018-07-26 07:00:00,110.791,110.811,110.751,110.799,110.791,110.792
2018-07-26 08:00:00,110.8,110.809,110.649,110.673,110.8,110.802
2018-07-26 09:00:00,110.673,110.751,110.588,110.675,110.673,110.676
2018-07-26 10:00:00,110.677,110.728,110.641,110.697,110.677,110.68
2018-07-26 11:00:00,110.697,110.742,110.651,110.718,110.697,110.7
2018-07-26 12:00:00,110.72,110.882,110.716,110.796,110.72,110.72
2018-07-26 13:00:00,110.796,110.849,110.775,110.827,110.796,110.8
2018-07-26 14:00:00,110.828,110.87,110.808,110.86,110.828,110.83
2018-07-26 15:00:00,110.86,110.98,110.821,110.978,110.86,110.862
2018-07-26 16:00:00,110.978,111.107,110.935,111.058,110.978,110.98
2018-07-26 17:00:00,111.059,111.185,111.04,111.056,111.059,111.061
2018-07-26 18:00:00,111.056,111.209,111.046,111.207,111.056,111.059
2018-07-26 19:00:00,111.208,111.212,111.082,111.094,111.208,111.209
2018-07-26 20:00:00,111.093,111.227,111.083,111.181,111.093,111.095
2018-07-26 21:00:00,111.182,111.247,111.169,111.229,111.182,111.182
2018-07-26 22:00:00,111.23,111.249,111.167,111.244,111.23,111.231
2018-07-26 23:00:00,111.245,111.246,111.195,111.23,111.245,111.246
2018-07-27 00:00:00,111.22,111.248,111.205,111.241,111.22,111.244
2018-07-27 01:00:00,111.24,111.244,111.179,111.202,111.24,111.243
2018-07-27 02:00:00,111.203,111.243,111.126,111.158,111.203,111.204
2018-07-27 03:00:00,111.158,111.197,111.095,111.128,111.158,111.16
2018-07-27 04:00:00,111.129,111.131,110.96,110.972,111.129,111.13
2018-07-27 05:00:00,110.97,111.009,110.95,110.981,110.97,110.972
2018-07-27 06:00:00,110.983,111.0,110.918,110.993,110.983,110.984
2018-07-27 07:00:00,110.992,111.079,110.976,111.017,110.992,110.993
2018-07-27 08:00:00,111.018,111.177,111.018,111.09,111.018,111.019
2018-07-27 09:00:00,111.09,111.134,110.997,111.021,111.09,111.092
2018-07-27 10:00:00,111.02,111.072,110.94,111.028,111.02,111.023
2018-07-27 11:00:00,111.028,111.201,111.028,111.191,111.028,111.031
2018-07-27 12:00:00,111.191,111.22,111.156,111.197,111.191,111.194
2018-07-27 13:00:00,111.197,111.201,111.121,111.165,111.197,111.201
2018-07-27 14:00:00,111.165,111.201,111.15,111.175,111.165,111.168
2018-07-27 15:00:00,111.174,111.251,110.954,110.983,111.174,111.177
2018-07-27 16:00:00,110.985,111.038,110.904,110.949,110.985,110.986
2018-07-27 17:00:00,110.951,111.058,110.943,110.967,110.951,110.951
2018-07-27 18:00:00,110.967,111.038,110.907,110.944,110.967,110.969
2018-07-27 19:00:00,110.947,110.984,110.842,110.845,110.947,110.947
2018-07-27 20:00:00,110.844,110.984,110.797,110.97,110.844,110.847
2018-07-27 21:00:00,110.969,111.018,110.928,110.995,110.969,110.971
2018-07-27 22:00:00,110.996,111.016,110.966,110.995,110.996,110.998
2018-07-27 23:00:00,110.996,111.016,110.968,110.997,110.996,110.998
2018-07-30 00:00:00,110.927,110.997,110.914,110.951,110.927,110.943
2018-07-30 01:00:00,110.958,111.013,110.942,110.964,110.958,110.975
2018-07-30 02:00:00,110.964,110.986,110.911,110.946,110.964,110.967
2018-07-30 03:00:00,110.947,111.064,110.89,111.02,110.947,110.948
2018-07-30 04:00:00,111.019,111.102,111.006,111.059,111.019,111.02
2018-07-30 05:00:00,111.06,111.148,111.054,111.084,111.06,111.062
2018-07-30 06:00:00,111.083,111.148,111.077,111.118,111.083,111.083
2018-07-30 07:00:00,111.118,111.166,111.049,111.081,111.118,111.12
2018-07-30 08:00:00,111.082,111.133,111.022,111.046,111.082,111.082
2018-07-30 09:00:00,111.047,111.138,111.037,111.12,111.047,111.048
2018-07-30 10:00:00,111.12,111.148,111.021,111.032,111.12,111.122
2018-07-30 11:00:00,111.03,111.101,111.017,111.075,111.03,111.031
2018-07-30 12:00:00,111.075,111.12,111.038,111.054,111.075,111.078
2018-07-30 13:00:00,111.054,111.101,111.022,111.1,111.054,111.057
2018-07-30 14:00:00,111.099,111.1,111.04,111.081,111.099,111.102
2018-07-30 15:00:00,111.08,111.129,111.05,111.06,111.08,111.083
2018-07-30 16:00:00,111.061,111.083,110.952,110.972,111.061,111.063
2018-07-30 17:00:00,110.971,111.022,110.921,110.985,110.971,110.973
2018-07-30 18:00:00,110.984,111.008,110.951,110.987,110.984,110.986
2018-07-30 19:00:00,110.985,111.013,110.935,110.94,110.985,110.986
2018-07-30 20:00:00,110.941,110.985,110.923,110.96,110.941,110.941
2018-07-30 21:00:00,110.961,111.017,110.932,111.014,110.961,110.962
2018-07-30 22:00:00,111.015,111.072,110.999,111.058,111.015,111.017
2018-07-30 23:00:00,111.056,111.095,111.043,111.062,111.056,111.058
2018-07-31 00:00:00,111.009,111.095,110.975,111.057,111.009,111.072
2018-07-31 01:00:00,111.057,111.057,111.016,111.022,111.057,111.057
2018-07-31 02:00:00,111.022,111.046,110.981,110.999,111.022,111.025
2018-07-31 03:00:00,111.0,111.006,110.906,110.951,111.0,111.0
2018-07-31 04:00:00,110.951,111.069,110.948,111.028,110.951,110.955
2018-07-31 05:00:00,111.028,111.109,110.926,111.029,111.028,111.029
2018-07-31 06:00:00,111.029,111.227,110.791,110.877,111.029,111.032
2018-07-31 07:00:00,110.877,111.438,110.73,111.043,110.877,110.888
2018-07-31 08:00:00,111.043,111.265,111.038,111.255,111.043,111.046
2018-07-31 09:00:00,111.257,111.463,111.062,111.115,111.257,111.259
2018-07-31 10:00:00,111.114,111.415,111.07,111.401,111.114,111.117
2018-07-31 11:00:00,111.402,111.562,111.353,111.538,111.402,111.404
2018-07-31 12:00:00,111.537,111.592,111.459,111.513,111.537,111.541
2018-07-31 13:00:00,111.511,111.583,111.471,111.546,111.511,111.513
2018-07-31 14:00:00,111.547,111.553,111.432,111.513,111.547,111.549
2018-07-31 15:00:00,111.512,111.527,111.41,111.512,111.512,111.514
2018-07-31 16:00:00,111.511,111.917,111.5,111.913,111.511,111.514
2018-07-31 17:00:00,111.915,111.948,111.819,111.937,111.915,111.922
2018-07-31 18:00:00,111.937,111.958,111.868,111.894,111.937,111.939
2018-07-31 19:00:00,111.895,111.921,111.795,111.798,111.895,111.897
2018-07-31 20:00:00,111.798,111.887,111.798,111.871,111.798,111.8
2018-07-31 21:00:00,111.871,111.871,111.78,111.828,111.871,111.872
2018-07-31 22:00:00,111.828,111.847,111.712,111.812,111.828,111.829
2018-07-31 23:00:00,111.813,111.884,111.775,111.867,111.813,111.815
2018-08-01 00:00:00,111.816,111.87,111.762,111.834,111.816,111.888
2018-08-01 01:00:00,111.836,111.899,111.711,111.768,111.836,111.852
2018-08-01 02:00:00,111.768,111.835,111.702,111.833,111.768,111.77
2018-08-01 03:00:00,111.832,111.869,111.786,111.821,111.832,111.832
2018-08-01 04:00:00,111.819,111.902,111.74,111.755,111.819,111.819
2018-08-01 05:00:00,111.756,111.9,111.756,111.896,111.756,111.756
2018-08-01 06:00:00,111.895,111.969,111.855,111.943,111.895,111.897
2018-08-01 07:00:00,111.944,111.986,111.9,111.979,111.944,111.946
2018-08-01 08:00:00,111.979,111.996,111.905,111.986,111.979,111.98
2018-08-01 09:00:00,111.989,112.136,111.986,112.136,111.989,111.989
2018-08-01 10:00:00,112.135,112.151,112.065,112.116,112.135,112.135
2018-08-01 11:00:00,112.116,112.116,111.997,112.003,112.116,112.117
2018-08-01 12:00:00,112.003,112.036,111.953,112.005,112.003,112.004
2018-08-01 13:00:00,112.006,112.006,111.874,111.885,112.006,112.006
2018-08-01 14:00:00,111.886,111.917,111.804,111.89,111.886,111.887
2018-08-01 15:00:00,111.89,111.941,111.841,111.929,111.89,111.893
2018-08-01 16:00:00,111.928,112.01,111.909,111.955,111.928,111.931
2018-08-01 17:00:00,111.937,111.991,111.855,111.989,111.937,111.947
2018-08-01 18:00:00,111.988,111.989,111.707,111.733,111.988,111.989
2018-08-01 19:00:00,111.732,111.742,111.636,111.675,111.732,111.734
2018-08-01 20:00:00,111.675,111.738,111.633,111.648,111.675,111.676
2018-08-01 21:00:00,111.647,111.713,111.389,111.557,111.647,111.701
2018-08-01 22:00:00,111.558,111.654,111.527,111.628,111.558,111.56
2018-08-01 23:00:00,111.629,111.748,111.544,111.713,111.629,111.631
2018-08-02 00:00:00,111.718,111.731,111.657,111.684,111.718,111.751
2018-08-02 01:00:00,111.693,111.704,111.66,111.671,111.693,111.7
2018-08-02 02:00:00,111.671,111.678,111.596,111.64,111.671,111.674
2018-08-02 03:00:00,111.64,111.704,111.62,111.693,111.64,111.64
2018-08-02 04:00:00,111.694,111.715,111.54,111.566,111.694,111.695
2018-08-02 05:00:00,111.565,111.679,111.561,111.636,111.565,111.567
2018-08-02 06:00:00,111.637,111.651,111.523,111.55,111.637,111.638
2018-08-02 07:00:00,111.55,111.606,111.52,111.596,111.55,111.552
2018-08-02 08:00:00,111.596,111.654,111.56,111.568,111.596,111.597
2018-08-02 09:00:00,111.568,111.652,111.537,111.65,111.568,111.57
2018-08-02 10:00:00,111.65,111.737,111.612,111.615,111.65,111.653
2018-08-02 11:00:00,111.614,111.658,111.552,111.563,111.614,111.617
2018-08-02 12:00:00,111.562,111.592,111.496,111.509,111.562,111.565
2018-08-02 13:00:00,111.509,111.521,111.439,111.473,111.509,111.51
2018-08-02 14:00:00,111.472,111.522,111.429,111.447,111.472,111.475
2018-08-02 15:00:00,111.447,111.454,111.316,111.395,111.447,111.449
2018-08-02 16:00:00,111.394,111.453,111.337,111.436,111.394,111.397
2018-08-02 17:00:00,111.437,111.517,111.419,111.456,111.437,111.443
2018-08-02 18:00:00,111.456,111.497,111.421,111.482,111.456,111.459
2018-08-02 19:00:00,111.482,111.648,111.46,111.623,111.482,111.484
2018-08-02 20:00:00,111.623,111.67,111.597,111.653,111.623,111.624
2018-08-02 21:00:00,111.654,111.721,111.653,111.695,111.654,111.655
2018-08-02 22:00:00,111.694,111.707,111.601,111.632,111.694,111.694
2018-08-02 23:00:00,111.632,111.672,111.62,111.643,111.632,111.635
2018-08-03 00:00:00,111.639,111.661,111.604,111.637,111.639,111.672
2018-08-03 01:00:00,111.64,111.656,111.62,111.624,111.64,111.649
2018-08-03 02:00:00,111.625,111.725,111.615,111.7,111.625,111.628
2018-08-03 03:00:00,111.701,111.784,111.656,111.724,111.701,111.703
2018-08-03 04:00:00,111.725,111.75,111.675,111.736,111.725,111.727
2018-08-03 05:00:00,111.735,111.745,111.633,111.642,111.735,111.736
2018-08-03 06:00:00,111.643,111.681,111.631,111.671,111.643,111.645
2018-08-03 07:00:00,111.671,111.71,111.67,111.688,111.671,111.673
2018-08-03 08:00:00,111.688,111.727,111.662,111.678,111.688,111.688
2018-08-03 09:00:00,111.678,111.75,111.647,111.696,111.678,111.678
2018-08-03 10:00:00,111.696,111.859,111.643,111.859,111.696,111.7
2018-08-03 11:00:00,111.86,111.877,111.694,111.711,111.86,111.868
2018-08-03 12:00:00,111.712,111.737,111.684,111.694,111.712,111.713
2018-08-03 13:00:00,111.693,111.733,111.661,111.662,111.693,111.695
2018-08-03 14:00:00,111.661,111.671,111.515,111.551,111.661,111.663
2018-08-03 15:00:00,111.552,111.619,111.372,111.454,111.552,111.553
2018-08-03 16:00:00,111.454,111.454,111.17,111.228,111.454,111.456
2018-08-03 17:00:00,111.218,111.242,111.114,111.164,111.218,111.222
2018-08-03 18:00:00,111.163,111.206,111.101,111.13,111.163,111.164
2018-08-03 19:00:00,111.131,111.248,111.116,111.23,111.131,111.132
2018-08-03 20:00:00,111.229,111.264,111.205,111.247,111.229,111.231
2018-08-03 21:00:00,111.247,111.272,111.198,111.244,111.247,111.248
2018-08-03 22:00:00,111.242,111.286,111.198,111.222,111.242,111.245
2018-08-03 23:00:00,111.222,111.288,111.212,111.273,111.222,111.223
2018-08-06 00:00:00,111.214,111.26,111.15,111.207,111.214,111.244
2018-08-06 01:00:00,111.207,111.262,111.207,111.246,111.207,111.228
2018-08-06 02:00:00,111.247,111.261,111.207,111.236,111.247,111.25
2018-08-06 03:00:00,111.235,111.273,111.194,111.201,111.235,111.238
2018-08-06 04:00:00,111.2,111.26,111.167,111.245,111.2,111.203
2018-08-06 05:00:00,111.244,111.364,111.243,111.333,111.244,111.245
2018-08-06 06:00:00,111.332,111.348,111.314,111.328,111.332,111.334
2018-08-06 07:00:00,111.329,111.371,111.323,111.346,111.329,111.331
2018-08-06 08:00:00,111.346,111.358,111.29,111.318,111.346,111.347
2018-08-06 09:00:00,111.319,111.348,111.247,111.309,111.319,111.32
2018-08-06 10:00:00,111.31,111.335,111.249,111.267,111.31,111.311
2018-08-06 11:00:00,111.267,111.283,111.201,111.22,111.267,111.269
2018-08-06 12:00:00,111.22,111.327,111.22,111.293,111.22,111.224
2018-08-06 13:00:00,111.292,111.483,111.288,111.464,111.292,111.295
2018-08-06 14:00:00,111.463,111.526,111.437,111.475,111.463,111.466
2018-08-06 15:00:00,111.478,111.524,111.454,111.461,111.478,111.478
2018-08-06 16:00:00,111.461,111.503,111.42,111.488,111.461,111.463
2018-08-06 17:00:00,111.487,111.488,111.336,111.455,111.487,111.489
2018-08-06 18:00:00,111.455,111.455,111.387,111.434,111.455,111.457
2018-08-06 19:00:00,111.433,111.47,111.398,111.42,111.433,111.435
2018-08-06 20:00:00,111.42,111.465,111.402,111.421,111.42,111.422
2018-08-06 21:00:00,111.421,111.428,111.38,111.394,111.421,111.424
2018-08-06 22:00:00,111.393,111.413,111.384,111.398,111.393,111.395
2018-08-06 23:00:00,111.397,111.416,111.375,111.399,111.397,111.4
2018-08-07 00:00:00,111.402,111.426,111.332,111.392,111.402,111.412
2018-08-07 01:00:00,111.392,111.401,111.341,111.362,111.392,111.407
2018-08-07 02:00:00,111.363,111.363,111.33,111.336,111.363,111.366
2018-08-07 03:00:00,111.336,111.363,111.233,111.262,111.336,111.338
2018-08-07 04:00:00,111.262,111.344,111.25,111.332,111.262,111.263
2018-08-07 05:00:00,111.333,111.335,111.294,111.318,111.333,111.333
2018-08-07 06:00:00,111.317,111.368,111.306,111.316,111.317,111.319
2018-08-07 07:00:00,111.316,111.343,111.31,111.339,111.316,111.317
2018-08-07 08:00:00,111.339,111.346,111.315,111.332,111.339,111.341
2018-08-07 09:00:00,111.332,111.336,111.246,111.322,111.332,111.333
2018-08-07 10:00:00,111.323,111.367,111.312,111.355,111.323,111.325
2018-08-07 11:00:00,111.355,111.371,111.269,111.278,111.355,111.356
2018-08-07 12:00:00,111.277,111.3,111.169,111.173,111.277,111.28
2018-08-07 13:00:00,111.174,111.22,111.165,111.179,111.174,111.176
2018-08-07 14:00:00,111.178,111.186,111.104,111.122,111.178,111.18
2018-08-07 15:00:00,111.124,111.135,110.992,111.031,111.124,111.125
2018-08-07 16:00:00,111.031,111.177,111.028,111.104,111.031,111.032
2018-08-07 17:00:00,111.105,111.239,111.105,111.228,111.105,111.106
2018-08-07 18:00:00,111.228,111.238,111.154,111.196,111.228,111.23
2018-08-07 19:00:00,111.195,111.267,111.184,111.233,111.195,111.195
2018-08-07 20:00:00,111.232,111.352,111.208,111.342,111.232,111.234
2018-08-07 21:00:00,111.343,111.479,111.334,111.413,111.343,111.344
2018-08-07 22:00:00,111.412,111.431,111.389,111.405,111.412,111.414
2018-08-07 23:00:00,111.405,111.405,111.37,111.378,111.405,111.406
2018-08-08 00:00:00,111.369,111.401,111.354,111.378,111.369,111.396
2018-08-08 01:00:00,111.378,111.403,111.352,111.364,111.378,111.386
2018-08-08 02:00:00,111.366,111.383,111.315,111.349,111.366,111.368
2018-08-08 03:00:00,111.35,111.44,111.301,111.405,111.35,111.352
2018-08-08 04:00:00,111.405,111.42,111.361,111.392,111.405,111.407
2018-08-08 05:00:00,111.393,111.393,111.352,111.367,111.393,111.393
2018-08-08 06:00:00,111.367,111.395,111.335,111.364,111.367,111.369
2018-08-08 07:00:00,111.364,111.368,111.245,111.256,111.364,111.365
2018-08-08 08:00:00,111.257,111.285,111.248,111.276,111.257,111.258
2018-08-08 09:00:00,111.276,111.276,111.104,111.106,111.276,111.276
2018-08-08 10:00:00,111.109,111.121,110.837,110.946,111.109,111.11
2018-08-08 11:00:00,110.946,110.996,110.919,110.961,110.946,110.948
2018-08-08 12:00:00,110.961,110.985,110.889,110.928,110.961,110.964
2018-08-08 13:00:00,110.929,111.049,110.908,111.046,110.929,110.93
2018-08-08 14:00:00,111.046,111.141,111.024,111.127,111.046,111.048
2018-08-08 15:00:00,111.127,111.192,111.04,111.128,111.127,111.128
2018-08-08 16:00:00,111.127,111.144,110.953,110.975,111.127,111.129
2018-08-08 17:00:00,110.975,111.043,110.937,110.958,110.975,110.978
2018-08-08 18:00:00,110.958,110.994,110.91,110.955,110.958,110.96
2018-08-08 19:00:00,110.956,110.992,110.907,110.967,110.956,110.956
2018-08-08 20:00:00,110.968,110.986,110.909,110.91,110.968,110.97
2018-08-08 21:00:00,110.91,110.994,110.898,110.97,110.91,110.911
2018-08-08 22:00:00,110.97,111.002,110.969,110.994,110.97,110.971
2018-08-08 23:00:00,110.994,110.994,110.922,110.952,110.994,110.997
2018-08-09 00:00:00,110.963,110.988,110.908,110.922,110.963,111.031
2018-08-09 01:00:00,110.923,110.946,110.866,110.882,110.923,110.927
2018-08-09 02:00:00,110.883,110.934,110.865,110.91,110.883,110.885
2018-08-09 03:00:00,110.91,110.91,110.778,110.821,110.91,110.912
2018-08-09 04:00:00,110.821,110.856,110.756,110.818,110.821,110.821
2018-08-09 05:00:00,110.819,110.823,110.707,110.784,110.819,110.821
2018-08-09 06:00:00,110.783,110.851,110.781,110.805,110.783,110.783
2018-08-09 07:00:00,110.805,110.935,110.748,110.923,110.805,110.806
2018-08-09 08:00:00,110.923,111.049,110.912,110.953,110.923,110.924
2018-08-09 09:00:00,110.953,111.082,110.944,111.033,110.953,110.956
2018-08-09 10:00:00,111.035,111.078,110.967,111.045,111.035,111.036
2018-08-09 11:00:00,111.046,111.174,111.02,111.129,111.046,111.047
2018-08-09 12:00:00,111.128,111.156,111.099,111.141,111.128,111.131
2018-08-09 13:00:00,111.145,111.183,111.1,111.119,111.145,111.146
2018-08-09 14:00:00,111.119,111.143,111.099,111.135,111.119,111.12
2018-08-09 15:00:00,111.136,111.159,110.976,110.988,111.136,111.137
2018-08-09 16:00:00,110.989,111.032,110.963,110.97,110.989,110.991
2018-08-09 17:00:00,110.969,110.976,110.854,110.92,110.969,110.97
2018-08-09 18:00:00,110.919,110.948,110.863,110.905,110.919,110.92
2018-08-09 19:00:00,110.904,111.004,110.899,111.001,110.904,110.906
2018-08-09 20:00:00,111.002,111.056,110.969,110.986,111.002,111.005
2018-08-09 21:00:00,110.988,111.041,110.954,111.032,110.988,110.988
2018-08-09 22:00:00,111.033,111.113,111.032,111.075,111.033,111.034
2018-08-09 23:00:00,111.074,111.133,111.056,111.084,111.074,111.076
2018-08-10 00:00:00,111.06,111.119,111.05,111.097,111.06,111.106
2018-08-10 01:00:00,111.094,111.158,111.087,111.157,111.094,111.104
2018-08-10 02:00:00,111.155,111.169,111.07,111.084,111.155,111.158
2018-08-10 03:00:00,111.084,111.102,110.847,110.862,111.084,111.086
2018-08-10 04:00:00,110.862,111.031,110.847,110.941,110.862,110.863
2018-08-10 05:00:00,110.938,110.972,110.894,110.931,110.938,110.938
2018-08-10 06:00:00,110.932,110.968,110.852,110.866,110.932,110.934
2018-08-10 07:00:00,110.867,110.888,110.678,110.791,110.867,110.868
2018-08-10 08:00:00,110.792,111.013,110.756,110.989,110.792,110.794
2018-08-10 09:00:00,110.988,111.142,110.889,111.006,110.988,110.991
2018-08-10 10:00:00,111.005,111.011,110.61,110.668,111.005,111.009
2018-08-10 11:00:00,110.669,110.926,110.651,110.868,110.669,110.671
2018-08-10 12:00:00,110.869,110.995,110.869,110.934,110.869,110.87
2018-08-10 13:00:00,110.934,111.002,110.931,110.947,110.934,110.936
2018-08-10 14:00:00,110.946,110.998,110.856,110.927,110.946,110.949
2018-08-10 15:00:00,110.927,111.106,110.812,111.043,110.927,110.929
2018-08-10 16:00:00,111.043,111.118,110.76,110.774,111.043,111.046
2018-08-10 17:00:00,110.772,110.932,110.67,110.697,110.772,110.774
2018-08-10 18:00:00,110.697,110.768,110.51,110.656,110.697,110.7
2018-08-10 19:00:00,110.655,110.72,110.589,110.718,110.655,110.657
2018-08-10 20:00:00,110.717,110.733,110.586,110.594,110.717,110.719
2018-08-10 21:00:00,110.593,110.671,110.592,110.622,110.593,110.595
2018-08-10 22:00:00,110.623,111.032,110.623,110.812,110.623,110.624
2018-08-10 23:00:00,110.811,110.951,110.786,110.912,110.811,110.813
2018-08-13 00:00:00,110.43,110.594,110.428,110.495,110.43,110.502
2018-08-13 01:00:00,110.501,110.755,110.501,110.595,110.501,110.528
2018-08-13 02:00:00,110.596,110.692,110.589,110.631,110.596,110.599
2018-08-13 03:00:00,110.631,110.716,110.485,110.487,110.631,110.632
2018-08-13 04:00:00,110.486,110.502,110.168,110.19,110.486,110.488
2018-08-13 05:00:00,110.189,110.284,110.137,110.157,110.189,110.191
2018-08-13 06:00:00,110.157,110.294,110.132,110.203,110.157,110.158
2018-08-13 07:00:00,110.204,110.228,110.11,110.153,110.204,110.206
2018-08-13 08:00:00,110.153,110.386,110.146,110.247,110.153,110.154
2018-08-13 09:00:00,110.248,110.366,110.241,110.268,110.248,110.25
2018-08-13 10:00:00,110.268,110.324,110.161,110.191,110.268,110.271
2018-08-13 11:00:00,110.191,110.368,110.155,110.368,110.191,110.193
2018-08-13 12:00:00,110.369,110.448,110.347,110.364,110.369,110.37
2018-08-13 13:00:00,110.363,110.423,110.323,110.379,110.363,110.366
2018-08-13 14:00:00,110.379,110.722,110.308,110.564,110.379,110.38
2018-08-13 15:00:00,110.563,110.794,110.497,110.754,110.563,110.566
2018-08-13 16:00:00,110.753,110.939,110.722,110.917,110.753,110.755
2018-08-13 17:00:00,110.92,110.924,110.734,110.762,110.92,110.922
2018-08-13 18:00:00,110.762,110.791,110.638,110.644,110.762,110.763
2018-08-13 19:00:00,110.644,110.742,110.61,110.706,110.644,110.645
2018-08-13 20:00:00,110.704,110.736,110.605,110.703,110.704,110.706
2018-08-13 21:00:00,110.703,110.776,110.675,110.682,110.703,110.705
2018-08-13 22:00:00,110.681,110.72,110.626,110.628,110.681,110.683
2018-08-13 23:00:00,110.627,110.733,110.603,110.719,110.627,110.63
2018-08-14 00:00:00,110.658,110.764,110.612,110.734,110.658,110.723
2018-08-14 01:00:00,110.746,110.768,110.709,110.722,110.746,110.76
2018-08-14 02:00:00,110.722,110.724,110.602,110.63,110.722,110.725
2018-08-14 03:00:00,110.63,110.832,110.587,110.786,110.63,110.632
2018-08-14 04:00:00,110.785,110.867,110.699,110.777,110.785,110.787
2018-08-14 05:00:00,110.777,110.822,110.716,110.772,110.777,110.78
2018-08-14 06:00:00,110.772,110.899,110.753,110.868,110.772,110.773
2018-08-14 07:00:00,110.869,110.872,110.819,110.824,110.869,110.871
2018-08-14 08:00:00,110.824,110.89,110.797,110.857,110.824,110.826
2018-08-14 09:00:00,110.858,111.052,110.852,111.044,110.858,110.861
2018-08-14 10:00:00,111.044,111.154,111.038,111.107,111.044,111.046
2018-08-14 11:00:00,111.105,111.12,110.992,111.036,111.105,111.107
2018-08-14 12:00:00,111.035,111.051,110.924,110.929,111.035,111.039
2018-08-14 13:00:00,110.93,111.038,110.922,110.955,110.93,110.931
2018-08-14 14:00:00,110.955,110.955,110.832,110.865,110.955,110.955
2018-08-14 15:00:00,110.864,110.915,110.781,110.896,110.864,110.867
2018-08-14 16:00:00,110.895,110.905,110.763,110.805,110.895,110.898
2018-08-14 17:00:00,110.805,110.951,110.754,110.885,110.805,110.808
2018-08-14 18:00:00,110.885,110.945,110.79,110.931,110.885,110.887
2018-08-14 19:00:00,110.932,111.111,110.928,111.09,110.932,110.933
2018-08-14 20:00:00,111.091,111.313,111.091,111.247,111.091,111.093
2018-08-14 21:00:00,111.247,111.267,111.199,111.221,111.247,111.248
2018-08-14 22:00:00,111.22,111.232,111.2,111.218,111.22,111.221
2018-08-14 23:00:00,111.215,111.223,111.119,111.145,111.215,111.217
2018-08-15 00:00:00,111.138,111.242,111.109,111.215,111.138,111.171
2018-08-15 01:00:00,111.214,111.238,111.172,111.18,111.214,111.232
2018-08-15 02:00:00,111.18,111.268,111.178,111.255,111.18,111.183
2018-08-15 03:00:00,111.258,111.379,111.253,111.364,111.258,111.258
2018-08-15 04:00:00,111.365,111.432,111.32,111.346,111.365,111.365
2018-08-15 05:00:00,111.346,111.384,111.265,111.327,111.346,111.348
2018-08-15 06:00:00,111.328,111.328,111.205,111.267,111.328,111.329
2018-08-15 07:00:00,111.266,111.297,111.169,111.292,111.266,111.266
2018-08-15 08:00:00,111.291,111.296,111.227,111.284,111.291,111.293
2018-08-15 09:00:00,111.284,111.312,111.216,111.221,111.284,111.285
2018-08-15 10:00:00,111.221,111.373,111.219,111.331,111.221,111.224
2018-08-15 11:00:00,111.332,111.335,111.229,111.291,111.332,111.334
2018-08-15 12:00:00,111.291,111.335,111.201,111.238,111.291,111.293
2018-08-15 13:00:00,111.239,111.279,111.113,111.155,111.239,111.241
2018-08-15 14:00:00,111.154,111.159,110.953,111.021,111.154,111.158
2018-08-15 15:00:00,111.02,111.069,110.864,110.874,111.02,111.022
2018-08-15 16:00:00,110.873,110.927,110.722,110.759,110.873,110.875
2018-08-15 17:00:00,110.759,110.759,110.432,110.443,110.759,110.76
2018-08-15 18:00:00,110.442,110.708,110.438,110.635,110.442,110.444
2018-08-15 19:00:00,110.635,110.752,110.588,110.73,110.635,110.635
2018-08-15 20:00:00,110.73,110.738,110.625,110.671,110.73,110.731
2018-08-15 21:00:00,110.672,110.684,110.528,110.58,110.672,110.673
2018-08-15 22:00:00,110.58,110.702,110.579,110.677,110.58,110.581
2018-08-15 23:00:00,110.678,110.777,110.672,110.741,110.678,110.681
2018-08-16 00:00:00,110.738,110.738,110.655,110.685,110.738,110.75
2018-08-16 01:00:00,110.682,110.715,110.618,110.629,110.682,110.699
2018-08-16 02:00:00,110.63,110.638,110.554,110.575,110.63,110.633
2018-08-16 03:00:00,110.575,110.63,110.476,110.569,110.575,110.575
2018-08-16 04:00:00,110.569,110.889,110.459,110.781,110.569,110.572
2018-08-16 05:00:00,110.78,110.931,110.778,110.828,110.78,110.782
2018-08-16 06:00:00,110.828,110.9,110.776,110.823,110.828,110.83
2018-08-16 07:00:00,110.823,110.834,110.704,110.779,110.823,110.823
2018-08-16 08:00:00,110.779,110.905,110.68,110.861,110.779,110.782
2018-08-16 09:00:00,110.861,110.874,110.788,110.818,110.861,110.864
2018-08-16 10:00:00,110.817,110.882,110.775,110.776,110.817,110.82
2018-08-16 11:00:00,110.776,110.831,110.764,110.8,110.776,110.778
2018-08-16 12:00:00,110.801,110.842,110.774,110.814,110.801,110.802
2018-08-16 13:00:00,110.817,110.913,110.811,110.901,110.817,110.818
2018-08-16 14:00:00,110.901,110.918,110.827,110.83,110.901,110.902
2018-08-16 15:00:00,110.831,110.862,110.59,110.645,110.831,110.833
2018-08-16 16:00:00,110.646,110.67,110.557,110.651,110.646,110.648
2018-08-16 17:00:00,110.654,110.806,110.651,110.74,110.654,110.654
2018-08-16 18:00:00,110.742,110.897,110.708,110.897,110.742,110.742
2018-08-16 19:00:00,110.893,111.126,110.884,110.915,110.893,110.893
2018-08-16 20:00:00,110.916,110.934,110.87,110.899,110.916,110.918
2018-08-16 21:00:00,110.9,110.917,110.85,110.878,110.9,110.902
2018-08-16 22:00:00,110.881,110.93,110.869,110.924,110.881,110.881
2018-08-16 23:00:00,110.925,110.928,110.872,110.898,110.925,110.927
2018-08-17 00:00:00,110.887,110.941,110.77,110.932,110.887,110.911
2018-08-17 01:00:00,110.932,110.969,110.915,110.945,110.932,110.949
2018-08-17 02:00:00,110.944,111.028,110.944,111.015,110.944,110.947
2018-08-17 03:00:00,111.016,111.053,110.839,110.875,111.016,111.018
2018-08-17 04:00:00,110.876,110.902,110.811,110.845,110.876,110.877
2018-08-17 05:00:00,110.843,110.892,110.831,110.885,110.843,110.844
2018-08-17 06:00:00,110.885,110.893,110.836,110.851,110.885,110.887
2018-08-17 07:00:00,110.852,110.888,110.846,110.871,110.852,110.853
2018-08-17 08:00:00,110.872,110.9,110.865,110.895,110.872,110.874
2018-08-17 09:00:00,110.894,110.896,110.718,110.759,110.894,110.895
2018-08-17 10:00:00,110.761,110.77,110.708,110.708,110.761,110.762
2018-08-17 11:00:00,110.708,110.736,110.679,110.729,110.708,110.709
2018-08-17 12:00:00,110.73,110.74,110.525,110.539,110.73,110.731
2018-08-17 13:00:00,110.539,110.569,110.478,110.521,110.539,110.54
2018-08-17 14:00:00,110.521,110.552,110.42,110.48,110.521,110.522
2018-08-17 15:00:00,110.479,110.48,110.344,110.386,110.479,110.48
2018-08-17 16:00:00,110.387,110.553,110.316,110.493,110.387,110.389
2018-08-17 17:00:00,110.492,110.593,110.325,110.448,110.492,110.495
2018-08-17 18:00:00,110.449,110.563,110.427,110.549,110.449,110.45
2018-08-17 19:00:00,110.549,110.549,110.373,110.399,110.549,110.549
2018-08-17 20:00:00,110.398,110.412,110.328,110.385,110.398,110.4
2018-08-17 21:00:00,110.384,110.662,110.381,110.594,110.384,110.386
2018-08-17 22:00:00,110.595,110.648,110.526,110.618,110.595,110.595
2018-08-17 23:00:00,110.618,110.626,110.491,110.502,110.618,110.62
2018-08-20 00:00:00,110.585,110.585,110.517,110.529,110.585,110.605
2018-08-20 01:00:00,110.529,110.564,110.495,110.508,110.529,110.537
2018-08-20 02:00:00,110.51,110.55,110.469,110.481,110.51,110.512
2018-08-20 03:00:00,110.483,110.555,110.414,110.494,110.483,110.483
2018-08-20 04:00:00,110.494,110.553,110.463,110.475,110.494,110.497
2018-08-20 05:00:00,110.475,110.582,110.471,110.544,110.475,110.476
2018-08-20 06:00:00,110.545,110.573,110.514,110.564,110.545,110.547
2018-08-20 07:00:00,110.564,110.647,110.548,110.617,110.564,110.564
2018-08-20 08:00:00,110.616,110.639,110.586,110.592,110.616,110.618
2018-08-20 09:00:00,110.593,110.617,110.546,110.599,110.593,110.595
2018-08-20 10:00:00,110.601,110.684,110.582,110.614,110.601,110.603
2018-08-20 11:00:00,110.615,110.669,110.61,110.653,110.615,110.615
2018-08-20 12:00:00,110.655,110.66,110.618,110.633,110.655,110.657
2018-08-20 13:00:00,110.634,110.682,110.618,110.629,110.634,110.636
2018-08-20 14:00:00,110.629,110.645,110.548,110.584,110.629,110.63
2018-08-20 15:00:00,110.584,110.584,110.43,110.437,110.584,110.586
2018-08-20 16:00:00,110.437,110.484,110.362,110.411,110.437,110.438
2018-08-20 17:00:00,110.413,110.466,110.395,110.44,110.413,110.413
2018-08-20 18:00:00,110.441,110.509,110.261,110.385,110.441,110.443
2018-08-20 19:00:00,110.386,110.398,110.284,110.311,110.386,110.387
2018-08-20 20:00:00,110.314,110.343,110.23,110.24,110.314,110.314
2018-08-20 21:00:00,110.242,110.262,110.189,110.221,110.242,110.244
2018-08-20 22:00:00,110.22,110.244,110.119,110.122,110.22,110.222
2018-08-20 23:00:00,110.122,110.191,110.018,110.073,110.122,110.123
2018-08-21 00:00:00,110.066,110.101,110.029,110.036,110.066,110.069
2018-08-21 01:00:00,110.035,110.044,109.911,109.932,110.035,110.038
2018-08-21 02:00:00,109.931,110.001,109.925,109.953,109.931,109.934
2018-08-21 03:00:00,109.952,109.968,109.782,109.854,109.952,109.953
2018-08-21 04:00:00,109.853,109.976,109.774,109.962,109.853,109.854
2018-08-21 05:00:00,109.962,110.057,109.924,110.0,109.962,109.963
2018-08-21 06:00:00,110.0,110.142,109.981,110.128,110.0,110.002
2018-08-21 07:00:00,110.129,110.148,110.006,110.044,110.129,110.13
2018-08-21 08:00:00,110.045,110.149,110.039,110.067,110.045,110.047
2018-08-21 09:00:00,110.066,110.096,110.012,110.081,110.066,110.068
2018-08-21 10:00:00,110.08,110.185,110.03,110.166,110.08,110.082
2018-08-21 11:00:00,110.165,110.217,110.126,110.187,110.165,110.167
2018-08-21 12:00:00,110.186,110.29,110.165,110.277,110.186,110.188
2018-08-21 13:00:00,110.277,110.287,110.242,110.27,110.277,110.279
2018-08-21 14:00:00,110.271,110.328,110.211,110.319,110.271,110.272
2018-08-21 15:00:00,110.32,110.443,110.31,110.37,110.32,110.321
2018-08-21 16:00:00,110.371,110.485,110.304,110.457,110.371,110.373
2018-08-21 17:00:00,110.46,110.49,110.358,110.479,110.46,110.46
2018-08-21 18:00:00,110.48,110.492,110.39,110.485,110.48,110.482
2018-08-21 19:00:00,110.486,110.548,110.353,110.453,110.486,110.487
2018-08-21 20:00:00,110.453,110.512,110.313,110.321,110.453,110.455
2018-08-21 21:00:00,110.323,110.425,110.32,110.409,110.323,110.323
2018-08-21 22:00:00,110.413,110.472,110.394,110.405,110.413,110.413
2018-08-21 23:00:00,110.404,110.417,110.156,110.269,110.404,110.406
2018-08-22 00:00:00,110.27,110.28,110.157,110.163,110.27,110.339
2018-08-22 01:00:00,110.168,110.22,110.067,110.078,110.168,110.178
2018-08-22 02:00:00,110.079,110.175,110.045,110.117,110.079,110.08
2018-08-22 03:00:00,110.117,110.174,110.027,110.172,110.117,110.12
2018-08-22 04:00:00,110.174,110.267,110.145,110.177,110.174,110.176
2018-08-22 05:00:00,110.177,110.385,110.165,110.371,110.177,110.178
2018-08-22 06:00:00,110.372,110.5,110.365,110.436,110.372,110.373
2018-08-22 07:00:00,110.436,110.458,110.398,110.436,110.436,110.439
2018-08-22 08:00:00,110.438,110.498,110.412,110.416,110.438,110.438
2018-08-22 09:00:00,110.416,110.45,110.323,110.435,110.416,110.418
2018-08-22 10:00:00,110.436,110.449,110.395,110.423,110.436,110.438
2018-08-22 11:00:00,110.424,110.453,110.371,110.399,110.424,110.425
2018-08-22 12:00:00,110.399,110.41,110.248,110.262,110.399,110.4
2018-08-22 13:00:00,110.261,110.427,110.257,110.402,110.261,110.264
2018-08-22 14:00:00,110.402,110.451,110.203,110.278,110.402,110.403
2018-08-22 15:00:00,110.279,110.379,110.23,110.367,110.279,110.281
2018-08-22 16:00:00,110.368,110.453,110.317,110.376,110.368,110.369
2018-08-22 17:00:00,110.38,110.506,110.347,110.452,110.38,110.38
2018-08-22 18:00:00,110.453,110.616,110.443,110.547,110.453,110.455
2018-08-22 19:00:00,110.547,110.56,110.489,110.53,110.547,110.549
2018-08-22 20:00:00,110.53,110.582,110.486,110.491,110.53,110.531
2018-08-22 21:00:00,110.498,110.593,110.384,110.57,110.498,110.522
2018-08-22 22:00:00,110.57,110.597,110.491,110.5,110.57,110.571
2018-08-22 23:00:00,110.5,110.589,110.497,110.552,110.5,110.503
2018-08-23 00:00:00,110.544,110.586,110.535,110.538,110.544,110.571
2018-08-23 01:00:00,110.537,110.571,110.519,110.549,110.537,110.548
2018-08-23 02:00:00,110.551,110.678,110.538,110.591,110.551,110.552
2018-08-23 03:00:00,110.591,110.769,110.55,110.752,110.591,110.591
2018-08-23 04:00:00,110.754,110.864,110.732,110.795,110.754,110.755
2018-08-23 05:00:00,110.8,110.894,110.77,110.869,110.8,110.8
2018-08-23 06:00:00,110.87,110.87,110.782,110.8,110.87,110.87
2018-08-23 07:00:00,110.801,110.872,110.791,110.805,110.801,110.802
2018-08-23 08:00:00,110.806,110.93,110.78,110.87,110.806,110.807
2018-08-23 09:00:00,110.871,110.903,110.794,110.853,110.871,110.873
2018-08-23 10:00:00,110.852,110.882,110.787,110.801,110.852,110.855
2018-08-23 11:00:00,110.803,110.886,110.75,110.864,110.803,110.804
2018-08-23 12:00:00,110.863,110.929,110.847,110.9,110.863,110.865
2018-08-23 13:00:00,110.901,110.92,110.785,110.788,110.901,110.902
2018-08-23 14:00:00,110.788,110.835,110.753,110.832,110.788,110.788
2018-08-23 15:00:00,110.832,110.876,110.777,110.875,110.832,110.832
2018-08-23 16:00:00,110.875,111.087,110.869,111.061,110.875,110.875
2018-08-23 17:00:00,111.06,111.289,111.051,111.214,111.06,111.064
2018-08-23 18:00:00,111.215,111.244,111.115,111.146,111.215,111.218
2018-08-23 19:00:00,111.146,111.285,111.136,111.261,111.146,111.147
2018-08-23 20:00:00,111.262,111.292,111.201,111.217,111.262,111.262
2018-08-23 21:00:00,111.217,111.291,111.213,111.29,111.217,111.218
2018-08-23 22:00:00,111.291,111.317,111.233,111.288,111.291,111.293
2018-08-23 23:00:00,111.288,111.311,111.212,111.294,111.288,111.289
2018-08-24 00:00:00,111.277,111.308,111.232,111.295,111.277,111.311
2018-08-24 01:00:00,111.295,111.396,111.294,111.351,111.295,111.302
2018-08-24 02:00:00,111.351,111.406,111.325,111.367,111.351,111.353
2018-08-24 03:00:00,111.368,111.446,111.334,111.404,111.368,111.369
2018-08-24 04:00:00,111.402,111.465,111.32,111.361,111.402,111.404
2018-08-24 05:00:00,111.362,111.42,111.35,111.372,111.362,111.363
2018-08-24 06:00:00,111.372,111.485,111.371,111.477,111.372,111.372
2018-08-24 07:00:00,111.482,111.488,111.407,111.408,111.482,111.482
2018-08-24 08:00:00,111.407,111.427,111.349,111.377,111.407,111.409
2018-08-24 09:00:00,111.377,111.42,111.32,111.341,111.377,111.38
2018-08-24 10:00:00,111.341,111.401,111.306,111.397,111.341,111.342
2018-08-24 11:00:00,111.4,111.437,111.359,111.433,111.4,111.401
2018-08-24 12:00:00,111.434,111.483,111.405,111.434,111.434,111.436
2018-08-24 13:00:00,111.433,111.448,111.352,111.4,111.433,111.435
2018-08-24 14:00:00,111.4,111.422,111.283,111.311,111.4,111.401
2018-08-24 15:00:00,111.31,111.351,111.251,111.335,111.31,111.312
2018-08-24 16:00:00,111.334,111.422,111.298,111.367,111.334,111.336
2018-08-24 17:00:00,111.372,111.46,111.126,111.227,111.372,111.372
2018-08-24 18:00:00,111.228,111.258,111.146,111.223,111.228,111.228
2018-08-24 19:00:00,111.222,111.226,111.164,111.204,111.222,111.223
2018-08-24 20:00:00,111.202,111.202,111.103,111.173,111.202,111.203
2018-08-24 21:00:00,111.173,111.216,111.156,111.204,111.173,111.175
2018-08-24 22:00:00,111.204,111.204,111.163,111.178,111.204,111.207
2018-08-24 23:00:00,111.178,111.269,111.159,111.267,111.178,111.18
2018-08-27 00:00:00,111.316,111.327,111.297,111.298,111.316,111.332
2018-08-27 01:00:00,111.298,111.301,111.225,111.247,111.298,111.307
2018-08-27 02:00:00,111.247,111.347,111.239,111.292,111.247,111.251
2018-08-27 03:00:00,111.293,111.342,111.189,111.225,111.293,111.293
2018-08-27 04:00:00,111.225,111.257,111.179,111.23,111.225,111.225
2018-08-27 05:00:00,111.23,111.232,110.936,111.028,111.23,111.232
2018-08-27 06:00:00,111.028,111.083,110.999,111.058,111.028,111.03
2018-08-27 07:00:00,111.058,111.12,111.051,111.086,111.058,111.059
2018-08-27 08:00:00,111.087,111.136,111.017,111.025,111.087,111.089
2018-08-27 09:00:00,111.028,111.116,111.013,111.099,111.028,111.028
2018-08-27 10:00:00,111.098,111.156,111.068,111.155,111.098,111.1
2018-08-27 11:00:00,111.154,111.19,111.118,111.177,111.154,111.156
2018-08-27 12:00:00,111.177,111.193,111.116,111.119,111.177,111.179
2018-08-27 13:00:00,111.12,111.139,111.07,111.124,111.12,111.122
2018-08-27 14:00:00,111.124,111.125,111.015,111.016,111.124,111.127
2018-08-27 15:00:00,111.015,111.047,110.967,111.023,111.015,111.016
2018-08-27 16:00:00,111.025,111.048,110.95,111.045,111.025,111.025
2018-08-27 17:00:00,111.045,111.083,110.991,111.046,111.045,111.046
2018-08-27 18:00:00,111.047,111.1,111.015,111.09,111.047,111.047
2018-08-27 19:00:00,111.091,111.105,111.026,111.046,111.091,111.092
2018-08-27 20:00:00,111.045,111.11,111.025,111.095,111.045,111.045
2018-08-27 21:00:00,111.094,111.118,111.076,111.101,111.094,111.096
2018-08-27 22:00:00,111.1,111.114,111.071,111.083,111.1,111.102
2018-08-27 23:00:00,111.082,111.09,111.05,111.075,111.082,111.082
2018-08-28 00:00:00,111.07,111.089,110.992,111.048,111.07,111.097
2018-08-28 01:00:00,111.048,111.092,111.036,111.074,111.048,111.06
2018-08-28 02:00:00,111.074,111.18,111.074,111.136,111.074,111.077
2018-08-28 03:00:00,111.136,111.23,111.123,111.21,111.136,111.136
2018-08-28 04:00:00,111.21,111.29,111.189,111.272,111.21,111.212
2018-08-28 05:00:00,111.271,111.349,111.245,111.343,111.271,111.273
2018-08-28 06:00:00,111.343,111.356,111.306,111.321,111.343,111.343
2018-08-28 07:00:00,111.322,111.33,111.224,111.229,111.322,111.322
2018-08-28 08:00:00,111.228,111.258,111.192,111.237,111.228,111.229
2018-08-28 09:00:00,111.237,111.26,111.165,111.171,111.237,111.238
2018-08-28 10:00:00,111.171,111.208,111.116,111.142,111.171,111.174
2018-08-28 11:00:00,111.143,111.153,111.066,111.086,111.143,111.145
2018-08-28 12:00:00,111.087,111.122,111.014,111.026,111.087,111.089
2018-08-28 13:00:00,111.024,111.093,111.024,111.073,111.024,111.027
2018-08-28 14:00:00,111.075,111.118,111.033,111.035,111.075,111.075
2018-08-28 15:00:00,111.036,111.1,110.996,111.083,111.036,111.037
2018-08-28 16:00:00,111.083,111.127,110.956,111.02,111.083,111.085
2018-08-28 17:00:00,111.021,111.181,110.989,111.136,111.021,111.022
2018-08-28 18:00:00,111.137,111.169,111.036,111.048,111.137,111.137
2018-08-28 19:00:00,111.048,111.098,111.009,111.082,111.048,111.049
2018-08-28 20:00:00,111.082,111.097,111.042,111.096,111.082,111.082
2018-08-28 21:00:00,111.097,111.238,111.097,111.221,111.097,111.098
2018-08-28 22:00:00,111.222,111.247,111.179,111.2,111.222,111.223
2018-08-28 23:00:00,111.201,111.212,111.172,111.196,111.201,111.201
2018-08-29 00:00:00,111.189,111.197,111.123,111.177,111.189,111.205
2018-08-29 01:00:00,111.174,111.209,111.169,111.169,111.174,111.184
2018-08-29 02:00:00,111.169,111.2,111.144,111.149,111.169,111.173
2018-08-29 03:00:00,111.149,111.275,111.133,111.246,111.149,111.151
2018-08-29 04:00:00,111.246,111.275,111.223,111.268,111.246,111.247
2018-08-29 05:00:00,111.269,111.318,111.246,111.281,111.269,111.271
2018-08-29 06:00:00,111.281,111.283,111.25,111.259,111.281,111.284
2018-08-29 07:00:00,111.259,111.26,111.209,111.231,111.259,111.26
2018-08-29 08:00:00,111.23,111.245,111.123,111.165,111.23,111.233
2018-08-29 09:00:00,111.165,111.248,111.128,111.244,111.165,111.167
2018-08-29 10:00:00,111.243,111.256,111.172,111.185,111.243,111.245
2018-08-29 11:00:00,111.186,111.22,111.16,111.209,111.186,111.186
2018-08-29 12:00:00,111.208,111.23,111.167,111.192,111.208,111.21
2018-08-29 13:00:00,111.192,111.248,111.181,111.199,111.192,111.194
2018-08-29 14:00:00,111.199,111.304,111.185,111.299,111.199,111.2
2018-08-29 15:00:00,111.299,111.387,111.237,111.362,111.299,111.299
2018-08-29 16:00:00,111.361,111.5,111.327,111.445,111.361,111.362
2018-08-29 17:00:00,111.444,111.712,111.425,111.666,111.444,111.448
2018-08-29 18:00:00,111.666,111.827,111.657,111.793,111.666,111.668
2018-08-29 19:00:00,111.794,111.806,111.732,111.743,111.794,111.795
2018-08-29 20:00:00,111.744,111.767,111.622,111.645,111.744,111.745
2018-08-29 21:00:00,111.647,111.701,111.638,111.688,111.647,111.649
2018-08-29 22:00:00,111.689,111.718,111.671,111.699,111.689,111.69
2018-08-29 23:00:00,111.7,111.718,111.66,111.679,111.7,111.701
2018-08-30 00:00:00,111.676,111.742,111.626,111.729,111.676,111.684
2018-08-30 01:00:00,111.728,111.755,111.693,111.725,111.728,111.736
2018-08-30 02:00:00,111.724,111.739,111.661,111.684,111.724,111.727
2018-08-30 03:00:00,111.685,111.755,111.669,111.705,111.685,111.687
2018-08-30 04:00:00,111.706,111.737,111.516,111.595,111.706,111.708
2018-08-30 05:00:00,111.594,111.658,111.582,111.627,111.594,111.594
2018-08-30 06:00:00,111.627,111.665,111.602,111.613,111.627,111.627
2018-08-30 07:00:00,111.613,111.667,111.613,111.658,111.613,111.613
2018-08-30 08:00:00,111.657,111.676,111.628,111.65,111.657,111.659
2018-08-30 09:00:00,111.65,111.716,111.644,111.687,111.65,111.651
2018-08-30 10:00:00,111.686,111.688,111.582,111.618,111.686,111.686
2018-08-30 11:00:00,111.617,111.693,111.54,111.572,111.617,111.619
2018-08-30 12:00:00,111.571,111.602,111.534,111.548,111.571,111.573
2018-08-30 13:00:00,111.549,111.632,111.533,111.572,111.549,111.551
2018-08-30 14:00:00,111.572,111.585,111.411,111.436,111.572,111.574
2018-08-30 15:00:00,111.435,111.474,111.344,111.361,111.435,111.438
2018-08-30 16:00:00,111.361,111.438,111.337,111.35,111.361,111.362
2018-08-30 17:00:00,111.35,111.405,111.287,111.361,111.35,111.351
2018-08-30 18:00:00,111.362,111.388,111.132,111.168,111.362,111.363
2018-08-30 19:00:00,111.172,111.243,111.138,111.235,111.172,111.172
2018-08-30 20:00:00,111.235,111.267,111.186,111.201,111.235,111.235
2018-08-30 21:00:00,111.202,111.214,110.993,111.039,111.202,111.203
2018-08-30 22:00:00,111.039,111.068,110.988,111.005,111.039,111.041
2018-08-30 23:00:00,111.005,111.071,110.953,111.023,111.005,111.006
2018-08-31 00:00:00,110.965,111.065,110.959,111.022,110.965,110.988
2018-08-31 01:00:00,111.023,111.052,110.98,111.018,111.023,111.033
2018-08-31 02:00:00,111.017,111.044,110.988,111.01,111.017,111.019
2018-08-31 03:00:00,111.012,111.019,110.88,110.963,111.012,111.012
2018-08-31 04:00:00,110.963,111.07,110.957,110.991,110.963,110.963
2018-08-31 05:00:00,110.991,111.05,110.931,111.048,110.991,110.992
2018-08-31 06:00:00,111.049,111.064,110.98,110.999,111.049,111.05
2018-08-31 07:00:00,110.999,111.044,110.948,111.011,110.999,111.0
2018-08-31 08:00:00,111.023,111.137,110.967,110.988,111.023,111.023
2018-08-31 09:00:00,110.988,111.028,110.948,111.003,110.988,110.989
2018-08-31 10:00:00,111.002,111.002,110.695,110.802,111.002,111.004
2018-08-31 11:00:00,110.803,110.804,110.686,110.784,110.803,110.804
2018-08-31 12:00:00,110.785,110.859,110.751,110.821,110.785,110.786
2018-08-31 13:00:00,110.821,110.823,110.747,110.759,110.821,110.823
2018-08-31 14:00:00,110.758,110.858,110.758,110.777,110.758,110.761
2018-08-31 15:00:00,110.777,110.82,110.725,110.777,110.777,110.778
2018-08-31 16:00:00,110.777,110.855,110.692,110.801,110.777,110.779
2018-08-31 17:00:00,110.802,110.9,110.779,110.878,110.802,110.804
2018-08-31 18:00:00,110.879,110.995,110.819,110.978,110.879,110.879
2018-08-31 19:00:00,110.977,111.1,110.946,111.078,110.977,110.977
2018-08-31 20:00:00,111.079,111.089,110.94,110.965,111.079,111.081
2018-08-31 21:00:00,110.967,111.017,110.916,111.002,110.967,110.967
2018-08-31 22:00:00,111.001,111.13,110.988,111.08,111.001,111.002
2018-08-31 23:00:00,111.081,111.134,111.057,111.105,111.081,111.083
2018-09-03 00:00:00,111.05,111.134,111.032,111.095,111.05,111.15
2018-09-03 01:00:00,111.095,111.185,111.063,111.183,111.095,111.101
2018-09-03 02:00:00,111.184,111.188,111.113,111.143,111.184,111.186
2018-09-03 03:00:00,111.142,111.152,110.975,110.993,111.142,111.144
2018-09-03 04:00:00,110.993,111.036,110.922,111.025,110.993,110.995
2018-09-03 05:00:00,111.024,111.03,110.883,110.903,111.024,111.026
2018-09-03 06:00:00,110.903,110.929,110.85,110.896,110.903,110.906
2018-09-03 07:00:00,110.896,110.936,110.89,110.91,110.896,110.897
2018-09-03 08:00:00,110.909,110.973,110.891,110.915,110.909,110.911
2018-09-03 09:00:00,110.915,110.96,110.887,110.914,110.915,110.916
2018-09-03 10:00:00,110.912,110.979,110.897,110.972,110.912,110.913
2018-09-03 11:00:00,110.971,111.033,110.963,111.011,110.971,110.973
2018-09-03 12:00:00,111.012,111.038,110.988,111.037,111.012,111.014
2018-09-03 13:00:00,111.036,111.124,111.019,111.076,111.036,111.039
2018-09-03 14:00:00,111.076,111.134,111.074,111.124,111.076,111.077
2018-09-03 15:00:00,111.124,111.174,111.116,111.12,111.124,111.124
2018-09-03 16:00:00,111.121,111.153,111.098,111.126,111.121,111.123
2018-09-03 17:00:00,111.127,111.138,111.021,111.022,111.127,111.128
2018-09-03 18:00:00,111.023,111.1,111.021,111.069,111.023,111.024
2018-09-03 19:00:00,111.069,111.109,111.026,111.097,111.069,111.07
2018-09-03 20:00:00,111.096,111.097,111.044,111.079,111.096,111.104
2018-09-03 21:00:00,111.079,111.116,111.073,111.102,111.079,111.084
2018-09-03 22:00:00,111.102,111.124,111.05,111.102,111.102,111.108
2018-09-03 23:00:00,111.103,111.133,111.085,111.108,111.103,111.114
2018-09-04 00:00:00,111.029,111.096,110.999,111.073,111.029,111.103
2018-09-04 01:00:00,111.071,111.107,111.044,111.091,111.071,111.081
2018-09-04 02:00:00,111.088,111.104,111.069,111.084,111.088,111.09
2018-09-04 03:00:00,111.084,111.09,110.901,111.07,111.084,111.087
2018-09-04 04:00:00,111.069,111.151,110.993,111.139,111.069,111.072
2018-09-04 05:00:00,111.141,111.152,111.095,111.136,111.141,111.141
2018-09-04 06:00:00,111.137,111.14,111.101,111.11,111.137,111.138
2018-09-04 07:00:00,111.109,111.175,111.057,111.142,111.109,111.11
2018-09-04 08:00:00,111.143,111.216,111.116,111.205,111.143,111.143
2018-09-04 09:00:00,111.205,111.398,111.205,111.372,111.205,111.207
2018-09-04 10:00:00,111.372,111.464,111.344,111.455,111.372,111.375
2018-09-04 11:00:00,111.456,111.533,111.429,111.446,111.456,111.457
2018-09-04 12:00:00,111.446,111.447,111.358,111.381,111.446,111.448
2018-09-04 13:00:00,111.38,111.451,111.355,111.426,111.38,111.382
2018-09-04 14:00:00,111.426,111.44,111.199,111.241,111.426,111.427
2018-09-04 15:00:00,111.241,111.323,111.195,111.318,111.241,111.242
2018-09-04 16:00:00,111.319,111.427,111.147,111.233,111.319,111.319
2018-09-04 17:00:00,111.244,111.498,111.244,111.338,111.244,111.244
2018-09-04 18:00:00,111.336,111.492,111.329,111.438,111.336,111.336
2018-09-04 19:00:00,111.436,111.505,111.328,111.398,111.436,111.437
2018-09-04 20:00:00,111.4,111.505,111.37,111.474,111.4,111.401
2018-09-04 21:00:00,111.475,111.513,111.452,111.482,111.475,111.476
2018-09-04 22:00:00,111.481,111.509,111.451,111.475,111.481,111.481
2018-09-04 23:00:00,111.476,111.489,111.442,111.479,111.476,111.477
2018-09-05 00:00:00,111.345,111.47,111.328,111.439,111.345,111.445
2018-09-05 01:00:00,111.437,111.5,111.347,111.462,111.437,111.449
2018-09-05 02:00:00,111.462,111.491,111.452,111.464,111.462,111.464
2018-09-05 03:00:00,111.464,111.647,111.401,111.636,111.464,111.466
2018-09-05 04:00:00,111.637,111.714,111.562,111.563,111.637,111.639
2018-09-05 05:00:00,111.562,111.601,111.491,111.506,111.562,111.565
2018-09-05 06:00:00,111.505,111.572,111.497,111.536,111.505,111.505
2018-09-05 07:00:00,111.535,111.565,111.521,111.545,111.535,111.537
2018-09-05 08:00:00,111.544,111.548,111.437,111.495,111.544,111.546
2018-09-05 09:00:00,111.495,111.543,111.401,111.44,111.495,111.495
2018-09-05 10:00:00,111.439,111.488,111.406,111.456,111.439,111.441
2018-09-05 11:00:00,111.457,111.525,111.454,111.519,111.457,111.458
2018-09-05 12:00:00,111.518,111.592,111.507,111.567,111.518,111.521
2018-09-05 13:00:00,111.567,111.643,111.557,111.574,111.567,111.57
2018-09-05 14:00:00,111.574,111.625,111.546,111.601,111.574,111.576
2018-09-05 15:00:00,111.6,111.6,111.454,111.471,111.6,111.602
2018-09-05 16:00:00,111.471,111.758,111.468,111.732,111.471,111.472
2018-09-05 17:00:00,111.734,111.751,111.516,111.575,111.734,111.735
2018-09-05 18:00:00,111.576,111.607,111.462,111.478,111.576,111.577
2018-09-05 19:00:00,111.477,111.557,111.431,111.486,111.477,111.479
2018-09-05 20:00:00,111.485,111.583,111.481,111.568,111.485,111.488
2018-09-05 21:00:00,111.566,111.568,111.49,111.519,111.566,111.568
2018-09-05 22:00:00,111.519,111.548,111.476,111.512,111.519,111.522
2018-09-05 23:00:00,111.514,111.545,111.506,111.53,111.514,111.514
2018-09-06 00:00:00,111.524,111.532,111.461,111.488,111.524,111.543
2018-09-06 01:00:00,111.488,111.514,111.455,111.464,111.488,111.499
2018-09-06 02:00:00,111.469,111.514,111.425,111.45,111.469,111.47
2018-09-06 03:00:00,111.45,111.455,111.234,111.27,111.45,111.451
2018-09-06 04:00:00,111.271,111.319,111.171,111.314,111.271,111.272
2018-09-06 05:00:00,111.314,111.34,111.267,111.288,111.314,111.317
2018-09-06 06:00:00,111.288,111.376,111.278,111.358,111.288,111.289
2018-09-06 07:00:00,111.357,111.424,111.336,111.373,111.357,111.359
2018-09-06 08:00:00,111.374,111.431,111.331,111.331,111.374,111.375
2018-09-06 09:00:00,111.333,111.414,111.311,111.376,111.333,111.334
2018-09-06 10:00:00,111.377,111.405,111.313,111.318,111.377,111.378
2018-09-06 11:00:00,111.318,111.423,111.257,111.353,111.318,111.319
2018-09-06 12:00:00,111.354,111.381,111.301,111.305,111.354,111.355
2018-09-06 13:00:00,111.306,111.338,111.284,111.289,111.306,111.307
2018-09-06 14:00:00,111.289,111.314,111.253,111.299,111.289,111.291
2018-09-06 15:00:00,111.299,111.345,111.119,111.199,111.299,111.302
2018-09-06 16:00:00,111.201,111.233,111.111,111.143,111.201,111.203
2018-09-06 17:00:00,111.15,111.215,110.847,110.898,111.15,111.154
2018-09-06 18:00:00,110.899,110.94,110.842,110.874,110.899,110.9
2018-09-06 19:00:00,110.875,110.884,110.711,110.741,110.875,110.876
2018-09-06 20:00:00,110.739,110.836,110.707,110.805,110.739,110.741
2018-09-06 21:00:00,110.806,110.869,110.776,110.84,110.806,110.806
2018-09-06 22:00:00,110.842,110.952,110.834,110.89,110.842,110.842
2018-09-06 23:00:00,110.89,110.904,110.521,110.728,110.89,110.893
2018-09-07 00:00:00,110.745,110.745,110.64,110.674,110.745,110.765
2018-09-07 01:00:00,110.674,110.69,110.647,110.667,110.674,110.681
2018-09-07 02:00:00,110.669,110.686,110.461,110.489,110.669,110.67
2018-09-07 03:00:00,110.49,110.52,110.38,110.505,110.49,110.493
2018-09-07 04:00:00,110.504,110.637,110.481,110.615,110.504,110.505
2018-09-07 05:00:00,110.614,110.628,110.532,110.582,110.614,110.616
2018-09-07 06:00:00,110.581,110.598,110.506,110.598,110.581,110.582
2018-09-07 07:00:00,110.598,110.6,110.532,110.573,110.598,110.599
2018-09-07 08:00:00,110.574,110.638,110.557,110.592,110.574,110.575
2018-09-07 09:00:00,110.592,110.721,110.592,110.632,110.592,110.594
2018-09-07 10:00:00,110.632,110.772,110.594,110.744,110.632,110.633
2018-09-07 11:00:00,110.744,110.777,110.675,110.722,110.744,110.746
2018-09-07 12:00:00,110.721,110.844,110.705,110.752,110.721,110.724
2018-09-07 13:00:00,110.754,110.837,110.747,110.795,110.754,110.755
2018-09-07 14:00:00,110.796,110.887,110.795,110.845,110.796,110.797
2018-09-07 15:00:00,110.846,111.089,110.793,111.042,110.846,110.848
2018-09-07 16:00:00,111.04,111.105,110.934,111.053,111.04,111.043
2018-09-07 17:00:00,111.051,111.248,111.031,111.125,111.051,111.053
2018-09-07 18:00:00,111.126,111.232,111.106,111.186,111.126,111.127
2018-09-07 19:00:00,111.185,111.2,110.738,111.005,111.185,111.186
2018-09-07 20:00:00,111.006,111.077,110.985,111.044,111.006,111.006
2018-09-07 21:00:00,111.044,111.115,111.038,111.08,111.044,111.046
2018-09-07 22:00:00,111.08,111.105,110.984,111.032,111.08,111.082
2018-09-07 23:00:00,111.033,111.073,110.927,111.06,111.033,111.035
2018-09-10 00:00:00,111.025,111.067,111.007,111.034,111.025,111.115
2018-09-10 01:00:00,111.033,111.086,110.988,110.989,111.033,111.041
2018-09-10 02:00:00,110.988,110.988,110.88,110.92,110.988,110.991
2018-09-10 03:00:00,110.919,111.036,110.909,110.948,110.919,110.921
2018-09-10 04:00:00,110.945,110.981,110.85,110.981,110.945,110.947
2018-09-10 05:00:00,110.98,111.058,110.925,111.019,110.98,110.982
2018-09-10 06:00:00,111.019,111.029,110.955,111.01,111.019,111.019
2018-09-10 07:00:00,111.01,111.028,110.933,110.96,111.01,111.011
2018-09-10 08:00:00,110.959,110.98,110.935,110.978,110.959,110.961
2018-09-10 09:00:00,110.977,110.991,110.927,110.983,110.977,110.98
2018-09-10 10:00:00,110.982,111.046,110.97,110.985,110.982,110.985
2018-09-10 11:00:00,110.986,111.087,110.986,111.058,110.986,110.988
2018-09-10 12:00:00,111.058,111.148,111.048,111.124,111.058,111.059
2018-09-10 13:00:00,111.124,111.147,111.092,111.105,111.124,111.125
2018-09-10 14:00:00,111.106,111.126,111.069,111.098,111.106,111.106
2018-09-10 15:00:00,111.096,111.135,111.058,111.134,111.096,111.097
2018-09-10 16:00:00,111.133,111.192,111.097,111.169,111.133,111.136
2018-09-10 17:00:00,111.169,111.188,111.029,111.116,111.169,111.171
2018-09-10 18:00:00,111.117,111.175,111.068,111.094,111.117,111.118
2018-09-10 19:00:00,111.093,111.164,111.077,111.129,111.093,111.095
2018-09-10 20:00:00,111.129,111.161,111.094,111.147,111.129,111.131
2018-09-10 21:00:00,111.147,111.223,111.113,111.21,111.147,111.147
2018-09-10 22:00:00,111.211,111.248,111.174,111.185,111.211,111.212
2018-09-10 23:00:00,111.185,111.189,111.085,111.122,111.185,111.185
2018-09-11 00:00:00,111.106,111.14,111.063,111.096,111.106,111.156
2018-09-11 01:00:00,111.097,111.146,111.094,111.136,111.097,111.101
2018-09-11 02:00:00,111.136,111.152,111.074,111.142,111.136,111.139
2018-09-11 03:00:00,111.144,111.45,111.142,111.406,111.144,111.144
2018-09-11 04:00:00,111.405,111.479,111.352,111.465,111.405,111.406
2018-09-11 05:00:00,111.465,111.466,111.356,111.377,111.465,111.466
2018-09-11 06:00:00,111.376,111.452,111.345,111.449,111.376,111.378
2018-09-11 07:00:00,111.448,111.476,111.365,111.4,111.448,111.449
2018-09-11 08:00:00,111.4,111.487,111.399,111.44,111.4,111.401
2018-09-11 09:00:00,111.44,111.485,111.423,111.468,111.44,111.442
2018-09-11 10:00:00,111.469,111.566,111.445,111.539,111.469,111.469
2018-09-11 11:00:00,111.539,111.55,111.373,111.399,111.539,111.539
2018-09-11 12:00:00,111.4,111.401,111.307,111.397,111.4,111.4
2018-09-11 13:00:00,111.396,111.431,111.382,111.421,111.396,111.396
2018-09-11 14:00:00,111.421,111.426,111.282,111.366,111.421,111.423
2018-09-11 15:00:00,111.366,111.403,111.294,111.402,111.366,111.367
2018-09-11 16:00:00,111.404,111.546,111.377,111.532,111.404,111.405
2018-09-11 17:00:00,111.531,111.572,111.446,111.467,111.531,111.534
2018-09-11 18:00:00,111.467,111.6,111.462,111.557,111.467,111.468
2018-09-11 19:00:00,111.557,111.636,111.544,111.618,111.557,111.559
2018-09-11 20:00:00,111.619,111.631,111.547,111.564,111.619,111.62
2018-09-11 21:00:00,111.563,111.609,111.546,111.594,111.563,111.563
2018-09-11 22:00:00,111.596,111.642,111.589,111.595,111.596,111.598
2018-09-11 23:00:00,111.594,111.603,111.564,111.593,111.594,111.596
2018-09-12 00:00:00,111.621,111.628,111.549,111.603,111.621,111.64
2018-09-12 01:00:00,111.604,111.651,111.576,111.63,111.604,111.61
2018-09-12 02:00:00,111.631,111.633,111.558,111.633,111.631,111.633
2018-09-12 03:00:00,111.634,111.635,111.465,111.536,111.634,111.634
2018-09-12 04:00:00,111.535,111.584,111.469,111.501,111.535,111.537
2018-09-12 05:00:00,111.502,111.503,111.454,111.5,111.502,111.503
2018-09-12 06:00:00,111.498,111.501,111.456,111.486,111.498,111.499
2018-09-12 07:00:00,111.484,111.516,111.48,111.509,111.484,111.486
2018-09-12 08:00:00,111.511,111.559,111.485,111.52,111.511,111.512
2018-09-12 09:00:00,111.519,111.59,111.519,111.534,111.519,111.521
2018-09-12 10:00:00,111.534,111.554,111.472,111.492,111.534,111.536
2018-09-12 11:00:00,111.492,111.515,111.434,111.481,111.492,111.492
2018-09-12 12:00:00,111.481,111.493,111.436,111.452,111.481,111.483
2018-09-12 13:00:00,111.452,111.515,111.441,111.504,111.452,111.453
2018-09-12 14:00:00,111.505,111.577,111.461,111.477,111.505,111.507
2018-09-12 15:00:00,111.478,111.492,111.291,111.298,111.478,111.48
2018-09-12 16:00:00,111.299,111.36,111.264,111.285,111.299,111.301
2018-09-12 17:00:00,111.284,111.318,111.216,111.261,111.284,111.287
2018-09-12 18:00:00,111.261,111.465,111.256,111.3,111.261,111.263
2018-09-12 19:00:00,111.299,111.422,111.268,111.31,111.299,111.299
2018-09-12 20:00:00,111.31,111.324,111.114,111.184,111.31,111.313
2018-09-12 21:00:00,111.186,111.249,111.171,111.232,111.186,111.188
2018-09-12 22:00:00,111.232,111.306,111.224,111.241,111.232,111.235
2018-09-12 23:00:00,111.24,111.268,111.234,111.255,111.24,111.241
2018-09-13 00:00:00,111.249,111.281,111.16,111.25,111.249,111.281
2018-09-13 01:00:00,111.248,111.249,111.215,111.236,111.248,111.266
2018-09-13 02:00:00,111.236,111.249,111.203,111.215,111.236,111.239
2018-09-13 03:00:00,111.215,111.427,111.17,111.418,111.215,111.216
2018-09-13 04:00:00,111.42,111.457,111.342,111.374,111.42,111.421
2018-09-13 05:00:00,111.375,111.389,111.325,111.356,111.375,111.376
2018-09-13 06:00:00,111.355,111.402,111.35,111.369,111.355,111.357
2018-09-13 07:00:00,111.369,111.435,111.369,111.418,111.369,111.37
2018-09-13 08:00:00,111.418,111.474,111.41,111.431,111.418,111.419
2018-09-13 09:00:00,111.431,111.46,111.397,111.448,111.431,111.434
2018-09-13 10:00:00,111.448,111.509,111.428,111.474,111.448,111.449
2018-09-13 11:00:00,111.476,111.506,111.446,111.497,111.476,111.476
2018-09-13 12:00:00,111.498,111.52,111.429,111.448,111.498,111.499
2018-09-13 13:00:00,111.449,111.513,111.428,111.512,111.449,111.449
2018-09-13 14:00:00,111.511,111.602,111.506,111.569,111.511,111.514
2018-09-13 15:00:00,111.569,111.658,111.372,111.476,111.569,111.57
2018-09-13 16:00:00,111.476,111.634,111.372,111.599,111.476,111.476
2018-09-13 17:00:00,111.6,111.916,111.594,111.848,111.6,111.602
2018-09-13 18:00:00,111.85,111.958,111.818,111.93,111.85,111.85
2018-09-13 19:00:00,111.931,111.931,111.846,111.857,111.931,111.932
2018-09-13 20:00:00,111.858,111.884,111.802,111.866,111.858,111.86
2018-09-13 21:00:00,111.866,111.927,111.834,111.879,111.866,111.868
2018-09-13 22:00:00,111.878,112.0,111.878,111.983,111.878,111.879
2018-09-13 23:00:00,111.984,111.988,111.924,111.924,111.984,111.986
2018-09-14 00:00:00,111.92,111.944,111.895,111.92,111.92,111.944
2018-09-14 01:00:00,111.917,112.048,111.902,112.043,111.917,111.923
2018-09-14 02:00:00,112.044,112.06,111.968,112.026,112.044,112.045
2018-09-14 03:00:00,112.026,112.078,111.965,112.054,112.026,112.028
2018-09-14 04:00:00,112.053,112.061,111.956,111.964,112.053,112.055
2018-09-14 05:00:00,111.963,111.983,111.831,111.868,111.963,111.966
2018-09-14 06:00:00,111.868,111.908,111.808,111.828,111.868,111.868
2018-09-14 07:00:00,111.829,111.853,111.786,111.83,111.829,111.829
2018-09-14 08:00:00,111.83,111.884,111.812,111.874,111.83,111.83
2018-09-14 09:00:00,111.875,111.966,111.846,111.918,111.875,111.875
2018-09-14 10:00:00,111.918,111.938,111.813,111.825,111.918,111.919
2018-09-14 11:00:00,111.824,111.868,111.801,111.836,111.824,111.826
2018-09-14 12:00:00,111.835,111.843,111.754,111.799,111.835,111.837
2018-09-14 13:00:00,111.798,111.819,111.761,111.81,111.798,111.8
2018-09-14 14:00:00,111.81,111.907,111.806,111.855,111.81,111.811
2018-09-14 15:00:00,111.855,112.048,111.781,112.045,111.855,111.855
2018-09-14 16:00:00,112.045,112.051,111.955,112.017,112.045,112.045
2018-09-14 17:00:00,112.018,112.107,111.953,112.095,112.018,112.019
2018-09-14 18:00:00,112.095,112.169,112.045,112.094,112.095,112.096
2018-09-14 19:00:00,112.095,112.105,111.868,111.98,112.095,112.096
2018-09-14 22:00:00,112.016,112.062,111.983,112.028,112.016,112.018
2018-09-14 23:00:00,112.027,112.06,111.967,112.047,112.027,112.028
2018-09-17 00:00:00,112.03,112.031,112.005,112.019,112.03,112.045
2018-09-17 01:00:00,112.023,112.054,111.939,111.97,112.023,112.03
2018-09-17 02:00:00,111.968,112.028,111.952,111.967,111.968,111.971
2018-09-17 03:00:00,111.966,112.108,111.946,112.101,111.966,111.967
2018-09-17 04:00:00,112.101,112.122,111.986,111.989,112.101,112.103
2018-09-17 05:00:00,111.989,112.003,111.963,112.0,111.989,111.99
2018-09-17 06:00:00,111.998,111.998,111.955,111.969,111.998,111.999
2018-09-17 07:00:00,111.97,111.994,111.966,111.976,111.97,111.971
2018-09-17 08:00:00,111.976,111.997,111.957,111.957,111.976,111.978
2018-09-17 09:00:00,111.956,112.013,111.945,112.004,111.956,111.957
2018-09-17 10:00:00,112.003,112.028,111.851,111.864,112.003,112.005
2018-09-17 11:00:00,111.863,111.981,111.856,111.962,111.863,111.864
2018-09-17 12:00:00,111.96,112.002,111.922,111.99,111.96,111.962
2018-09-17 13:00:00,111.989,112.037,111.972,112.031,111.989,111.992
2018-09-17 14:00:00,112.031,112.091,112.021,112.029,112.031,112.033
2018-09-17 15:00:00,112.03,112.11,111.973,112.005,112.03,112.031
2018-09-17 16:00:00,112.006,112.062,111.964,111.98,112.006,112.007
2018-09-17 17:00:00,111.982,111.998,111.881,111.943,111.982,111.983
2018-09-17 18:00:00,111.943,112.022,111.941,111.97,111.943,111.943
2018-09-17 19:00:00,111.971,112.024,111.949,111.98,111.971,111.972
2018-09-17 20:00:00,111.979,112.025,111.907,111.93,111.979,111.982
2018-09-17 21:00:00,111.93,111.968,111.861,111.878,111.93,111.933
2018-09-17 22:00:00,111.879,111.896,111.761,111.826,111.879,111.879
2018-09-17 23:00:00,111.827,111.861,111.784,111.858,111.827,111.83
2018-09-18 00:00:00,111.838,111.862,111.827,111.846,111.838,111.868
2018-09-18 01:00:00,111.845,111.856,111.669,111.681,111.845,111.858
2018-09-18 02:00:00,111.682,111.736,111.675,111.689,111.682,111.684
2018-09-18 03:00:00,111.69,111.82,111.663,111.768,111.69,111.691
2018-09-18 04:00:00,111.768,111.916,111.732,111.893,111.768,111.768
2018-09-18 05:00:00,111.893,111.984,111.856,111.98,111.893,111.894
2018-09-18 06:00:00,111.982,112.01,111.9,111.944,111.982,111.983
2018-09-18 07:00:00,111.944,112.024,111.936,112.004,111.944,111.944
2018-09-18 08:00:00,112.006,112.024,111.958,111.97,112.006,112.006
2018-09-18 09:00:00,111.969,112.279,111.938,112.225,111.969,111.972
2018-09-18 10:00:00,112.226,112.236,111.914,111.968,112.226,112.228
2018-09-18 11:00:00,111.967,111.989,111.871,111.962,111.967,111.969
2018-09-18 12:00:00,111.961,112.006,111.899,112.002,111.961,111.963
2018-09-18 13:00:00,112.001,112.136,111.99,112.13,112.001,112.003
2018-09-18 14:00:00,112.129,112.149,112.048,112.117,112.129,112.132
2018-09-18 15:00:00,112.116,112.232,112.105,112.182,112.116,112.118
2018-09-18 16:00:00,112.182,112.26,112.033,112.252,112.182,112.184
2018-09-18 17:00:00,112.254,112.387,112.239,112.32,112.254,112.254
2018-09-18 18:00:00,112.318,112.374,112.262,112.306,112.318,112.318
2018-09-18 19:00:00,112.307,112.361,112.251,112.349,112.307,112.308
2018-09-18 20:00:00,112.349,112.377,112.34,112.344,112.349,112.35
2018-09-18 21:00:00,112.344,112.389,112.313,112.36,112.344,112.345
2018-09-18 22:00:00,112.361,112.383,112.338,112.339,112.361,112.363
2018-09-18 23:00:00,112.339,112.365,112.312,112.362,112.339,112.341
2018-09-19 00:00:00,112.354,112.39,112.351,112.366,112.354,112.373
2018-09-19 01:00:00,112.366,112.375,112.316,112.356,112.366,112.372
2018-09-19 02:00:00,112.355,112.36,112.275,112.283,112.355,112.355
2018-09-19 03:00:00,112.283,112.303,112.229,112.261,112.283,112.284
2018-09-19 04:00:00,112.262,112.332,112.259,112.328,112.262,112.263
2018-09-19 05:00:00,112.328,112.37,112.293,112.323,112.328,112.33
2018-09-19 06:00:00,112.323,112.432,112.317,112.366,112.323,112.326
2018-09-19 07:00:00,112.369,112.382,112.305,112.345,112.369,112.369
2018-09-19 08:00:00,112.346,112.355,112.265,112.277,112.346,112.347
2018-09-19 09:00:00,112.276,112.39,112.275,112.339,112.276,112.279
2018-09-19 10:00:00,112.339,112.361,112.278,112.327,112.339,112.339
2018-09-19 11:00:00,112.327,112.446,112.314,112.366,112.327,112.33
2018-09-19 12:00:00,112.366,112.372,112.304,112.334,112.366,112.369
2018-09-19 13:00:00,112.334,112.427,112.334,112.419,112.334,112.336
2018-09-19 14:00:00,112.418,112.424,112.277,112.296,112.418,112.421
2018-09-19 15:00:00,112.297,112.341,112.213,112.338,112.297,112.297
2018-09-19 16:00:00,112.338,112.396,112.194,112.287,112.338,112.34
2018-09-19 17:00:00,112.285,112.347,112.173,112.324,112.285,112.286
2018-09-19 18:00:00,112.325,112.338,112.196,112.211,112.325,112.325
2018-09-19 19:00:00,112.213,112.236,112.161,112.208,112.213,112.214
2018-09-19 20:00:00,112.206,112.29,112.198,112.289,112.206,112.208
2018-09-19 21:00:00,112.287,112.287,112.239,112.254,112.287,112.289
2018-09-19 22:00:00,112.254,112.278,112.24,112.247,112.254,112.255
2018-09-19 23:00:00,112.246,112.305,112.215,112.305,112.246,112.248
2018-09-20 00:00:00,112.259,112.289,112.228,112.265,112.259,112.3
2018-09-20 01:00:00,112.266,112.295,112.242,112.271,112.266,112.279
2018-09-20 02:00:00,112.27,112.338,112.26,112.336,112.27,112.273
2018-09-20 03:00:00,112.333,112.341,112.239,112.289,112.333,112.335
2018-09-20 04:00:00,112.287,112.296,112.1,112.195,112.287,112.288
2018-09-20 05:00:00,112.193,112.224,112.088,112.148,112.193,112.194
2018-09-20 06:00:00,112.147,112.21,112.099,112.176,112.147,112.149
2018-09-20 07:00:00,112.175,112.225,112.134,112.19,112.175,112.177
2018-09-20 08:00:00,112.189,112.235,112.071,112.149,112.189,112.191
2018-09-20 09:00:00,112.152,112.207,112.095,112.195,112.152,112.152
2018-09-20 10:00:00,112.196,112.258,112.183,112.209,112.196,112.196
2018-09-20 11:00:00,112.209,112.292,112.2,112.254,112.209,112.211
2018-09-20 12:00:00,112.255,112.271,112.212,112.226,112.255,112.256
2018-09-20 13:00:00,112.225,112.269,112.179,112.189,112.225,112.227
2018-09-20 14:00:00,112.191,112.276,112.157,112.169,112.191,112.192
2018-09-20 15:00:00,112.168,112.192,112.042,112.114,112.168,112.171
2018-09-20 16:00:00,112.115,112.224,112.109,112.177,112.115,112.116
2018-09-20 17:00:00,112.176,112.457,112.119,112.431,112.176,112.176
2018-09-20 18:00:00,112.43,112.584,112.415,112.576,112.43,112.432
2018-09-20 19:00:00,112.577,112.583,112.478,112.486,112.577,112.577
2018-09-20 20:00:00,112.488,112.531,112.456,112.5,112.488,112.489
2018-09-20 21:00:00,112.5,112.526,112.448,112.461,112.5,112.503
2018-09-20 22:00:00,112.461,112.478,112.39,112.411,112.461,112.463
2018-09-20 23:00:00,112.412,112.503,112.394,112.495,112.412,112.414
2018-09-21 00:00:00,112.479,112.5,112.431,112.474,112.479,112.501
2018-09-21 01:00:00,112.474,112.507,112.454,112.485,112.474,112.48
2018-09-21 02:00:00,112.486,112.499,112.425,112.496,112.486,112.487
2018-09-21 03:00:00,112.496,112.565,112.463,112.505,112.496,112.497
2018-09-21 04:00:00,112.504,112.56,112.479,112.512,112.504,112.504
2018-09-21 05:00:00,112.51,112.702,112.508,112.697,112.51,112.511
2018-09-21 06:00:00,112.698,112.765,112.662,112.732,112.698,112.699
2018-09-21 07:00:00,112.733,112.75,112.687,112.73,112.733,112.734
2018-09-21 08:00:00,112.732,112.802,112.726,112.77,112.732,112.732
2018-09-21 09:00:00,112.77,112.873,112.734,112.841,112.77,112.772
2018-09-21 10:00:00,112.84,112.856,112.667,112.708,112.84,112.843
2018-09-21 11:00:00,112.707,112.757,112.642,112.654,112.707,112.708
2018-09-21 12:00:00,112.655,112.768,112.655,112.747,112.655,112.657
2018-09-21 13:00:00,112.748,112.785,112.701,112.706,112.748,112.75
2018-09-21 14:00:00,112.706,112.737,112.628,112.698,112.706,112.706
2018-09-21 15:00:00,112.698,112.727,112.583,112.72,112.698,112.699
2018-09-21 16:00:00,112.72,112.78,112.632,112.663,112.72,112.722
2018-09-21 17:00:00,112.663,112.663,112.505,112.551,112.663,112.664
2018-09-21 18:00:00,112.552,112.658,112.52,112.634,112.552,112.553
2018-09-21 19:00:00,112.635,112.717,112.547,112.589,112.635,112.635
2018-09-21 20:00:00,112.589,112.614,112.559,112.61,112.589,112.592
2018-09-21 21:00:00,112.61,112.651,112.524,112.525,112.61,112.61
2018-09-21 22:00:00,112.524,112.567,112.502,112.564,112.524,112.527
2018-09-21 23:00:00,112.563,112.607,112.53,112.556,112.563,112.563
2018-09-24 00:00:00,112.39,112.538,112.39,112.516,112.39,112.47
2018-09-24 01:00:00,112.517,112.568,112.492,112.543,112.517,112.524
2018-09-24 02:00:00,112.544,112.562,112.494,112.532,112.544,112.547
2018-09-24 03:00:00,112.533,112.614,112.525,112.607,112.533,112.534
2018-09-24 04:00:00,112.607,112.633,112.558,112.597,112.607,112.609
2018-09-24 05:00:00,112.597,112.612,112.567,112.601,112.597,112.598
2018-09-24 06:00:00,112.601,112.607,112.58,112.607,112.601,112.603
2018-09-24 07:00:00,112.607,112.607,112.567,112.586,112.607,112.608
2018-09-24 08:00:00,112.585,112.605,112.567,112.605,112.585,112.586
2018-09-24 09:00:00,112.605,112.618,112.478,112.526,112.605,112.607
2018-09-24 10:00:00,112.526,112.609,112.526,112.602,112.526,112.528
2018-09-24 11:00:00,112.604,112.684,112.577,112.673,112.604,112.604
2018-09-24 12:00:00,112.673,112.705,112.642,112.648,112.673,112.675
2018-09-24 13:00:00,112.649,112.687,112.608,112.617,112.649,112.651
2018-09-24 14:00:00,112.616,112.631,112.582,112.588,112.616,112.616
2018-09-24 15:00:00,112.588,112.659,112.582,112.641,112.588,112.588
2018-09-24 16:00:00,112.641,112.673,112.489,112.595,112.641,112.642
2018-09-24 17:00:00,112.594,112.615,112.432,112.536,112.594,112.596
2018-09-24 18:00:00,112.537,112.653,112.521,112.629,112.537,112.538
2018-09-24 19:00:00,112.628,112.685,112.577,112.658,112.628,112.63
2018-09-24 20:00:00,112.659,112.75,112.656,112.732,112.659,112.659
2018-09-24 21:00:00,112.733,112.757,112.702,112.713,112.733,112.734
2018-09-24 22:00:00,112.712,112.768,112.701,112.759,112.712,112.714
2018-09-24 23:00:00,112.758,112.839,112.758,112.812,112.758,112.76
2018-09-25 00:00:00,112.766,112.8,112.751,112.769,112.766,112.846
2018-09-25 01:00:00,112.769,112.832,112.769,112.796,112.769,112.784
2018-09-25 02:00:00,112.797,112.854,112.768,112.78,112.797,112.8
2018-09-25 03:00:00,112.78,112.982,112.755,112.911,112.78,112.78
2018-09-25 04:00:00,112.91,112.942,112.81,112.837,112.91,112.912
2018-09-25 05:00:00,112.836,112.896,112.807,112.835,112.836,112.838
2018-09-25 06:00:00,112.835,112.851,112.809,112.841,112.835,112.837
2018-09-25 07:00:00,112.842,112.887,112.834,112.873,112.842,112.844
2018-09-25 08:00:00,112.874,112.935,112.831,112.85,112.874,112.875
2018-09-25 09:00:00,112.851,112.955,112.849,112.909,112.851,112.853
2018-09-25 10:00:00,112.909,112.96,112.852,112.933,112.909,112.91
2018-09-25 11:00:00,112.933,112.952,112.862,112.876,112.933,112.934
2018-09-25 12:00:00,112.877,112.878,112.821,112.85,112.877,112.878
2018-09-25 13:00:00,112.849,112.896,112.825,112.89,112.849,112.851
2018-09-25 14:00:00,112.889,112.898,112.764,112.81,112.889,112.891
2018-09-25 15:00:00,112.81,112.836,112.741,112.824,112.81,112.812
2018-09-25 16:00:00,112.825,112.867,112.777,112.834,112.825,112.827
2018-09-25 17:00:00,112.833,112.928,112.831,112.866,112.833,112.837
2018-09-25 18:00:00,112.867,112.928,112.83,112.885,112.867,112.868
2018-09-25 19:00:00,112.884,112.946,112.876,112.92,112.884,112.885
2018-09-25 20:00:00,112.921,112.969,112.898,112.957,112.921,112.922
2018-09-25 21:00:00,112.957,112.982,112.925,112.932,112.957,112.957
2018-09-25 22:00:00,112.931,112.966,112.927,112.949,112.931,112.932
2018-09-25 23:00:00,112.948,112.978,112.942,112.975,112.948,112.95
2018-09-26 00:00:00,112.972,112.981,112.895,112.954,112.972,112.979
2018-09-26 01:00:00,112.953,112.997,112.946,112.972,112.953,112.959
2018-09-26 02:00:00,112.973,113.0,112.964,112.983,112.973,112.975
2018-09-26 03:00:00,112.983,113.028,112.896,112.953,112.983,112.983
2018-09-26 04:00:00,112.954,112.968,112.893,112.899,112.954,112.954
2018-09-26 05:00:00,112.897,112.941,112.894,112.918,112.897,112.899
2018-09-26 06:00:00,112.918,112.952,112.894,112.95,112.918,112.92
2018-09-26 07:00:00,112.95,112.958,112.904,112.913,112.95,112.95
2018-09-26 08:00:00,112.911,112.936,112.904,112.904,112.911,112.914
2018-09-26 09:00:00,112.905,112.912,112.751,112.856,112.905,112.907
2018-09-26 10:00:00,112.857,112.875,112.769,112.853,112.857,112.857
2018-09-26 11:00:00,112.853,112.911,112.803,112.876,112.853,112.853
2018-09-26 12:00:00,112.877,112.924,112.857,112.907,112.877,112.878
2018-09-26 13:00:00,112.907,112.963,112.9,112.927,112.907,112.907
2018-09-26 14:00:00,112.928,113.002,112.89,112.991,112.928,112.929
2018-09-26 15:00:00,112.991,113.036,112.969,112.987,112.991,112.991
2018-09-26 16:00:00,112.986,113.047,112.973,113.021,112.986,112.988
2018-09-26 17:00:00,113.022,113.046,112.957,113.037,113.022,113.023
2018-09-26 18:00:00,113.036,113.058,112.932,112.934,113.036,113.037
2018-09-26 19:00:00,112.934,112.949,112.896,112.922,112.934,112.936
2018-09-26 20:00:00,112.922,112.946,112.886,112.901,112.922,112.923
2018-09-26 21:00:00,112.894,113.135,112.777,112.856,112.894,112.936
2018-09-26 22:00:00,112.855,112.897,112.672,112.697,112.855,112.858
2018-09-26 23:00:00,112.699,112.756,112.631,112.742,112.699,112.699
2018-09-27 00:00:00,112.712,112.735,112.624,112.682,112.712,112.744
2018-09-27 01:00:00,112.682,112.76,112.659,112.759,112.682,112.687
2018-09-27 02:00:00,112.758,112.777,112.704,112.713,112.758,112.759
2018-09-27 03:00:00,112.715,112.875,112.681,112.851,112.715,112.715
2018-09-27 04:00:00,112.851,112.9,112.803,112.84,112.851,112.851
2018-09-27 05:00:00,112.843,112.861,112.786,112.806,112.843,112.843
2018-09-27 06:00:00,112.806,112.808,112.657,112.71,112.806,112.808
2018-09-27 07:00:00,112.711,112.752,112.691,112.732,112.711,112.712
2018-09-27 08:00:00,112.732,112.77,112.602,112.64,112.732,112.735
2018-09-27 09:00:00,112.641,112.699,112.633,112.675,112.641,112.643
2018-09-27 10:00:00,112.674,112.712,112.561,112.598,112.674,112.676
2018-09-27 11:00:00,112.599,112.756,112.596,112.736,112.599,112.602
2018-09-27 12:00:00,112.737,112.792,112.685,112.739,112.737,112.738
2018-09-27 13:00:00,112.737,112.804,112.724,112.779,112.737,112.738
2018-09-27 14:00:00,112.778,112.855,112.778,112.848,112.778,112.78
2018-09-27 15:00:00,112.849,113.016,112.835,113.006,112.849,112.849
2018-09-27 16:00:00,113.006,113.074,112.992,113.065,113.006,113.008
2018-09-27 17:00:00,113.064,113.292,113.025,113.227,113.064,113.068
2018-09-27 18:00:00,113.228,113.411,113.224,113.388,113.228,113.229
2018-09-27 19:00:00,113.387,113.457,113.365,113.441,113.387,113.389
2018-09-27 20:00:00,113.439,113.469,113.35,113.412,113.439,113.441
2018-09-27 21:00:00,113.411,113.421,113.334,113.415,113.411,113.413
2018-09-27 22:00:00,113.414,113.433,113.36,113.37,113.414,113.416
2018-09-27 23:00:00,113.369,113.412,113.36,113.405,113.369,113.372
2018-09-28 00:00:00,113.355,113.426,113.355,113.404,113.355,113.41
2018-09-28 01:00:00,113.404,113.415,113.377,113.401,113.404,113.409
2018-09-28 02:00:00,113.4,113.427,113.331,113.392,113.4,113.402
2018-09-28 03:00:00,113.392,113.475,113.34,113.436,113.392,113.392
2018-09-28 04:00:00,113.436,113.635,113.436,113.525,113.436,113.439
2018-09-28 05:00:00,113.525,113.606,113.52,113.55,113.525,113.527
2018-09-28 06:00:00,113.551,113.577,113.48,113.521,113.551,113.552
2018-09-28 07:00:00,113.522,113.536,113.459,113.528,113.522,113.523
2018-09-28 08:00:00,113.528,113.644,113.478,113.478,113.528,113.529
2018-09-28 09:00:00,113.478,113.558,113.367,113.41,113.478,113.478
2018-09-28 10:00:00,113.411,113.481,113.371,113.433,113.411,113.413
2018-09-28 11:00:00,113.432,113.5,113.337,113.496,113.432,113.434
2018-09-28 12:00:00,113.495,113.524,113.402,113.423,113.495,113.497
2018-09-28 13:00:00,113.423,113.448,113.321,113.436,113.423,113.424
2018-09-28 14:00:00,113.436,113.449,113.342,113.362,113.436,113.437
2018-09-28 15:00:00,113.363,113.451,113.307,113.384,113.363,113.364
2018-09-28 16:00:00,113.385,113.512,113.365,113.51,113.385,113.386
2018-09-28 17:00:00,113.51,113.667,113.494,113.598,113.51,113.51
2018-09-28 18:00:00,113.598,113.598,113.441,113.492,113.598,113.598
2018-09-28 19:00:00,113.491,113.515,113.451,113.497,113.491,113.493
2018-09-28 20:00:00,113.495,113.613,113.491,113.586,113.495,113.496
2018-09-28 21:00:00,113.585,113.623,113.569,113.577,113.585,113.588
2018-09-28 22:00:00,113.577,113.622,113.553,113.619,113.577,113.577
2018-09-28 23:00:00,113.62,113.711,113.62,113.69,113.62,113.623
2018-10-01 00:00:00,113.715,113.759,113.702,113.722,113.715,113.765
2018-10-01 01:00:00,113.725,113.761,113.7,113.747,113.725,113.74
2018-10-01 02:00:00,113.746,113.845,113.746,113.798,113.746,113.748
2018-10-01 03:00:00,113.796,113.898,113.726,113.835,113.796,113.798
2018-10-01 04:00:00,113.836,113.962,113.817,113.954,113.836,113.836
2018-10-01 05:00:00,113.953,113.961,113.895,113.924,113.953,113.956
2018-10-01 06:00:00,113.922,113.936,113.862,113.882,113.922,113.925
2018-10-01 07:00:00,113.883,113.937,113.856,113.93,113.883,113.884
2018-10-01 08:00:00,113.93,113.93,113.872,113.918,113.93,113.932
2018-10-01 09:00:00,113.918,113.974,113.866,113.959,113.918,113.919
2018-10-01 10:00:00,113.96,114.05,113.93,114.035,113.96,113.961
2018-10-01 11:00:00,114.033,114.051,113.938,113.958,114.033,114.035
2018-10-01 12:00:00,113.957,113.993,113.906,113.99,113.957,113.96
2018-10-01 13:00:00,113.991,114.033,113.962,113.984,113.991,113.991
2018-10-01 14:00:00,113.984,113.992,113.94,113.967,113.984,113.984
2018-10-01 15:00:00,113.966,113.977,113.883,113.926,113.966,113.967
2018-10-01 16:00:00,113.926,113.979,113.893,113.979,113.926,113.927
2018-10-01 17:00:00,113.979,114.062,113.886,113.954,113.979,113.981
2018-10-01 18:00:00,113.951,113.977,113.901,113.968,113.951,113.952
2018-10-01 19:00:00,113.968,113.984,113.913,113.977,113.968,113.968
2018-10-01 20:00:00,113.978,113.997,113.96,113.976,113.978,113.978
2018-10-01 21:00:00,113.975,114.01,113.947,113.982,113.975,113.976
2018-10-01 22:00:00,113.983,113.984,113.92,113.98,113.983,113.984
2018-10-01 23:00:00,113.978,113.99,113.949,113.978,113.978,113.978
2018-10-02 00:00:00,113.909,114.0,113.904,113.995,113.909,113.949
2018-10-02 01:00:00,113.994,114.017,113.98,113.998,113.994,114.001
2018-10-02 02:00:00,113.998,114.01,113.946,113.954,113.998,114.001
2018-10-02 03:00:00,113.954,114.012,113.934,113.946,113.954,113.955
2018-10-02 04:00:00,113.945,113.956,113.823,113.908,113.945,113.948
2018-10-02 05:00:00,113.907,113.972,113.874,113.919,113.907,113.909
2018-10-02 06:00:00,113.919,113.954,113.918,113.939,113.919,113.92
2018-10-02 07:00:00,113.94,113.976,113.933,113.963,113.94,113.94
2018-10-02 08:00:00,113.964,113.98,113.804,113.814,113.964,113.966
2018-10-02 09:00:00,113.814,113.987,113.735,113.759,113.814,113.816
2018-10-02 10:00:00,113.758,113.829,113.687,113.821,113.758,113.758
2018-10-02 11:00:00,113.821,113.84,113.623,113.628,113.821,113.823
2018-10-02 12:00:00,113.629,113.733,113.605,113.727,113.629,113.631
2018-10-02 13:00:00,113.728,113.775,113.711,113.758,113.728,113.729
2018-10-02 14:00:00,113.759,113.853,113.759,113.83,113.759,113.761
2018-10-02 15:00:00,113.83,113.899,113.768,113.8,113.83,113.831
2018-10-02 16:00:00,113.8,113.852,113.688,113.742,113.8,113.801
2018-10-02 17:00:00,113.743,113.757,113.636,113.647,113.743,113.745
2018-10-02 18:00:00,113.647,113.694,113.529,113.661,113.647,113.649
2018-10-02 19:00:00,113.662,113.729,113.648,113.722,113.662,113.662
2018-10-02 20:00:00,113.721,113.811,113.717,113.778,113.721,113.721
2018-10-02 21:00:00,113.78,113.783,113.672,113.681,113.78,113.781
2018-10-02 22:00:00,113.684,113.688,113.569,113.587,113.684,113.684
2018-10-02 23:00:00,113.589,113.695,113.587,113.682,113.589,113.59
2018-10-03 00:00:00,113.634,113.68,113.595,113.642,113.634,113.672
2018-10-03 01:00:00,113.641,113.676,113.63,113.652,113.641,113.651
2018-10-03 02:00:00,113.652,113.663,113.565,113.565,113.652,113.656
2018-10-03 03:00:00,113.565,113.634,113.524,113.593,113.565,113.567
2018-10-03 04:00:00,113.592,113.719,113.522,113.703,113.592,113.594
2018-10-03 05:00:00,113.702,113.837,113.695,113.8,113.702,113.705
2018-10-03 06:00:00,113.8,113.812,113.669,113.673,113.8,113.801
2018-10-03 07:00:00,113.673,113.706,113.638,113.653,113.673,113.675
2018-10-03 08:00:00,113.653,113.746,113.653,113.736,113.653,113.654
2018-10-03 09:00:00,113.738,113.851,113.736,113.789,113.738,113.738
2018-10-03 10:00:00,113.791,113.888,113.777,113.875,113.791,113.792
2018-10-03 11:00:00,113.875,113.901,113.813,113.848,113.875,113.876
2018-10-03 12:00:00,113.848,113.856,113.784,113.822,113.848,113.85
2018-10-03 13:00:00,113.821,113.853,113.809,113.821,113.821,113.822
2018-10-03 14:00:00,113.822,113.854,113.789,113.842,113.822,113.822
2018-10-03 15:00:00,113.843,113.897,113.802,113.871,113.843,113.844
2018-10-03 16:00:00,113.871,113.901,113.823,113.883,113.871,113.873
2018-10-03 17:00:00,113.891,114.135,113.891,114.111,113.891,113.899
2018-10-03 18:00:00,114.111,114.229,114.061,114.188,114.111,114.112
2018-10-03 19:00:00,114.188,114.376,114.186,114.358,114.188,114.19
2018-10-03 20:00:00,114.357,114.417,114.338,114.397,114.357,114.359
2018-10-03 21:00:00,114.397,114.446,114.29,114.337,114.397,114.399
2018-10-03 22:00:00,114.336,114.368,114.292,114.319,114.336,114.336
2018-10-03 23:00:00,114.32,114.539,114.294,114.537,114.32,114.322
2018-10-04 00:00:00,114.533,114.533,114.382,114.487,114.533,114.539
2018-10-04 01:00:00,114.487,114.493,114.431,114.46,114.487,114.493
2018-10-04 02:00:00,114.461,114.55,114.448,114.511,114.461,114.461
2018-10-04 03:00:00,114.51,114.522,114.36,114.392,114.51,114.512
2018-10-04 04:00:00,114.392,114.433,114.292,114.326,114.392,114.394
2018-10-04 05:00:00,114.325,114.363,114.274,114.361,114.325,114.325
2018-10-04 06:00:00,114.361,114.37,114.218,114.254,114.361,114.362
2018-10-04 07:00:00,114.255,114.396,114.246,114.349,114.255,114.257
2018-10-04 08:00:00,114.35,114.46,114.293,114.318,114.35,114.351
2018-10-04 09:00:00,114.317,114.412,114.292,114.376,114.317,114.319
2018-10-04 10:00:00,114.376,114.376,114.217,114.3,114.376,114.377
2018-10-04 11:00:00,114.299,114.392,114.265,114.323,114.299,114.301
2018-10-04 12:00:00,114.324,114.369,114.252,114.32,114.324,114.325
2018-10-04 13:00:00,114.32,114.363,114.285,114.316,114.32,114.322
2018-10-04 14:00:00,114.316,114.348,114.071,114.21,114.316,114.318
2018-10-04 15:00:00,114.21,114.212,114.03,114.132,114.21,114.211
2018-10-04 16:00:00,114.13,114.149,114.004,114.054,114.13,114.13
2018-10-04 17:00:00,114.055,114.057,113.633,113.674,114.055,114.058
2018-10-04 18:00:00,113.673,113.88,113.672,113.795,113.673,113.673
2018-10-04 19:00:00,113.794,113.815,113.701,113.799,113.794,113.795
2018-10-04 20:00:00,113.798,113.818,113.703,113.779,113.798,113.8
2018-10-04 21:00:00,113.779,113.887,113.768,113.855,113.779,113.781
2018-10-04 22:00:00,113.854,113.894,113.783,113.86,113.854,113.855
2018-10-04 23:00:00,113.861,113.947,113.826,113.943,113.861,113.861
2018-10-05 00:00:00,113.878,113.918,113.861,113.888,113.878,113.948
2018-10-05 01:00:00,113.887,113.937,113.877,113.895,113.887,113.894
2018-10-05 02:00:00,113.894,113.935,113.854,113.896,113.894,113.894
2018-10-05 03:00:00,113.897,114.102,113.885,114.024,113.897,113.898
2018-10-05 04:00:00,114.028,114.066,113.931,113.967,114.028,114.028
2018-10-05 05:00:00,113.959,113.965,113.843,113.893,113.959,113.96
2018-10-05 06:00:00,113.893,113.935,113.875,113.901,113.893,113.896
2018-10-05 07:00:00,113.901,113.962,113.899,113.947,113.901,113.903
2018-10-05 08:00:00,113.946,113.952,113.853,113.881,113.946,113.949
2018-10-05 09:00:00,113.881,113.947,113.856,113.858,113.881,113.881
2018-10-05 10:00:00,113.858,113.928,113.787,113.835,113.858,113.859
2018-10-05 11:00:00,113.836,113.86,113.802,113.843,113.836,113.838
2018-10-05 12:00:00,113.844,113.908,113.832,113.879,113.844,113.844
2018-10-05 13:00:00,113.878,113.93,113.862,113.885,113.878,113.88
2018-10-05 14:00:00,113.884,113.913,113.862,113.892,113.884,113.884
2018-10-05 15:00:00,113.893,114.076,113.749,113.774,113.893,113.894
2018-10-05 16:00:00,113.773,113.907,113.709,113.714,113.773,113.775
2018-10-05 17:00:00,113.715,113.825,113.633,113.748,113.715,113.715
2018-10-05 18:00:00,113.75,113.758,113.558,113.574,113.75,113.75
2018-10-05 19:00:00,113.575,113.699,113.565,113.64,113.575,113.575
2018-10-05 20:00:00,113.641,113.738,113.571,113.732,113.641,113.641
2018-10-05 21:00:00,113.733,113.826,113.718,113.732,113.733,113.734
2018-10-05 22:00:00,113.734,113.772,113.649,113.663,113.734,113.734
2018-10-05 23:00:00,113.663,113.742,113.649,113.733,113.663,113.664
2018-10-08 00:00:00,113.752,113.784,113.75,113.753,113.752,113.85
2018-10-08 01:00:00,113.753,113.767,113.651,113.71,113.753,113.76
2018-10-08 02:00:00,113.709,113.735,113.654,113.71,113.709,113.715
2018-10-08 03:00:00,113.711,113.858,113.697,113.834,113.711,113.712
2018-10-08 04:00:00,113.835,113.942,113.826,113.843,113.835,113.836
2018-10-08 05:00:00,113.842,113.875,113.801,113.846,113.842,113.845
2018-10-08 06:00:00,113.845,113.886,113.834,113.871,113.845,113.847
2018-10-08 07:00:00,113.872,113.88,113.846,113.857,113.872,113.873
2018-10-08 08:00:00,113.857,113.867,113.781,113.797,113.857,113.859
2018-10-08 09:00:00,113.798,113.826,113.778,113.792,113.798,113.799
2018-10-08 10:00:00,113.793,113.818,113.731,113.744,113.793,113.794
2018-10-08 11:00:00,113.745,113.747,113.248,113.284,113.745,113.746
2018-10-08 12:00:00,113.283,113.368,113.269,113.346,113.283,113.285
2018-10-08 13:00:00,113.346,113.39,113.317,113.352,113.346,113.348
2018-10-08 14:00:00,113.353,113.381,113.325,113.371,113.353,113.354
2018-10-08 15:00:00,113.372,113.416,113.342,113.383,113.372,113.372
2018-10-08 16:00:00,113.382,113.385,113.054,113.238,113.382,113.382
2018-10-08 17:00:00,113.237,113.261,113.081,113.107,113.237,113.239
2018-10-08 18:00:00,113.108,113.16,112.986,113.058,113.108,113.109
2018-10-08 19:00:00,113.058,113.058,112.936,112.946,113.058,113.058
2018-10-08 20:00:00,112.945,112.953,112.822,112.83,112.945,112.947
2018-10-08 21:00:00,112.831,113.01,112.823,112.988,112.831,112.833
2018-10-08 22:00:00,112.988,113.134,112.98,113.101,112.988,112.988
2018-10-08 23:00:00,113.1,113.247,113.093,113.233,113.1,113.103
2018-10-09 00:00:00,113.23,113.232,113.114,113.175,113.23,113.242
2018-10-09 01:00:00,113.175,113.205,113.135,113.139,113.175,113.176
2018-10-09 02:00:00,113.139,113.147,113.054,113.123,113.139,113.142
2018-10-09 03:00:00,113.121,113.131,112.974,113.055,113.121,113.123
2018-10-09 04:00:00,113.055,113.111,112.932,113.0,113.055,113.055
2018-10-09 05:00:00,113.0,113.222,112.988,113.145,113.0,113.002
2018-10-09 06:00:00,113.146,113.181,113.089,113.108,113.146,113.147
2018-10-09 07:00:00,113.107,113.116,113.022,113.063,113.107,113.11
2018-10-09 08:00:00,113.063,113.129,113.057,113.107,113.063,113.066
2018-10-09 09:00:00,113.107,113.288,113.077,113.277,113.107,113.108
2018-10-09 10:00:00,113.277,113.393,113.271,113.312,113.277,113.277
2018-10-09 11:00:00,113.313,113.313,113.121,113.153,113.313,113.314
2018-10-09 12:00:00,113.153,113.204,113.08,113.12,113.153,113.155
2018-10-09 13:00:00,113.117,113.197,113.042,113.192,113.117,113.119
2018-10-09 14:00:00,113.192,113.222,113.114,113.126,113.192,113.193
2018-10-09 15:00:00,113.127,113.323,113.126,113.32,113.127,113.127
2018-10-09 16:00:00,113.321,113.332,113.183,113.244,113.321,113.322
2018-10-09 17:00:00,113.242,113.331,113.124,113.164,113.242,113.244
2018-10-09 18:00:00,113.162,113.168,113.012,113.123,113.162,113.162
2018-10-09 19:00:00,113.124,113.152,113.046,113.08,113.124,113.124
2018-10-09 20:00:00,113.081,113.083,112.98,113.049,113.081,113.083
2018-10-09 21:00:00,113.047,113.057,112.999,113.039,113.047,113.047
2018-10-09 22:00:00,113.038,113.055,112.87,112.927,113.038,113.039
2018-10-09 23:00:00,112.928,112.993,112.909,112.954,112.928,112.928
2018-10-10 00:00:00,112.953,113.019,112.945,112.965,112.953,112.969
2018-10-10 01:00:00,112.965,113.017,112.937,113.015,112.965,112.976
2018-10-10 02:00:00,113.015,113.041,112.945,113.019,113.015,113.015
2018-10-10 03:00:00,113.019,113.074,112.926,113.061,113.019,113.021
2018-10-10 04:00:00,113.059,113.105,112.979,113.063,113.059,113.06
2018-10-10 05:00:00,113.063,113.108,112.966,113.006,113.063,113.065
2018-10-10 06:00:00,113.007,113.041,112.972,113.023,113.007,113.007
2018-10-10 07:00:00,113.022,113.072,113.011,113.067,113.022,113.024
2018-10-10 08:00:00,113.066,113.081,112.973,112.984,113.066,113.067
2018-10-10 09:00:00,112.984,113.078,112.956,113.075,112.984,112.986
2018-10-10 10:00:00,113.077,113.133,113.039,113.079,113.077,113.077
2018-10-10 11:00:00,113.079,113.208,113.072,113.189,113.079,113.082
2018-10-10 12:00:00,113.188,113.252,113.167,113.201,113.188,113.19
2018-10-10 13:00:00,113.201,113.244,113.186,113.199,113.201,113.203
2018-10-10 14:00:00,113.2,113.287,113.178,113.182,113.2,113.2
2018-10-10 15:00:00,113.182,113.266,113.173,113.234,113.182,113.183
2018-10-10 16:00:00,113.235,113.266,112.91,112.915,113.235,113.236
2018-10-10 17:00:00,112.917,112.919,112.687,112.716,112.917,112.917
2018-10-10 18:00:00,112.717,112.757,112.596,112.708,112.717,112.719
2018-10-10 19:00:00,112.707,112.785,112.68,112.706,112.707,112.708
2018-10-10 20:00:00,112.704,112.832,112.655,112.754,112.704,112.704
2018-10-10 21:00:00,112.753,112.763,112.531,112.588,112.753,112.755
2018-10-10 22:00:00,112.587,112.587,112.402,112.426,112.587,112.589
2018-10-10 23:00:00,112.423,112.498,112.255,112.255,112.423,112.423
2018-10-11 00:00:00,112.27,112.28,112.115,112.268,112.27,112.275
2018-10-11 01:00:00,112.27,112.294,112.167,112.248,112.27,112.275
2018-10-11 02:00:00,112.248,112.282,112.056,112.086,112.248,112.25
2018-10-11 03:00:00,112.085,112.314,112.056,112.284,112.085,112.087
2018-10-11 04:00:00,112.285,112.286,111.97,112.049,112.285,112.286
2018-10-11 05:00:00,112.049,112.214,112.041,112.115,112.049,112.05
2018-10-11 06:00:00,112.116,112.192,112.048,112.192,112.116,112.116
2018-10-11 07:00:00,112.192,112.278,112.104,112.182,112.192,112.194
2018-10-11 08:00:00,112.182,112.213,112.069,112.11,112.182,112.182
2018-10-11 09:00:00,112.111,112.325,112.111,112.241,112.111,112.112
2018-10-11 10:00:00,112.24,112.367,112.187,112.222,112.24,112.24
2018-10-11 11:00:00,112.223,112.375,112.191,112.252,112.223,112.225
2018-10-11 12:00:00,112.251,112.289,112.166,112.207,112.251,112.253
2018-10-11 13:00:00,112.208,112.262,112.09,112.256,112.208,112.208
2018-10-11 14:00:00,112.255,112.343,112.19,112.291,112.255,112.256
2018-10-11 15:00:00,112.291,112.331,112.084,112.298,112.291,112.292
2018-10-11 16:00:00,112.298,112.536,112.21,112.51,112.298,112.298
2018-10-11 17:00:00,112.509,112.522,112.241,112.278,112.509,112.511
2018-10-11 18:00:00,112.279,112.314,112.122,112.269,112.279,112.28
2018-10-11 19:00:00,112.268,112.384,112.243,112.302,112.268,112.27
2018-10-11 20:00:00,112.301,112.326,112.093,112.153,112.301,112.303
2018-10-11 21:00:00,112.154,112.173,111.832,111.945,112.154,112.155
2018-10-11 22:00:00,111.945,112.189,111.884,112.046,111.945,111.945
2018-10-11 23:00:00,112.046,112.183,112.006,112.166,112.046,112.048
2018-10-12 00:00:00,112.155,112.167,112.08,112.141,112.155,112.168
2018-10-12 01:00:00,112.137,112.143,112.004,112.116,112.137,112.15
2018-10-12 02:00:00,112.116,112.157,112.057,112.085,112.116,112.119
2018-10-12 03:00:00,112.084,112.224,112.051,112.163,112.084,112.085
2018-10-12 04:00:00,112.163,112.317,112.139,112.278,112.163,112.164
2018-10-12 05:00:00,112.278,112.302,112.202,112.249,112.278,112.279
2018-10-12 06:00:00,112.248,112.41,112.245,112.384,112.248,112.251
2018-10-12 07:00:00,112.383,112.385,112.315,112.342,112.383,112.386
2018-10-12 08:00:00,112.341,112.431,112.327,112.396,112.341,112.343
2018-10-12 09:00:00,112.396,112.497,112.331,112.458,112.396,112.399
2018-10-12 10:00:00,112.458,112.458,112.303,112.322,112.458,112.459
2018-10-12 11:00:00,112.321,112.358,112.243,112.257,112.321,112.323
2018-10-12 12:00:00,112.258,112.348,112.251,112.314,112.258,112.26
2018-10-12 13:00:00,112.313,112.324,112.241,112.275,112.313,112.313
2018-10-12 14:00:00,112.276,112.338,112.227,112.296,112.276,112.277
2018-10-12 15:00:00,112.297,112.339,112.239,112.298,112.297,112.297
2018-10-12 16:00:00,112.296,112.373,112.151,112.188,112.296,112.296
2018-10-12 17:00:00,112.187,112.259,112.084,112.108,112.187,112.189
2018-10-12 18:00:00,112.107,112.156,112.002,112.031,112.107,112.108
2018-10-12 19:00:00,112.03,112.044,111.88,111.987,112.03,112.032
2018-10-12 20:00:00,111.989,112.088,111.948,112.024,111.989,111.991
2018-10-12 21:00:00,112.025,112.034,111.934,112.006,112.025,112.026
2018-10-12 22:00:00,112.005,112.242,111.989,112.213,112.005,112.007
2018-10-12 23:00:00,112.213,112.244,112.174,112.219,112.213,112.214
2018-10-15 00:00:00,112.135,112.194,112.12,112.16,112.135,112.185
2018-10-15 01:00:00,112.162,112.204,112.123,112.182,112.162,112.167
2018-10-15 02:00:00,112.182,112.235,112.163,112.209,112.182,112.184
2018-10-15 03:00:00,112.209,112.226,111.961,112.006,112.209,112.211
2018-10-15 04:00:00,112.005,112.185,111.936,112.173,112.005,112.006
2018-10-15 05:00:00,112.173,112.186,112.093,112.115,112.173,112.175
2018-10-15 06:00:00,112.114,112.127,112.028,112.068,112.114,112.116
2018-10-15 07:00:00,112.069,112.089,112.028,112.041,112.069,112.071
2018-10-15 08:00:00,112.039,112.041,111.917,111.921,112.039,112.041
2018-10-15 09:00:00,111.921,111.962,111.819,111.864,111.921,111.924
2018-10-15 10:00:00,111.866,111.895,111.693,111.794,111.866,111.866
2018-10-15 11:00:00,111.794,111.836,111.646,111.655,111.794,111.796
2018-10-15 12:00:00,111.654,111.765,111.625,111.726,111.654,111.655
2018-10-15 13:00:00,111.727,111.803,111.685,111.734,111.727,111.728
2018-10-15 14:00:00,111.733,111.886,111.72,111.865,111.733,111.734
2018-10-15 15:00:00,111.865,111.935,111.798,111.833,111.865,111.866
2018-10-15 16:00:00,111.833,111.93,111.731,111.747,111.833,111.835
2018-10-15 17:00:00,111.748,111.87,111.663,111.768,111.748,111.748
2018-10-15 18:00:00,111.768,111.928,111.749,111.829,111.768,111.769
2018-10-15 19:00:00,111.828,111.862,111.76,111.801,111.828,111.83
2018-10-15 20:00:00,111.802,111.866,111.79,111.845,111.802,111.804
2018-10-15 21:00:00,111.846,111.893,111.766,111.89,111.846,111.848
2018-10-15 22:00:00,111.89,111.903,111.784,111.79,111.89,111.89
2018-10-15 23:00:00,111.791,111.809,111.741,111.773,111.791,111.793
2018-10-16 00:00:00,111.769,111.792,111.749,111.77,111.769,111.783
2018-10-16 01:00:00,111.77,111.789,111.732,111.773,111.77,111.784
2018-10-16 02:00:00,111.773,111.855,111.766,111.842,111.773,111.774
2018-10-16 03:00:00,111.846,111.886,111.809,111.846,111.846,111.846
2018-10-16 04:00:00,111.846,112.048,111.829,112.019,111.846,111.847
2018-10-16 05:00:00,112.019,112.05,111.956,112.014,112.019,112.02
2018-10-16 06:00:00,112.013,112.014,111.93,111.967,112.013,112.016
2018-10-16 07:00:00,111.967,112.039,111.959,112.034,111.967,111.968
2018-10-16 08:00:00,112.034,112.154,112.03,112.096,112.034,112.034
2018-10-16 09:00:00,112.097,112.101,112.029,112.098,112.097,112.098
2018-10-16 10:00:00,112.098,112.169,112.048,112.102,112.098,112.099
2018-10-16 11:00:00,112.102,112.168,112.089,112.112,112.102,112.102
2018-10-16 12:00:00,112.113,112.123,112.022,112.108,112.113,112.115
2018-10-16 13:00:00,112.109,112.133,112.013,112.017,112.109,112.11
2018-10-16 14:00:00,112.018,112.072,111.995,112.032,112.018,112.019
2018-10-16 15:00:00,112.033,112.185,112.022,112.163,112.033,112.033
2018-10-16 16:00:00,112.162,112.182,112.034,112.148,112.162,112.162
2018-10-16 17:00:00,112.148,112.293,112.139,112.215,112.148,112.149
2018-10-16 18:00:00,112.214,112.242,112.128,112.166,112.214,112.215
2018-10-16 19:00:00,112.166,112.173,112.09,112.172,112.166,112.167
2018-10-16 20:00:00,112.173,112.263,112.132,112.231,112.173,112.175
2018-10-16 21:00:00,112.231,112.281,112.165,112.181,112.231,112.233
2018-10-16 22:00:00,112.182,112.253,112.172,112.226,112.182,112.183
2018-10-16 23:00:00,112.225,112.338,112.203,112.247,112.225,112.227
2018-10-17 00:00:00,112.254,112.302,112.232,112.288,112.254,112.261
2018-10-17 01:00:00,112.288,112.324,112.288,112.311,112.288,112.297
2018-10-17 02:00:00,112.311,112.395,112.276,112.344,112.311,112.314
2018-10-17 03:00:00,112.343,112.418,112.306,112.397,112.343,112.345
2018-10-17 04:00:00,112.397,112.419,112.323,112.349,112.397,112.399
2018-10-17 05:00:00,112.348,112.413,112.338,112.379,112.348,112.349
2018-10-17 06:00:00,112.379,112.396,112.344,112.36,112.379,112.379
2018-10-17 07:00:00,112.361,112.361,112.214,112.268,112.361,112.362
2018-10-17 08:00:00,112.269,112.274,112.155,112.219,112.269,112.269
2018-10-17 09:00:00,112.22,112.273,112.211,112.273,112.22,112.222
2018-10-17 10:00:00,112.274,112.3,112.22,112.236,112.274,112.275
2018-10-17 11:00:00,112.237,112.259,112.154,112.206,112.237,112.237
2018-10-17 12:00:00,112.204,112.278,112.177,112.22,112.204,112.208
2018-10-17 13:00:00,112.219,112.284,112.159,112.279,112.219,112.221
2018-10-17 14:00:00,112.28,112.324,112.251,112.28,112.28,112.281
2018-10-17 15:00:00,112.28,112.294,112.218,112.262,112.28,112.28
2018-10-17 16:00:00,112.261,112.362,112.099,112.099,112.261,112.262
2018-10-17 17:00:00,112.098,112.129,112.016,112.079,112.098,112.1
2018-10-17 18:00:00,112.078,112.204,112.057,112.201,112.078,112.078
2018-10-17 19:00:00,112.201,112.3,112.159,112.295,112.201,112.203
2018-10-17 20:00:00,112.296,112.382,112.263,112.32,112.296,112.296
2018-10-17 21:00:00,112.321,112.514,112.319,112.493,112.321,112.362
2018-10-17 22:00:00,112.494,112.564,112.456,112.533,112.494,112.496
2018-10-17 23:00:00,112.534,112.676,112.498,112.661,112.534,112.535
2018-10-18 00:00:00,112.642,112.713,112.635,112.687,112.642,112.665
2018-10-18 01:00:00,112.689,112.715,112.611,112.622,112.689,112.69
2018-10-18 02:00:00,112.622,112.685,112.594,112.624,112.622,112.625
2018-10-18 03:00:00,112.625,112.729,112.559,112.672,112.625,112.625
2018-10-18 04:00:00,112.671,112.677,112.533,112.554,112.671,112.673
2018-10-18 05:00:00,112.553,112.563,112.497,112.512,112.553,112.555
2018-10-18 06:00:00,112.513,112.548,112.494,112.532,112.513,112.513
2018-10-18 07:00:00,112.533,112.558,112.472,112.511,112.533,112.533
2018-10-18 08:00:00,112.512,112.527,112.456,112.485,112.512,112.513
2018-10-18 09:00:00,112.485,112.549,112.438,112.494,112.485,112.487
2018-10-18 10:00:00,112.494,112.651,112.482,112.617,112.494,112.496
2018-10-18 11:00:00,112.616,112.63,112.552,112.563,112.616,112.618
2018-10-18 12:00:00,112.562,112.578,112.495,112.53,112.562,112.564
2018-10-18 13:00:00,112.533,112.556,112.441,112.458,112.533,112.534
2018-10-18 14:00:00,112.458,112.516,112.445,112.47,112.458,112.459
2018-10-18 15:00:00,112.471,112.54,112.438,112.536,112.471,112.472
2018-10-18 16:00:00,112.535,112.616,112.494,112.556,112.535,112.536
2018-10-18 17:00:00,112.556,112.591,112.441,112.497,112.556,112.556
2018-10-18 18:00:00,112.497,112.524,112.076,112.135,112.497,112.498
2018-10-18 19:00:00,112.134,112.221,112.09,112.169,112.134,112.134
2018-10-18 20:00:00,112.169,112.193,111.948,112.049,112.169,112.17
2018-10-18 21:00:00,112.047,112.208,112.04,112.182,112.047,112.049
2018-10-18 22:00:00,112.183,112.247,112.117,112.221,112.183,112.184
2018-10-18 23:00:00,112.22,112.236,112.101,112.19,112.22,112.221
2018-10-19 00:00:00,112.195,112.215,112.162,112.186,112.195,112.235
2018-10-19 01:00:00,112.186,112.227,112.142,112.195,112.186,112.186
2018-10-19 02:00:00,112.196,112.206,112.143,112.198,112.196,112.199
2018-10-19 03:00:00,112.198,112.345,112.192,112.318,112.198,112.2
2018-10-19 04:00:00,112.318,112.43,112.265,112.382,112.318,112.32
2018-10-19 05:00:00,112.376,112.437,112.31,112.408,112.376,112.377
2018-10-19 06:00:00,112.409,112.413,112.349,112.384,112.409,112.409
2018-10-19 07:00:00,112.385,112.414,112.352,112.352,112.385,112.386
2018-10-19 08:00:00,112.353,112.495,112.352,112.458,112.353,112.355
2018-10-19 09:00:00,112.456,112.524,112.425,112.429,112.456,112.456
2018-10-19 10:00:00,112.428,112.543,112.415,112.438,112.428,112.429
2018-10-19 11:00:00,112.436,112.47,112.377,112.429,112.436,112.438
2018-10-19 12:00:00,112.429,112.443,112.364,112.367,112.429,112.431
2018-10-19 13:00:00,112.365,112.427,112.343,112.364,112.365,112.365
2018-10-19 14:00:00,112.364,112.535,112.362,112.484,112.364,112.365
2018-10-19 15:00:00,112.486,112.522,112.39,112.453,112.486,112.486
2018-10-19 16:00:00,112.453,112.648,112.381,112.564,112.453,112.454
2018-10-19 17:00:00,112.565,112.617,112.462,112.489,112.565,112.567
2018-10-19 18:00:00,112.489,112.557,112.392,112.517,112.489,112.491
2018-10-19 19:00:00,112.518,112.566,112.367,112.45,112.518,112.52
2018-10-19 20:00:00,112.448,112.555,112.411,112.511,112.448,112.45
2018-10-19 21:00:00,112.512,112.593,112.458,112.591,112.512,112.513
2018-10-19 22:00:00,112.591,112.599,112.543,112.554,112.591,112.592
2018-10-19 23:00:00,112.552,112.568,112.475,112.543,112.552,112.554
2018-10-22 00:00:00,112.57,112.598,112.489,112.529,112.57,112.61
2018-10-22 01:00:00,112.53,112.54,112.439,112.462,112.53,112.573
2018-10-22 02:00:00,112.461,112.501,112.415,112.461,112.461,112.464
2018-10-22 03:00:00,112.462,112.462,112.349,112.441,112.462,112.464
2018-10-22 04:00:00,112.44,112.563,112.431,112.518,112.44,112.442
2018-10-22 05:00:00,112.518,112.617,112.51,112.611,112.518,112.519
2018-10-22 06:00:00,112.612,112.651,112.577,112.618,112.612,112.612
2018-10-22 07:00:00,112.618,112.634,112.579,112.603,112.618,112.619
2018-10-22 08:00:00,112.603,112.674,112.6,112.667,112.603,112.604
2018-10-22 09:00:00,112.667,112.76,112.652,112.737,112.667,112.667
2018-10-22 10:00:00,112.736,112.772,112.687,112.754,112.736,112.738
2018-10-22 11:00:00,112.755,112.778,112.683,112.765,112.755,112.756
2018-10-22 12:00:00,112.766,112.879,112.766,112.835,112.766,112.768
2018-10-22 13:00:00,112.835,112.871,112.786,112.867,112.835,112.836
2018-10-22 14:00:00,112.867,112.867,112.798,112.807,112.867,112.868
2018-10-22 15:00:00,112.807,112.822,112.73,112.748,112.807,112.807
2018-10-22 16:00:00,112.748,112.843,112.656,112.679,112.748,112.749
2018-10-22 17:00:00,112.679,112.886,112.654,112.871,112.679,112.679
2018-10-22 18:00:00,112.87,112.882,112.736,112.799,112.87,112.871
2018-10-22 19:00:00,112.8,112.844,112.688,112.701,112.8,112.801
2018-10-22 20:00:00,112.7,112.788,112.696,112.744,112.7,112.702
2018-10-22 21:00:00,112.744,112.825,112.736,112.805,112.744,112.745
2018-10-22 22:00:00,112.805,112.848,112.797,112.813,112.805,112.805
2018-10-22 23:00:00,112.813,112.824,112.791,112.819,112.813,112.816
2018-10-23 00:00:00,112.819,112.831,112.801,112.815,112.819,112.843
2018-10-23 01:00:00,112.815,112.84,112.792,112.822,112.815,112.824
2018-10-23 02:00:00,112.822,112.829,112.757,112.759,112.822,112.826
2018-10-23 03:00:00,112.758,112.765,112.669,112.737,112.758,112.76
2018-10-23 04:00:00,112.738,112.798,112.623,112.648,112.738,112.739
2018-10-23 05:00:00,112.654,112.662,112.556,112.594,112.654,112.654
2018-10-23 06:00:00,112.594,112.605,112.515,112.578,112.594,112.596
2018-10-23 07:00:00,112.578,112.578,112.486,112.547,112.578,112.58
2018-10-23 08:00:00,112.547,112.6,112.47,112.492,112.547,112.547
2018-10-23 09:00:00,112.492,112.502,112.34,112.364,112.492,112.495
2018-10-23 10:00:00,112.364,112.454,112.305,112.321,112.364,112.365
2018-10-23 11:00:00,112.321,112.357,112.217,112.241,112.321,112.322
2018-10-23 12:00:00,112.241,112.303,112.148,112.303,112.241,112.242
2018-10-23 13:00:00,112.304,112.361,112.255,112.333,112.304,112.305
2018-10-23 14:00:00,112.335,112.359,112.179,112.275,112.335,112.335
2018-10-23 15:00:00,112.276,112.289,112.152,112.167,112.276,112.277
2018-10-23 16:00:00,112.167,112.186,112.04,112.048,112.167,112.168
2018-10-23 17:00:00,112.048,112.181,111.953,112.096,112.048,112.05
2018-10-23 18:00:00,112.096,112.235,112.046,112.114,112.096,112.098
2018-10-23 19:00:00,112.113,112.276,112.112,112.213,112.113,112.114
2018-10-23 20:00:00,112.214,112.296,112.175,112.203,112.214,112.215
2018-10-23 21:00:00,112.202,112.476,112.194,112.463,112.202,112.205
2018-10-23 22:00:00,112.464,112.48,112.37,112.37,112.464,112.466
2018-10-23 23:00:00,112.369,112.452,112.364,112.443,112.369,112.369
2018-10-24 00:00:00,112.439,112.44,112.371,112.411,112.439,112.448
2018-10-24 01:00:00,112.411,112.445,112.381,112.386,112.411,112.426
2018-10-24 02:00:00,112.385,112.485,112.385,112.454,112.385,112.388
2018-10-24 03:00:00,112.453,112.464,112.351,112.441,112.453,112.455
2018-10-24 04:00:00,112.443,112.554,112.32,112.513,112.443,112.443
2018-10-24 05:00:00,112.514,112.548,112.468,112.533,112.514,112.515
2018-10-24 06:00:00,112.535,112.617,112.529,112.58,112.535,112.536
2018-10-24 07:00:00,112.579,112.645,112.544,112.632,112.579,112.58
2018-10-24 08:00:00,112.633,112.647,112.547,112.555,112.633,112.633
2018-10-24 09:00:00,112.554,112.591,112.465,112.477,112.554,112.557
2018-10-24 10:00:00,112.474,112.553,112.425,112.509,112.474,112.475
2018-10-24 11:00:00,112.508,112.527,112.438,112.492,112.508,112.51
2018-10-24 12:00:00,112.492,112.638,112.452,112.625,112.492,112.493
2018-10-24 13:00:00,112.624,112.674,112.574,112.631,112.624,112.625
2018-10-24 14:00:00,112.632,112.724,112.604,112.723,112.632,112.632
2018-10-24 15:00:00,112.723,112.744,112.651,112.663,112.723,112.723
2018-10-24 16:00:00,112.662,112.662,112.546,112.606,112.662,112.663
2018-10-24 17:00:00,112.606,112.608,112.476,112.539,112.606,112.607
2018-10-24 18:00:00,112.539,112.621,112.381,112.592,112.539,112.539
2018-10-24 19:00:00,112.592,112.614,112.456,112.554,112.592,112.593
2018-10-24 20:00:00,112.553,112.556,112.378,112.384,112.553,112.553
2018-10-24 21:00:00,112.384,112.51,112.334,112.434,112.384,112.387
2018-10-24 22:00:00,112.434,112.434,112.089,112.145,112.434,112.435
2018-10-24 23:00:00,112.146,112.255,112.095,112.251,112.146,112.148
2018-10-25 00:00:00,112.249,112.249,112.127,112.137,112.249,112.255
2018-10-25 01:00:00,112.136,112.167,112.04,112.087,112.136,112.149
2018-10-25 02:00:00,112.087,112.144,111.984,112.0,112.087,112.089
2018-10-25 03:00:00,112.0,112.048,111.82,111.947,112.0,112.0
2018-10-25 04:00:00,111.949,112.078,111.862,112.021,111.949,111.95
2018-10-25 05:00:00,112.021,112.164,111.995,112.117,112.021,112.022
2018-10-25 06:00:00,112.116,112.149,112.064,112.087,112.116,112.118
2018-10-25 07:00:00,112.086,112.137,112.03,112.087,112.086,112.086
2018-10-25 08:00:00,112.091,112.1,111.926,111.944,112.091,112.092
2018-10-25 09:00:00,111.944,112.185,111.944,112.112,111.944,111.946
2018-10-25 10:00:00,112.112,112.365,112.068,112.304,112.112,112.114
2018-10-25 11:00:00,112.302,112.358,112.228,112.282,112.302,112.303
2018-10-25 12:00:00,112.281,112.356,112.255,112.337,112.281,112.282
2018-10-25 13:00:00,112.336,112.344,112.246,112.284,112.336,112.338
2018-10-25 14:00:00,112.283,112.375,112.245,112.332,112.283,112.283
2018-10-25 15:00:00,112.331,112.409,112.306,112.315,112.331,112.332
2018-10-25 16:00:00,112.315,112.49,112.255,112.476,112.315,112.316
2018-10-25 17:00:00,112.476,112.583,112.457,112.528,112.476,112.477
2018-10-25 18:00:00,112.528,112.64,112.457,112.542,112.528,112.528
2018-10-25 19:00:00,112.543,112.622,112.512,112.604,112.543,112.543
2018-10-25 20:00:00,112.604,112.675,112.532,112.614,112.604,112.606
2018-10-25 21:00:00,112.614,112.657,112.577,112.596,112.614,112.614
2018-10-25 22:00:00,112.597,112.614,112.516,112.542,112.597,112.598
2018-10-25 23:00:00,112.541,112.557,112.374,112.394,112.541,112.542
2018-10-26 00:00:00,112.41,112.438,112.342,112.378,112.41,112.429
2018-10-26 01:00:00,112.378,112.413,112.331,112.402,112.378,112.385
2018-10-26 02:00:00,112.403,112.414,112.33,112.353,112.403,112.407
2018-10-26 03:00:00,112.355,112.424,112.271,112.41,112.355,112.357
2018-10-26 04:00:00,112.412,112.444,112.308,112.4,112.412,112.414
2018-10-26 05:00:00,112.4,112.435,112.236,112.241,112.4,112.402
2018-10-26 06:00:00,112.242,112.281,112.117,112.169,112.242,112.244
2018-10-26 07:00:00,112.171,112.266,112.123,112.217,112.171,112.173
2018-10-26 08:00:00,112.218,112.273,112.067,112.15,112.218,112.221
2018-10-26 09:00:00,112.15,112.251,112.147,112.233,112.15,112.153
2018-10-26 10:00:00,112.234,112.236,112.011,112.012,112.234,112.235
2018-10-26 11:00:00,112.011,112.071,111.963,112.002,112.011,112.013
2018-10-26 12:00:00,112.002,112.012,111.865,111.926,112.002,112.003
2018-10-26 13:00:00,111.925,112.002,111.888,111.937,111.925,111.927
2018-10-26 14:00:00,111.94,112.074,111.934,112.016,111.94,111.94
2018-10-26 15:00:00,112.015,112.194,112.013,112.133,112.015,112.017
2018-10-26 16:00:00,112.134,112.146,111.742,111.746,112.134,112.136
2018-10-26 17:00:00,111.746,111.807,111.377,111.396,111.746,111.749
2018-10-26 18:00:00,111.395,111.689,111.389,111.645,111.395,111.397
2018-10-26 19:00:00,111.644,112.073,111.643,111.954,111.644,111.645
2018-10-26 20:00:00,111.952,112.102,111.883,112.008,111.952,111.954
2018-10-26 21:00:00,112.008,112.03,111.834,111.845,112.008,112.008
2018-10-26 22:00:00,111.845,111.881,111.714,111.788,111.845,111.847
2018-10-26 23:00:00,111.785,111.943,111.756,111.896,111.785,111.786
2018-10-29 00:00:00,111.858,111.969,111.852,111.88,111.858,111.892
2018-10-29 01:00:00,111.89,111.901,111.802,111.864,111.89,111.918
2018-10-29 02:00:00,111.866,111.945,111.841,111.92,111.866,111.872
2018-10-29 03:00:00,111.919,112.045,111.906,111.951,111.919,111.923
2018-10-29 04:00:00,111.95,112.008,111.783,111.826,111.95,111.951
2018-10-29 05:00:00,111.825,111.888,111.775,111.866,111.825,111.826
2018-10-29 06:00:00,111.868,111.93,111.846,111.89,111.868,111.868
2018-10-29 07:00:00,111.89,112.003,111.89,111.972,111.89,111.892
2018-10-29 08:00:00,111.972,112.007,111.906,111.954,111.972,111.973
2018-10-29 09:00:00,111.956,111.964,111.849,111.946,111.956,111.958
2018-10-29 10:00:00,111.947,111.993,111.894,111.927,111.947,111.949
2018-10-29 11:00:00,111.93,111.991,111.872,111.951,111.93,111.931
2018-10-29 12:00:00,111.95,112.194,111.931,112.167,111.95,111.951
2018-10-29 13:00:00,112.166,112.257,112.095,112.224,112.166,112.168
2018-10-29 14:00:00,112.223,112.44,112.192,112.371,112.223,112.225
2018-10-29 15:00:00,112.372,112.44,112.307,112.346,112.372,112.373
2018-10-29 16:00:00,112.346,112.538,112.315,112.509,112.346,112.348
2018-10-29 17:00:00,112.508,112.564,112.397,112.467,112.508,112.51
2018-10-29 18:00:00,112.466,112.523,112.396,112.487,112.466,112.468
2018-10-29 19:00:00,112.488,112.553,112.325,112.494,112.488,112.491
2018-10-29 20:00:00,112.495,112.557,112.452,112.462,112.495,112.495
2018-10-29 21:00:00,112.461,112.468,112.321,112.366,112.461,112.461
2018-10-29 22:00:00,112.365,112.391,112.19,112.385,112.365,112.367
2018-10-29 23:00:00,112.384,112.392,112.306,112.375,112.384,112.386
2018-10-30 00:00:00,112.355,112.382,112.334,112.355,112.355,112.383
2018-10-30 01:00:00,112.354,112.373,112.341,112.345,112.354,112.363
2018-10-30 02:00:00,112.344,112.381,112.304,112.325,112.344,112.349
2018-10-30 03:00:00,112.325,112.535,112.304,112.5,112.325,112.326
2018-10-30 04:00:00,112.499,112.639,112.473,112.63,112.499,112.501
2018-10-30 05:00:00,112.63,112.712,112.548,112.651,112.63,112.63
2018-10-30 06:00:00,112.651,112.683,112.616,112.66,112.651,112.653
2018-10-30 07:00:00,112.66,112.738,112.636,112.71,112.66,112.662
2018-10-30 08:00:00,112.709,112.732,112.65,112.68,112.709,112.711
2018-10-30 09:00:00,112.681,112.74,112.648,112.731,112.681,112.683
2018-10-30 10:00:00,112.73,112.852,112.701,112.807,112.73,112.732
2018-10-30 11:00:00,112.807,112.865,112.788,112.838,112.807,112.808
2018-10-30 12:00:00,112.838,112.839,112.674,112.804,112.838,112.841
2018-10-30 13:00:00,112.804,112.866,112.79,112.828,112.804,112.805
2018-10-30 14:00:00,112.828,112.941,112.8,112.934,112.828,112.83
2018-10-30 15:00:00,112.933,112.981,112.876,112.882,112.933,112.933
2018-10-30 16:00:00,112.88,112.899,112.771,112.876,112.88,112.883
2018-10-30 17:00:00,112.875,112.922,112.693,112.73,112.875,112.881
2018-10-30 18:00:00,112.73,112.828,112.681,112.754,112.73,112.731
2018-10-30 19:00:00,112.753,112.863,112.751,112.835,112.753,112.754
2018-10-30 20:00:00,112.836,112.886,112.699,112.874,112.836,112.838
2018-10-30 21:00:00,112.873,112.966,112.82,112.966,112.873,112.876
2018-10-30 22:00:00,112.967,113.015,112.917,112.968,112.967,112.969
2018-10-30 23:00:00,112.968,113.087,112.93,113.082,112.968,112.971
2018-10-31 00:00:00,113.111,113.158,113.074,113.09,113.111,113.149
2018-10-31 01:00:00,113.091,113.11,113.061,113.085,113.091,113.1
2018-10-31 02:00:00,113.086,113.091,113.023,113.067,113.086,113.088
2018-10-31 03:00:00,113.07,113.264,113.039,113.234,113.07,113.071
2018-10-31 04:00:00,113.234,113.329,113.197,113.224,113.234,113.236
2018-10-31 05:00:00,113.225,113.23,113.122,113.139,113.225,113.227
2018-10-31 06:00:00,113.141,113.248,113.132,113.237,113.141,113.141
2018-10-31 07:00:00,113.238,113.24,113.173,113.231,113.238,113.239
2018-10-31 08:00:00,113.233,113.336,113.22,113.27,113.233,113.234
2018-10-31 09:00:00,113.271,113.285,113.14,113.168,113.271,113.272
2018-10-31 10:00:00,113.169,113.236,113.146,113.194,113.169,113.17
2018-10-31 11:00:00,113.194,113.219,113.031,113.112,113.194,113.196
2018-10-31 12:00:00,113.112,113.159,113.084,113.138,113.112,113.114
2018-10-31 13:00:00,113.139,113.197,113.102,113.128,113.139,113.141
2018-10-31 14:00:00,113.129,113.179,113.055,113.094,113.129,113.13
2018-10-31 15:00:00,113.094,113.272,113.081,113.235,113.094,113.094
2018-10-31 16:00:00,113.234,113.385,113.218,113.365,113.234,113.235
2018-10-31 17:00:00,113.366,113.385,113.161,113.17,113.366,113.367
2018-10-31 18:00:00,113.171,113.193,112.824,112.863,113.171,113.173
2018-10-31 19:00:00,112.862,112.958,112.816,112.927,112.862,112.864
2018-10-31 20:00:00,112.927,113.081,112.901,113.05,112.927,112.928
2018-10-31 21:00:00,113.049,113.063,112.98,113.059,113.049,113.051
2018-10-31 22:00:00,113.062,113.063,112.825,112.828,113.062,113.062
2018-10-31 23:00:00,112.828,113.0,112.805,112.983,112.828,112.83
2018-11-01 00:00:00,112.932,112.995,112.853,112.924,112.932,112.956
2018-11-01 01:00:00,112.925,112.97,112.92,112.931,112.925,112.947
2018-11-01 02:00:00,112.932,112.936,112.847,112.855,112.932,112.935
2018-11-01 03:00:00,112.855,112.892,112.735,112.785,112.855,112.856
2018-11-01 04:00:00,112.784,112.931,112.722,112.918,112.784,112.786
2018-11-01 05:00:00,112.918,112.962,112.832,112.847,112.918,112.921
2018-11-01 06:00:00,112.846,112.888,112.832,112.852,112.846,112.848
2018-11-01 07:00:00,112.852,112.869,112.796,112.862,112.852,112.854
2018-11-01 08:00:00,112.861,112.906,112.856,112.905,112.861,112.863
2018-11-01 09:00:00,112.904,112.916,112.801,112.808,112.904,112.906
2018-11-01 10:00:00,112.809,112.934,112.778,112.901,112.809,112.811
2018-11-01 11:00:00,112.901,112.949,112.832,112.882,112.901,112.903
2018-11-01 12:00:00,112.882,112.989,112.861,112.985,112.882,112.884
2018-11-01 13:00:00,112.986,113.003,112.946,112.98,112.986,112.987
2018-11-01 14:00:00,112.979,112.998,112.896,112.902,112.979,112.981
2018-11-01 15:00:00,112.902,112.916,112.75,112.853,112.902,112.906
2018-11-01 16:00:00,112.853,112.861,112.692,112.706,112.853,112.855
2018-11-01 17:00:00,112.703,112.79,112.627,112.711,112.703,112.718
2018-11-01 18:00:00,112.713,112.805,112.647,112.788,112.713,112.715
2018-11-01 19:00:00,112.786,112.812,112.685,112.727,112.786,112.786
2018-11-01 20:00:00,112.727,112.727,112.61,112.668,112.727,112.728
2018-11-01 21:00:00,112.668,112.742,112.605,112.708,112.668,112.67
2018-11-01 22:00:00,112.709,112.712,112.636,112.701,112.709,112.711
2018-11-01 23:00:00,112.697,112.721,112.625,112.693,112.697,112.698
2018-11-02 00:00:00,112.697,112.707,112.637,112.646,112.697,112.729
2018-11-02 01:00:00,112.646,112.657,112.557,112.648,112.646,112.662
2018-11-02 02:00:00,112.647,112.737,112.625,112.732,112.647,112.652
2018-11-02 03:00:00,112.736,112.849,112.718,112.804,112.736,112.736
2018-11-02 04:00:00,112.805,112.813,112.714,112.737,112.805,112.806
2018-11-02 05:00:00,112.738,112.783,112.709,112.751,112.738,112.739
2018-11-02 06:00:00,112.75,112.756,112.656,112.697,112.75,112.751
2018-11-02 07:00:00,112.696,113.004,112.672,112.958,112.696,112.699
2018-11-02 08:00:00,112.959,113.101,112.957,112.98,112.959,112.96
2018-11-02 09:00:00,112.98,113.058,112.915,113.054,112.98,112.981
2018-11-02 10:00:00,113.054,113.104,112.948,112.968,113.054,113.057
2018-11-02 11:00:00,112.968,112.968,112.874,112.882,112.968,112.968
2018-11-02 12:00:00,112.882,112.885,112.719,112.762,112.882,112.883
2018-11-02 13:00:00,112.762,112.871,112.741,112.852,112.762,112.762
2018-11-02 14:00:00,112.851,112.918,112.815,112.887,112.851,112.853
2018-11-02 15:00:00,112.886,113.035,112.773,112.967,112.886,112.888
2018-11-02 16:00:00,112.966,113.021,112.881,112.935,112.966,112.968
2018-11-02 17:00:00,112.934,112.974,112.789,112.952,112.934,112.938
2018-11-02 18:00:00,112.953,113.11,112.936,113.098,112.953,112.955
2018-11-02 19:00:00,113.098,113.292,113.064,113.125,113.098,113.099
2018-11-02 20:00:00,113.123,113.251,113.076,113.201,113.123,113.124
2018-11-02 21:00:00,113.201,113.323,113.155,113.267,113.201,113.201
2018-11-02 22:00:00,113.268,113.31,113.172,113.178,113.268,113.27
2018-11-02 23:00:00,113.179,113.224,113.169,113.194,113.179,113.179
2018-11-05 00:00:00,113.155,113.224,113.148,113.211,113.155,113.178
2018-11-05 01:00:00,113.218,113.22,113.118,113.136,113.218,113.227
2018-11-05 02:00:00,113.138,113.243,113.108,113.211,113.138,113.139
2018-11-05 03:00:00,113.211,113.24,113.108,113.14,113.211,113.214
2018-11-05 04:00:00,113.14,113.231,113.126,113.196,113.14,113.14
2018-11-05 05:00:00,113.196,113.208,113.151,113.194,113.196,113.197
2018-11-05 06:00:00,113.195,113.234,113.164,113.234,113.195,113.195
2018-11-05 07:00:00,113.233,113.302,113.199,113.25,113.233,113.235
2018-11-05 08:00:00,113.25,113.338,113.242,113.31,113.25,113.253
2018-11-05 09:00:00,113.309,113.309,113.182,113.191,113.309,113.312
2018-11-05 10:00:00,113.19,113.222,113.163,113.221,113.19,113.191
2018-11-05 11:00:00,113.221,113.278,113.209,113.271,113.221,113.222
2018-11-05 12:00:00,113.27,113.286,113.197,113.235,113.27,113.272
2018-11-05 13:00:00,113.235,113.293,113.224,113.258,113.235,113.235
2018-11-05 14:00:00,113.257,113.323,113.219,113.322,113.257,113.259
2018-11-05 15:00:00,113.322,113.339,113.207,113.215,113.322,113.323
2018-11-05 16:00:00,113.214,113.222,113.125,113.143,113.214,113.216
2018-11-05 17:00:00,113.153,113.223,113.075,113.203,113.153,113.158
2018-11-05 18:00:00,113.202,113.232,113.164,113.221,113.202,113.204
2018-11-05 19:00:00,113.221,113.225,113.147,113.169,113.221,113.221
2018-11-05 20:00:00,113.168,113.215,113.164,113.169,113.168,113.168
2018-11-05 21:00:00,113.169,113.262,113.139,113.215,113.169,113.169
2018-11-05 22:00:00,113.216,113.238,113.184,113.219,113.216,113.218
2018-11-05 23:00:00,113.216,113.225,113.193,113.195,113.216,113.216
2018-11-06 00:00:00,113.187,113.229,113.16,113.199,113.187,113.201
2018-11-06 01:00:00,113.199,113.263,113.199,113.263,113.199,113.208
2018-11-06 02:00:00,113.262,113.318,113.232,113.269,113.262,113.264
2018-11-06 03:00:00,113.269,113.286,113.237,113.279,113.269,113.272
2018-11-06 04:00:00,113.279,113.316,113.264,113.29,113.279,113.281
2018-11-06 05:00:00,113.289,113.305,113.265,113.294,113.289,113.29
2018-11-06 06:00:00,113.293,113.36,113.282,113.343,113.293,113.295
2018-11-06 07:00:00,113.344,113.358,113.317,113.33,113.344,113.345
2018-11-06 08:00:00,113.331,113.428,113.331,113.416,113.331,113.332
2018-11-06 09:00:00,113.416,113.447,113.336,113.336,113.416,113.419
2018-11-06 10:00:00,113.335,113.335,113.24,113.266,113.335,113.336
2018-11-06 11:00:00,113.264,113.267,113.172,113.19,113.264,113.267
2018-11-06 12:00:00,113.19,113.194,113.101,113.131,113.19,113.191
2018-11-06 13:00:00,113.131,113.195,113.121,113.15,113.131,113.132
2018-11-06 14:00:00,113.15,113.211,113.14,113.181,113.15,113.151
2018-11-06 15:00:00,113.182,113.197,113.11,113.185,113.182,113.183
2018-11-06 16:00:00,113.185,113.302,113.182,113.26,113.185,113.187
2018-11-06 17:00:00,113.258,113.375,113.243,113.373,113.258,113.26
2018-11-06 18:00:00,113.374,113.409,113.349,113.386,113.374,113.375
2018-11-06 19:00:00,113.386,113.487,113.362,113.48,113.386,113.387
2018-11-06 20:00:00,113.48,113.506,113.456,113.479,113.48,113.483
2018-11-06 21:00:00,113.479,113.484,113.341,113.403,113.479,113.481
2018-11-06 22:00:00,113.401,113.47,113.392,113.46,113.401,113.402
2018-11-06 23:00:00,113.46,113.487,113.433,113.452,113.46,113.461
2018-11-07 00:00:00,113.425,113.451,113.294,113.446,113.425,113.453
2018-11-07 01:00:00,113.447,113.459,113.336,113.341,113.447,113.458
2018-11-07 02:00:00,113.341,113.368,112.964,113.066,113.341,113.345
2018-11-07 03:00:00,113.065,113.721,112.997,113.555,113.065,113.069
2018-11-07 04:00:00,113.556,113.818,113.424,113.425,113.556,113.559
2018-11-07 05:00:00,113.423,113.488,113.194,113.248,113.423,113.424
2018-11-07 06:00:00,113.248,113.306,113.157,113.207,113.248,113.251
2018-11-07 07:00:00,113.207,113.298,113.106,113.145,113.207,113.21
2018-11-07 08:00:00,113.144,113.25,113.117,113.205,113.144,113.148
2018-11-07 09:00:00,113.205,113.237,112.989,113.065,113.205,113.208
2018-11-07 10:00:00,113.066,113.22,113.052,113.156,113.066,113.066
2018-11-07 11:00:00,113.155,113.163,113.022,113.052,113.155,113.158
2018-11-07 12:00:00,113.052,113.078,112.946,113.069,113.052,113.053
2018-11-07 13:00:00,113.07,113.148,113.011,113.145,113.07,113.072
2018-11-07 14:00:00,113.145,113.227,113.12,113.143,113.145,113.146
2018-11-07 15:00:00,113.144,113.304,113.14,113.27,113.144,113.145
2018-11-07 16:00:00,113.272,113.365,113.226,113.232,113.272,113.273
2018-11-07 17:00:00,113.232,113.361,113.203,113.347,113.232,113.233
2018-11-07 18:00:00,113.347,113.373,113.268,113.326,113.347,113.349
2018-11-07 19:00:00,113.327,113.372,113.292,113.334,113.327,113.329
2018-11-07 20:00:00,113.334,113.46,113.325,113.362,113.334,113.335
2018-11-07 21:00:00,113.361,113.445,113.226,113.346,113.361,113.362
2018-11-07 22:00:00,113.347,113.534,113.334,113.523,113.347,113.349
2018-11-07 23:00:00,113.524,113.605,113.494,113.557,113.524,113.524
2018-11-08 00:00:00,113.489,113.565,113.474,113.524,113.489,113.541
2018-11-08 01:00:00,113.521,113.597,113.506,113.566,113.521,113.533
2018-11-08 02:00:00,113.567,113.634,113.546,113.607,113.567,113.57
2018-11-08 03:00:00,113.607,113.688,113.564,113.598,113.607,113.607
2018-11-08 04:00:00,113.602,113.664,113.567,113.662,113.602,113.602
2018-11-08 05:00:00,113.662,113.682,113.64,113.673,113.662,113.664
2018-11-08 06:00:00,113.674,113.737,113.671,113.732,113.674,113.675
2018-11-08 07:00:00,113.732,113.732,113.634,113.65,113.732,113.733
2018-11-08 08:00:00,113.65,113.655,113.578,113.633,113.65,113.651
2018-11-08 09:00:00,113.633,113.725,113.619,113.702,113.633,113.635
2018-11-08 10:00:00,113.703,113.72,113.656,113.707,113.703,113.704
2018-11-08 11:00:00,113.707,113.754,113.675,113.682,113.707,113.708
2018-11-08 12:00:00,113.682,113.748,113.667,113.695,113.682,113.683
2018-11-08 13:00:00,113.694,113.741,113.668,113.684,113.694,113.695
2018-11-08 14:00:00,113.683,113.697,113.618,113.679,113.683,113.686
2018-11-08 15:00:00,113.677,113.718,113.645,113.682,113.677,113.679
2018-11-08 16:00:00,113.681,113.69,113.602,113.672,113.681,113.682
2018-11-08 17:00:00,113.672,113.801,113.638,113.799,113.672,113.672
2018-11-08 18:00:00,113.798,113.881,113.775,113.867,113.798,113.8
2018-11-08 19:00:00,113.868,113.968,113.865,113.957,113.868,113.87
2018-11-08 20:00:00,113.957,113.96,113.862,113.868,113.957,113.958
2018-11-08 21:00:00,113.871,113.996,113.79,113.987,113.871,113.91
2018-11-08 22:00:00,113.987,114.004,113.946,113.991,113.987,113.989
2018-11-08 23:00:00,113.995,114.087,113.99,114.05,113.995,113.995
2018-11-09 00:00:00,114.062,114.074,113.996,114.044,114.062,114.075
2018-11-09 01:00:00,114.045,114.053,113.924,113.962,114.045,114.055
2018-11-09 02:00:00,113.963,114.011,113.949,113.959,113.963,113.964
2018-11-09 03:00:00,113.959,113.959,113.867,113.952,113.959,113.96
2018-11-09 04:00:00,113.95,113.963,113.831,113.839,113.95,113.95
2018-11-09 05:00:00,113.839,113.912,113.835,113.909,113.839,113.841
2018-11-09 06:00:00,113.91,113.945,113.877,113.912,113.91,113.913
2018-11-09 07:00:00,113.911,113.937,113.882,113.913,113.911,113.912
2018-11-09 08:00:00,113.912,113.957,113.904,113.907,113.912,113.914
2018-11-09 09:00:00,113.907,113.91,113.797,113.842,113.907,113.909
2018-11-09 10:00:00,113.843,113.86,113.755,113.784,113.843,113.844
2018-11-09 11:00:00,113.784,113.888,113.78,113.885,113.784,113.786
2018-11-09 12:00:00,113.885,113.891,113.805,113.806,113.885,113.887
2018-11-09 13:00:00,113.806,113.852,113.795,113.839,113.806,113.807
2018-11-09 14:00:00,113.838,113.886,113.827,113.856,113.838,113.839
2018-11-09 15:00:00,113.856,113.982,113.852,113.886,113.856,113.858
2018-11-09 16:00:00,113.887,113.947,113.8,113.857,113.887,113.888
2018-11-09 17:00:00,113.857,113.871,113.68,113.717,113.857,113.859
2018-11-09 18:00:00,113.717,113.828,113.64,113.769,113.717,113.719
2018-11-09 19:00:00,113.77,113.838,113.704,113.79,113.77,113.77
2018-11-09 20:00:00,113.791,113.81,113.755,113.758,113.791,113.792
2018-11-09 21:00:00,113.757,113.805,113.712,113.793,113.757,113.757
2018-11-09 22:00:00,113.793,113.877,113.786,113.793,113.793,113.796
2018-11-09 23:00:00,113.796,113.824,113.758,113.82,113.796,113.797
2018-11-12 00:00:00,113.769,113.897,113.768,113.873,113.769,113.867
2018-11-12 01:00:00,113.873,113.885,113.815,113.845,113.873,113.884
2018-11-12 02:00:00,113.845,113.94,113.836,113.908,113.845,113.849
2018-11-12 03:00:00,113.908,113.994,113.906,113.967,113.908,113.909
2018-11-12 04:00:00,113.969,114.012,113.96,113.982,113.969,113.97
2018-11-12 05:00:00,113.983,114.033,113.972,114.002,113.983,113.983
2018-11-12 06:00:00,114.001,114.035,113.975,114.0,114.001,114.003
2018-11-12 07:00:00,113.998,114.051,113.984,114.051,113.998,114.0
2018-11-12 08:00:00,114.05,114.207,114.032,114.187,114.05,114.051
2018-11-12 09:00:00,114.186,114.192,114.137,114.164,114.186,114.187
2018-11-12 10:00:00,114.166,114.171,113.972,113.993,114.166,114.166
2018-11-12 11:00:00,113.993,114.015,113.901,113.929,113.993,113.995
2018-11-12 12:00:00,113.93,113.949,113.872,113.924,113.93,113.931
2018-11-12 13:00:00,113.925,113.947,113.87,113.875,113.925,113.925
2018-11-12 14:00:00,113.875,113.902,113.839,113.861,113.875,113.877
2018-11-12 15:00:00,113.862,113.873,113.732,113.81,113.862,113.863
2018-11-12 16:00:00,113.811,113.86,113.762,113.827,113.811,113.811
2018-11-12 17:00:00,113.827,113.849,113.759,113.77,113.827,113.828
2018-11-12 18:00:00,113.771,113.773,113.66,113.746,113.771,113.772
2018-11-12 19:00:00,113.745,113.809,113.726,113.789,113.745,113.747
2018-11-12 20:00:00,113.79,113.863,113.753,113.818,113.79,113.791
2018-11-12 21:00:00,113.817,113.9,113.814,113.854,113.817,113.817
2018-11-12 22:00:00,113.854,113.858,113.718,113.759,113.854,113.856
2018-11-12 23:00:00,113.759,113.845,113.759,113.833,113.759,113.761
2018-11-13 00:00:00,113.831,113.853,113.772,113.796,113.831,113.84
2018-11-13 01:00:00,113.796,113.825,113.674,113.691,113.796,113.801
2018-11-13 02:00:00,113.692,113.722,113.58,113.665,113.692,113.694
2018-11-13 03:00:00,113.664,113.772,113.625,113.721,113.664,113.665
2018-11-13 04:00:00,113.722,113.79,113.674,113.722,113.722,113.722
2018-11-13 05:00:00,113.721,114.004,113.713,113.995,113.721,113.721
2018-11-13 06:00:00,113.996,114.043,113.972,113.988,113.996,113.997
2018-11-13 07:00:00,113.987,114.018,113.946,113.986,113.987,113.989
2018-11-13 08:00:00,113.986,114.021,113.917,113.949,113.986,113.987
2018-11-13 09:00:00,113.948,114.073,113.904,114.064,113.948,113.951
2018-11-13 10:00:00,114.066,114.141,114.061,114.103,114.066,114.067
2018-11-13 11:00:00,114.103,114.145,114.082,114.1,114.103,114.103
2018-11-13 12:00:00,114.099,114.14,114.077,114.082,114.099,114.1
2018-11-13 13:00:00,114.082,114.098,113.992,113.997,114.082,114.082
2018-11-13 14:00:00,113.997,114.033,113.916,113.948,113.997,113.999
2018-11-13 15:00:00,113.948,113.974,113.87,113.873,113.948,113.948
2018-11-13 16:00:00,113.874,113.984,113.859,113.982,113.874,113.876
2018-11-13 17:00:00,113.982,113.982,113.77,113.914,113.982,113.984
2018-11-13 18:00:00,113.913,114.041,113.91,113.97,113.913,113.914
2018-11-13 19:00:00,113.97,114.017,113.901,113.948,113.97,113.971
2018-11-13 20:00:00,113.946,114.02,113.923,113.957,113.946,113.947
2018-11-13 21:00:00,113.96,113.989,113.8,113.848,113.96,113.962
2018-11-13 22:00:00,113.849,113.899,113.731,113.772,113.849,113.851
2018-11-13 23:00:00,113.772,113.839,113.764,113.804,113.772,113.773
2018-11-14 00:00:00,113.805,113.848,113.778,113.805,113.805,113.828
2018-11-14 01:00:00,113.805,113.818,113.752,113.794,113.805,113.816
2018-11-14 02:00:00,113.795,113.951,113.757,113.932,113.795,113.797
2018-11-14 03:00:00,113.931,113.99,113.895,113.91,113.931,113.933
2018-11-14 04:00:00,113.91,113.946,113.829,113.886,113.91,113.912
2018-11-14 05:00:00,113.886,113.945,113.871,113.931,113.886,113.887
2018-11-14 06:00:00,113.931,113.947,113.892,113.915,113.931,113.932
2018-11-14 07:00:00,113.913,113.951,113.868,113.912,113.913,113.915
2018-11-14 08:00:00,113.911,113.928,113.869,113.9,113.911,113.913
2018-11-14 09:00:00,113.902,113.931,113.853,113.899,113.902,113.904
2018-11-14 10:00:00,113.897,113.909,113.8,113.81,113.897,113.898
2018-11-14 11:00:00,113.81,113.897,113.782,113.89,113.81,113.81
2018-11-14 12:00:00,113.888,113.951,113.867,113.926,113.888,113.89
2018-11-14 13:00:00,113.925,113.946,113.858,113.86,113.925,113.927
2018-11-14 14:00:00,113.861,113.895,113.845,113.866,113.861,113.863
2018-11-14 15:00:00,113.867,113.998,113.852,113.996,113.867,113.868
2018-11-14 16:00:00,113.995,114.009,113.876,113.912,113.995,113.997
2018-11-14 17:00:00,113.912,113.947,113.851,113.911,113.912,113.912
2018-11-14 18:00:00,113.911,113.916,113.646,113.707,113.911,113.913
2018-11-14 19:00:00,113.707,113.723,113.596,113.629,113.707,113.71
2018-11-14 20:00:00,113.631,113.739,113.449,113.465,113.631,113.634
2018-11-14 21:00:00,113.465,113.644,113.297,113.502,113.465,113.468
2018-11-14 22:00:00,113.502,113.579,113.476,113.502,113.502,113.503
2018-11-14 23:00:00,113.5,113.651,113.499,113.624,113.5,113.503
2018-11-15 00:00:00,113.607,113.622,113.543,113.574,113.607,113.641
2018-11-15 01:00:00,113.571,113.674,113.552,113.563,113.571,113.588
2018-11-15 02:00:00,113.563,113.658,113.49,113.584,113.563,113.564
2018-11-15 03:00:00,113.583,113.659,113.509,113.534,113.583,113.585
2018-11-15 04:00:00,113.533,113.577,113.455,113.514,113.533,113.533
2018-11-15 05:00:00,113.512,113.552,113.458,113.472,113.512,113.515
2018-11-15 06:00:00,113.47,113.48,113.429,113.472,113.47,113.471
2018-11-15 07:00:00,113.472,113.534,113.449,113.534,113.472,113.474
2018-11-15 08:00:00,113.534,113.563,113.5,113.529,113.534,113.534
2018-11-15 09:00:00,113.53,113.592,113.524,113.532,113.53,113.531
2018-11-15 10:00:00,113.532,113.532,113.408,113.421,113.532,113.532
2018-11-15 11:00:00,113.42,113.433,113.301,113.395,113.42,113.423
2018-11-15 12:00:00,113.394,113.435,113.343,113.428,113.394,113.397
2018-11-15 13:00:00,113.429,113.494,113.426,113.477,113.429,113.431
2018-11-15 14:00:00,113.477,113.501,113.398,113.41,113.477,113.48
2018-11-15 15:00:00,113.41,113.436,113.252,113.283,113.41,113.411
2018-11-15 16:00:00,113.282,113.292,113.099,113.249,113.282,113.283
2018-11-15 17:00:00,113.25,113.263,113.111,113.253,113.25,113.25
2018-11-15 18:00:00,113.252,113.485,113.223,113.45,113.252,113.252
2018-11-15 19:00:00,113.451,113.547,113.351,113.36,113.451,113.454
2018-11-15 20:00:00,113.362,113.66,113.342,113.652,113.362,113.363
2018-11-15 21:00:00,113.65,113.708,113.569,113.595,113.65,113.652
2018-11-15 22:00:00,113.593,113.596,113.447,113.572,113.593,113.595
2018-11-15 23:00:00,113.57,113.629,113.552,113.623,113.57,113.573
2018-11-16 00:00:00,113.617,113.633,113.51,113.58,113.617,113.671
2018-11-16 01:00:00,113.581,113.59,113.535,113.562,113.581,113.594
2018-11-16 02:00:00,113.561,113.613,113.501,113.588,113.561,113.563
2018-11-16 03:00:00,113.589,113.597,113.411,113.452,113.589,113.591
2018-11-16 04:00:00,113.452,113.465,113.34,113.343,113.452,113.454
2018-11-16 05:00:00,113.342,113.446,113.34,113.423,113.342,113.344
2018-11-16 06:00:00,113.422,113.454,113.38,113.44,113.422,113.423
2018-11-16 07:00:00,113.439,113.451,113.327,113.339,113.439,113.441
2018-11-16 08:00:00,113.34,113.34,113.216,113.264,113.34,113.34
2018-11-16 09:00:00,113.264,113.307,113.229,113.295,113.264,113.266
2018-11-16 10:00:00,113.296,113.364,113.235,113.355,113.296,113.297
2018-11-16 11:00:00,113.356,113.392,113.303,113.388,113.356,113.356
2018-11-16 12:00:00,113.387,113.404,113.221,113.26,113.387,113.39
2018-11-16 13:00:00,113.26,113.327,113.247,113.327,113.26,113.261
2018-11-16 14:00:00,113.327,113.362,113.176,113.192,113.327,113.329
2018-11-16 15:00:00,113.193,113.205,112.829,112.899,113.193,113.194
2018-11-16 16:00:00,112.898,112.904,112.672,112.724,112.898,112.9
2018-11-16 17:00:00,112.722,112.888,112.684,112.832,112.722,112.722
2018-11-16 18:00:00,112.833,112.868,112.733,112.768,112.833,112.834
2018-11-16 19:00:00,112.769,112.946,112.643,112.848,112.769,112.77
2018-11-16 20:00:00,112.848,112.875,112.696,112.812,112.848,112.849
2018-11-16 21:00:00,112.812,112.9,112.773,112.824,112.812,112.813
2018-11-16 22:00:00,112.823,112.852,112.767,112.802,112.823,112.827
2018-11-16 23:00:00,112.802,112.889,112.8,112.838,112.802,112.806
2018-11-19 00:00:00,112.748,112.845,112.74,112.805,112.748,112.842
2018-11-19 01:00:00,112.805,112.805,112.608,112.725,112.805,112.815
2018-11-19 02:00:00,112.725,112.815,112.71,112.721,112.725,112.727
2018-11-19 03:00:00,112.721,112.768,112.656,112.695,112.721,112.723
2018-11-19 04:00:00,112.694,112.697,112.63,112.684,112.694,112.696
2018-11-19 05:00:00,112.684,112.733,112.635,112.726,112.684,112.685
2018-11-19 06:00:00,112.725,112.765,112.705,112.731,112.725,112.728
2018-11-19 07:00:00,112.731,112.825,112.727,112.814,112.731,112.734
2018-11-19 08:00:00,112.816,112.83,112.747,112.757,112.816,112.816
2018-11-19 09:00:00,112.757,112.807,112.672,112.734,112.757,112.757
2018-11-19 10:00:00,112.735,112.857,112.734,112.815,112.735,112.735
2018-11-19 11:00:00,112.813,112.851,112.642,112.659,112.813,112.815
2018-11-19 12:00:00,112.659,112.737,112.644,112.737,112.659,112.661
2018-11-19 13:00:00,112.738,112.81,112.731,112.793,112.738,112.738
2018-11-19 14:00:00,112.794,112.843,112.782,112.787,112.794,112.795
2018-11-19 15:00:00,112.788,112.825,112.757,112.825,112.788,112.789
2018-11-19 16:00:00,112.824,112.875,112.709,112.729,112.824,112.825
2018-11-19 17:00:00,112.727,112.728,112.449,112.575,112.727,112.729
2018-11-19 18:00:00,112.574,112.59,112.445,112.539,112.574,112.574
2018-11-19 19:00:00,112.539,112.565,112.434,112.442,112.539,112.541
2018-11-19 20:00:00,112.443,112.508,112.42,112.464,112.443,112.444
2018-11-19 21:00:00,112.465,112.584,112.442,112.534,112.465,112.467
2018-11-19 22:00:00,112.532,112.569,112.492,112.546,112.532,112.533
2018-11-19 23:00:00,112.547,112.572,112.522,112.554,112.547,112.548
2018-11-20 00:00:00,112.548,112.549,112.483,112.484,112.548,112.557
2018-11-20 01:00:00,112.487,112.507,112.399,112.454,112.487,112.495
2018-11-20 02:00:00,112.455,112.612,112.431,112.595,112.455,112.457
2018-11-20 03:00:00,112.594,112.662,112.548,112.62,112.594,112.597
2018-11-20 04:00:00,112.62,112.63,112.569,112.592,112.62,112.62
2018-11-20 05:00:00,112.593,112.611,112.487,112.557,112.593,112.594
2018-11-20 06:00:00,112.556,112.63,112.495,112.505,112.556,112.559
2018-11-20 07:00:00,112.505,112.566,112.499,112.533,112.505,112.505
2018-11-20 08:00:00,112.532,112.555,112.474,112.549,112.532,112.534
2018-11-20 09:00:00,112.549,112.555,112.467,112.515,112.549,112.551
2018-11-20 10:00:00,112.515,112.523,112.316,112.333,112.515,112.516
2018-11-20 11:00:00,112.333,112.443,112.318,112.436,112.333,112.335
2018-11-20 12:00:00,112.436,112.476,112.402,112.454,112.436,112.438
2018-11-20 13:00:00,112.454,112.513,112.435,112.492,112.454,112.456
2018-11-20 14:00:00,112.492,112.492,112.332,112.342,112.492,112.493
2018-11-20 15:00:00,112.343,112.42,112.305,112.357,112.343,112.344
2018-11-20 16:00:00,112.357,112.511,112.354,112.397,112.357,112.357
2018-11-20 17:00:00,112.398,112.653,112.362,112.628,112.398,112.399
2018-11-20 18:00:00,112.628,112.736,112.555,112.657,112.628,112.63
2018-11-20 19:00:00,112.657,112.726,112.633,112.697,112.657,112.659
2018-11-20 20:00:00,112.696,112.844,112.689,112.714,112.696,112.698
2018-11-20 21:00:00,112.714,112.812,112.703,112.723,112.714,112.716
2018-11-20 22:00:00,112.724,112.762,112.624,112.679,112.724,112.725
2018-11-20 23:00:00,112.679,112.759,112.672,112.745,112.679,112.68
2018-11-21 00:00:00,112.76,112.76,112.68,112.728,112.76,112.798
2018-11-21 01:00:00,112.726,112.735,112.644,112.709,112.726,112.736
2018-11-21 02:00:00,112.709,112.857,112.697,112.816,112.709,112.71
2018-11-21 03:00:00,112.815,112.926,112.747,112.878,112.815,112.816
2018-11-21 04:00:00,112.88,112.926,112.849,112.895,112.88,112.88
2018-11-21 05:00:00,112.894,112.938,112.848,112.885,112.894,112.896
2018-11-21 06:00:00,112.884,112.916,112.87,112.898,112.884,112.886
2018-11-21 07:00:00,112.897,112.914,112.823,112.823,112.897,112.9
2018-11-21 08:00:00,112.825,112.843,112.797,112.838,112.825,112.826
2018-11-21 09:00:00,112.838,112.927,112.825,112.869,112.838,112.839
2018-11-21 10:00:00,112.869,112.884,112.822,112.862,112.869,112.87
2018-11-21 11:00:00,112.861,112.964,112.857,112.952,112.861,112.863
2018-11-21 12:00:00,112.952,113.148,112.935,113.124,112.952,112.952
2018-11-21 13:00:00,113.125,113.148,112.977,113.005,113.125,113.127
2018-11-21 14:00:00,113.005,113.105,113.002,113.05,113.005,113.005
2018-11-21 15:00:00,113.051,113.093,112.864,112.872,113.051,113.052
2018-11-21 16:00:00,112.872,113.05,112.865,113.047,112.872,112.872
2018-11-21 17:00:00,113.045,113.086,112.929,112.979,113.045,113.049
2018-11-21 18:00:00,112.978,113.064,112.954,113.063,112.978,112.979
2018-11-21 19:00:00,113.064,113.098,112.997,113.011,113.064,113.065
2018-11-21 20:00:00,113.011,113.101,113.005,113.044,113.011,113.012
2018-11-21 21:00:00,113.043,113.093,113.005,113.076,113.043,113.044
2018-11-21 22:00:00,113.08,113.103,113.053,113.071,113.08,113.08
2018-11-21 23:00:00,113.068,113.119,113.038,113.047,113.068,113.069
2018-11-22 00:00:00,113.05,113.211,112.962,113.105,113.05,113.099
2018-11-22 01:00:00,113.105,113.111,113.012,113.031,113.105,113.116
2018-11-22 02:00:00,113.031,113.131,113.009,113.101,113.031,113.033
2018-11-22 03:00:00,113.1,113.132,112.991,113.013,113.1,113.102
2018-11-22 04:00:00,113.013,113.021,112.957,112.993,113.013,113.014
2018-11-22 05:00:00,112.992,113.012,112.967,112.999,112.992,112.995
2018-11-22 06:00:00,112.998,113.038,112.972,113.011,112.998,113.0
2018-11-22 07:00:00,113.009,113.032,112.975,113.019,113.009,113.011
2018-11-22 08:00:00,113.019,113.056,113.001,113.036,113.019,113.021
2018-11-22 09:00:00,113.037,113.078,112.941,113.015,113.037,113.039
2018-11-22 10:00:00,113.017,113.043,112.895,112.905,113.017,113.018
2018-11-22 11:00:00,112.906,112.942,112.885,112.936,112.906,112.907
2018-11-22 12:00:00,112.936,112.967,112.885,112.953,112.936,112.938
2018-11-22 13:00:00,112.952,112.992,112.926,112.94,112.952,112.954
2018-11-22 14:00:00,112.941,112.992,112.941,112.955,112.941,112.942
2018-11-22 15:00:00,112.956,112.968,112.936,112.965,112.956,112.958
2018-11-22 16:00:00,112.965,112.977,112.921,112.94,112.965,112.966
2018-11-22 17:00:00,112.94,112.99,112.938,112.974,112.94,112.944
2018-11-22 18:00:00,112.975,113.004,112.951,112.961,112.975,112.978
2018-11-22 19:00:00,112.961,112.986,112.938,112.964,112.961,112.962
2018-11-22 20:00:00,112.965,112.975,112.939,112.95,112.965,112.971
2018-11-22 21:00:00,112.95,112.995,112.937,112.955,112.95,112.956
2018-11-22 22:00:00,112.954,112.974,112.934,112.954,112.954,112.971
2018-11-22 23:00:00,112.954,112.991,112.916,112.934,112.954,112.961
2018-11-23 00:00:00,112.929,112.959,112.919,112.942,112.929,112.977
2018-11-23 01:00:00,112.948,112.995,112.934,112.985,112.948,112.969
2018-11-23 02:00:00,112.984,113.002,112.957,112.99,112.984,112.989
2018-11-23 03:00:00,112.991,113.01,112.969,112.976,112.991,112.993
2018-11-23 04:00:00,112.977,112.989,112.92,112.951,112.977,112.978
2018-11-23 05:00:00,112.952,112.952,112.925,112.926,112.952,112.953
2018-11-23 06:00:00,112.927,112.938,112.875,112.903,112.927,112.928
2018-11-23 07:00:00,112.904,112.916,112.824,112.848,112.904,112.906
2018-11-23 08:00:00,112.848,112.873,112.838,112.865,112.848,112.849
2018-11-23 09:00:00,112.865,112.887,112.831,112.855,112.865,112.868
2018-11-23 10:00:00,112.855,112.915,112.83,112.864,112.855,112.857
2018-11-23 11:00:00,112.865,112.884,112.778,112.835,112.865,112.866
2018-11-23 12:00:00,112.834,112.868,112.808,112.86,112.834,112.835
2018-11-23 13:00:00,112.86,112.875,112.807,112.815,112.86,112.863
2018-11-23 14:00:00,112.815,112.848,112.791,112.839,112.815,112.817
2018-11-23 15:00:00,112.839,112.847,112.707,112.75,112.839,112.839
2018-11-23 16:00:00,112.749,112.829,112.661,112.804,112.749,112.749
2018-11-23 17:00:00,112.804,112.822,112.747,112.765,112.804,112.805
2018-11-23 18:00:00,112.766,112.877,112.762,112.831,112.766,112.766
2018-11-23 19:00:00,112.83,112.865,112.793,112.832,112.83,112.831
2018-11-23 20:00:00,112.832,112.873,112.799,112.845,112.832,112.832
2018-11-23 21:00:00,112.846,112.885,112.842,112.882,112.846,112.847
2018-11-23 22:00:00,112.881,112.92,112.857,112.918,112.881,112.885
2018-11-23 23:00:00,112.919,112.943,112.889,112.916,112.919,112.929
2018-11-26 00:00:00,112.898,112.951,112.896,112.917,112.898,112.942
2018-11-26 01:00:00,112.916,112.936,112.877,112.917,112.916,112.925
2018-11-26 02:00:00,112.917,112.995,112.905,112.983,112.917,112.919
2018-11-26 03:00:00,112.982,113.249,112.971,113.224,112.982,112.984
2018-11-26 04:00:00,113.224,113.289,113.209,113.243,113.224,113.227
2018-11-26 05:00:00,113.242,113.255,113.2,113.205,113.242,113.243
2018-11-26 06:00:00,113.205,113.244,113.167,113.215,113.205,113.208
2018-11-26 07:00:00,113.215,113.274,113.202,113.204,113.215,113.215
2018-11-26 08:00:00,113.203,113.238,113.176,113.186,113.203,113.205
2018-11-26 09:00:00,113.186,113.265,113.172,113.235,113.186,113.189
2018-11-26 10:00:00,113.235,113.355,113.23,113.293,113.235,113.236
2018-11-26 11:00:00,113.293,113.295,113.2,113.223,113.293,113.294
2018-11-26 12:00:00,113.224,113.253,113.2,113.226,113.224,113.225
2018-11-26 13:00:00,113.225,113.225,113.165,113.193,113.225,113.227
2018-11-26 14:00:00,113.195,113.251,113.192,113.236,113.195,113.195
2018-11-26 15:00:00,113.236,113.303,113.217,113.296,113.236,113.236
2018-11-26 16:00:00,113.294,113.474,113.282,113.45,113.294,113.294
2018-11-26 17:00:00,113.449,113.6,113.4,113.591,113.449,113.451
2018-11-26 18:00:00,113.592,113.607,113.534,113.586,113.592,113.593
2018-11-26 19:00:00,113.587,113.592,113.482,113.516,113.587,113.587
2018-11-26 20:00:00,113.514,113.603,113.497,113.554,113.514,113.514
2018-11-26 21:00:00,113.555,113.651,113.532,113.642,113.555,113.556
2018-11-26 22:00:00,113.641,113.646,113.581,113.617,113.641,113.642
2018-11-26 23:00:00,113.616,113.628,113.543,113.601,113.616,113.619
2018-11-27 00:00:00,113.551,113.597,113.551,113.562,113.551,113.601
2018-11-27 01:00:00,113.561,113.573,113.498,113.505,113.561,113.57
2018-11-27 02:00:00,113.505,113.525,113.445,113.482,113.505,113.508
2018-11-27 03:00:00,113.482,113.487,113.423,113.438,113.482,113.483
2018-11-27 04:00:00,113.437,113.476,113.415,113.454,113.437,113.438
2018-11-27 05:00:00,113.455,113.534,113.44,113.533,113.455,113.455
2018-11-27 06:00:00,113.532,113.546,113.472,113.498,113.532,113.534
2018-11-27 07:00:00,113.498,113.519,113.446,113.473,113.498,113.499
2018-11-27 08:00:00,113.473,113.541,113.447,113.529,113.473,113.474
2018-11-27 09:00:00,113.529,113.666,113.462,113.586,113.529,113.532
2018-11-27 10:00:00,113.585,113.602,113.536,113.599,113.585,113.587
2018-11-27 11:00:00,113.6,113.656,113.593,113.628,113.6,113.601
2018-11-27 12:00:00,113.63,113.635,113.564,113.592,113.63,113.631
2018-11-27 13:00:00,113.591,113.624,113.557,113.622,113.591,113.592
2018-11-27 14:00:00,113.622,113.641,113.572,113.59,113.622,113.622
2018-11-27 15:00:00,113.59,113.651,113.525,113.633,113.59,113.59
2018-11-27 16:00:00,113.638,113.726,113.489,113.703,113.638,113.638
2018-11-27 17:00:00,113.703,113.82,113.66,113.785,113.703,113.707
2018-11-27 18:00:00,113.786,113.844,113.736,113.84,113.786,113.787
2018-11-27 19:00:00,113.84,113.842,113.744,113.78,113.84,113.84
2018-11-27 20:00:00,113.781,113.821,113.705,113.767,113.781,113.781
2018-11-27 21:00:00,113.768,113.797,113.754,113.785,113.768,113.768
2018-11-27 22:00:00,113.784,113.807,113.753,113.777,113.784,113.785
2018-11-27 23:00:00,113.776,113.794,113.771,113.773,113.776,113.777
2018-11-28 00:00:00,113.768,113.798,113.735,113.765,113.768,113.802
2018-11-28 01:00:00,113.765,113.799,113.73,113.796,113.765,113.781
2018-11-28 02:00:00,113.795,113.853,113.753,113.769,113.795,113.798
2018-11-28 03:00:00,113.768,113.821,113.755,113.776,113.768,113.77
2018-11-28 04:00:00,113.775,113.817,113.754,113.8,113.775,113.775
2018-11-28 05:00:00,113.801,113.827,113.784,113.821,113.801,113.802
2018-11-28 06:00:00,113.821,113.853,113.815,113.822,113.821,113.823
2018-11-28 07:00:00,113.824,113.902,113.822,113.886,113.824,113.825
2018-11-28 08:00:00,113.887,113.894,113.841,113.847,113.887,113.888
2018-11-28 09:00:00,113.846,113.892,113.84,113.867,113.846,113.849
2018-11-28 10:00:00,113.865,113.872,113.818,113.825,113.865,113.867
2018-11-28 11:00:00,113.825,113.847,113.746,113.75,113.825,113.826
2018-11-28 12:00:00,113.751,113.791,113.74,113.768,113.751,113.753
2018-11-28 13:00:00,113.767,113.767,113.715,113.761,113.767,113.769
2018-11-28 14:00:00,113.762,113.832,113.755,113.819,113.762,113.763
2018-11-28 15:00:00,113.818,113.87,113.797,113.831,113.818,113.82
2018-11-28 16:00:00,113.832,113.958,113.821,113.923,113.832,113.833
2018-11-28 17:00:00,113.924,114.015,113.891,114.012,113.924,113.927
2018-11-28 18:00:00,114.012,114.036,113.957,113.965,114.012,114.013
2018-11-28 19:00:00,113.964,113.967,113.442,113.701,113.964,113.968
2018-11-28 20:00:00,113.702,113.722,113.452,113.582,113.702,113.705
2018-11-28 21:00:00,113.582,113.609,113.508,113.531,113.582,113.583
2018-11-28 22:00:00,113.531,113.636,113.528,113.631,113.531,113.531
2018-11-28 23:00:00,113.628,113.687,113.61,113.686,113.628,113.629
2018-11-29 00:00:00,113.674,113.681,113.59,113.624,113.674,113.686
2018-11-29 01:00:00,113.623,113.63,113.531,113.565,113.623,113.634
2018-11-29 02:00:00,113.565,113.612,113.542,113.564,113.565,113.569
2018-11-29 03:00:00,113.565,113.567,113.432,113.467,113.565,113.566
2018-11-29 04:00:00,113.467,113.477,113.417,113.431,113.467,113.469
2018-11-29 05:00:00,113.431,113.438,113.37,113.385,113.431,113.432
2018-11-29 06:00:00,113.386,113.399,113.256,113.283,113.386,113.388
2018-11-29 07:00:00,113.284,113.297,113.222,113.241,113.284,113.284
2018-11-29 08:00:00,113.24,113.315,113.21,113.292,113.24,113.243
2018-11-29 09:00:00,113.293,113.342,113.229,113.237,113.293,113.294
2018-11-29 10:00:00,113.238,113.379,113.233,113.342,113.238,113.238
2018-11-29 11:00:00,113.343,113.376,113.262,113.277,113.343,113.343
2018-11-29 12:00:00,113.277,113.369,113.267,113.36,113.277,113.278
2018-11-29 13:00:00,113.36,113.418,113.357,113.396,113.36,113.361
2018-11-29 14:00:00,113.395,113.409,113.252,113.27,113.395,113.397
2018-11-29 15:00:00,113.271,113.337,113.19,113.332,113.271,113.273
2018-11-29 16:00:00,113.332,113.368,113.267,113.282,113.332,113.332
2018-11-29 17:00:00,113.282,113.39,113.253,113.295,113.282,113.284
2018-11-29 18:00:00,113.296,113.471,113.256,113.424,113.296,113.298
2018-11-29 19:00:00,113.426,113.487,113.413,113.467,113.426,113.426
2018-11-29 20:00:00,113.466,113.51,113.446,113.457,113.466,113.467
2018-11-29 21:00:00,113.457,113.555,113.38,113.435,113.457,113.462
2018-11-29 22:00:00,113.434,113.46,113.362,113.391,113.434,113.435
2018-11-29 23:00:00,113.389,113.482,113.387,113.477,113.389,113.392
2018-11-30 00:00:00,113.477,113.478,113.31,113.456,113.477,113.489
2018-11-30 01:00:00,113.456,113.461,113.384,113.413,113.456,113.465
2018-11-30 02:00:00,113.412,113.459,113.367,113.42,113.412,113.413
2018-11-30 03:00:00,113.418,113.442,113.346,113.395,113.418,113.421
2018-11-30 04:00:00,113.394,113.402,113.348,113.362,113.394,113.396
2018-11-30 05:00:00,113.361,113.443,113.342,113.403,113.361,113.362
2018-11-30 06:00:00,113.403,113.428,113.382,113.423,113.403,113.404
2018-11-30 07:00:00,113.422,113.426,113.355,113.396,113.422,113.425
2018-11-30 08:00:00,113.394,113.419,113.376,113.399,113.394,113.395
2018-11-30 09:00:00,113.4,113.472,113.385,113.467,113.4,113.401
2018-11-30 10:00:00,113.467,113.485,113.413,113.417,113.467,113.469
2018-11-30 11:00:00,113.417,113.497,113.411,113.493,113.417,113.419
2018-11-30 12:00:00,113.492,113.548,113.477,113.509,113.492,113.493
2018-11-30 13:00:00,113.508,113.516,113.471,113.498,113.508,113.508
2018-11-30 14:00:00,113.498,113.545,113.485,113.537,113.498,113.498
2018-11-30 15:00:00,113.536,113.577,113.506,113.527,113.536,113.538
2018-11-30 16:00:00,113.528,113.598,113.445,113.575,113.528,113.528
2018-11-30 17:00:00,113.574,113.608,113.504,113.542,113.574,113.576
2018-11-30 18:00:00,113.542,113.568,113.503,113.539,113.542,113.542
2018-11-30 19:00:00,113.538,113.652,113.518,113.638,113.538,113.539
2018-11-30 20:00:00,113.638,113.717,113.619,113.648,113.638,113.639
2018-11-30 21:00:00,113.647,113.671,113.601,113.609,113.647,113.649
2018-11-30 22:00:00,113.608,113.627,113.503,113.505,113.608,113.61
2018-11-30 23:00:00,113.504,113.548,113.477,113.522,113.504,113.507
2018-12-03 00:00:00,113.64,113.721,113.588,113.718,113.64,113.676
2018-12-03 01:00:00,113.715,113.821,113.661,113.771,113.715,113.718
2018-12-03 02:00:00,113.771,113.778,113.549,113.552,113.771,113.772
2018-12-03 03:00:00,113.552,113.662,113.55,113.659,113.552,113.554
2018-12-03 04:00:00,113.659,113.661,113.546,113.594,113.659,113.66
2018-12-03 05:00:00,113.595,113.603,113.52,113.529,113.595,113.597
2018-12-03 06:00:00,113.528,113.534,113.438,113.494,113.528,113.53
2018-12-03 07:00:00,113.494,113.563,113.473,113.494,113.494,113.495
2018-12-03 08:00:00,113.494,113.541,113.484,113.531,113.494,113.496
2018-12-03 09:00:00,113.532,113.541,113.451,113.468,113.532,113.533
2018-12-03 10:00:00,113.468,113.502,113.375,113.399,113.468,113.471
2018-12-03 11:00:00,113.399,113.464,113.396,113.437,113.399,113.4
2018-12-03 12:00:00,113.436,113.546,113.428,113.545,113.436,113.437
2018-12-03 13:00:00,113.544,113.598,113.512,113.581,113.544,113.546
2018-12-03 14:00:00,113.58,113.602,113.545,113.559,113.58,113.582
2018-12-03 15:00:00,113.56,113.596,113.495,113.542,113.56,113.562
2018-12-03 16:00:00,113.543,113.552,113.446,113.484,113.543,113.544
2018-12-03 17:00:00,113.499,113.611,113.465,113.594,113.499,113.502
2018-12-03 18:00:00,113.595,113.622,113.517,113.55,113.595,113.595
2018-12-03 19:00:00,113.55,113.639,113.531,113.624,113.55,113.55
2018-12-03 20:00:00,113.625,113.697,113.592,113.649,113.625,113.626
2018-12-03 21:00:00,113.649,113.711,113.637,113.687,113.649,113.65
2018-12-03 22:00:00,113.686,113.69,113.638,113.66,113.686,113.687
2018-12-03 23:00:00,113.66,113.666,113.595,113.637,113.66,113.661
2018-12-04 00:00:00,113.638,113.654,113.58,113.624,113.638,113.682
2018-12-04 01:00:00,113.624,113.636,113.544,113.588,113.624,113.635
2018-12-04 02:00:00,113.59,113.638,113.551,113.558,113.59,113.59
2018-12-04 03:00:00,113.558,113.565,113.295,113.318,113.558,113.561
2018-12-04 04:00:00,113.318,113.362,113.277,113.318,113.318,113.319
2018-12-04 05:00:00,113.321,113.345,113.283,113.307,113.321,113.321
2018-12-04 06:00:00,113.307,113.328,113.062,113.099,113.307,113.308
2018-12-04 07:00:00,113.098,113.145,113.053,113.136,113.098,113.099
2018-12-04 08:00:00,113.135,113.157,113.052,113.057,113.135,113.136
2018-12-04 09:00:00,113.058,113.132,113.041,113.109,113.058,113.059
2018-12-04 10:00:00,113.109,113.141,112.895,112.939,113.109,113.111
2018-12-04 11:00:00,112.939,112.946,112.731,112.752,112.939,112.94
2018-12-04 12:00:00,112.751,112.812,112.731,112.759,112.751,112.753
2018-12-04 13:00:00,112.759,112.839,112.731,112.775,112.759,112.759
2018-12-04 14:00:00,112.776,112.821,112.758,112.784,112.776,112.777
2018-12-04 15:00:00,112.783,112.916,112.767,112.896,112.783,112.785
2018-12-04 16:00:00,112.896,112.93,112.793,112.808,112.896,112.897
2018-12-04 17:00:00,112.809,113.019,112.804,113.004,112.809,112.81
2018-12-04 18:00:00,113.005,113.005,112.899,112.935,113.005,113.006
2018-12-04 19:00:00,112.935,113.008,112.753,112.771,112.935,112.936
2018-12-04 20:00:00,112.771,112.806,112.576,112.777,112.771,112.771
2018-12-04 21:00:00,112.776,112.887,112.678,112.811,112.776,112.777
2018-12-04 22:00:00,112.811,112.84,112.74,112.84,112.811,112.811
2018-12-04 23:00:00,112.838,112.848,112.751,112.784,112.838,112.84
2018-12-05 00:00:00,112.749,112.775,112.745,112.751,112.749,112.793
2018-12-05 01:00:00,112.752,112.755,112.649,112.69,112.752,112.768
2018-12-05 02:00:00,112.689,112.925,112.673,112.815,112.689,112.693
2018-12-05 03:00:00,112.816,113.014,112.815,112.991,112.816,112.817
2018-12-05 04:00:00,112.99,112.994,112.915,112.954,112.99,112.992
2018-12-05 05:00:00,112.954,113.033,112.895,112.917,112.954,112.955
2018-12-05 06:00:00,112.917,113.036,112.916,112.991,112.917,112.918
2018-12-05 07:00:00,112.99,113.095,112.98,113.055,112.99,112.992
2018-12-05 08:00:00,113.053,113.082,113.016,113.022,113.053,113.056
2018-12-05 09:00:00,113.021,113.117,112.992,113.083,113.021,113.023
2018-12-05 10:00:00,113.083,113.112,112.961,113.01,113.083,113.083
2018-12-05 11:00:00,113.009,113.017,112.948,112.976,113.009,113.01
2018-12-05 12:00:00,112.976,113.035,112.966,113.022,112.976,112.978
2018-12-05 13:00:00,113.022,113.027,112.926,112.961,113.022,113.024
2018-12-05 14:00:00,112.961,113.002,112.936,112.997,112.961,112.963
2018-12-05 15:00:00,112.996,113.078,112.976,113.07,112.996,112.998
2018-12-05 16:00:00,113.072,113.162,113.046,113.155,113.072,113.074
2018-12-05 17:00:00,113.156,113.229,113.131,113.138,113.156,113.159
2018-12-05 18:00:00,113.137,113.165,113.113,113.131,113.137,113.139
2018-12-05 19:00:00,113.131,113.156,113.105,113.147,113.131,113.133
2018-12-05 20:00:00,113.148,113.178,113.115,113.169,113.148,113.15
2018-12-05 21:00:00,113.169,113.209,113.156,113.191,113.169,113.17
2018-12-05 22:00:00,113.19,113.241,113.189,113.225,113.19,113.192
2018-12-05 23:00:00,113.226,113.239,113.173,113.186,113.226,113.228
2018-12-06 00:00:00,113.187,113.195,113.118,113.154,113.187,113.208
2018-12-06 01:00:00,113.155,113.162,112.982,113.043,113.155,113.178
2018-12-06 02:00:00,113.042,113.097,112.899,112.908,113.042,113.045
2018-12-06 03:00:00,112.908,112.915,112.738,112.817,112.908,112.91
2018-12-06 04:00:00,112.816,112.853,112.758,112.842,112.816,112.819
2018-12-06 05:00:00,112.842,112.844,112.679,112.722,112.842,112.844
2018-12-06 06:00:00,112.722,112.741,112.582,112.63,112.722,112.725
2018-12-06 07:00:00,112.631,112.747,112.628,112.746,112.631,112.633
2018-12-06 08:00:00,112.746,112.926,112.732,112.854,112.746,112.748
2018-12-06 09:00:00,112.855,113.156,112.837,113.09,112.855,112.856
2018-12-06 10:00:00,113.091,113.12,112.792,112.817,113.091,113.092
2018-12-06 11:00:00,112.818,112.846,112.61,112.62,112.818,112.818
2018-12-06 12:00:00,112.619,112.807,112.615,112.803,112.619,112.621
2018-12-06 13:00:00,112.804,112.836,112.74,112.794,112.804,112.805
2018-12-06 14:00:00,112.793,112.836,112.771,112.792,112.793,112.795
2018-12-06 15:00:00,112.793,112.827,112.676,112.684,112.793,112.793
2018-12-06 16:00:00,112.683,112.704,112.278,112.344,112.683,112.684
2018-12-06 17:00:00,112.349,112.496,112.232,112.363,112.349,112.353
2018-12-06 18:00:00,112.363,112.506,112.242,112.476,112.363,112.363
2018-12-06 19:00:00,112.475,112.609,112.432,112.541,112.475,112.476
2018-12-06 20:00:00,112.542,112.583,112.431,112.577,112.542,112.544
2018-12-06 21:00:00,112.584,112.651,112.461,112.636,112.584,112.584
2018-12-06 22:00:00,112.635,112.764,112.602,112.709,112.635,112.638
2018-12-06 23:00:00,112.711,112.737,112.644,112.674,112.711,112.712
2018-12-07 00:00:00,112.648,112.728,112.62,112.712,112.648,112.684
2018-12-07 01:00:00,112.713,112.735,112.663,112.724,112.713,112.724
2018-12-07 02:00:00,112.724,112.749,112.661,112.723,112.724,112.727
2018-12-07 03:00:00,112.724,112.756,112.673,112.678,112.724,112.726
2018-12-07 04:00:00,112.678,112.751,112.652,112.746,112.678,112.679
2018-12-07 05:00:00,112.747,112.821,112.735,112.811,112.747,112.748
2018-12-07 06:00:00,112.81,112.877,112.796,112.839,112.81,112.811
2018-12-07 07:00:00,112.839,112.927,112.837,112.912,112.839,112.841
2018-12-07 08:00:00,112.911,112.922,112.809,112.817,112.911,112.913
2018-12-07 09:00:00,112.818,112.881,112.752,112.769,112.818,112.82
2018-12-07 10:00:00,112.768,112.853,112.724,112.826,112.768,112.77
2018-12-07 11:00:00,112.827,112.853,112.786,112.845,112.827,112.828
2018-12-07 12:00:00,112.845,112.855,112.785,112.819,112.845,112.847
2018-12-07 13:00:00,112.819,112.819,112.771,112.788,112.819,112.821
2018-12-07 14:00:00,112.787,112.856,112.787,112.849,112.787,112.788
2018-12-07 15:00:00,112.848,112.91,112.621,112.764,112.848,112.851
2018-12-07 16:00:00,112.765,112.846,112.714,112.823,112.765,112.766
2018-12-07 17:00:00,112.821,112.846,112.66,112.694,112.821,112.823
2018-12-07 18:00:00,112.694,112.72,112.554,112.601,112.694,112.695
2018-12-07 19:00:00,112.6,112.74,112.594,112.727,112.6,112.6
2018-12-07 20:00:00,112.727,112.775,112.66,112.669,112.727,112.729
2018-12-07 21:00:00,112.668,112.688,112.569,112.643,112.668,112.67
2018-12-07 22:00:00,112.643,112.723,112.588,112.63,112.643,112.646
2018-12-07 23:00:00,112.631,112.707,112.619,112.684,112.631,112.633
2018-12-10 00:00:00,112.592,112.68,112.592,112.63,112.592,112.655
2018-12-10 01:00:00,112.63,112.637,112.424,112.52,112.63,112.639
2018-12-10 02:00:00,112.521,112.605,112.456,112.463,112.521,112.522
2018-12-10 03:00:00,112.464,112.482,112.295,112.298,112.464,112.465
2018-12-10 04:00:00,112.297,112.32,112.24,112.319,112.297,112.299
2018-12-10 05:00:00,112.32,112.384,112.307,112.364,112.32,112.32
2018-12-10 06:00:00,112.363,112.457,112.354,112.449,112.363,112.365
2018-12-10 07:00:00,112.449,112.497,112.415,112.472,112.449,112.449
2018-12-10 08:00:00,112.472,112.507,112.392,112.48,112.472,112.473
2018-12-10 09:00:00,112.48,112.65,112.48,112.637,112.48,112.482
2018-12-10 10:00:00,112.64,112.74,112.617,112.709,112.64,112.641
2018-12-10 11:00:00,112.709,112.752,112.674,112.722,112.709,112.71
2018-12-10 12:00:00,112.722,112.743,112.675,112.719,112.722,112.724
2018-12-10 13:00:00,112.721,112.725,112.617,112.659,112.721,112.722
2018-12-10 14:00:00,112.659,112.726,112.601,112.693,112.659,112.662
2018-12-10 15:00:00,112.691,112.902,112.69,112.855,112.691,112.692
2018-12-10 16:00:00,112.855,113.061,112.837,112.91,112.855,112.858
2018-12-10 17:00:00,112.909,113.041,112.863,112.984,112.909,112.911
2018-12-10 18:00:00,112.985,113.029,112.843,112.973,112.985,112.988
2018-12-10 19:00:00,112.971,113.232,112.915,113.122,112.971,112.973
2018-12-10 20:00:00,113.123,113.247,113.107,113.185,113.123,113.124
2018-12-10 21:00:00,113.185,113.284,113.165,113.21,113.185,113.187
2018-12-10 22:00:00,113.209,113.293,113.169,113.278,113.209,113.211
2018-12-10 23:00:00,113.279,113.366,113.267,113.315,113.279,113.28
2018-12-11 00:00:00,113.317,113.322,113.248,113.26,113.317,113.368
2018-12-11 01:00:00,113.26,113.261,113.155,113.195,113.26,113.27
2018-12-11 02:00:00,113.196,113.24,113.078,113.086,113.196,113.198
2018-12-11 03:00:00,113.086,113.211,113.043,113.068,113.086,113.089
2018-12-11 04:00:00,113.068,113.075,113.007,113.018,113.068,113.068
2018-12-11 05:00:00,113.018,113.087,113.016,113.048,113.018,113.02
2018-12-11 06:00:00,113.049,113.087,113.014,113.063,113.049,113.05
2018-12-11 07:00:00,113.062,113.134,113.062,113.09,113.062,113.064
2018-12-11 08:00:00,113.09,113.184,113.081,113.127,113.09,113.092
2018-12-11 09:00:00,113.128,113.164,113.101,113.115,113.128,113.13
2018-12-11 10:00:00,113.114,113.116,113.042,113.055,113.114,113.115
2018-12-11 11:00:00,113.055,113.112,113.023,113.028,113.055,113.056
2018-12-11 12:00:00,113.028,113.16,113.022,113.128,113.028,113.029
2018-12-11 13:00:00,113.128,113.157,113.073,113.138,113.128,113.129
2018-12-11 14:00:00,113.138,113.183,113.115,113.162,113.138,113.14
2018-12-11 15:00:00,113.162,113.26,113.12,113.216,113.162,113.163
2018-12-11 16:00:00,113.219,113.333,113.205,113.273,113.219,113.22
2018-12-11 17:00:00,113.273,113.358,113.221,113.356,113.273,113.274
2018-12-11 18:00:00,113.358,113.466,113.281,113.412,113.358,113.358
2018-12-11 19:00:00,113.41,113.416,113.28,113.306,113.41,113.41
2018-12-11 20:00:00,113.305,113.338,113.245,113.286,113.305,113.306
2018-12-11 21:00:00,113.285,113.465,113.246,113.406,113.285,113.287
2018-12-11 22:00:00,113.405,113.448,113.356,113.372,113.405,113.407
2018-12-11 23:00:00,113.372,113.429,113.357,113.386,113.372,113.373
2018-12-12 00:00:00,113.358,113.4,113.355,113.391,113.358,113.403
2018-12-12 01:00:00,113.391,113.442,113.375,113.375,113.391,113.399
2018-12-12 02:00:00,113.376,113.517,113.309,113.486,113.376,113.376
2018-12-12 03:00:00,113.487,113.517,113.433,113.492,113.487,113.487
2018-12-12 04:00:00,113.493,113.512,113.424,113.445,113.493,113.494
2018-12-12 05:00:00,113.445,113.487,113.416,113.467,113.445,113.446
2018-12-12 06:00:00,113.467,113.498,113.443,113.462,113.467,113.468
2018-12-12 07:00:00,113.462,113.471,113.411,113.431,113.462,113.464
2018-12-12 08:00:00,113.432,113.488,113.428,113.453,113.432,113.433
2018-12-12 09:00:00,113.453,113.52,113.388,113.401,113.453,113.455
2018-12-12 10:00:00,113.402,113.474,113.387,113.469,113.402,113.402
2018-12-12 11:00:00,113.47,113.493,113.453,113.47,113.47,113.47
2018-12-12 12:00:00,113.471,113.488,113.417,113.447,113.471,113.472
2018-12-12 13:00:00,113.447,113.46,113.392,113.406,113.447,113.45
2018-12-12 14:00:00,113.407,113.44,113.327,113.388,113.407,113.409
2018-12-12 15:00:00,113.388,113.426,113.297,113.34,113.388,113.388
2018-12-12 16:00:00,113.339,113.421,113.234,113.268,113.339,113.34
2018-12-12 17:00:00,113.268,113.339,113.159,113.219,113.268,113.268
2018-12-12 18:00:00,113.219,113.279,113.197,113.278,113.219,113.219
2018-12-12 19:00:00,113.279,113.297,113.169,113.19,113.279,113.279
2018-12-12 20:00:00,113.192,113.284,113.141,113.233,113.192,113.192
2018-12-12 21:00:00,113.233,113.253,113.15,113.215,113.233,113.235
2018-12-12 22:00:00,113.214,113.248,113.182,113.185,113.214,113.216
2018-12-12 23:00:00,113.186,113.287,113.185,113.27,113.186,113.188
2018-12-13 00:00:00,113.27,113.285,113.168,113.268,113.27,113.304
2018-12-13 01:00:00,113.267,113.292,113.203,113.284,113.267,113.282
2018-12-13 02:00:00,113.284,113.382,113.284,113.358,113.284,113.288
2018-12-13 03:00:00,113.358,113.428,113.356,113.428,113.358,113.359
2018-12-13 04:00:00,113.427,113.498,113.399,113.467,113.427,113.429
2018-12-13 05:00:00,113.468,113.472,113.432,113.447,113.468,113.469
2018-12-13 06:00:00,113.447,113.501,113.429,113.495,113.447,113.447
2018-12-13 07:00:00,113.496,113.501,113.446,113.465,113.496,113.497
2018-12-13 08:00:00,113.463,113.474,113.431,113.449,113.463,113.466
2018-12-13 09:00:00,113.447,113.448,113.367,113.39,113.447,113.45
2018-12-13 10:00:00,113.389,113.502,113.387,113.445,113.389,113.391
2018-12-13 11:00:00,113.445,113.5,113.441,113.468,113.445,113.445
2018-12-13 12:00:00,113.467,113.503,113.423,113.449,113.467,113.469
2018-12-13 13:00:00,113.449,113.455,113.416,113.427,113.449,113.449
2018-12-13 14:00:00,113.428,113.49,113.407,113.481,113.428,113.429
2018-12-13 15:00:00,113.482,113.58,113.439,113.527,113.482,113.484
2018-12-13 16:00:00,113.527,113.622,113.492,113.547,113.527,113.528
2018-12-13 17:00:00,113.55,113.642,113.522,113.64,113.55,113.551
2018-12-13 18:00:00,113.639,113.709,113.613,113.665,113.639,113.64
2018-12-13 19:00:00,113.665,113.666,113.605,113.631,113.665,113.666
2018-12-13 20:00:00,113.631,113.633,113.536,113.565,113.631,113.632
2018-12-13 21:00:00,113.564,113.627,113.563,113.602,113.564,113.565
2018-12-13 22:00:00,113.602,113.637,113.572,113.598,113.602,113.603
2018-12-13 23:00:00,113.599,113.611,113.562,113.606,113.599,113.6
2018-12-14 00:00:00,113.594,113.648,113.531,113.595,113.594,113.694
2018-12-14 01:00:00,113.596,113.621,113.553,113.572,113.596,113.607
2018-12-14 02:00:00,113.57,113.653,113.489,113.506,113.57,113.573
2018-12-14 03:00:00,113.507,113.511,113.442,113.462,113.507,113.508
2018-12-14 04:00:00,113.461,113.507,113.424,113.481,113.461,113.465
2018-12-14 05:00:00,113.481,113.518,113.46,113.491,113.481,113.482
2018-12-14 06:00:00,113.492,113.512,113.442,113.452,113.492,113.493
2018-12-14 07:00:00,113.452,113.499,113.451,113.467,113.452,113.454
2018-12-14 08:00:00,113.467,113.592,113.453,113.567,113.467,113.471
2018-12-14 09:00:00,113.57,113.597,113.552,113.557,113.57,113.571
2018-12-14 10:00:00,113.559,113.621,113.502,113.582,113.559,113.559
2018-12-14 11:00:00,113.584,113.592,113.467,113.521,113.584,113.584
2018-12-14 12:00:00,113.52,113.581,113.51,113.536,113.52,113.522
2018-12-14 13:00:00,113.537,113.608,113.534,113.595,113.537,113.537
2018-12-14 14:00:00,113.596,113.625,113.565,113.567,113.596,113.597
2018-12-14 15:00:00,113.566,113.654,113.528,113.636,113.566,113.566
2018-12-14 16:00:00,113.637,113.674,113.563,113.633,113.637,113.637
2018-12-14 17:00:00,113.634,113.635,113.393,113.403,113.634,113.635
2018-12-14 18:00:00,113.404,113.458,113.323,113.352,113.404,113.404
2018-12-14 19:00:00,113.352,113.409,113.296,113.332,113.352,113.352
2018-12-14 20:00:00,113.331,113.386,113.315,113.316,113.331,113.333
2018-12-14 21:00:00,113.317,113.328,113.208,113.282,113.317,113.317
2018-12-14 22:00:00,113.283,113.388,113.263,113.387,113.283,113.283
2018-12-14 23:00:00,113.388,113.409,113.324,113.396,113.388,113.39
2018-12-17 02:00:00,113.406,113.444,113.338,113.426,113.406,113.408
2018-12-17 03:00:00,113.426,113.501,113.415,113.463,113.426,113.428
2018-12-17 04:00:00,113.463,113.5,113.453,113.494,113.463,113.465
2018-12-17 05:00:00,113.494,113.497,113.454,113.479,113.494,113.496
2018-12-17 06:00:00,113.479,113.494,113.441,113.493,113.479,113.48
2018-12-17 07:00:00,113.493,113.521,113.466,113.478,113.493,113.494
2018-12-17 08:00:00,113.479,113.489,113.451,113.456,113.479,113.479
2018-12-17 09:00:00,113.457,113.475,113.39,113.408,113.457,113.458
2018-12-17 10:00:00,113.408,113.431,113.372,113.403,113.408,113.408
2018-12-17 11:00:00,113.403,113.411,113.332,113.34,113.403,113.403
2018-12-17 12:00:00,113.341,113.357,113.299,113.313,113.341,113.341
2018-12-17 13:00:00,113.313,113.318,113.251,113.252,113.313,113.314
2018-12-17 14:00:00,113.252,113.307,113.252,113.267,113.252,113.254
2018-12-17 15:00:00,113.267,113.269,113.105,113.127,113.267,113.268
2018-12-17 16:00:00,113.128,113.142,112.871,112.925,113.128,113.13
2018-12-17 17:00:00,112.925,113.011,112.9,112.997,112.925,112.926
2018-12-17 18:00:00,112.997,113.038,112.933,112.963,112.997,112.998
2018-12-17 19:00:00,112.963,112.974,112.792,112.801,112.963,112.964
2018-12-17 20:00:00,112.802,112.802,112.709,112.721,112.802,112.803
2018-12-17 21:00:00,112.72,112.78,112.705,112.754,112.72,112.721
2018-12-17 22:00:00,112.754,112.782,112.682,112.749,112.754,112.756
2018-12-17 23:00:00,112.749,112.86,112.744,112.828,112.749,112.75
2018-12-18 00:00:00,112.826,112.854,112.759,112.82,112.826,112.838
2018-12-18 01:00:00,112.82,112.848,112.775,112.837,112.82,112.83
2018-12-18 02:00:00,112.837,112.837,112.666,112.739,112.837,112.84
2018-12-18 03:00:00,112.74,112.805,112.706,112.718,112.74,112.741
2018-12-18 04:00:00,112.719,112.727,112.649,112.649,112.719,112.72
2018-12-18 05:00:00,112.649,112.661,112.496,112.54,112.649,112.651
2018-12-18 06:00:00,112.54,112.559,112.47,112.557,112.54,112.543
2018-12-18 07:00:00,112.557,112.607,112.518,112.593,112.557,112.559
2018-12-18 08:00:00,112.592,112.644,112.572,112.642,112.592,112.594
2018-12-18 09:00:00,112.642,112.655,112.52,112.52,112.642,112.644
2018-12-18 10:00:00,112.52,112.548,112.452,112.472,112.52,112.522
2018-12-18 11:00:00,112.472,112.494,112.288,112.4,112.472,112.474
2018-12-18 12:00:00,112.399,112.401,112.33,112.33,112.399,112.4
2018-12-18 13:00:00,112.33,112.347,112.25,112.3,112.33,112.331
2018-12-18 14:00:00,112.3,112.451,112.266,112.404,112.3,112.301
2018-12-18 15:00:00,112.404,112.432,112.339,112.421,112.404,112.405
2018-12-18 16:00:00,112.421,112.618,112.418,112.562,112.421,112.423
2018-12-18 17:00:00,112.562,112.629,112.5,112.622,112.562,112.563
2018-12-18 18:00:00,112.621,112.632,112.454,112.543,112.621,112.621
2018-12-18 19:00:00,112.543,112.605,112.516,112.59,112.543,112.544
2018-12-18 20:00:00,112.59,112.624,112.478,112.485,112.59,112.592
2018-12-18 21:00:00,112.485,112.544,112.467,112.528,112.485,112.487
2018-12-18 22:00:00,112.528,112.606,112.487,112.561,112.528,112.529
2018-12-18 23:00:00,112.561,112.573,112.484,112.523,112.561,112.563
2018-12-19 00:00:00,112.493,112.516,112.461,112.475,112.493,112.538
2018-12-19 01:00:00,112.475,112.545,112.418,112.52,112.475,112.487
2018-12-19 02:00:00,112.52,112.525,112.189,112.425,112.52,112.521
2018-12-19 03:00:00,112.426,112.605,112.378,112.475,112.426,112.427
2018-12-19 04:00:00,112.475,112.484,112.345,112.384,112.475,112.477
2018-12-19 05:00:00,112.384,112.397,112.293,112.328,112.384,112.386
2018-12-19 06:00:00,112.328,112.34,112.252,112.287,112.328,112.329
2018-12-19 07:00:00,112.287,112.374,112.263,112.355,112.287,112.289
2018-12-19 08:00:00,112.356,112.397,112.339,112.373,112.356,112.357
2018-12-19 09:00:00,112.373,112.44,112.371,112.406,112.373,112.376
2018-12-19 10:00:00,112.406,112.419,112.332,112.367,112.406,112.407
2018-12-19 11:00:00,112.366,112.382,112.274,112.357,112.366,112.368
2018-12-19 12:00:00,112.357,112.397,112.319,112.37,112.357,112.358
2018-12-19 13:00:00,112.37,112.37,112.319,112.332,112.37,112.372
2018-12-19 14:00:00,112.331,112.368,112.316,112.354,112.331,112.332
2018-12-19 15:00:00,112.354,112.362,112.313,112.336,112.354,112.355
2018-12-19 16:00:00,112.335,112.338,112.134,112.197,112.335,112.338
2018-12-19 17:00:00,112.197,112.335,112.164,112.285,112.197,112.199
2018-12-19 18:00:00,112.285,112.292,112.146,112.153,112.285,112.286
2018-12-19 19:00:00,112.153,112.215,112.089,112.203,112.153,112.154
2018-12-19 20:00:00,112.203,112.33,112.154,112.219,112.203,112.204
2018-12-19 21:00:00,112.219,112.636,112.161,112.359,112.219,112.272
2018-12-19 22:00:00,112.358,112.638,112.188,112.591,112.358,112.36
2018-12-19 23:00:00,112.591,112.665,112.398,112.481,112.591,112.594
2018-12-20 00:00:00,112.475,112.477,112.362,112.415,112.475,112.491
2018-12-20 01:00:00,112.419,112.475,112.352,112.404,112.419,112.428
2018-12-20 02:00:00,112.404,112.563,112.404,112.513,112.404,112.409
2018-12-20 03:00:00,112.513,112.604,112.481,112.494,112.513,112.514
2018-12-20 04:00:00,112.494,112.507,112.415,112.482,112.494,112.495
2018-12-20 05:00:00,112.482,112.514,112.347,112.355,112.482,112.485
2018-12-20 06:00:00,112.355,112.357,112.229,112.25,112.355,112.356
2018-12-20 07:00:00,112.25,112.275,112.01,112.078,112.25,112.253
2018-12-20 08:00:00,112.078,112.1,111.867,111.876,112.078,112.082
2018-12-20 09:00:00,111.876,111.937,111.801,111.857,111.876,111.877
2018-12-20 10:00:00,111.858,111.968,111.81,111.851,111.858,111.859
2018-12-20 11:00:00,111.851,111.903,111.693,111.706,111.851,111.853
2018-12-20 12:00:00,111.706,111.776,111.671,111.723,111.706,111.707
2018-12-20 13:00:00,111.723,111.777,111.663,111.71,111.723,111.724
2018-12-20 14:00:00,111.71,111.833,111.7,111.788,111.71,111.715
2018-12-20 15:00:00,111.788,111.793,111.562,111.612,111.788,111.79
2018-12-20 16:00:00,111.612,111.612,111.473,111.543,111.612,111.614
2018-12-20 17:00:00,111.543,111.727,111.543,111.682,111.543,111.546
2018-12-20 18:00:00,111.682,111.688,111.33,111.341,111.682,111.684
2018-12-20 19:00:00,111.342,111.377,111.02,111.175,111.342,111.342
2018-12-20 20:00:00,111.173,111.183,110.959,111.02,111.173,111.175
2018-12-20 21:00:00,111.02,111.17,110.813,111.112,111.02,111.022
2018-12-20 22:00:00,111.111,111.267,111.088,111.217,111.111,111.111
2018-12-20 23:00:00,111.216,111.312,111.205,111.286,111.216,111.219
2018-12-21 00:00:00,111.279,111.298,111.201,111.283,111.279,111.29
2018-12-21 01:00:00,111.283,111.29,111.135,111.176,111.283,111.294
2018-12-21 02:00:00,111.176,111.294,111.089,111.288,111.176,111.178
2018-12-21 03:00:00,111.288,111.302,111.158,111.221,111.288,111.289
2018-12-21 04:00:00,111.221,111.259,111.143,111.248,111.221,111.224
2018-12-21 05:00:00,111.248,111.39,111.217,111.287,111.248,111.25
2018-12-21 06:00:00,111.286,111.434,111.284,111.377,111.286,111.289
2018-12-21 07:00:00,111.377,111.447,111.367,111.445,111.377,111.378
2018-12-21 08:00:00,111.445,111.46,111.362,111.389,111.445,111.446
2018-12-21 09:00:00,111.389,111.395,111.262,111.264,111.389,111.392
2018-12-21 10:00:00,111.263,111.312,111.047,111.111,111.263,111.265
2018-12-21 11:00:00,111.112,111.269,111.066,111.166,111.112,111.113
2018-12-21 12:00:00,111.166,111.249,111.116,111.194,111.166,111.168
2018-12-21 13:00:00,111.194,111.233,111.123,111.184,111.194,111.195
2018-12-21 14:00:00,111.184,111.252,111.151,111.234,111.184,111.185
2018-12-21 15:00:00,111.234,111.278,111.147,111.159,111.234,111.235
2018-12-21 16:00:00,111.159,111.175,110.934,111.033,111.159,111.161
2018-12-21 17:00:00,111.033,111.365,110.994,111.166,111.033,111.034
2018-12-21 18:00:00,111.166,111.255,111.036,111.15,111.166,111.166
2018-12-21 19:00:00,111.15,111.352,111.119,111.339,111.15,111.152
2018-12-21 20:00:00,111.339,111.451,111.324,111.382,111.339,111.342
2018-12-21 21:00:00,111.382,111.389,111.286,111.302,111.382,111.384
2018-12-21 22:00:00,111.302,111.356,111.27,111.305,111.302,111.302
2018-12-21 23:00:00,111.304,111.357,111.19,111.197,111.304,111.307
2018-12-24 00:00:00,110.937,111.119,110.937,111.028,110.937,111.012
2018-12-24 01:00:00,111.028,111.191,111.02,111.077,111.028,111.04
2018-12-24 02:00:00,111.077,111.125,111.004,111.049,111.077,111.079
2018-12-24 03:00:00,111.049,111.068,111.0,111.061,111.049,111.05
2018-12-24 04:00:00,111.061,111.094,111.034,111.068,111.061,111.063
2018-12-24 05:00:00,111.067,111.106,111.058,111.086,111.067,111.069
2018-12-24 06:00:00,111.086,111.117,111.086,111.105,111.086,111.088
2018-12-24 07:00:00,111.105,111.131,111.09,111.117,111.105,111.107
2018-12-24 08:00:00,111.116,111.118,111.066,111.092,111.116,111.119
2018-12-24 09:00:00,111.091,111.121,111.021,111.049,111.091,111.093
2018-12-24 10:00:00,111.049,111.088,110.925,110.961,111.049,111.051
2018-12-24 11:00:00,110.961,111.124,110.946,111.092,110.961,110.963
2018-12-24 12:00:00,111.092,111.154,111.037,111.105,111.092,111.094
2018-12-24 13:00:00,111.105,111.114,111.045,111.084,111.105,111.108
2018-12-24 14:00:00,111.084,111.098,110.958,110.966,111.084,111.087
2018-12-24 15:00:00,110.965,110.98,110.593,110.647,110.965,110.966
2018-12-24 16:00:00,110.647,110.649,110.267,110.347,110.647,110.648
2018-12-24 17:00:00,110.348,110.655,110.348,110.5,110.348,110.351
2018-12-24 18:00:00,110.5,110.534,110.385,110.416,110.5,110.503
2018-12-24 19:00:00,110.416,110.481,110.321,110.37,110.416,110.42
2018-12-24 20:00:00,110.371,110.402,110.281,110.317,110.371,110.376
2018-12-24 21:00:00,110.317,110.331,110.315,110.33,110.317,110.329
2018-12-26 00:00:00,110.248,110.346,110.153,110.216,110.248,110.348
2018-12-26 01:00:00,110.216,110.446,110.139,110.436,110.216,110.243
2018-12-26 02:00:00,110.436,110.666,110.423,110.616,110.436,110.439
2018-12-26 03:00:00,110.615,110.675,110.424,110.463,110.615,110.618
2018-12-26 04:00:00,110.463,110.463,110.339,110.457,110.463,110.464
2018-12-26 05:00:00,110.457,110.505,110.369,110.413,110.457,110.459
2018-12-26 06:00:00,110.413,110.424,110.359,110.384,110.413,110.416
2018-12-26 07:00:00,110.384,110.507,110.322,110.444,110.384,110.387
2018-12-26 08:00:00,110.443,110.558,110.377,110.431,110.443,110.447
2018-12-26 09:00:00,110.431,110.495,110.392,110.419,110.431,110.431
2018-12-26 10:00:00,110.419,110.557,110.369,110.506,110.419,110.423
2018-12-26 11:00:00,110.506,110.58,110.461,110.568,110.506,110.508
2018-12-26 12:00:00,110.568,110.584,110.523,110.572,110.568,110.57
2018-12-26 13:00:00,110.572,110.616,110.557,110.609,110.572,110.576
2018-12-26 14:00:00,110.607,110.711,110.584,110.624,110.607,110.612
2018-12-26 15:00:00,110.623,110.674,110.499,110.516,110.623,110.626
2018-12-26 16:00:00,110.516,110.652,110.515,110.58,110.516,110.519
2018-12-26 17:00:00,110.581,110.583,110.314,110.343,110.581,110.581
2018-12-26 18:00:00,110.343,110.482,110.28,110.454,110.343,110.343
2018-12-26 19:00:00,110.454,110.955,110.454,110.954,110.454,110.455
2018-12-26 20:00:00,110.954,110.999,110.823,110.975,110.954,110.956
2018-12-26 21:00:00,110.975,111.368,110.896,111.357,110.975,110.979
2018-12-26 22:00:00,111.357,111.409,111.284,111.34,111.357,111.358
2018-12-26 23:00:00,111.338,111.37,111.29,111.362,111.338,111.343
2018-12-27 00:00:00,111.34,111.34,111.265,111.3,111.34,111.389
2018-12-27 01:00:00,111.3,111.302,111.172,111.219,111.3,111.312
2018-12-27 02:00:00,111.22,111.232,110.978,111.0,111.22,111.224
2018-12-27 03:00:00,111.0,111.117,110.901,110.971,111.0,111.002
2018-12-27 04:00:00,110.97,111.045,110.936,110.961,110.97,110.972
2018-12-27 05:00:00,110.961,111.017,110.921,110.949,110.961,110.963
2018-12-27 06:00:00,110.949,111.01,110.854,111.009,110.949,110.952
2018-12-27 07:00:00,111.008,111.233,110.996,111.202,111.008,111.011
2018-12-27 08:00:00,111.203,111.217,111.055,111.074,111.203,111.205
2018-12-27 09:00:00,111.074,111.088,110.892,110.925,111.074,111.077
2018-12-27 10:00:00,110.925,110.954,110.809,110.849,110.925,110.926
2018-12-27 11:00:00,110.849,110.911,110.81,110.857,110.849,110.85
2018-12-27 12:00:00,110.857,110.874,110.731,110.757,110.857,110.858
2018-12-27 13:00:00,110.754,110.919,110.745,110.89,110.754,110.756
2018-12-27 14:00:00,110.89,110.896,110.724,110.835,110.89,110.892
2018-12-27 15:00:00,110.835,110.887,110.681,110.721,110.835,110.836
2018-12-27 16:00:00,110.72,110.894,110.649,110.672,110.72,110.723
2018-12-27 17:00:00,110.672,110.835,110.641,110.745,110.672,110.674
2018-12-27 18:00:00,110.743,110.837,110.693,110.786,110.743,110.746
2018-12-27 19:00:00,110.785,110.795,110.513,110.616,110.785,110.786
2018-12-27 20:00:00,110.615,110.656,110.456,110.524,110.615,110.617
2018-12-27 21:00:00,110.524,110.854,110.507,110.75,110.524,110.527
2018-12-27 22:00:00,110.75,111.105,110.725,110.989,110.75,110.752
2018-12-27 23:00:00,110.99,111.068,110.967,110.986,110.99,110.99
2018-12-28 00:00:00,110.967,111.009,110.891,110.922,110.967,111.067
2018-12-28 01:00:00,110.922,110.923,110.814,110.844,110.922,110.936
2018-12-28 02:00:00,110.842,110.941,110.755,110.822,110.842,110.846
2018-12-28 03:00:00,110.822,110.871,110.733,110.742,110.822,110.826
2018-12-28 04:00:00,110.743,110.749,110.522,110.597,110.743,110.745
2018-12-28 05:00:00,110.597,110.818,110.542,110.556,110.597,110.599
2018-12-28 06:00:00,110.556,110.642,110.548,110.633,110.556,110.559
2018-12-28 07:00:00,110.633,110.707,110.6,110.648,110.633,110.635
2018-12-28 08:00:00,110.647,110.648,110.507,110.547,110.647,110.649
2018-12-28 09:00:00,110.547,110.557,110.362,110.4,110.547,110.55
2018-12-28 10:00:00,110.4,110.494,110.349,110.401,110.4,110.402
2018-12-28 11:00:00,110.401,110.457,110.327,110.368,110.401,110.403
2018-12-28 12:00:00,110.367,110.418,110.234,110.293,110.367,110.37
2018-12-28 13:00:00,110.293,110.402,110.242,110.274,110.293,110.296
2018-12-28 14:00:00,110.274,110.326,110.224,110.317,110.274,110.275
2018-12-28 15:00:00,110.317,110.411,110.287,110.356,110.317,110.32
2018-12-28 16:00:00,110.356,110.421,110.239,110.332,110.356,110.358
2018-12-28 17:00:00,110.332,110.53,110.322,110.406,110.332,110.337
2018-12-28 18:00:00,110.406,110.449,110.333,110.348,110.406,110.41
2018-12-28 19:00:00,110.348,110.442,110.317,110.405,110.348,110.349
2018-12-28 20:00:00,110.405,110.431,110.314,110.363,110.405,110.407
2018-12-28 21:00:00,110.363,110.409,110.335,110.394,110.363,110.365
2018-12-28 22:00:00,110.394,110.394,110.156,110.208,110.394,110.396
2018-12-28 23:00:00,110.208,110.32,110.144,110.297,110.208,110.21
2018-12-31 00:00:00,110.23,110.331,110.23,110.271,110.23,110.33
2018-12-31 01:00:00,110.273,110.42,110.271,110.321,110.273,110.331
2018-12-31 02:00:00,110.321,110.398,110.309,110.355,110.321,110.326
2018-12-31 03:00:00,110.355,110.42,110.347,110.413,110.355,110.358
2018-12-31 04:00:00,110.413,110.475,110.413,110.453,110.413,110.415
2018-12-31 05:00:00,110.453,110.459,110.375,110.429,110.453,110.455
2018-12-31 06:00:00,110.43,110.445,110.406,110.407,110.43,110.433
2018-12-31 07:00:00,110.407,110.434,110.384,110.384,110.407,110.41
2018-12-31 08:00:00,110.383,110.432,110.376,110.403,110.383,110.388
2018-12-31 09:00:00,110.404,110.421,110.232,110.236,110.404,110.408
2018-12-31 10:00:00,110.236,110.26,110.032,110.088,110.236,110.237
2018-12-31 11:00:00,110.088,110.188,110.056,110.149,110.088,110.09
2018-12-31 12:00:00,110.149,110.155,110.006,110.041,110.149,110.15
2018-12-31 13:00:00,110.042,110.063,109.882,109.944,110.042,110.044
2018-12-31 14:00:00,109.943,109.971,109.825,109.877,109.943,109.945
2018-12-31 15:00:00,109.877,110.056,109.849,110.024,109.877,109.88
2018-12-31 16:00:00,110.024,110.033,109.942,110.015,110.024,110.025
2018-12-31 17:00:00,110.014,110.022,109.697,109.777,110.014,110.018
2018-12-31 18:00:00,109.777,109.822,109.661,109.704,109.777,109.779
2018-12-31 19:00:00,109.704,109.727,109.651,109.658,109.704,109.704
2018-12-31 20:00:00,109.658,109.729,109.636,109.686,109.658,109.659
2018-12-31 21:00:00,109.686,109.696,109.685,109.686,109.686,109.688
2019-01-02 00:00:00,109.666,109.688,109.605,109.678,109.666,109.688
2019-01-02 01:00:00,109.674,109.726,109.646,109.671,109.674,109.682
2019-01-02 02:00:00,109.67,109.683,109.54,109.626,109.67,109.673
2019-01-02 03:00:00,109.626,109.676,109.583,109.598,109.626,109.629
2019-01-02 04:00:00,109.598,109.612,109.337,109.412,109.598,109.599
2019-01-02 05:00:00,109.412,109.427,109.344,109.42,109.412,109.413
2019-01-02 06:00:00,109.42,109.428,109.343,109.388,109.42,109.422
2019-01-02 07:00:00,109.388,109.425,109.298,109.303,109.388,109.39
2019-01-02 08:00:00,109.303,109.303,109.126,109.256,109.303,109.305
2019-01-02 09:00:00,109.256,109.346,109.182,109.309,109.256,109.258
2019-01-02 10:00:00,109.308,109.323,108.902,108.95,109.308,109.311
2019-01-02 11:00:00,108.95,108.978,108.708,108.942,108.95,108.952
2019-01-02 12:00:00,108.942,109.103,108.879,109.046,108.942,108.945
2019-01-02 13:00:00,109.046,109.176,109.044,109.106,109.046,109.048
2019-01-02 14:00:00,109.106,109.286,109.101,109.142,109.106,109.109
2019-01-02 15:00:00,109.142,109.196,108.82,109.188,109.142,109.143
2019-01-02 16:00:00,109.188,109.361,109.175,109.337,109.188,109.19
2019-01-02 17:00:00,109.337,109.392,109.267,109.283,109.337,109.339
2019-01-02 18:00:00,109.282,109.357,109.215,109.22,109.282,109.282
2019-01-02 19:00:00,109.22,109.465,109.219,109.443,109.22,109.221
2019-01-02 20:00:00,109.442,109.455,109.379,109.449,109.442,109.443
2019-01-02 21:00:00,109.449,109.449,109.182,109.195,109.449,109.45
2019-01-02 22:00:00,109.198,109.202,109.037,109.081,109.198,109.198
2019-01-02 23:00:00,109.082,109.123,108.867,108.878,109.082,109.083
2019-01-03 00:00:00,108.869,108.882,104.629,106.686,108.869,108.898
2019-01-03 01:00:00,106.684,107.869,106.622,107.427,106.684,106.784
2019-01-03 02:00:00,107.427,107.855,107.426,107.643,107.427,107.434
2019-01-03 03:00:00,107.643,107.805,107.431,107.535,107.643,107.648
2019-01-03 04:00:00,107.535,107.549,107.071,107.135,107.535,107.541
2019-01-03 05:00:00,107.135,107.204,107.022,107.157,107.135,107.139
2019-01-03 06:00:00,107.157,107.286,107.151,107.153,107.157,107.161
2019-01-03 07:00:00,107.153,107.162,106.746,106.968,107.153,107.156
2019-01-03 08:00:00,106.967,106.977,106.799,106.85,106.967,106.973
2019-01-03 09:00:00,106.85,107.673,106.849,107.551,106.85,106.853
2019-01-03 10:00:00,107.552,107.958,107.428,107.646,107.552,107.556
2019-01-03 11:00:00,107.645,107.846,107.645,107.658,107.645,107.65
2019-01-03 12:00:00,107.658,107.682,107.507,107.639,107.658,107.661
2019-01-03 13:00:00,107.639,107.679,107.513,107.551,107.639,107.641
2019-01-03 14:00:00,107.551,107.713,107.523,107.662,107.551,107.555
2019-01-03 15:00:00,107.661,108.001,107.594,107.747,107.661,107.662
2019-01-03 16:00:00,107.748,107.968,107.703,107.739,107.748,107.75
2019-01-03 17:00:00,107.726,107.944,107.104,107.542,107.726,107.742
2019-01-03 18:00:00,107.543,108.305,107.494,108.097,107.543,107.544
2019-01-03 19:00:00,108.097,108.111,107.825,108.024,108.097,108.099
2019-01-03 20:00:00,108.024,108.028,107.743,107.841,108.024,108.026
2019-01-03 21:00:00,107.84,107.892,107.722,107.734,107.84,107.842
2019-01-03 22:00:00,107.734,107.776,107.392,107.521,107.734,107.739
2019-01-03 23:00:00,107.52,107.673,107.467,107.637,107.52,107.522
2019-01-04 00:00:00,107.64,107.702,107.628,107.671,107.64,107.712
2019-01-04 01:00:00,107.671,107.97,107.64,107.847,107.671,107.684
2019-01-04 02:00:00,107.849,107.935,107.515,107.519,107.849,107.855
2019-01-04 03:00:00,107.519,107.951,107.513,107.84,107.519,107.523
2019-01-04 04:00:00,107.839,108.196,107.806,108.113,107.839,107.842
2019-01-04 05:00:00,108.112,108.446,108.109,108.329,108.112,108.115
2019-01-04 06:00:00,108.329,108.433,108.311,108.334,108.329,108.331
2019-01-04 07:00:00,108.334,108.377,108.21,108.255,108.334,108.336
2019-01-04 08:00:00,108.253,108.285,108.064,108.186,108.253,108.257
2019-01-04 09:00:00,108.186,108.231,107.822,107.849,108.186,108.187
2019-01-04 10:00:00,107.849,108.044,107.825,108.037,107.849,107.85
2019-01-04 11:00:00,108.036,108.041,107.865,108.032,108.036,108.037
2019-01-04 12:00:00,108.032,108.063,107.929,107.966,108.032,108.032
2019-01-04 13:00:00,107.967,108.017,107.944,107.989,107.967,107.968
2019-01-04 14:00:00,107.989,108.059,107.962,108.004,107.989,107.992
2019-01-04 15:00:00,108.004,108.453,107.998,108.3,108.004,108.006
2019-01-04 16:00:00,108.3,108.589,108.276,108.472,108.3,108.302
2019-01-04 17:00:00,108.472,108.483,108.106,108.112,108.472,108.473
2019-01-04 18:00:00,108.112,108.35,108.064,108.29,108.112,108.113
2019-01-04 19:00:00,108.29,108.574,108.282,108.451,108.29,108.291
2019-01-04 20:00:00,108.451,108.587,108.352,108.434,108.451,108.453
2019-01-04 21:00:00,108.437,108.558,108.419,108.514,108.437,108.438
2019-01-04 22:00:00,108.514,108.522,108.428,108.46,108.514,108.515
2019-01-04 23:00:00,108.46,108.52,108.434,108.515,108.46,108.461
2019-01-07 00:00:00,108.482,108.56,108.418,108.471,108.482,108.582
2019-01-07 01:00:00,108.471,108.622,108.353,108.55,108.471,108.487
2019-01-07 02:00:00,108.55,108.604,108.458,108.475,108.55,108.554
2019-01-07 03:00:00,108.475,108.54,108.32,108.369,108.475,108.478
2019-01-07 04:00:00,108.369,108.392,108.235,108.235,108.369,108.371
2019-01-07 05:00:00,108.235,108.27,108.068,108.137,108.235,108.237
2019-01-07 06:00:00,108.137,108.304,108.019,108.302,108.137,108.139
2019-01-07 07:00:00,108.302,108.313,108.149,108.191,108.302,108.306
2019-01-07 08:00:00,108.192,108.261,108.161,108.21,108.192,108.195
2019-01-07 09:00:00,108.209,108.275,108.091,108.187,108.209,108.213
2019-01-07 10:00:00,108.187,108.263,108.068,108.196,108.187,108.189
2019-01-07 11:00:00,108.196,108.229,108.12,108.197,108.196,108.197
2019-01-07 12:00:00,108.197,108.364,108.146,108.352,108.197,108.2
2019-01-07 13:00:00,108.352,108.405,108.321,108.356,108.352,108.353
2019-01-07 14:00:00,108.356,108.356,108.229,108.261,108.356,108.358
2019-01-07 15:00:00,108.26,108.408,108.212,108.355,108.26,108.261
2019-01-07 16:00:00,108.355,108.375,108.217,108.308,108.355,108.357
2019-01-07 17:00:00,108.308,108.544,108.212,108.436,108.308,108.322
2019-01-07 18:00:00,108.436,108.637,108.424,108.622,108.436,108.436
2019-01-07 19:00:00,108.623,108.647,108.561,108.605,108.623,108.624
2019-01-07 20:00:00,108.605,108.678,108.516,108.568,108.605,108.606
2019-01-07 21:00:00,108.568,108.633,108.541,108.597,108.568,108.57
2019-01-07 22:00:00,108.597,108.747,108.592,108.707,108.597,108.597
2019-01-07 23:00:00,108.706,108.745,108.663,108.714,108.706,108.706
2019-01-08 00:00:00,108.72,108.72,108.616,108.655,108.72,108.742
2019-01-08 01:00:00,108.657,108.674,108.595,108.626,108.657,108.665
2019-01-08 02:00:00,108.626,108.773,108.612,108.736,108.626,108.63
2019-01-08 03:00:00,108.736,108.75,108.513,108.56,108.736,108.736
2019-01-08 04:00:00,108.56,108.752,108.528,108.713,108.56,108.563
2019-01-08 05:00:00,108.713,108.918,108.618,108.878,108.713,108.715
2019-01-08 06:00:00,108.878,108.998,108.876,108.986,108.878,108.88
2019-01-08 07:00:00,108.986,108.997,108.781,108.785,108.986,108.989
2019-01-08 08:00:00,108.784,108.89,108.736,108.883,108.784,108.787
2019-01-08 09:00:00,108.883,109.087,108.824,108.979,108.883,108.886
2019-01-08 10:00:00,108.979,109.018,108.88,108.911,108.979,108.981
2019-01-08 11:00:00,108.912,108.948,108.804,108.873,108.912,108.913
2019-01-08 12:00:00,108.873,108.902,108.675,108.718,108.873,108.875
2019-01-08 13:00:00,108.718,108.79,108.686,108.727,108.718,108.72
2019-01-08 14:00:00,108.727,108.767,108.601,108.766,108.727,108.727
2019-01-08 15:00:00,108.766,108.881,108.704,108.874,108.766,108.768
2019-01-08 16:00:00,108.873,108.961,108.815,108.862,108.873,108.875
2019-01-08 17:00:00,108.862,108.895,108.595,108.617,108.862,108.863
2019-01-08 18:00:00,108.618,108.67,108.441,108.583,108.618,108.618
2019-01-08 19:00:00,108.583,108.645,108.497,108.59,108.583,108.584
2019-01-08 20:00:00,108.59,108.675,108.561,108.644,108.59,108.59
2019-01-08 21:00:00,108.644,108.685,108.622,108.649,108.644,108.646
2019-01-08 22:00:00,108.648,108.8,108.622,108.76,108.648,108.65
2019-01-08 23:00:00,108.76,108.834,108.719,108.741,108.76,108.762
2019-01-09 00:00:00,108.718,108.856,108.68,108.784,108.718,108.773
2019-01-09 01:00:00,108.784,108.83,108.747,108.75,108.784,108.796
2019-01-09 02:00:00,108.751,108.847,108.692,108.712,108.751,108.757
2019-01-09 03:00:00,108.712,108.803,108.681,108.791,108.712,108.715
2019-01-09 04:00:00,108.791,109.004,108.777,108.908,108.791,108.793
2019-01-09 05:00:00,108.908,108.946,108.831,108.899,108.908,108.911
2019-01-09 06:00:00,108.899,108.946,108.834,108.865,108.899,108.9
2019-01-09 07:00:00,108.865,108.924,108.819,108.855,108.865,108.868
2019-01-09 08:00:00,108.855,108.893,108.816,108.835,108.855,108.857
2019-01-09 09:00:00,108.835,108.991,108.817,108.914,108.835,108.837
2019-01-09 10:00:00,108.914,108.929,108.79,108.872,108.914,108.916
2019-01-09 11:00:00,108.872,108.965,108.87,108.907,108.872,108.873
2019-01-09 12:00:00,108.907,108.944,108.878,108.887,108.907,108.909
2019-01-09 13:00:00,108.887,108.927,108.841,108.913,108.887,108.889
2019-01-09 14:00:00,108.912,108.943,108.865,108.883,108.912,108.916
2019-01-09 15:00:00,108.883,108.884,108.724,108.749,108.883,108.884
2019-01-09 16:00:00,108.749,108.755,108.419,108.445,108.749,108.751
2019-01-09 17:00:00,108.445,108.516,108.05,108.188,108.445,108.45
2019-01-09 18:00:00,108.187,108.418,108.174,108.392,108.187,108.189
2019-01-09 19:00:00,108.392,108.4,108.267,108.317,108.392,108.394
2019-01-09 20:00:00,108.317,108.328,108.214,108.268,108.317,108.319
2019-01-09 21:00:00,108.266,108.367,108.031,108.279,108.266,108.277
2019-01-09 22:00:00,108.279,108.315,107.973,108.005,108.279,108.281
2019-01-09 23:00:00,108.005,108.138,108.002,108.132,108.005,108.008
2019-01-10 00:00:00,108.155,108.169,108.106,108.154,108.155,108.183
2019-01-10 01:00:00,108.154,108.231,108.148,108.185,108.154,108.161
2019-01-10 02:00:00,108.185,108.258,107.984,108.013,108.185,108.189
2019-01-10 03:00:00,108.013,108.023,107.843,107.973,108.013,108.018
2019-01-10 04:00:00,107.97,108.002,107.867,107.977,107.97,107.972
2019-01-10 05:00:00,107.973,107.994,107.86,107.874,107.973,107.974
2019-01-10 06:00:00,107.874,107.981,107.819,107.975,107.874,107.877
2019-01-10 07:00:00,107.975,107.985,107.875,107.91,107.975,107.978
2019-01-10 08:00:00,107.909,107.953,107.77,107.823,107.909,107.912
2019-01-10 09:00:00,107.823,107.936,107.822,107.921,107.823,107.828
2019-01-10 10:00:00,107.921,108.051,107.824,108.042,107.921,107.923
2019-01-10 11:00:00,108.043,108.148,108.036,108.093,108.043,108.044
2019-01-10 12:00:00,108.093,108.228,108.093,108.132,108.093,108.095
2019-01-10 13:00:00,108.131,108.132,107.963,108.031,108.131,108.133
2019-01-10 14:00:00,108.031,108.122,108.03,108.082,108.031,108.032
2019-01-10 15:00:00,108.08,108.199,108.053,108.192,108.08,108.083
2019-01-10 16:00:00,108.192,108.223,107.919,108.009,108.192,108.194
2019-01-10 17:00:00,108.009,108.226,107.989,108.202,108.009,108.01
2019-01-10 18:00:00,108.201,108.343,108.191,108.291,108.201,108.204
2019-01-10 19:00:00,108.29,108.435,108.229,108.393,108.29,108.291
2019-01-10 20:00:00,108.393,108.443,108.204,108.344,108.393,108.394
2019-01-10 21:00:00,108.344,108.46,108.342,108.418,108.344,108.345
2019-01-10 22:00:00,108.418,108.494,108.405,108.481,108.418,108.419
2019-01-10 23:00:00,108.48,108.518,108.424,108.425,108.48,108.482
2019-01-11 00:00:00,108.423,108.443,108.36,108.436,108.423,108.441
2019-01-11 01:00:00,108.432,108.459,108.282,108.283,108.432,108.441
2019-01-11 02:00:00,108.282,108.473,108.271,108.406,108.282,108.288
2019-01-11 03:00:00,108.407,108.426,108.318,108.391,108.407,108.407
2019-01-11 04:00:00,108.395,108.403,108.25,108.31,108.395,108.395
2019-01-11 05:00:00,108.31,108.355,108.28,108.296,108.31,108.311
2019-01-11 06:00:00,108.296,108.334,108.229,108.319,108.296,108.299
2019-01-11 07:00:00,108.319,108.349,108.265,108.299,108.319,108.32
2019-01-11 08:00:00,108.299,108.411,108.268,108.375,108.299,108.302
2019-01-11 09:00:00,108.376,108.432,108.324,108.329,108.376,108.376
2019-01-11 10:00:00,108.329,108.337,108.233,108.291,108.329,108.332
2019-01-11 11:00:00,108.291,108.354,108.263,108.335,108.291,108.293
2019-01-11 12:00:00,108.335,108.354,108.249,108.28,108.335,108.337
2019-01-11 13:00:00,108.28,108.335,108.245,108.311,108.28,108.282
2019-01-11 14:00:00,108.311,108.358,108.254,108.327,108.311,108.312
2019-01-11 15:00:00,108.327,108.362,108.145,108.204,108.327,108.33
2019-01-11 16:00:00,108.204,108.599,108.188,108.443,108.204,108.206
2019-01-11 17:00:00,108.444,108.502,108.324,108.405,108.444,108.444
2019-01-11 18:00:00,108.405,108.444,108.304,108.351,108.405,108.407
2019-01-11 19:00:00,108.351,108.423,108.334,108.407,108.351,108.352
2019-01-11 20:00:00,108.407,108.494,108.377,108.472,108.407,108.409
2019-01-11 21:00:00,108.472,108.506,108.445,108.494,108.472,108.474
2019-01-11 22:00:00,108.494,108.548,108.491,108.546,108.494,108.495
2019-01-11 23:00:00,108.546,108.576,108.499,108.554,108.546,108.547
2019-01-14 00:00:00,108.51,108.547,108.498,108.503,108.51,108.594
2019-01-14 01:00:00,108.503,108.507,108.395,108.452,108.503,108.515
2019-01-14 02:00:00,108.452,108.482,108.423,108.439,108.452,108.455
2019-01-14 03:00:00,108.439,108.447,108.167,108.204,108.439,108.442
2019-01-14 04:00:00,108.205,108.26,108.167,108.23,108.205,108.207
2019-01-14 05:00:00,108.23,108.235,108.06,108.151,108.23,108.23
2019-01-14 06:00:00,108.151,108.155,108.102,108.115,108.151,108.153
2019-01-14 07:00:00,108.115,108.127,108.081,108.108,108.115,108.117
2019-01-14 08:00:00,108.108,108.145,108.043,108.132,108.108,108.111
2019-01-14 09:00:00,108.132,108.182,108.054,108.091,108.132,108.135
2019-01-14 10:00:00,108.091,108.221,108.087,108.198,108.091,108.093
2019-01-14 11:00:00,108.198,108.199,108.102,108.145,108.198,108.2
2019-01-14 12:00:00,108.145,108.162,108.073,108.156,108.145,108.146
2019-01-14 13:00:00,108.156,108.157,107.987,108.094,108.156,108.157
2019-01-14 14:00:00,108.094,108.158,108.04,108.101,108.094,108.095
2019-01-14 15:00:00,108.102,108.24,108.048,108.197,108.102,108.103
2019-01-14 16:00:00,108.196,108.224,108.076,108.174,108.196,108.198
2019-01-14 17:00:00,108.175,108.356,108.172,108.321,108.175,108.176
2019-01-14 18:00:00,108.321,108.353,108.209,108.221,108.321,108.322
2019-01-14 19:00:00,108.221,108.245,108.158,108.185,108.221,108.222
2019-01-14 20:00:00,108.185,108.261,108.171,108.215,108.185,108.185
2019-01-14 21:00:00,108.215,108.242,108.159,108.201,108.215,108.215
2019-01-14 22:00:00,108.202,108.24,108.179,108.201,108.202,108.202
2019-01-14 23:00:00,108.203,108.203,108.151,108.161,108.203,108.203
2019-01-15 00:00:00,108.154,108.167,108.138,108.155,108.154,108.176
2019-01-15 01:00:00,108.155,108.258,108.137,108.238,108.155,108.167
2019-01-15 02:00:00,108.238,108.39,108.196,108.332,108.238,108.241
2019-01-15 03:00:00,108.332,108.47,108.324,108.409,108.332,108.334
2019-01-15 04:00:00,108.409,108.47,108.398,108.463,108.409,108.41
2019-01-15 05:00:00,108.463,108.558,108.462,108.554,108.463,108.466
2019-01-15 06:00:00,108.554,108.576,108.513,108.556,108.554,108.555
2019-01-15 07:00:00,108.558,108.752,108.545,108.715,108.558,108.559
2019-01-15 08:00:00,108.715,108.739,108.623,108.655,108.715,108.718
2019-01-15 09:00:00,108.655,108.703,108.598,108.65,108.655,108.656
2019-01-15 10:00:00,108.65,108.699,108.574,108.585,108.65,108.652
2019-01-15 11:00:00,108.585,108.63,108.516,108.564,108.585,108.586
2019-01-15 12:00:00,108.563,108.652,108.48,108.503,108.563,108.566
2019-01-15 13:00:00,108.503,108.547,108.343,108.38,108.503,108.505
2019-01-15 14:00:00,108.38,108.508,108.335,108.507,108.38,108.38
2019-01-15 15:00:00,108.506,108.585,108.33,108.36,108.506,108.508
2019-01-15 16:00:00,108.36,108.525,108.351,108.483,108.36,108.361
2019-01-15 17:00:00,108.483,108.591,108.402,108.513,108.483,108.485
2019-01-15 18:00:00,108.513,108.715,108.499,108.715,108.513,108.514
2019-01-15 19:00:00,108.715,108.767,108.599,108.622,108.715,108.715
2019-01-15 20:00:00,108.622,108.678,108.547,108.566,108.622,108.623
2019-01-15 21:00:00,108.565,108.614,108.37,108.572,108.565,108.566
2019-01-15 22:00:00,108.572,108.68,108.488,108.667,108.572,108.574
2019-01-15 23:00:00,108.666,108.736,108.651,108.694,108.666,108.668
2019-01-16 00:00:00,108.658,108.708,108.613,108.632,108.658,108.709
2019-01-16 01:00:00,108.634,108.703,108.633,108.652,108.634,108.662
2019-01-16 02:00:00,108.654,108.671,108.446,108.452,108.654,108.658
2019-01-16 03:00:00,108.452,108.476,108.37,108.427,108.452,108.455
2019-01-16 04:00:00,108.426,108.534,108.386,108.499,108.426,108.429
2019-01-16 05:00:00,108.499,108.546,108.472,108.504,108.499,108.501
2019-01-16 06:00:00,108.504,108.539,108.466,108.478,108.504,108.506
2019-01-16 07:00:00,108.478,108.517,108.469,108.478,108.478,108.48
2019-01-16 08:00:00,108.477,108.512,108.428,108.507,108.477,108.479
2019-01-16 09:00:00,108.507,108.633,108.484,108.619,108.507,108.51
2019-01-16 10:00:00,108.62,108.64,108.534,108.537,108.62,108.621
2019-01-16 11:00:00,108.537,108.637,108.532,108.629,108.537,108.539
2019-01-16 12:00:00,108.629,108.782,108.617,108.776,108.629,108.631
2019-01-16 13:00:00,108.776,108.884,108.759,108.847,108.776,108.778
2019-01-16 14:00:00,108.847,108.86,108.76,108.853,108.847,108.848
2019-01-16 15:00:00,108.853,108.855,108.758,108.807,108.853,108.854
2019-01-16 16:00:00,108.807,108.881,108.765,108.85,108.807,108.809
2019-01-16 17:00:00,108.85,108.913,108.675,108.856,108.85,108.851
2019-01-16 18:00:00,108.856,108.915,108.783,108.844,108.856,108.857
2019-01-16 19:00:00,108.844,108.996,108.797,108.968,108.844,108.845
2019-01-16 20:00:00,108.968,108.986,108.831,108.861,108.968,108.969
2019-01-16 21:00:00,108.861,108.972,108.837,108.917,108.861,108.863
2019-01-16 22:00:00,108.917,109.196,108.903,109.032,108.917,108.919
2019-01-16 23:00:00,109.031,109.185,109.009,109.094,109.031,109.033
2019-01-17 00:00:00,109.088,109.122,109.015,109.117,109.088,109.107
2019-01-17 01:00:00,109.115,109.117,109.003,109.04,109.117,109.128
2019-01-17 02:00:00,109.04,109.074,108.891,108.911,109.04,109.043
2019-01-17 03:00:00,108.91,108.951,108.834,108.901,108.91,108.912
2019-01-17 04:00:00,108.901,109.016,108.86,109.014,108.901,108.903
2019-01-17 05:00:00,109.015,109.026,108.968,108.984,109.009,109.011
2019-01-17 06:00:00,108.984,109.064,108.98,109.012,108.984,108.986
2019-01-17 07:00:00,109.011,109.022,108.945,108.946,109.012,109.013
2019-01-17 08:00:00,108.946,108.946,108.824,108.825,108.946,108.948
2019-01-17 09:00:00,108.825,108.925,108.738,108.78,108.825,108.828
2019-01-17 10:00:00,108.782,108.828,108.702,108.816,108.78,108.782
2019-01-17 11:00:00,108.815,108.849,108.705,108.737,108.815,108.818
2019-01-17 12:00:00,108.737,108.818,108.737,108.818,108.737,108.739
2019-01-17 13:00:00,108.818,108.878,108.764,108.878,108.818,108.819
2019-01-17 14:00:00,108.878,108.889,108.723,108.74,108.878,108.879
2019-01-17 15:00:00,108.74,108.898,108.686,108.847,108.74,108.741
2019-01-17 16:00:00,108.848,108.978,108.792,108.949,108.848,108.85
2019-01-17 17:00:00,108.948,109.041,108.916,109.009,108.948,108.949
2019-01-17 18:00:00,109.01,109.102,108.956,109.014,109.01,109.01
2019-01-17 19:00:00,109.014,109.068,108.967,108.978,109.014,109.015
2019-01-17 20:00:00,108.978,109.069,108.931,109.014,108.978,108.979
2019-01-17 21:00:00,109.014,109.404,108.951,109.237,109.014,109.015
2019-01-17 22:00:00,109.238,109.295,109.123,109.236,109.238,109.241
2019-01-17 23:00:00,109.236,109.261,109.166,109.243,109.236,109.239
2019-01-18 00:00:00,109.242,109.277,109.187,109.193,109.242,109.277
2019-01-18 01:00:00,109.193,109.213,109.056,109.143,109.193,109.208
2019-01-18 02:00:00,109.143,109.359,109.13,109.291,109.143,109.147
2019-01-18 03:00:00,109.291,109.398,109.24,109.357,109.291,109.293
2019-01-18 04:00:00,109.357,109.374,109.27,109.342,109.357,109.36
2019-01-18 05:00:00,109.341,109.372,109.32,109.369,109.341,109.343
2019-01-18 06:00:00,109.368,109.44,109.331,109.378,109.368,109.37
2019-01-18 07:00:00,109.378,109.439,109.36,109.36,109.378,109.38
2019-01-18 08:00:00,109.361,109.398,109.306,109.391,109.361,109.363
2019-01-18 09:00:00,109.391,109.461,109.36,109.366,109.391,109.393
2019-01-18 10:00:00,109.366,109.496,109.348,109.483,109.366,109.368
2019-01-18 11:00:00,109.483,109.596,109.462,109.568,109.483,109.484
2019-01-18 12:00:00,109.568,109.57,109.379,109.392,109.568,109.57
2019-01-18 13:00:00,109.392,109.522,109.385,109.506,109.392,109.394
2019-01-18 14:00:00,109.506,109.538,109.341,109.377,109.506,109.509
2019-01-18 15:00:00,109.378,109.451,109.342,109.427,109.378,109.378
2019-01-18 16:00:00,109.428,109.548,109.414,109.523,109.428,109.429
2019-01-18 17:00:00,109.511,109.707,109.401,109.681,109.511,109.512
2019-01-18 18:00:00,109.683,109.798,109.646,109.797,109.683,109.685
2019-01-18 19:00:00,109.798,109.861,109.751,109.841,109.798,109.798
2019-01-18 20:00:00,109.841,109.891,109.717,109.765,109.841,109.842
2019-01-18 21:00:00,109.765,109.788,109.654,109.776,109.765,109.766
2019-01-18 22:00:00,109.776,109.798,109.726,109.745,109.776,109.776
2019-01-18 23:00:00,109.745,109.77,109.698,109.766,109.745,109.747
2019-01-21 00:00:00,109.688,109.761,109.68,109.73,109.688,109.788
2019-01-21 01:00:00,109.731,109.76,109.656,109.682,109.731,109.75
2019-01-21 02:00:00,109.682,109.699,109.588,109.628,109.682,109.686
2019-01-21 03:00:00,109.628,109.632,109.475,109.523,109.628,109.629
2019-01-21 04:00:00,109.523,109.722,109.514,109.704,109.523,109.527
2019-01-21 05:00:00,109.704,109.704,109.623,109.633,109.704,109.705
2019-01-21 06:00:00,109.633,109.643,109.562,109.59,109.633,109.635
2019-01-21 07:00:00,109.59,109.599,109.531,109.552,109.59,109.592
2019-01-21 08:00:00,109.552,109.575,109.536,109.557,109.552,109.555
2019-01-21 09:00:00,109.557,109.587,109.513,109.582,109.557,109.56
2019-01-21 10:00:00,109.582,109.667,109.575,109.628,109.582,109.583
2019-01-21 11:00:00,109.628,109.681,109.584,109.674,109.628,109.628
2019-01-21 12:00:00,109.674,109.678,109.592,109.608,109.674,109.676
2019-01-21 13:00:00,109.608,109.621,109.564,109.6,109.608,109.609
2019-01-21 14:00:00,109.6,109.658,109.595,109.643,109.6,109.6
2019-01-21 15:00:00,109.643,109.687,109.641,109.672,109.643,109.644
2019-01-21 16:00:00,109.672,109.691,109.629,109.659,109.672,109.673
2019-01-21 17:00:00,109.659,109.673,109.603,109.623,109.659,109.66
2019-01-21 18:00:00,109.624,109.657,109.593,109.615,109.624,109.625
2019-01-21 19:00:00,109.615,109.659,109.615,109.637,109.615,109.615
2019-01-21 20:00:00,109.638,109.665,109.62,109.647,109.638,109.638
2019-01-21 21:00:00,109.646,109.657,109.638,109.645,109.646,109.649
2019-01-21 22:00:00,109.645,109.685,109.637,109.682,109.645,109.648
2019-01-21 23:00:00,109.682,109.682,109.654,109.654,109.682,109.684
2019-01-22 00:00:00,109.648,109.667,109.598,109.634,109.648,109.686
2019-01-22 01:00:00,109.635,109.682,109.618,109.673,109.635,109.647
2019-01-22 02:00:00,109.673,109.693,109.571,109.615,109.673,109.677
2019-01-22 03:00:00,109.615,109.641,109.552,109.631,109.615,109.618
2019-01-22 04:00:00,109.631,109.644,109.495,109.517,109.631,109.633
2019-01-22 05:00:00,109.517,109.547,109.423,109.447,109.517,109.517
2019-01-22 06:00:00,109.448,109.475,109.411,109.47,109.448,109.449
2019-01-22 07:00:00,109.469,109.475,109.385,109.431,109.469,109.472
2019-01-22 08:00:00,109.431,109.477,109.402,109.459,109.431,109.433
2019-01-22 09:00:00,109.459,109.468,109.355,109.426,109.459,109.461
2019-01-22 10:00:00,109.426,109.449,109.324,109.419,109.426,109.427
2019-01-22 11:00:00,109.418,109.479,109.415,109.466,109.418,109.419
2019-01-22 12:00:00,109.466,109.505,109.43,109.45,109.466,109.468
2019-01-22 13:00:00,109.45,109.456,109.381,109.445,109.45,109.452
2019-01-22 14:00:00,109.445,109.472,109.413,109.425,109.445,109.447
2019-01-22 15:00:00,109.425,109.476,109.373,109.446,109.425,109.425
2019-01-22 16:00:00,109.446,109.454,109.37,109.409,109.446,109.446
2019-01-22 17:00:00,109.409,109.465,109.285,109.432,109.409,109.411
2019-01-22 18:00:00,109.432,109.468,109.343,109.346,109.432,109.432
2019-01-22 19:00:00,109.346,109.377,109.285,109.324,109.346,109.347
2019-01-22 20:00:00,109.324,109.326,109.145,109.244,109.324,109.325
2019-01-22 21:00:00,109.243,109.299,109.211,109.294,109.243,109.245
2019-01-22 22:00:00,109.294,109.413,109.247,109.413,109.294,109.295
2019-01-22 23:00:00,109.415,109.445,109.343,109.364,109.415,109.416
2019-01-23 00:00:00,109.369,109.383,109.321,109.335,109.369,109.399
2019-01-23 01:00:00,109.335,109.377,109.321,109.357,109.335,109.345
2019-01-23 02:00:00,109.357,109.478,109.356,109.428,109.357,109.358
2019-01-23 03:00:00,109.428,109.692,109.428,109.66,109.428,109.43
2019-01-23 04:00:00,109.66,109.69,109.616,109.634,109.66,109.662
2019-01-23 05:00:00,109.634,109.799,109.625,109.701,109.634,109.635
2019-01-23 06:00:00,109.701,109.727,109.63,109.695,109.701,109.703
2019-01-23 07:00:00,109.695,109.705,109.591,109.625,109.695,109.697
2019-01-23 08:00:00,109.625,109.692,109.625,109.657,109.625,109.627
2019-01-23 09:00:00,109.657,109.722,109.612,109.627,109.657,109.658
2019-01-23 10:00:00,109.626,109.646,109.531,109.562,109.626,109.628
2019-01-23 11:00:00,109.562,109.683,109.56,109.666,109.562,109.563
2019-01-23 12:00:00,109.666,109.711,109.631,109.634,109.666,109.667
2019-01-23 13:00:00,109.633,109.682,109.589,109.655,109.633,109.634
2019-01-23 14:00:00,109.655,109.678,109.62,109.646,109.655,109.657
2019-01-23 15:00:00,109.646,109.868,109.641,109.846,109.646,109.646
2019-01-23 16:00:00,109.846,110.0,109.82,109.878,109.846,109.847
2019-01-23 17:00:00,109.878,109.892,109.601,109.64,109.878,109.88
2019-01-23 18:00:00,109.641,109.661,109.395,109.445,109.641,109.642
2019-01-23 19:00:00,109.445,109.504,109.395,109.463,109.445,109.446
2019-01-23 20:00:00,109.461,109.605,109.442,109.562,109.461,109.463
2019-01-23 21:00:00,109.562,109.627,109.542,109.59,109.562,109.563
2019-01-23 22:00:00,109.59,109.62,109.564,109.612,109.59,109.591
2019-01-23 23:00:00,109.612,109.617,109.582,109.615,109.612,109.613
2019-01-24 00:00:00,109.571,109.603,109.503,109.556,109.571,109.622
2019-01-24 01:00:00,109.556,109.588,109.491,109.5,109.556,109.573
2019-01-24 02:00:00,109.501,109.642,109.458,109.459,109.501,109.504
2019-01-24 03:00:00,109.458,109.582,109.451,109.486,109.458,109.461
2019-01-24 04:00:00,109.486,109.57,109.436,109.529,109.486,109.488
2019-01-24 05:00:00,109.529,109.54,109.486,109.531,109.529,109.53
2019-01-24 06:00:00,109.531,109.565,109.497,109.551,109.531,109.533
2019-01-24 07:00:00,109.551,109.623,109.551,109.615,109.551,109.552
2019-01-24 08:00:00,109.615,109.743,109.614,109.712,109.615,109.616
2019-01-24 09:00:00,109.712,109.729,109.661,109.711,109.712,109.714
2019-01-24 10:00:00,109.711,109.717,109.597,109.665,109.711,109.712
2019-01-24 11:00:00,109.665,109.75,109.649,109.748,109.665,109.666
2019-01-24 12:00:00,109.748,109.797,109.719,109.779,109.748,109.749
2019-01-24 13:00:00,109.779,109.8,109.72,109.723,109.779,109.779
2019-01-24 14:00:00,109.723,109.783,109.706,109.757,109.723,109.725
2019-01-24 15:00:00,109.757,109.771,109.541,109.56,109.757,109.759
2019-01-24 16:00:00,109.561,109.612,109.421,109.466,109.561,109.562
2019-01-24 17:00:00,109.466,109.628,109.421,109.576,109.466,109.468
2019-01-24 18:00:00,109.576,109.738,109.515,109.729,109.576,109.578
2019-01-24 19:00:00,109.729,109.74,109.646,109.675,109.729,109.729
2019-01-24 20:00:00,109.675,109.706,109.579,109.656,109.675,109.676
2019-01-24 21:00:00,109.656,109.695,109.634,109.689,109.656,109.657
2019-01-24 22:00:00,109.689,109.692,109.547,109.607,109.689,109.689
2019-01-24 23:00:00,109.608,109.642,109.568,109.637,109.608,109.609
2019-01-25 00:00:00,109.638,109.638,109.54,109.565,109.638,109.648
2019-01-25 01:00:00,109.565,109.604,109.515,109.596,109.565,109.575
2019-01-25 02:00:00,109.596,109.721,109.583,109.693,109.596,109.6
2019-01-25 03:00:00,109.693,109.795,109.66,109.741,109.693,109.696
2019-01-25 04:00:00,109.741,109.787,109.7,109.704,109.741,109.741
2019-01-25 05:00:00,109.703,109.873,109.667,109.838,109.703,109.705
2019-01-25 06:00:00,109.838,109.845,109.748,109.748,109.838,109.841
2019-01-25 07:00:00,109.748,109.798,109.733,109.794,109.748,109.751
2019-01-25 08:00:00,109.794,109.872,109.764,109.82,109.794,109.797
2019-01-25 09:00:00,109.82,109.87,109.734,109.768,109.82,109.822
2019-01-25 10:00:00,109.768,109.908,109.71,109.882,109.768,109.771
2019-01-25 11:00:00,109.882,109.884,109.787,109.794,109.882,109.882
2019-01-25 12:00:00,109.794,109.844,109.765,109.794,109.794,109.795
2019-01-25 13:00:00,109.794,109.832,109.748,109.812,109.794,109.795
2019-01-25 14:00:00,109.812,109.879,109.78,109.878,109.812,109.813
2019-01-25 15:00:00,109.877,109.951,109.866,109.898,109.877,109.879
2019-01-25 16:00:00,109.899,109.903,109.557,109.624,109.899,109.899
2019-01-25 17:00:00,109.624,109.686,109.531,109.683,109.624,109.626
2019-01-25 18:00:00,109.681,109.702,109.545,109.597,109.681,109.682
2019-01-25 19:00:00,109.597,109.911,109.572,109.771,109.597,109.599
2019-01-25 20:00:00,109.771,109.817,109.712,109.736,109.771,109.773
2019-01-25 21:00:00,109.738,109.754,109.563,109.635,109.738,109.738
2019-01-25 22:00:00,109.635,109.665,109.487,109.518,109.635,109.636
2019-01-25 23:00:00,109.518,109.558,109.455,109.547,109.518,109.52
2019-01-28 00:00:00,109.538,109.574,109.521,109.532,109.538,109.562
2019-01-28 01:00:00,109.532,109.56,109.394,109.414,109.532,109.543
2019-01-28 02:00:00,109.414,109.43,109.265,109.318,109.414,109.416
2019-01-28 03:00:00,109.317,109.424,109.277,109.42,109.317,109.319
2019-01-28 04:00:00,109.42,109.45,109.319,109.322,109.42,109.422
2019-01-28 05:00:00,109.322,109.392,109.309,109.364,109.322,109.323
2019-01-28 06:00:00,109.364,109.421,109.334,109.395,109.364,109.367
2019-01-28 07:00:00,109.395,109.417,109.285,109.309,109.395,109.397
2019-01-28 08:00:00,109.31,109.355,109.273,109.315,109.31,109.312
2019-01-28 09:00:00,109.315,109.422,109.298,109.402,109.315,109.316
2019-01-28 10:00:00,109.402,109.469,109.357,109.372,109.402,109.403
2019-01-28 11:00:00,109.372,109.404,109.318,109.393,109.372,109.374
2019-01-28 12:00:00,109.393,109.486,109.383,109.452,109.393,109.394
2019-01-28 13:00:00,109.451,109.504,109.418,109.492,109.451,109.452
2019-01-28 14:00:00,109.492,109.525,109.455,109.487,109.492,109.494
2019-01-28 15:00:00,109.486,109.49,109.371,109.418,109.486,109.486
2019-01-28 16:00:00,109.419,109.419,109.209,109.256,109.419,109.419
2019-01-28 17:00:00,109.256,109.326,109.223,109.274,109.256,109.256
2019-01-28 18:00:00,109.274,109.319,109.162,109.202,109.274,109.276
2019-01-28 19:00:00,109.202,109.281,109.194,109.263,109.202,109.203
2019-01-28 20:00:00,109.263,109.314,109.224,109.289,109.263,109.264
2019-01-28 21:00:00,109.289,109.394,109.262,109.356,109.289,109.291
2019-01-28 22:00:00,109.355,109.4,109.336,109.378,109.355,109.355
2019-01-28 23:00:00,109.378,109.391,109.3,109.331,109.378,109.379
2019-01-29 00:00:00,109.314,109.353,109.259,109.297,109.314,109.386
2019-01-29 01:00:00,109.297,109.328,109.245,109.258,109.297,109.308
2019-01-29 02:00:00,109.256,109.307,109.136,109.148,109.256,109.258
2019-01-29 03:00:00,109.149,109.244,109.13,109.185,109.149,109.15
2019-01-29 04:00:00,109.185,109.225,109.172,109.201,109.185,109.187
2019-01-29 05:00:00,109.2,109.252,109.184,109.229,109.2,109.202
2019-01-29 06:00:00,109.229,109.298,109.215,109.273,109.229,109.231
2019-01-29 07:00:00,109.274,109.339,109.254,109.319,109.274,109.275
2019-01-29 08:00:00,109.318,109.34,109.254,109.282,109.318,109.32
2019-01-29 09:00:00,109.283,109.294,109.21,109.234,109.283,109.284
2019-01-29 10:00:00,109.234,109.329,109.207,109.323,109.234,109.236
2019-01-29 11:00:00,109.324,109.456,109.324,109.448,109.324,109.326
2019-01-29 12:00:00,109.448,109.455,109.378,109.425,109.448,109.449
2019-01-29 13:00:00,109.425,109.461,109.414,109.456,109.425,109.425
2019-01-29 14:00:00,109.456,109.477,109.438,109.467,109.456,109.457
2019-01-29 15:00:00,109.467,109.541,109.451,109.486,109.467,109.469
2019-01-29 16:00:00,109.485,109.499,109.368,109.443,109.485,109.488
2019-01-29 17:00:00,109.443,109.446,109.289,109.332,109.443,109.448
2019-01-29 18:00:00,109.333,109.377,109.281,109.368,109.333,109.333
2019-01-29 19:00:00,109.368,109.418,109.335,109.381,109.368,109.369
2019-01-29 20:00:00,109.381,109.433,109.354,109.42,109.381,109.381
2019-01-29 21:00:00,109.42,109.421,109.273,109.273,109.42,109.421
2019-01-29 22:00:00,109.273,109.35,109.269,109.347,109.273,109.274
2019-01-29 23:00:00,109.347,109.443,109.326,109.366,109.347,109.348
2019-01-30 00:00:00,109.374,109.374,109.268,109.356,109.374,109.408
2019-01-30 01:00:00,109.356,109.441,109.355,109.427,109.356,109.371
2019-01-30 02:00:00,109.427,109.429,109.346,109.383,109.427,109.43
2019-01-30 03:00:00,109.382,109.411,109.212,109.27,109.382,109.384
2019-01-30 04:00:00,109.27,109.31,109.231,109.274,109.27,109.272
2019-01-30 05:00:00,109.274,109.401,109.274,109.375,109.274,109.276
2019-01-30 06:00:00,109.375,109.38,109.338,109.365,109.375,109.376
2019-01-30 07:00:00,109.364,109.367,109.271,109.273,109.364,109.367
2019-01-30 08:00:00,109.273,109.3,109.243,109.259,109.273,109.276
2019-01-30 09:00:00,109.259,109.328,109.254,109.313,109.259,109.261
2019-01-30 10:00:00,109.313,109.393,109.3,109.37,109.313,109.314
2019-01-30 11:00:00,109.371,109.373,109.333,109.36,109.371,109.372
2019-01-30 12:00:00,109.36,109.403,109.351,109.402,109.36,109.362
2019-01-30 13:00:00,109.402,109.446,109.368,109.408,109.402,109.404
2019-01-30 14:00:00,109.408,109.442,109.395,109.427,109.408,109.408
2019-01-30 15:00:00,109.427,109.582,109.427,109.573,109.427,109.428
2019-01-30 16:00:00,109.572,109.743,109.56,109.668,109.572,109.572
2019-01-30 17:00:00,109.669,109.673,109.562,109.588,109.669,109.67
2019-01-30 18:00:00,109.588,109.637,109.569,109.575,109.588,109.59
2019-01-30 19:00:00,109.575,109.591,109.52,109.524,109.575,109.576
2019-01-30 20:00:00,109.524,109.555,109.499,109.532,109.524,109.524
2019-01-30 21:00:00,109.532,109.537,108.809,108.927,109.532,109.559
2019-01-30 22:00:00,108.924,108.996,108.855,108.954,108.924,108.926
2019-01-30 23:00:00,108.955,109.049,108.946,109.048,108.955,108.955
2019-01-31 00:00:00,109.026,109.065,108.973,109.057,109.026,109.047
2019-01-31 01:00:00,109.057,109.059,108.932,108.977,109.057,109.063
2019-01-31 02:00:00,108.977,108.979,108.842,108.941,108.977,108.979
2019-01-31 03:00:00,108.941,109.003,108.872,108.897,108.941,108.943
2019-01-31 04:00:00,108.897,108.925,108.849,108.87,108.897,108.899
2019-01-31 05:00:00,108.87,108.907,108.771,108.885,108.87,108.87
2019-01-31 06:00:00,108.884,108.884,108.804,108.819,108.884,108.884
2019-01-31 07:00:00,108.819,108.822,108.696,108.737,108.819,108.82
2019-01-31 08:00:00,108.739,108.806,108.706,108.794,108.739,108.74
2019-01-31 09:00:00,108.793,108.806,108.677,108.736,108.793,108.795
2019-01-31 10:00:00,108.736,108.773,108.634,108.734,108.736,108.738
2019-01-31 11:00:00,108.734,108.773,108.523,108.562,108.734,108.734
2019-01-31 12:00:00,108.562,108.627,108.528,108.6,108.562,108.563
2019-01-31 13:00:00,108.6,108.664,108.567,108.641,108.6,108.601
2019-01-31 14:00:00,108.641,108.674,108.555,108.653,108.641,108.641
2019-01-31 15:00:00,108.653,108.674,108.539,108.566,108.653,108.655
2019-01-31 16:00:00,108.566,108.686,108.497,108.66,108.566,108.567
2019-01-31 17:00:00,108.662,108.849,108.638,108.828,108.662,108.662
2019-01-31 18:00:00,108.828,108.899,108.791,108.839,108.828,108.83
2019-01-31 19:00:00,108.839,108.901,108.806,108.82,108.839,108.84
2019-01-31 20:00:00,108.82,108.87,108.788,108.87,108.82,108.821
2019-01-31 21:00:00,108.87,108.902,108.826,108.877,108.87,108.871
2019-01-31 22:00:00,108.877,108.944,108.793,108.917,108.877,108.878
2019-01-31 23:00:00,108.917,108.934,108.847,108.857,108.917,108.92
2019-02-01 00:00:00,108.843,108.878,108.8,108.836,108.843,108.939
2019-02-01 01:00:00,108.834,108.874,108.824,108.846,108.834,108.844
2019-02-01 02:00:00,108.846,108.968,108.796,108.828,108.846,108.848
2019-02-01 03:00:00,108.829,108.921,108.725,108.813,108.829,108.829
2019-02-01 04:00:00,108.813,108.919,108.78,108.918,108.813,108.816
2019-02-01 05:00:00,108.918,108.937,108.847,108.852,108.918,108.92
2019-02-01 06:00:00,108.852,108.894,108.849,108.861,108.852,108.854
2019-02-01 07:00:00,108.861,108.909,108.836,108.893,108.861,108.862
2019-02-01 08:00:00,108.893,108.904,108.853,108.875,108.893,108.895
2019-02-01 09:00:00,108.876,108.972,108.865,108.936,108.876,108.878
2019-02-01 10:00:00,108.938,108.97,108.916,108.937,108.938,108.938
2019-02-01 11:00:00,108.937,108.937,108.87,108.917,108.937,108.938
2019-02-01 12:00:00,108.917,108.938,108.872,108.885,108.917,108.917
2019-02-01 13:00:00,108.885,108.906,108.862,108.887,108.885,108.886
2019-02-01 14:00:00,108.887,108.928,108.887,108.902,108.887,108.888
2019-02-01 15:00:00,108.902,109.085,108.884,108.982,108.902,108.903
2019-02-01 16:00:00,108.982,109.146,108.982,109.111,108.982,108.982
2019-02-01 17:00:00,109.111,109.473,109.111,109.362,109.111,109.116
2019-02-01 18:00:00,109.362,109.574,109.356,109.547,109.362,109.363
2019-02-01 19:00:00,109.547,109.582,109.509,109.558,109.547,109.548
2019-02-01 20:00:00,109.558,109.578,109.509,109.526,109.558,109.56
2019-02-01 21:00:00,109.526,109.566,109.507,109.522,109.526,109.526
2019-02-01 22:00:00,109.522,109.546,109.48,109.513,109.522,109.522
2019-02-01 23:00:00,109.511,109.526,109.457,109.502,109.511,109.513
2019-02-04 00:00:00,109.512,109.532,109.461,109.482,109.512,109.531
2019-02-04 01:00:00,109.482,109.489,109.433,109.443,109.482,109.506
2019-02-04 02:00:00,109.443,109.59,109.441,109.555,109.443,109.445
2019-02-04 03:00:00,109.559,109.604,109.474,109.544,109.559,109.559
2019-02-04 04:00:00,109.544,109.572,109.497,109.564,109.544,109.545
2019-02-04 05:00:00,109.564,109.639,109.561,109.616,109.564,109.564
2019-02-04 06:00:00,109.616,109.786,109.601,109.764,109.616,109.617
2019-02-04 07:00:00,109.764,109.773,109.72,109.749,109.764,109.766
2019-02-04 08:00:00,109.749,109.83,109.738,109.775,109.749,109.751
2019-02-04 09:00:00,109.775,109.854,109.75,109.834,109.775,109.777
2019-02-04 10:00:00,109.834,109.909,109.823,109.848,109.834,109.834
2019-02-04 11:00:00,109.848,109.922,109.848,109.879,109.848,109.849
2019-02-04 12:00:00,109.879,109.916,109.861,109.882,109.879,109.882
2019-02-04 13:00:00,109.882,109.892,109.844,109.871,109.882,109.884
2019-02-04 14:00:00,109.871,109.907,109.857,109.873,109.871,109.871
2019-02-04 15:00:00,109.874,110.026,109.87,109.997,109.874,109.874
2019-02-04 16:00:00,109.997,110.164,109.98,110.123,109.997,109.998
2019-02-04 17:00:00,110.124,110.124,109.957,110.046,110.124,110.127
2019-02-04 18:00:00,110.046,110.08,109.957,109.958,110.046,110.048
2019-02-04 19:00:00,109.96,109.97,109.864,109.907,109.96,109.96
2019-02-04 20:00:00,109.906,109.933,109.839,109.864,109.906,109.907
2019-02-04 21:00:00,109.864,109.923,109.827,109.92,109.864,109.865
2019-02-04 22:00:00,109.92,109.945,109.883,109.935,109.92,109.921
2019-02-04 23:00:00,109.935,109.936,109.895,109.907,109.935,109.936
2019-02-05 00:00:00,109.856,109.924,109.836,109.899,109.856,109.921
2019-02-05 01:00:00,109.899,109.982,109.893,109.978,109.899,109.925
2019-02-05 02:00:00,109.978,110.022,109.932,109.998,109.978,109.98
2019-02-05 03:00:00,109.998,110.041,109.957,110.026,109.998,110.001
2019-02-05 04:00:00,110.026,110.037,109.968,109.975,110.026,110.027
2019-02-05 05:00:00,109.975,109.991,109.955,109.956,109.975,109.977
2019-02-05 06:00:00,109.957,109.962,109.874,109.892,109.957,109.958
2019-02-05 07:00:00,109.892,109.902,109.779,109.819,109.892,109.895
2019-02-05 08:00:00,109.818,109.92,109.817,109.903,109.818,109.821
2019-02-05 09:00:00,109.905,109.927,109.834,109.857,109.905,109.905
2019-02-05 10:00:00,109.858,109.933,109.843,109.89,109.858,109.859
2019-02-05 11:00:00,109.89,110.004,109.884,110.0,109.89,109.891
2019-02-05 12:00:00,110.0,110.041,109.925,109.939,110.0,110.003
2019-02-05 13:00:00,109.939,109.975,109.923,109.936,109.939,109.941
2019-02-05 14:00:00,109.936,109.966,109.926,109.957,109.936,109.936
2019-02-05 15:00:00,109.953,109.979,109.794,109.88,109.953,109.953
2019-02-05 16:00:00,109.88,109.957,109.84,109.946,109.88,109.881
2019-02-05 17:00:00,109.943,109.95,109.823,109.9,109.943,109.944
2019-02-05 18:00:00,109.901,109.995,109.832,109.989,109.901,109.901
2019-02-05 19:00:00,109.989,109.998,109.895,109.92,109.989,109.989
2019-02-05 20:00:00,109.92,109.958,109.841,109.95,109.92,109.92
2019-02-05 21:00:00,109.95,109.992,109.931,109.979,109.95,109.951
2019-02-05 22:00:00,109.977,109.987,109.921,109.945,109.977,109.977
2019-02-05 23:00:00,109.945,109.992,109.908,109.963,109.945,109.946
2019-02-06 00:00:00,109.958,109.973,109.924,109.943,109.958,109.972
2019-02-06 01:00:00,109.943,109.985,109.931,109.944,109.943,109.955
2019-02-06 02:00:00,109.944,109.955,109.823,109.842,109.944,109.944
2019-02-06 03:00:00,109.842,110.004,109.812,109.987,109.842,109.844
2019-02-06 04:00:00,109.987,110.053,109.627,109.697,109.987,109.99
2019-02-06 05:00:00,109.697,109.812,109.696,109.795,109.697,109.7
2019-02-06 06:00:00,109.795,109.841,109.747,109.759,109.795,109.798
2019-02-06 07:00:00,109.758,109.782,109.74,109.756,109.758,109.761
2019-02-06 08:00:00,109.756,109.824,109.741,109.807,109.756,109.758
2019-02-06 09:00:00,109.807,109.819,109.656,109.66,109.807,109.808
2019-02-06 10:00:00,109.66,109.708,109.574,109.595,109.66,109.662
2019-02-06 11:00:00,109.595,109.685,109.559,109.658,109.595,109.596
2019-02-06 12:00:00,109.658,109.686,109.618,109.674,109.658,109.66
2019-02-06 13:00:00,109.674,109.761,109.668,109.756,109.674,109.674
2019-02-06 14:00:00,109.756,109.775,109.73,109.75,109.756,109.758
2019-02-06 15:00:00,109.751,109.842,109.726,109.791,109.751,109.752
2019-02-06 16:00:00,109.791,109.791,109.687,109.738,109.791,109.791
2019-02-06 17:00:00,109.737,109.844,109.655,109.817,109.737,109.739
2019-02-06 18:00:00,109.817,109.822,109.731,109.752,109.817,109.817
2019-02-06 19:00:00,109.752,109.769,109.718,109.75,109.752,109.753
2019-02-06 20:00:00,109.75,110.003,109.75,109.952,109.75,109.751
2019-02-06 21:00:00,109.952,110.0,109.941,109.974,109.952,109.953
2019-02-06 22:00:00,109.973,109.984,109.936,109.949,109.973,109.974
2019-02-06 23:00:00,109.949,110.043,109.941,109.976,109.949,109.95
2019-02-07 00:00:00,109.971,110.019,109.928,109.928,109.971,109.992
2019-02-07 01:00:00,109.929,110.009,109.903,109.987,109.929,109.937
2019-02-07 02:00:00,109.987,110.034,109.843,109.888,109.987,109.99
2019-02-07 03:00:00,109.889,109.899,109.725,109.817,109.889,109.891
2019-02-07 04:00:00,109.817,109.877,109.751,109.87,109.817,109.819
2019-02-07 05:00:00,109.87,109.905,109.855,109.892,109.87,109.873
2019-02-07 06:00:00,109.892,110.006,109.89,109.923,109.892,109.894
2019-02-07 07:00:00,109.923,109.957,109.895,109.948,109.923,109.924
2019-02-07 08:00:00,109.948,109.972,109.909,109.957,109.948,109.95
2019-02-07 09:00:00,109.957,109.974,109.895,109.924,109.957,109.959
2019-02-07 10:00:00,109.924,110.088,109.9,110.022,109.924,109.926
2019-02-07 11:00:00,110.022,110.029,109.959,110.012,110.022,110.023
2019-02-07 12:00:00,110.012,110.015,109.824,109.862,110.012,110.013
2019-02-07 13:00:00,109.862,109.883,109.796,109.82,109.862,109.863
2019-02-07 14:00:00,109.82,109.823,109.636,109.657,109.82,109.824
2019-02-07 15:00:00,109.657,109.79,109.606,109.765,109.657,109.657
2019-02-07 16:00:00,109.764,109.788,109.658,109.762,109.764,109.765
2019-02-07 17:00:00,109.763,109.842,109.7,109.748,109.763,109.763
2019-02-07 18:00:00,109.748,109.782,109.619,109.721,109.748,109.749
2019-02-07 19:00:00,109.721,109.829,109.681,109.794,109.721,109.722
2019-02-07 20:00:00,109.794,109.87,109.768,109.842,109.794,109.795
2019-02-07 21:00:00,109.841,109.877,109.747,109.839,109.841,109.842
2019-02-07 22:00:00,109.837,109.875,109.803,109.853,109.837,109.838
2019-02-07 23:00:00,109.853,109.855,109.789,109.821,109.853,109.854
2019-02-08 00:00:00,109.807,109.839,109.727,109.77,109.807,109.841
2019-02-08 01:00:00,109.77,109.817,109.754,109.755,109.77,109.778
2019-02-08 02:00:00,109.755,109.843,109.713,109.739,109.755,109.755
2019-02-08 03:00:00,109.739,109.771,109.672,109.734,109.739,109.741
2019-02-08 04:00:00,109.734,109.771,109.648,109.763,109.734,109.735
2019-02-08 05:00:00,109.763,109.786,109.722,109.779,109.763,109.764
2019-02-08 06:00:00,109.779,109.797,109.689,109.713,109.779,109.781
2019-02-08 07:00:00,109.713,109.764,109.695,109.742,109.713,109.716
2019-02-08 08:00:00,109.741,109.752,109.678,109.727,109.741,109.743
2019-02-08 09:00:00,109.727,109.796,109.702,109.747,109.727,109.729
2019-02-08 10:00:00,109.747,109.836,109.741,109.792,109.747,109.749
2019-02-08 11:00:00,109.792,109.898,109.785,109.838,109.792,109.792
2019-02-08 12:00:00,109.838,109.873,109.797,109.852,109.838,109.838
2019-02-08 13:00:00,109.852,109.884,109.804,109.823,109.852,109.852
2019-02-08 14:00:00,109.823,109.836,109.747,109.761,109.823,109.823
2019-02-08 15:00:00,109.761,109.876,109.751,109.821,109.761,109.761
2019-02-08 16:00:00,109.821,109.845,109.714,109.735,109.821,109.822
2019-02-08 17:00:00,109.735,109.792,109.695,109.727,109.735,109.735
2019-02-08 18:00:00,109.727,109.768,109.665,109.764,109.727,109.727
2019-02-08 19:00:00,109.764,109.77,109.702,109.721,109.764,109.764
2019-02-08 20:00:00,109.721,109.806,109.71,109.785,109.721,109.722
2019-02-08 21:00:00,109.785,109.821,109.766,109.772,109.785,109.786
2019-02-08 22:00:00,109.771,109.799,109.758,109.797,109.771,109.771
2019-02-08 23:00:00,109.797,109.797,109.719,109.759,109.797,109.798
2019-02-11 00:00:00,109.736,109.846,109.733,109.803,109.736,109.836
2019-02-11 01:00:00,109.807,109.865,109.787,109.814,109.807,109.814
2019-02-11 02:00:00,109.814,109.847,109.804,109.83,109.814,109.817
2019-02-11 03:00:00,109.83,109.834,109.774,109.802,109.83,109.831
2019-02-11 04:00:00,109.802,109.901,109.79,109.897,109.802,109.805
2019-02-11 05:00:00,109.897,109.985,109.887,109.97,109.897,109.899
2019-02-11 06:00:00,109.97,110.016,109.933,109.995,109.97,109.972
2019-02-11 07:00:00,109.995,109.995,109.947,109.983,109.995,109.998
2019-02-11 08:00:00,109.983,109.986,109.943,109.977,109.983,109.985
2019-02-11 09:00:00,109.977,110.002,109.952,109.981,109.977,109.978
2019-02-11 10:00:00,109.981,110.095,109.955,110.089,109.981,109.982
2019-02-11 11:00:00,110.089,110.282,110.083,110.251,110.089,110.089
2019-02-11 12:00:00,110.251,110.266,110.167,110.188,110.251,110.253
2019-02-11 13:00:00,110.188,110.213,110.106,110.121,110.188,110.19
2019-02-11 14:00:00,110.121,110.228,110.107,110.222,110.121,110.122
2019-02-11 15:00:00,110.222,110.412,110.199,110.364,110.222,110.223
2019-02-11 16:00:00,110.364,110.459,110.353,110.408,110.364,110.364
2019-02-11 17:00:00,110.408,110.449,110.342,110.393,110.408,110.409
2019-02-11 18:00:00,110.393,110.422,110.315,110.408,110.393,110.394
2019-02-11 19:00:00,110.408,110.462,110.394,110.455,110.408,110.408
2019-02-11 20:00:00,110.455,110.468,110.41,110.432,110.455,110.455
2019-02-11 21:00:00,110.432,110.438,110.383,110.401,110.432,110.433
2019-02-11 22:00:00,110.402,110.408,110.356,110.399,110.402,110.402
2019-02-11 23:00:00,110.396,110.396,110.361,110.386,110.396,110.396
2019-02-12 00:00:00,110.373,110.393,110.348,110.383,110.373,110.382
2019-02-12 01:00:00,110.383,110.483,110.356,110.393,110.383,110.393
2019-02-12 02:00:00,110.393,110.541,110.38,110.508,110.393,110.396
2019-02-12 03:00:00,110.508,110.54,110.347,110.467,110.508,110.511
2019-02-12 04:00:00,110.467,110.498,110.403,110.476,110.467,110.469
2019-02-12 05:00:00,110.478,110.652,110.43,110.648,110.478,110.479
2019-02-12 06:00:00,110.648,110.648,110.551,110.593,110.648,110.651
2019-02-12 07:00:00,110.593,110.617,110.541,110.573,110.593,110.595
2019-02-12 08:00:00,110.573,110.595,110.517,110.532,110.573,110.575
2019-02-12 09:00:00,110.532,110.618,110.493,110.618,110.532,110.533
2019-02-12 10:00:00,110.619,110.648,110.53,110.62,110.619,110.619
2019-02-12 11:00:00,110.62,110.626,110.54,110.548,110.62,110.62
2019-02-12 12:00:00,110.548,110.564,110.467,110.487,110.548,110.549
2019-02-12 13:00:00,110.487,110.549,110.48,110.533,110.487,110.489
2019-02-12 14:00:00,110.534,110.543,110.404,110.405,110.534,110.534
2019-02-12 15:00:00,110.406,110.439,110.366,110.434,110.406,110.407
2019-02-12 16:00:00,110.434,110.472,110.346,110.471,110.434,110.435
2019-02-12 17:00:00,110.471,110.536,110.47,110.511,110.471,110.471
2019-02-12 18:00:00,110.511,110.538,110.482,110.51,110.511,110.512
2019-02-12 19:00:00,110.51,110.551,110.433,110.516,110.51,110.51
2019-02-12 20:00:00,110.516,110.521,110.436,110.521,110.516,110.517
2019-02-12 21:00:00,110.52,110.52,110.475,110.512,110.52,110.52
2019-02-12 22:00:00,110.512,110.52,110.466,110.474,110.512,110.513
2019-02-12 23:00:00,110.475,110.49,110.454,110.484,110.475,110.476
2019-02-13 00:00:00,110.463,110.501,110.418,110.462,110.463,110.487
2019-02-13 01:00:00,110.462,110.538,110.428,110.514,110.462,110.472
2019-02-13 02:00:00,110.514,110.577,110.495,110.537,110.514,110.516
2019-02-13 03:00:00,110.537,110.64,110.516,110.582,110.537,110.541
2019-02-13 04:00:00,110.586,110.623,110.569,110.618,110.586,110.586
2019-02-13 05:00:00,110.619,110.704,110.609,110.649,110.619,110.619
2019-02-13 06:00:00,110.65,110.661,110.576,110.599,110.65,110.651
2019-02-13 07:00:00,110.599,110.639,110.597,110.629,110.599,110.602
2019-02-13 08:00:00,110.629,110.648,110.578,110.622,110.629,110.631
2019-02-13 09:00:00,110.622,110.688,110.619,110.685,110.622,110.625
2019-02-13 10:00:00,110.685,110.768,110.654,110.674,110.685,110.686
2019-02-13 11:00:00,110.674,110.733,110.664,110.687,110.674,110.675
2019-02-13 12:00:00,110.687,110.707,110.671,110.695,110.687,110.687
2019-02-13 13:00:00,110.695,110.702,110.591,110.623,110.695,110.696
2019-02-13 14:00:00,110.623,110.74,110.621,110.731,110.623,110.623
2019-02-13 15:00:00,110.731,110.87,110.694,110.852,110.731,110.732
2019-02-13 16:00:00,110.852,110.886,110.788,110.811,110.852,110.852
2019-02-13 17:00:00,110.811,110.882,110.752,110.876,110.811,110.812
2019-02-13 18:00:00,110.876,110.886,110.793,110.854,110.876,110.876
2019-02-13 19:00:00,110.854,110.932,110.852,110.889,110.854,110.855
2019-02-13 20:00:00,110.889,110.932,110.869,110.931,110.889,110.89
2019-02-13 21:00:00,110.931,110.996,110.922,110.992,110.931,110.932
2019-02-13 22:00:00,110.991,111.017,110.974,110.999,110.991,110.993
2019-02-13 23:00:00,110.998,111.054,110.991,111.001,110.998,110.999
2019-02-14 00:00:00,111.003,111.037,110.958,111.031,111.003,111.026
2019-02-14 01:00:00,111.031,111.035,110.927,110.93,111.031,111.043
2019-02-14 02:00:00,110.93,111.005,110.865,110.94,110.93,110.932
2019-02-14 03:00:00,110.941,111.059,110.928,110.98,110.941,110.943
2019-02-14 04:00:00,110.98,111.012,110.953,110.965,110.98,110.982
2019-02-14 05:00:00,110.965,111.129,110.957,111.07,110.965,110.967
2019-02-14 06:00:00,111.069,111.075,111.011,111.027,111.069,111.071
2019-02-14 07:00:00,111.027,111.054,111.009,111.027,111.027,111.028
2019-02-14 08:00:00,111.027,111.066,111.015,111.044,111.027,111.029
2019-02-14 09:00:00,111.044,111.125,111.037,111.066,111.044,111.047
2019-02-14 10:00:00,111.066,111.111,111.03,111.062,111.066,111.067
2019-02-14 11:00:00,111.062,111.065,110.958,110.996,111.062,111.063
2019-02-14 12:00:00,110.998,111.06,110.987,111.044,110.998,110.999
2019-02-14 13:00:00,111.044,111.086,111.027,111.053,111.044,111.044
2019-02-14 14:00:00,111.053,111.067,111.01,111.038,111.053,111.055
2019-02-14 15:00:00,111.037,111.069,110.586,110.607,111.037,111.038
2019-02-14 16:00:00,110.607,110.657,110.501,110.616,110.607,110.607
2019-02-14 17:00:00,110.616,110.821,110.588,110.704,110.616,110.617
2019-02-14 18:00:00,110.703,110.745,110.653,110.684,110.703,110.705
2019-02-14 19:00:00,110.684,110.713,110.578,110.59,110.684,110.685
2019-02-14 20:00:00,110.59,110.649,110.59,110.619,110.59,110.591
2019-02-14 21:00:00,110.619,110.624,110.458,110.482,110.619,110.62
2019-02-14 22:00:00,110.482,110.588,110.477,110.518,110.482,110.483
2019-02-14 23:00:00,110.518,110.537,110.479,110.481,110.518,110.519
2019-02-15 00:00:00,110.476,110.523,110.403,110.486,110.476,110.499
2019-02-15 01:00:00,110.491,110.55,110.451,110.54,110.491,110.499
2019-02-15 02:00:00,110.54,110.547,110.366,110.379,110.54,110.54
2019-02-15 03:00:00,110.378,110.436,110.305,110.343,110.378,110.38
2019-02-15 04:00:00,110.343,110.353,110.271,110.273,110.343,110.344
2019-02-15 05:00:00,110.273,110.324,110.262,110.31,110.273,110.274
2019-02-15 06:00:00,110.31,110.33,110.285,110.302,110.31,110.311
2019-02-15 07:00:00,110.302,110.353,110.287,110.336,110.302,110.304
2019-02-15 08:00:00,110.338,110.399,110.327,110.398,110.338,110.338
2019-02-15 09:00:00,110.398,110.474,110.266,110.316,110.398,110.4
2019-02-15 10:00:00,110.315,110.361,110.25,110.344,110.315,110.317
2019-02-15 11:00:00,110.344,110.409,110.319,110.401,110.344,110.346
2019-02-15 12:00:00,110.401,110.459,110.388,110.456,110.401,110.402
2019-02-15 13:00:00,110.456,110.475,110.41,110.417,110.456,110.457
2019-02-15 14:00:00,110.417,110.532,110.411,110.517,110.417,110.419
2019-02-15 15:00:00,110.516,110.647,110.51,110.57,110.516,110.516
2019-02-15 16:00:00,110.57,110.584,110.392,110.425,110.57,110.571
2019-02-15 17:00:00,110.424,110.56,110.379,110.534,110.424,110.425
2019-02-15 18:00:00,110.534,110.568,110.486,110.549,110.534,110.535
2019-02-15 19:00:00,110.549,110.573,110.521,110.561,110.549,110.549
2019-02-15 20:00:00,110.561,110.577,110.402,110.438,110.561,110.561
2019-02-15 21:00:00,110.438,110.482,110.432,110.451,110.438,110.439
2019-02-15 22:00:00,110.451,110.452,110.401,110.406,110.451,110.452
2019-02-15 23:00:00,110.406,110.465,110.396,110.439,110.406,110.407
2019-02-18 00:00:00,110.437,110.519,110.437,110.495,110.437,110.491
2019-02-18 01:00:00,110.496,110.577,110.484,110.574,110.496,110.499
2019-02-18 02:00:00,110.574,110.574,110.457,110.521,110.574,110.575
2019-02-18 03:00:00,110.52,110.565,110.492,110.53,110.52,110.523
2019-02-18 04:00:00,110.53,110.564,110.505,110.532,110.53,110.531
2019-02-18 05:00:00,110.532,110.534,110.502,110.509,110.532,110.534
2019-02-18 06:00:00,110.509,110.545,110.488,110.545,110.509,110.51
2019-02-18 07:00:00,110.544,110.557,110.517,110.532,110.544,110.545
2019-02-18 08:00:00,110.532,110.568,110.531,110.556,110.532,110.533
2019-02-18 09:00:00,110.556,110.591,110.544,110.555,110.556,110.557
2019-02-18 10:00:00,110.555,110.614,110.548,110.578,110.555,110.555
2019-02-18 11:00:00,110.578,110.606,110.531,110.543,110.578,110.58
2019-02-18 12:00:00,110.543,110.562,110.522,110.548,110.543,110.544
2019-02-18 13:00:00,110.548,110.556,110.518,110.525,110.548,110.548
2019-02-18 14:00:00,110.525,110.557,110.518,110.539,110.525,110.526
2019-02-18 15:00:00,110.539,110.591,110.535,110.59,110.539,110.542
2019-02-18 16:00:00,110.591,110.613,110.569,110.588,110.591,110.592
2019-02-18 17:00:00,110.588,110.605,110.567,110.594,110.588,110.588
2019-02-18 18:00:00,110.594,110.603,110.556,110.588,110.594,110.596
2019-02-18 19:00:00,110.588,110.6,110.56,110.561,110.588,110.589
2019-02-18 20:00:00,110.561,110.605,110.561,110.583,110.561,110.566
2019-02-18 21:00:00,110.583,110.605,110.58,110.584,110.583,110.585
2019-02-18 22:00:00,110.581,110.604,110.572,110.583,110.581,110.585
2019-02-18 23:00:00,110.583,110.651,110.571,110.604,110.583,110.588
2019-02-19 00:00:00,110.588,110.614,110.533,110.609,110.588,110.647
2019-02-19 01:00:00,110.611,110.611,110.58,110.595,110.611,110.626
2019-02-19 02:00:00,110.595,110.627,110.517,110.534,110.595,110.596
2019-02-19 03:00:00,110.534,110.561,110.452,110.518,110.534,110.536
2019-02-19 04:00:00,110.521,110.531,110.475,110.519,110.521,110.521
2019-02-19 05:00:00,110.518,110.521,110.459,110.482,110.518,110.52
2019-02-19 06:00:00,110.482,110.699,110.468,110.656,110.482,110.483
2019-02-19 07:00:00,110.656,110.659,110.594,110.621,110.656,110.658
2019-02-19 08:00:00,110.621,110.712,110.606,110.682,110.621,110.622
2019-02-19 09:00:00,110.682,110.706,110.653,110.66,110.682,110.683
2019-02-19 10:00:00,110.66,110.813,110.633,110.796,110.66,110.661
2019-02-19 11:00:00,110.796,110.802,110.708,110.767,110.796,110.796
2019-02-19 12:00:00,110.767,110.817,110.764,110.814,110.767,110.769
2019-02-19 13:00:00,110.813,110.825,110.739,110.776,110.813,110.814
2019-02-19 14:00:00,110.776,110.798,110.738,110.765,110.776,110.778
2019-02-19 15:00:00,110.763,110.773,110.631,110.657,110.763,110.764
2019-02-19 16:00:00,110.656,110.657,110.553,110.639,110.656,110.656
2019-02-19 17:00:00,110.639,110.704,110.525,110.553,110.639,110.641
2019-02-19 18:00:00,110.553,110.684,110.552,110.677,110.553,110.555
2019-02-19 19:00:00,110.677,110.687,110.507,110.519,110.677,110.678
2019-02-19 20:00:00,110.519,110.566,110.49,110.559,110.519,110.52
2019-02-19 21:00:00,110.559,110.702,110.549,110.66,110.559,110.56
2019-02-19 22:00:00,110.66,110.664,110.596,110.607,110.66,110.661
2019-02-19 23:00:00,110.608,110.619,110.554,110.602,110.608,110.608
2019-02-20 00:00:00,110.621,110.621,110.52,110.583,110.621,110.652
2019-02-20 01:00:00,110.583,110.655,110.562,110.581,110.583,110.594
2019-02-20 02:00:00,110.581,110.758,110.576,110.75,110.581,110.584
2019-02-20 03:00:00,110.75,110.933,110.726,110.871,110.75,110.753
2019-02-20 04:00:00,110.872,110.888,110.815,110.851,110.872,110.872
2019-02-20 05:00:00,110.85,110.864,110.737,110.774,110.85,110.853
2019-02-20 06:00:00,110.774,110.833,110.751,110.809,110.774,110.774
2019-02-20 07:00:00,110.809,110.879,110.801,110.874,110.809,110.811
2019-02-20 08:00:00,110.874,110.877,110.827,110.844,110.874,110.874
2019-02-20 09:00:00,110.844,110.937,110.844,110.893,110.844,110.846
2019-02-20 10:00:00,110.892,110.95,110.821,110.848,110.892,110.893
2019-02-20 11:00:00,110.848,110.873,110.77,110.787,110.848,110.849
2019-02-20 12:00:00,110.787,110.816,110.748,110.781,110.787,110.787
2019-02-20 13:00:00,110.781,110.841,110.763,110.837,110.781,110.782
2019-02-20 14:00:00,110.837,110.843,110.733,110.759,110.837,110.837
2019-02-20 15:00:00,110.759,110.809,110.732,110.797,110.759,110.76
2019-02-20 16:00:00,110.797,110.869,110.781,110.857,110.797,110.799
2019-02-20 17:00:00,110.855,110.879,110.748,110.755,110.855,110.858
2019-02-20 18:00:00,110.755,110.777,110.691,110.695,110.755,110.756
2019-02-20 19:00:00,110.695,110.697,110.652,110.669,110.695,110.695
2019-02-20 20:00:00,110.669,110.711,110.624,110.659,110.669,110.669
2019-02-20 21:00:00,110.659,110.877,110.659,110.825,110.659,110.672
2019-02-20 22:00:00,110.825,110.855,110.772,110.84,110.825,110.827
2019-02-20 23:00:00,110.841,110.904,110.816,110.85,110.841,110.842
2019-02-21 00:00:00,110.838,110.863,110.786,110.799,110.838,110.882
2019-02-21 01:00:00,110.799,110.828,110.75,110.75,110.799,110.802
2019-02-21 02:00:00,110.751,110.785,110.658,110.676,110.751,110.753
2019-02-21 03:00:00,110.676,110.722,110.592,110.71,110.676,110.676
2019-02-21 04:00:00,110.711,110.854,110.699,110.849,110.711,110.713
2019-02-21 05:00:00,110.849,110.856,110.789,110.813,110.849,110.851
2019-02-21 06:00:00,110.813,110.814,110.742,110.792,110.813,110.814
2019-02-21 07:00:00,110.792,110.82,110.711,110.724,110.792,110.793
2019-02-21 08:00:00,110.725,110.779,110.692,110.771,110.725,110.725
2019-02-21 09:00:00,110.771,110.829,110.748,110.762,110.771,110.772
2019-02-21 10:00:00,110.762,110.777,110.693,110.744,110.762,110.763
2019-02-21 11:00:00,110.744,110.745,110.663,110.702,110.744,110.748
2019-02-21 12:00:00,110.702,110.742,110.691,110.737,110.702,110.704
2019-02-21 13:00:00,110.737,110.772,110.728,110.748,110.737,110.738
2019-02-21 14:00:00,110.748,110.759,110.665,110.708,110.748,110.749
2019-02-21 15:00:00,110.708,110.727,110.565,110.64,110.708,110.71
2019-02-21 16:00:00,110.64,110.701,110.572,110.665,110.64,110.642
2019-02-21 17:00:00,110.665,110.706,110.616,110.662,110.665,110.667
2019-02-21 18:00:00,110.662,110.739,110.65,110.717,110.662,110.662
2019-02-21 19:00:00,110.717,110.816,110.714,110.802,110.717,110.717
2019-02-21 20:00:00,110.803,110.836,110.759,110.77,110.803,110.804
2019-02-21 21:00:00,110.77,110.786,110.661,110.663,110.77,110.771
2019-02-21 22:00:00,110.663,110.726,110.663,110.703,110.663,110.664
2019-02-21 23:00:00,110.701,110.713,110.681,110.708,110.701,110.702
2019-02-22 00:00:00,110.679,110.707,110.619,110.662,110.679,110.719
2019-02-22 01:00:00,110.662,110.731,110.65,110.705,110.662,110.682
2019-02-22 02:00:00,110.705,110.73,110.628,110.711,110.705,110.708
2019-02-22 03:00:00,110.711,110.755,110.679,110.707,110.711,110.713
2019-02-22 04:00:00,110.706,110.767,110.703,110.745,110.706,110.709
2019-02-22 05:00:00,110.745,110.76,110.725,110.739,110.745,110.746
2019-02-22 06:00:00,110.738,110.809,110.732,110.781,110.738,110.74
2019-02-22 07:00:00,110.781,110.796,110.746,110.758,110.781,110.783
2019-02-22 08:00:00,110.757,110.789,110.75,110.758,110.757,110.76
2019-02-22 09:00:00,110.757,110.767,110.71,110.741,110.757,110.761
2019-02-22 10:00:00,110.741,110.798,110.72,110.774,110.741,110.742
2019-02-22 11:00:00,110.774,110.854,110.752,110.836,110.774,110.777
2019-02-22 12:00:00,110.836,110.907,110.832,110.869,110.836,110.838
2019-02-22 13:00:00,110.869,110.886,110.848,110.87,110.869,110.871
2019-02-22 14:00:00,110.869,110.887,110.853,110.861,110.869,110.87
2019-02-22 15:00:00,110.861,110.889,110.663,110.692,110.861,110.862
2019-02-22 16:00:00,110.692,110.748,110.643,110.69,110.692,110.693
2019-02-22 17:00:00,110.69,110.772,110.629,110.756,110.69,110.69
2019-02-22 18:00:00,110.757,110.76,110.681,110.704,110.757,110.758
2019-02-22 19:00:00,110.704,110.705,110.557,110.58,110.704,110.705
2019-02-22 20:00:00,110.58,110.666,110.572,110.656,110.58,110.58
2019-02-22 21:00:00,110.656,110.7,110.607,110.699,110.656,110.656
2019-02-22 22:00:00,110.699,110.699,110.652,110.678,110.699,110.7
2019-02-22 23:00:00,110.677,110.688,110.628,110.651,110.677,110.679
2019-02-25 00:00:00,110.648,110.779,110.648,110.76,110.648,110.676
2019-02-25 01:00:00,110.76,110.798,110.751,110.775,110.76,110.772
2019-02-25 02:00:00,110.775,110.862,110.734,110.755,110.775,110.776
2019-02-25 03:00:00,110.756,110.78,110.648,110.68,110.756,110.759
2019-02-25 04:00:00,110.68,110.71,110.582,110.611,110.68,110.681
2019-02-25 05:00:00,110.611,110.646,110.606,110.644,110.611,110.613
2019-02-25 06:00:00,110.644,110.675,110.641,110.672,110.644,110.645
2019-02-25 07:00:00,110.672,110.691,110.618,110.63,110.672,110.674
2019-02-25 08:00:00,110.63,110.633,110.578,110.607,110.63,110.632
2019-02-25 09:00:00,110.607,110.697,110.598,110.624,110.607,110.609
2019-02-25 10:00:00,110.624,110.683,110.608,110.683,110.624,110.624
2019-02-25 11:00:00,110.683,110.72,110.661,110.69,110.683,110.684
2019-02-25 12:00:00,110.689,110.745,110.662,110.731,110.689,110.692
2019-02-25 13:00:00,110.731,110.764,110.726,110.732,110.731,110.732
2019-02-25 14:00:00,110.732,110.753,110.688,110.729,110.732,110.733
2019-02-25 15:00:00,110.729,110.828,110.726,110.81,110.729,110.729
2019-02-25 16:00:00,110.81,110.847,110.759,110.826,110.81,110.812
2019-02-25 17:00:00,110.826,110.915,110.787,110.863,110.826,110.829
2019-02-25 18:00:00,110.865,111.084,110.858,111.076,110.865,110.866
2019-02-25 19:00:00,111.076,111.236,111.063,111.192,111.076,111.077
2019-02-25 20:00:00,111.192,111.196,111.091,111.097,111.192,111.192
2019-02-25 21:00:00,111.096,111.137,111.084,111.135,111.096,111.098
2019-02-25 22:00:00,111.135,111.136,111.017,111.033,111.135,111.136
2019-02-25 23:00:00,111.033,111.071,111.028,111.061,111.033,111.035
2019-02-26 00:00:00,111.06,111.075,110.99,111.063,111.06,111.065
2019-02-26 01:00:00,111.062,111.073,111.019,111.043,111.062,111.073
2019-02-26 02:00:00,111.043,111.076,110.971,111.009,111.043,111.044
2019-02-26 03:00:00,111.009,111.058,110.913,110.914,111.009,111.009
2019-02-26 04:00:00,110.914,110.915,110.752,110.785,110.914,110.916
2019-02-26 05:00:00,110.785,110.82,110.758,110.795,110.785,110.785
2019-02-26 06:00:00,110.795,110.826,110.795,110.812,110.795,110.796
2019-02-26 07:00:00,110.812,110.838,110.768,110.787,110.812,110.814
2019-02-26 08:00:00,110.787,110.841,110.776,110.82,110.787,110.789
2019-02-26 09:00:00,110.82,110.839,110.758,110.832,110.82,110.822
2019-02-26 10:00:00,110.832,110.871,110.805,110.84,110.832,110.833
2019-02-26 11:00:00,110.84,110.887,110.81,110.837,110.84,110.842
2019-02-26 12:00:00,110.837,110.878,110.798,110.874,110.837,110.84
2019-02-26 13:00:00,110.874,110.882,110.827,110.877,110.874,110.875
2019-02-26 14:00:00,110.877,110.893,110.825,110.882,110.877,110.879
2019-02-26 15:00:00,110.882,110.882,110.665,110.683,110.882,110.882
2019-02-26 16:00:00,110.683,110.809,110.676,110.746,110.683,110.685
2019-02-26 17:00:00,110.746,110.868,110.699,110.732,110.746,110.751
2019-02-26 18:00:00,110.732,110.785,110.702,110.768,110.732,110.734
2019-02-26 19:00:00,110.768,110.805,110.714,110.721,110.768,110.769
2019-02-26 20:00:00,110.721,110.757,110.666,110.686,110.721,110.722
2019-02-26 21:00:00,110.687,110.696,110.42,110.505,110.687,110.688
2019-02-26 22:00:00,110.505,110.608,110.505,110.565,110.505,110.506
2019-02-26 23:00:00,110.565,110.6,110.558,110.578,110.565,110.566
2019-02-27 00:00:00,110.58,110.587,110.521,110.564,110.58,110.598
2019-02-27 01:00:00,110.564,110.584,110.525,110.553,110.564,110.57
2019-02-27 02:00:00,110.553,110.581,110.514,110.537,110.553,110.554
2019-02-27 03:00:00,110.536,110.618,110.533,110.604,110.536,110.537
2019-02-27 04:00:00,110.604,110.605,110.553,110.578,110.604,110.605
2019-02-27 05:00:00,110.577,110.608,110.559,110.601,110.577,110.58
2019-02-27 06:00:00,110.601,110.626,110.577,110.594,110.601,110.601
2019-02-27 07:00:00,110.594,110.612,110.556,110.571,110.594,110.596
2019-02-27 08:00:00,110.572,110.581,110.44,110.488,110.572,110.573
2019-02-27 09:00:00,110.487,110.492,110.355,110.379,110.487,110.49
2019-02-27 10:00:00,110.379,110.442,110.354,110.392,110.379,110.379
2019-02-27 11:00:00,110.392,110.438,110.38,110.427,110.392,110.393
2019-02-27 12:00:00,110.426,110.455,110.407,110.439,110.426,110.427
2019-02-27 13:00:00,110.439,110.49,110.419,110.476,110.439,110.441
2019-02-27 14:00:00,110.476,110.57,110.474,110.559,110.476,110.477
2019-02-27 15:00:00,110.559,110.728,110.533,110.693,110.559,110.561
2019-02-27 16:00:00,110.694,110.829,110.687,110.821,110.694,110.696
2019-02-27 17:00:00,110.821,110.915,110.725,110.892,110.821,110.825
2019-02-27 18:00:00,110.892,110.985,110.78,110.93,110.892,110.893
2019-02-27 19:00:00,110.93,110.99,110.927,110.946,110.93,110.93
2019-02-27 20:00:00,110.946,111.038,110.937,110.957,110.946,110.947
2019-02-27 21:00:00,110.957,111.074,110.949,111.036,110.957,110.958
2019-02-27 22:00:00,111.036,111.048,110.984,110.99,111.036,111.037
2019-02-27 23:00:00,110.99,111.032,110.985,110.993,110.99,110.991
2019-02-28 00:00:00,110.984,110.994,110.931,110.942,110.984,111.005
2019-02-28 01:00:00,110.942,110.96,110.856,110.864,110.942,110.958
2019-02-28 02:00:00,110.865,110.94,110.817,110.845,110.865,110.866
2019-02-28 03:00:00,110.845,110.917,110.822,110.892,110.845,110.847
2019-02-28 04:00:00,110.892,110.897,110.82,110.871,110.892,110.894
2019-02-28 05:00:00,110.871,110.891,110.837,110.886,110.871,110.873
2019-02-28 06:00:00,110.886,110.898,110.87,110.88,110.886,110.889
2019-02-28 07:00:00,110.88,110.938,110.8,110.808,110.88,110.883
2019-02-28 08:00:00,110.808,110.853,110.697,110.777,110.808,110.808
2019-02-28 09:00:00,110.777,110.812,110.74,110.76,110.777,110.778
2019-02-28 10:00:00,110.76,110.804,110.66,110.802,110.76,110.76
2019-02-28 11:00:00,110.802,110.846,110.769,110.789,110.802,110.803
2019-02-28 12:00:00,110.789,110.792,110.727,110.755,110.789,110.79
2019-02-28 13:00:00,110.755,110.8,110.736,110.792,110.755,110.756
2019-02-28 14:00:00,110.792,110.824,110.737,110.814,110.792,110.793
2019-02-28 15:00:00,110.814,111.134,110.743,111.095,110.814,110.815
2019-02-28 16:00:00,111.095,111.259,111.02,111.257,111.095,111.095
2019-02-28 17:00:00,111.258,111.432,111.177,111.298,111.258,111.258
2019-02-28 18:00:00,111.3,111.441,111.272,111.385,111.3,111.301
2019-02-28 19:00:00,111.385,111.44,111.321,111.328,111.385,111.386
2019-02-28 20:00:00,111.328,111.373,111.297,111.352,111.328,111.329
2019-02-28 21:00:00,111.352,111.42,111.325,111.406,111.352,111.353
2019-02-28 22:00:00,111.408,111.494,111.372,111.465,111.408,111.409
2019-02-28 23:00:00,111.465,111.468,111.375,111.382,111.465,111.465
2019-03-01 00:00:00,111.387,111.412,111.367,111.38,111.387,111.399
2019-03-01 01:00:00,111.38,111.416,111.324,111.362,111.38,111.389
2019-03-01 02:00:00,111.361,111.587,111.359,111.537,111.361,111.364
2019-03-01 03:00:00,111.541,111.678,111.513,111.649,111.541,111.542
2019-03-01 04:00:00,111.649,111.769,111.629,111.755,111.649,111.65
2019-03-01 05:00:00,111.754,111.758,111.665,111.67,111.754,111.756
2019-03-01 06:00:00,111.67,111.68,111.642,111.661,111.67,111.671
2019-03-01 07:00:00,111.661,111.738,111.659,111.712,111.661,111.664
2019-03-01 08:00:00,111.712,111.83,111.707,111.825,111.712,111.715
2019-03-01 09:00:00,111.825,111.843,111.786,111.82,111.825,111.827
2019-03-01 10:00:00,111.819,111.924,111.805,111.904,111.819,111.82
2019-03-01 11:00:00,111.904,111.983,111.896,111.908,111.904,111.905
2019-03-01 12:00:00,111.908,111.937,111.825,111.86,111.908,111.908
2019-03-01 13:00:00,111.86,111.874,111.802,111.82,111.86,111.86
2019-03-01 14:00:00,111.82,111.852,111.765,111.848,111.82,111.821
2019-03-01 15:00:00,111.848,111.902,111.799,111.851,111.848,111.848
2019-03-01 16:00:00,111.851,111.925,111.786,111.872,111.851,111.853
2019-03-01 17:00:00,111.865,111.918,111.638,111.9,111.865,111.87
2019-03-01 18:00:00,111.9,111.94,111.856,111.885,111.9,111.901
2019-03-01 19:00:00,111.885,111.979,111.882,111.971,111.885,111.887
2019-03-01 20:00:00,111.971,111.992,111.947,111.962,111.971,111.972
2019-03-01 21:00:00,111.962,112.078,111.955,112.012,111.962,111.963
2019-03-01 22:00:00,112.012,112.015,111.956,111.979,112.012,112.013
2019-03-01 23:00:00,111.981,111.984,111.915,111.924,111.981,111.982
2019-03-04 00:00:00,111.832,111.909,111.755,111.823,111.832,111.898
2019-03-04 01:00:00,111.823,111.966,111.823,111.936,111.823,111.83
2019-03-04 02:00:00,111.936,111.996,111.913,111.98,111.936,111.939
2019-03-04 03:00:00,111.98,112.014,111.945,111.993,111.98,111.982
2019-03-04 04:00:00,111.994,111.996,111.939,111.985,111.994,111.994
2019-03-04 05:00:00,111.985,111.997,111.972,111.99,111.985,111.987
2019-03-04 06:00:00,111.99,111.995,111.955,111.962,111.99,111.991
2019-03-04 07:00:00,111.961,111.978,111.946,111.962,111.961,111.963
2019-03-04 08:00:00,111.962,111.978,111.929,111.957,111.962,111.963
2019-03-04 09:00:00,111.958,111.967,111.875,111.905,111.958,111.96
2019-03-04 10:00:00,111.905,111.961,111.854,111.874,111.905,111.906
2019-03-04 11:00:00,111.874,111.893,111.824,111.849,111.874,111.875
2019-03-04 12:00:00,111.849,111.886,111.821,111.862,111.849,111.85
2019-03-04 13:00:00,111.861,111.88,111.817,111.877,111.861,111.861
2019-03-04 14:00:00,111.877,111.952,111.833,111.948,111.877,111.877
2019-03-04 15:00:00,111.948,111.961,111.868,111.92,111.948,111.95
2019-03-04 16:00:00,111.92,111.986,111.908,111.951,111.92,111.921
2019-03-04 17:00:00,111.951,111.976,111.841,111.841,111.951,111.953
2019-03-04 18:00:00,111.842,111.842,111.665,111.686,111.842,111.842
2019-03-04 19:00:00,111.686,111.719,111.64,111.716,111.686,111.686
2019-03-04 20:00:00,111.716,111.758,111.678,111.743,111.716,111.716
2019-03-04 21:00:00,111.743,111.753,111.716,111.741,111.743,111.744
2019-03-04 22:00:00,111.741,111.742,111.694,111.699,111.741,111.741
2019-03-04 23:00:00,111.698,111.747,111.695,111.747,111.698,111.699
2019-03-05 00:00:00,111.73,111.756,111.711,111.743,111.73,111.747
2019-03-05 01:00:00,111.743,111.787,111.723,111.781,111.743,111.759
2019-03-05 02:00:00,111.781,111.888,111.762,111.842,111.781,111.781
2019-03-05 03:00:00,111.842,111.941,111.811,111.814,111.842,111.842
2019-03-05 04:00:00,111.813,111.905,111.807,111.887,111.813,111.815
2019-03-05 05:00:00,111.887,111.902,111.838,111.889,111.887,111.889
2019-03-05 06:00:00,111.889,111.946,111.883,111.894,111.889,111.89
2019-03-05 07:00:00,111.894,111.93,111.894,111.909,111.894,111.895
2019-03-05 08:00:00,111.91,111.96,111.889,111.92,111.91,111.91
2019-03-05 09:00:00,111.92,111.945,111.864,111.884,111.92,111.921
2019-03-05 10:00:00,111.884,111.964,111.884,111.936,111.884,111.885
2019-03-05 11:00:00,111.936,111.99,111.93,111.965,111.936,111.937
2019-03-05 12:00:00,111.964,111.966,111.928,111.953,111.964,111.967
2019-03-05 13:00:00,111.953,111.965,111.921,111.965,111.953,111.954
2019-03-05 14:00:00,111.965,111.976,111.907,111.92,111.965,111.967
2019-03-05 15:00:00,111.92,111.944,111.896,111.904,111.92,111.921
2019-03-05 16:00:00,111.904,111.922,111.789,111.823,111.904,111.905
2019-03-05 17:00:00,111.823,112.138,111.823,111.887,111.823,111.838
2019-03-05 18:00:00,111.887,111.996,111.882,111.987,111.887,111.887
2019-03-05 19:00:00,111.988,112.0,111.895,111.924,111.988,111.988
2019-03-05 20:00:00,111.921,111.945,111.795,111.853,111.921,111.923
2019-03-05 21:00:00,111.853,111.902,111.824,111.891,111.853,111.854
2019-03-05 22:00:00,111.891,111.892,111.839,111.871,111.891,111.892
2019-03-05 23:00:00,111.872,111.9,111.868,111.884,111.872,111.873
2019-03-06 00:00:00,111.885,111.909,111.825,111.885,111.885,111.895
2019-03-06 01:00:00,111.887,111.911,111.853,111.868,111.887,111.901
2019-03-06 02:00:00,111.868,111.875,111.751,111.786,111.868,111.87
2019-03-06 03:00:00,111.786,111.801,111.725,111.753,111.786,111.786
2019-03-06 04:00:00,111.753,111.819,111.736,111.787,111.753,111.754
2019-03-06 05:00:00,111.787,111.808,111.755,111.755,111.787,111.789
2019-03-06 06:00:00,111.755,111.777,111.73,111.766,111.755,111.756
2019-03-06 07:00:00,111.767,111.843,111.762,111.805,111.767,111.768
2019-03-06 08:00:00,111.805,111.839,111.781,111.812,111.805,111.807
2019-03-06 09:00:00,111.813,111.824,111.761,111.792,111.813,111.815
2019-03-06 10:00:00,111.792,111.841,111.78,111.821,111.792,111.793
2019-03-06 11:00:00,111.821,111.924,111.821,111.862,111.821,111.822
2019-03-06 12:00:00,111.862,111.89,111.845,111.877,111.862,111.864
2019-03-06 13:00:00,111.876,111.888,111.852,111.873,111.876,111.877
2019-03-06 14:00:00,111.873,111.876,111.783,111.798,111.873,111.874
2019-03-06 15:00:00,111.799,111.853,111.766,111.798,111.799,111.799
2019-03-06 16:00:00,111.798,111.823,111.7,111.727,111.798,111.799
2019-03-06 17:00:00,111.727,111.756,111.66,111.73,111.727,111.73
2019-03-06 18:00:00,111.73,111.742,111.615,111.668,111.73,111.73
2019-03-06 19:00:00,111.669,111.753,111.667,111.693,111.669,111.67
2019-03-06 20:00:00,111.693,111.762,111.689,111.754,111.693,111.694
2019-03-06 21:00:00,111.754,111.807,111.749,111.801,111.754,111.755
2019-03-06 22:00:00,111.801,111.81,111.752,111.754,111.801,111.801
2019-03-06 23:00:00,111.755,111.78,111.749,111.774,111.755,111.755
2019-03-07 00:00:00,111.76,111.768,111.699,111.699,111.76,111.77
2019-03-07 01:00:00,111.699,111.72,111.612,111.625,111.699,111.713
2019-03-07 02:00:00,111.625,111.666,111.574,111.625,111.625,111.626
2019-03-07 03:00:00,111.624,111.661,111.611,111.631,111.624,111.625
2019-03-07 04:00:00,111.632,111.69,111.623,111.666,111.632,111.633
2019-03-07 05:00:00,111.666,111.725,111.646,111.717,111.666,111.666
2019-03-07 06:00:00,111.717,111.725,111.672,111.681,111.717,111.718
2019-03-07 07:00:00,111.68,111.718,111.667,111.705,111.68,111.683
2019-03-07 08:00:00,111.705,111.762,111.705,111.748,111.705,111.706
2019-03-07 09:00:00,111.748,111.79,111.698,111.784,111.748,111.75
2019-03-07 10:00:00,111.784,111.8,111.715,111.725,111.784,111.785
2019-03-07 11:00:00,111.725,111.744,111.689,111.704,111.725,111.725
2019-03-07 12:00:00,111.704,111.713,111.651,111.657,111.704,111.704
2019-03-07 13:00:00,111.657,111.708,111.63,111.698,111.657,111.657
2019-03-07 14:00:00,111.697,111.799,111.697,111.742,111.697,111.697
2019-03-07 15:00:00,111.744,111.856,111.706,111.725,111.744,111.744
2019-03-07 16:00:00,111.722,111.76,111.557,111.589,111.722,111.724
2019-03-07 17:00:00,111.589,111.632,111.527,111.535,111.589,111.589
2019-03-07 18:00:00,111.534,111.653,111.483,111.603,111.534,111.534
2019-03-07 19:00:00,111.603,111.638,111.501,111.625,111.603,111.604
2019-03-07 20:00:00,111.625,111.656,111.523,111.527,111.625,111.625
2019-03-07 21:00:00,111.527,111.598,111.503,111.521,111.527,111.528
2019-03-07 22:00:00,111.521,111.635,111.521,111.626,111.521,111.522
2019-03-07 23:00:00,111.625,111.7,111.566,111.583,111.625,111.625
2019-03-08 00:00:00,111.531,111.62,111.529,111.608,111.531,111.601
2019-03-08 01:00:00,111.609,111.652,111.578,111.64,111.609,111.616
2019-03-08 02:00:00,111.643,111.648,111.475,111.475,111.643,111.644
2019-03-08 03:00:00,111.475,111.514,111.448,111.502,111.475,111.477
2019-03-08 04:00:00,111.501,111.536,111.454,111.498,111.501,111.503
2019-03-08 05:00:00,111.498,111.498,111.343,111.395,111.498,111.498
2019-03-08 06:00:00,111.395,111.408,111.22,111.241,111.395,111.397
2019-03-08 07:00:00,111.241,111.281,111.047,111.077,111.241,111.242
2019-03-08 08:00:00,111.077,111.106,110.952,111.082,111.077,111.079
2019-03-08 09:00:00,111.082,111.094,110.965,110.984,111.082,111.085
2019-03-08 10:00:00,110.984,111.1,110.983,111.02,110.984,110.984
2019-03-08 11:00:00,111.02,111.122,111.0,111.1,111.02,111.022
2019-03-08 12:00:00,111.1,111.175,111.095,111.167,111.1,111.102
2019-03-08 13:00:00,111.167,111.213,111.158,111.177,111.167,111.168
2019-03-08 14:00:00,111.177,111.198,111.122,111.131,111.177,111.178
2019-03-08 15:00:00,111.131,111.156,110.782,110.95,111.131,111.131
2019-03-08 16:00:00,110.95,111.106,110.832,111.067,110.95,110.951
2019-03-08 17:00:00,111.067,111.2,110.966,111.137,111.067,111.068
2019-03-08 18:00:00,111.139,111.189,111.106,111.115,111.139,111.139
2019-03-08 19:00:00,111.115,111.123,111.04,111.041,111.115,111.116
2019-03-08 20:00:00,111.041,111.128,111.03,111.081,111.041,111.042
2019-03-08 21:00:00,111.081,111.13,111.046,111.083,111.081,111.083
2019-03-08 22:00:00,111.082,111.132,111.026,111.131,111.082,111.083
2019-03-08 23:00:00,111.131,111.183,111.111,111.174,111.131,111.132
2019-03-11 00:00:00,110.998,111.137,110.996,111.123,110.998,111.022
2019-03-11 01:00:00,111.123,111.149,110.989,111.089,111.123,111.136
2019-03-11 02:00:00,111.091,111.158,111.069,111.081,111.091,111.094
2019-03-11 03:00:00,111.082,111.098,110.88,110.887,111.082,111.082
2019-03-11 04:00:00,110.887,111.126,110.878,111.093,110.887,110.889
2019-03-11 05:00:00,111.093,111.116,111.042,111.095,111.093,111.094
2019-03-11 06:00:00,111.095,111.152,111.082,111.11,111.095,111.098
2019-03-11 07:00:00,111.113,111.143,111.106,111.119,111.113,111.113
2019-03-11 08:00:00,111.118,111.126,111.077,111.115,111.118,111.119
2019-03-11 09:00:00,111.114,111.187,111.113,111.177,111.114,111.116
2019-03-11 10:00:00,111.177,111.308,111.149,111.277,111.177,111.18
2019-03-11 11:00:00,111.278,111.282,111.221,111.223,111.278,111.279
2019-03-11 12:00:00,111.223,111.232,111.158,111.22,111.223,111.225
2019-03-11 13:00:00,111.22,111.253,111.186,111.249,111.22,111.22
2019-03-11 14:00:00,111.249,111.253,111.162,111.162,111.249,111.25
2019-03-11 15:00:00,111.162,111.206,111.092,111.125,111.162,111.164
2019-03-11 16:00:00,111.125,111.128,111.029,111.092,111.125,111.126
2019-03-11 17:00:00,111.091,111.219,111.091,111.203,111.091,111.093
2019-03-11 18:00:00,111.203,111.238,111.173,111.218,111.203,111.204
2019-03-11 19:00:00,111.218,111.277,111.205,111.241,111.218,111.218
2019-03-11 20:00:00,111.241,111.276,111.22,111.225,111.241,111.243
2019-03-11 21:00:00,111.225,111.239,111.19,111.225,111.225,111.225
2019-03-11 22:00:00,111.225,111.259,111.202,111.233,111.225,111.225
2019-03-11 23:00:00,111.233,111.24,111.204,111.211,111.233,111.234
2019-03-12 00:00:00,111.183,111.241,111.145,111.213,111.183,111.215
2019-03-12 01:00:00,111.213,111.346,111.194,111.328,111.213,111.221
2019-03-12 02:00:00,111.328,111.362,111.247,111.333,111.328,111.331
2019-03-12 03:00:00,111.332,111.44,111.298,111.423,111.332,111.333
2019-03-12 04:00:00,111.423,111.455,111.391,111.407,111.423,111.423
2019-03-12 05:00:00,111.407,111.445,111.358,111.367,111.407,111.409
2019-03-12 06:00:00,111.367,111.425,111.352,111.411,111.367,111.368
2019-03-12 07:00:00,111.411,111.417,111.347,111.347,111.411,111.411
2019-03-12 08:00:00,111.347,111.36,111.311,111.311,111.347,111.348
2019-03-12 09:00:00,111.311,111.325,111.265,111.325,111.311,111.313
2019-03-12 10:00:00,111.325,111.393,111.306,111.366,111.325,111.326
2019-03-12 11:00:00,111.366,111.417,111.33,111.407,111.366,111.367
2019-03-12 12:00:00,111.407,111.467,111.376,111.377,111.407,111.409
2019-03-12 13:00:00,111.377,111.384,111.319,111.343,111.377,111.379
2019-03-12 14:00:00,111.343,111.356,111.133,111.276,111.343,111.344
2019-03-12 15:00:00,111.277,111.285,111.123,111.197,111.277,111.278
2019-03-12 16:00:00,111.197,111.199,111.11,111.163,111.197,111.199
2019-03-12 17:00:00,111.163,111.253,111.113,111.251,111.163,111.163
2019-03-12 18:00:00,111.251,111.393,111.178,111.381,111.251,111.252
2019-03-12 19:00:00,111.381,111.402,111.337,111.368,111.381,111.382
2019-03-12 20:00:00,111.368,111.368,111.285,111.309,111.368,111.369
2019-03-12 21:00:00,111.309,111.322,111.263,111.278,111.309,111.31
2019-03-12 22:00:00,111.278,111.312,111.199,111.312,111.278,111.28
2019-03-12 23:00:00,111.312,111.347,111.24,111.347,111.312,111.313
2019-03-13 00:00:00,111.358,111.36,111.31,111.339,111.358,111.367
2019-03-13 01:00:00,111.339,111.354,111.31,111.313,111.339,111.347
2019-03-13 02:00:00,111.313,111.322,111.246,111.316,111.313,111.317
2019-03-13 03:00:00,111.316,111.38,111.257,111.303,111.316,111.317
2019-03-13 04:00:00,111.302,111.333,111.166,111.185,111.302,111.304
2019-03-13 05:00:00,111.185,111.235,111.144,111.196,111.185,111.186
2019-03-13 06:00:00,111.196,111.28,111.177,111.25,111.196,111.197
2019-03-13 07:00:00,111.25,111.322,111.25,111.294,111.25,111.252
2019-03-13 08:00:00,111.294,111.359,111.287,111.319,111.294,111.296
2019-03-13 09:00:00,111.32,111.328,111.281,111.316,111.32,111.321
2019-03-13 10:00:00,111.317,111.339,111.288,111.321,111.317,111.317
2019-03-13 11:00:00,111.321,111.388,111.321,111.339,111.321,111.321
2019-03-13 12:00:00,111.339,111.348,111.294,111.315,111.339,111.339
2019-03-13 13:00:00,111.316,111.355,111.298,111.352,111.316,111.317
2019-03-13 14:00:00,111.352,111.42,111.328,111.393,111.352,111.353
2019-03-13 15:00:00,111.393,111.465,111.366,111.394,111.393,111.393
2019-03-13 16:00:00,111.394,111.403,111.31,111.341,111.394,111.395
2019-03-13 17:00:00,111.341,111.365,111.277,111.338,111.341,111.342
2019-03-13 18:00:00,111.338,111.393,111.209,111.234,111.338,111.338
2019-03-13 19:00:00,111.234,111.26,111.194,111.249,111.234,111.234
2019-03-13 20:00:00,111.249,111.271,111.198,111.235,111.249,111.249
2019-03-13 21:00:00,111.235,111.244,111.029,111.033,111.235,111.236
2019-03-13 22:00:00,111.031,111.135,111.005,111.125,111.031,111.032
2019-03-13 23:00:00,111.125,111.211,111.104,111.144,111.125,111.126
2019-03-14 00:00:00,111.138,111.282,111.12,111.269,111.138,111.173
2019-03-14 01:00:00,111.269,111.307,111.231,111.255,111.269,111.288
2019-03-14 02:00:00,111.254,111.261,111.15,111.212,111.254,111.257
2019-03-14 03:00:00,111.212,111.256,111.145,111.216,111.212,111.213
2019-03-14 04:00:00,111.216,111.508,111.215,111.464,111.216,111.217
2019-03-14 05:00:00,111.464,111.472,111.424,111.456,111.464,111.465
2019-03-14 06:00:00,111.455,111.628,111.428,111.526,111.455,111.457
2019-03-14 07:00:00,111.526,111.614,111.492,111.593,111.526,111.528
2019-03-14 08:00:00,111.593,111.601,111.542,111.572,111.593,111.594
2019-03-14 09:00:00,111.572,111.634,111.542,111.565,111.572,111.572
2019-03-14 10:00:00,111.565,111.609,111.549,111.59,111.565,111.566
2019-03-14 11:00:00,111.59,111.708,111.589,111.689,111.59,111.592
2019-03-14 12:00:00,111.688,111.731,111.664,111.728,111.688,111.688
2019-03-14 13:00:00,111.728,111.734,111.576,111.613,111.728,111.728
2019-03-14 14:00:00,111.613,111.627,111.564,111.592,111.613,111.615
2019-03-14 15:00:00,111.592,111.67,111.547,111.648,111.592,111.594
2019-03-14 16:00:00,111.649,111.675,111.545,111.562,111.649,111.65
2019-03-14 17:00:00,111.562,111.643,111.515,111.608,111.562,111.565
2019-03-14 18:00:00,111.607,111.723,111.579,111.718,111.607,111.608
2019-03-14 19:00:00,111.718,111.833,111.709,111.732,111.718,111.719
2019-03-14 20:00:00,111.732,111.744,111.694,111.74,111.732,111.732
2019-03-14 21:00:00,111.741,111.755,111.686,111.743,111.741,111.741
2019-03-14 22:00:00,111.743,111.756,111.696,111.705,111.743,111.744
2019-03-14 23:00:00,111.705,111.707,111.664,111.705,111.705,111.707
2019-03-15 00:00:00,111.676,111.678,111.605,111.654,111.676,111.722
2019-03-15 01:00:00,111.654,111.708,111.639,111.697,111.654,111.667
2019-03-15 02:00:00,111.697,111.764,111.68,111.754,111.697,111.699
2019-03-15 03:00:00,111.754,111.897,111.751,111.856,111.754,111.755
2019-03-15 04:00:00,111.856,111.902,111.842,111.855,111.856,111.857
2019-03-15 05:00:00,111.857,111.86,111.686,111.707,111.857,111.858
2019-03-15 06:00:00,111.707,111.74,111.489,111.648,111.707,111.709
2019-03-15 07:00:00,111.65,111.707,111.636,111.697,111.65,111.65
2019-03-15 08:00:00,111.697,111.719,111.647,111.66,111.697,111.699
2019-03-15 09:00:00,111.66,111.713,111.626,111.693,111.66,111.662
2019-03-15 10:00:00,111.693,111.697,111.627,111.662,111.693,111.695
2019-03-15 11:00:00,111.661,111.732,111.642,111.672,111.661,111.662
2019-03-15 12:00:00,111.672,111.704,111.635,111.65,111.672,111.673
2019-03-15 13:00:00,111.65,111.741,111.644,111.716,111.65,111.65
2019-03-15 14:00:00,111.716,111.763,111.673,111.694,111.716,111.717
2019-03-15 15:00:00,111.694,111.733,111.617,111.653,111.694,111.694
2019-03-15 16:00:00,111.654,111.667,111.439,111.482,111.654,111.655
2019-03-15 17:00:00,111.482,111.54,111.384,111.488,111.482,111.485
2019-03-15 18:00:00,111.488,111.587,111.427,111.575,111.488,111.488
2019-03-15 19:00:00,111.576,111.598,111.506,111.515,111.576,111.576
2019-03-15 20:00:00,111.515,111.517,111.473,111.494,111.515,111.516
2019-03-15 21:00:00,111.494,111.51,111.459,111.496,111.494,111.495
2019-03-15 22:00:00,111.496,111.515,111.468,111.499,111.496,111.496
2019-03-15 23:00:00,111.502,111.524,111.47,111.512,111.502,111.502
2019-03-18 00:00:00,111.463,111.491,111.462,111.468,111.463,111.487
2019-03-18 01:00:00,111.469,111.504,111.468,111.488,111.469,111.487
2019-03-18 02:00:00,111.488,111.568,111.472,111.554,111.488,111.49
2019-03-18 03:00:00,111.554,111.581,111.503,111.549,111.554,111.555
2019-03-18 04:00:00,111.549,111.585,111.521,111.543,111.549,111.551
2019-03-18 05:00:00,111.543,111.629,111.543,111.599,111.543,111.545
2019-03-18 06:00:00,111.599,111.604,111.538,111.548,111.599,111.601
2019-03-18 07:00:00,111.548,111.577,111.516,111.532,111.548,111.55
2019-03-18 08:00:00,111.532,111.572,111.529,111.57,111.532,111.533
2019-03-18 09:00:00,111.569,111.582,111.536,111.552,111.569,111.57
2019-03-18 10:00:00,111.552,111.562,111.486,111.487,111.552,111.553
2019-03-18 11:00:00,111.487,111.534,111.482,111.527,111.487,111.488
2019-03-18 12:00:00,111.527,111.554,111.477,111.484,111.527,111.528
2019-03-18 13:00:00,111.484,111.497,111.438,111.482,111.484,111.486
2019-03-18 14:00:00,111.481,111.527,111.461,111.514,111.481,111.483
2019-03-18 15:00:00,111.514,111.584,111.501,111.527,111.514,111.515
2019-03-18 16:00:00,111.527,111.552,111.494,111.526,111.527,111.528
2019-03-18 17:00:00,111.526,111.591,111.494,111.537,111.526,111.527
2019-03-18 18:00:00,111.538,111.562,111.398,111.407,111.538,111.538
2019-03-18 19:00:00,111.407,111.424,111.297,111.385,111.407,111.407
2019-03-18 20:00:00,111.385,111.438,111.384,111.428,111.385,111.386
2019-03-18 21:00:00,111.429,111.444,111.391,111.4,111.429,111.429
2019-03-18 22:00:00,111.4,111.414,111.324,111.397,111.4,111.4
2019-03-18 23:00:00,111.397,111.43,111.396,111.424,111.397,111.397
2019-03-19 00:00:00,111.427,111.444,111.384,111.437,111.427,111.431
2019-03-19 01:00:00,111.437,111.45,111.392,111.401,111.437,111.448
2019-03-19 02:00:00,111.401,111.428,111.361,111.385,111.401,111.403
2019-03-19 03:00:00,111.384,111.389,111.248,111.298,111.384,111.384
2019-03-19 04:00:00,111.299,111.372,111.28,111.302,111.299,111.301
2019-03-19 05:00:00,111.303,111.304,111.158,111.191,111.303,111.303
2019-03-19 06:00:00,111.191,111.245,111.175,111.208,111.191,111.192
2019-03-19 07:00:00,111.209,111.291,111.204,111.276,111.209,111.209
2019-03-19 08:00:00,111.276,111.283,111.248,111.269,111.276,111.278
2019-03-19 09:00:00,111.269,111.301,111.219,111.293,111.269,111.271
2019-03-19 10:00:00,111.293,111.313,111.237,111.263,111.293,111.295
2019-03-19 11:00:00,111.264,111.304,111.259,111.275,111.264,111.264
2019-03-19 12:00:00,111.274,111.313,111.272,111.28,111.274,111.275
2019-03-19 13:00:00,111.28,111.28,111.187,111.216,111.28,111.281
2019-03-19 14:00:00,111.216,111.294,111.207,111.266,111.216,111.217
2019-03-19 15:00:00,111.266,111.435,111.227,111.425,111.266,111.267
2019-03-19 16:00:00,111.425,111.474,111.385,111.385,111.425,111.426
2019-03-19 17:00:00,111.386,111.477,111.366,111.376,111.386,111.387
2019-03-19 18:00:00,111.376,111.4,111.307,111.39,111.376,111.376
2019-03-19 19:00:00,111.388,111.392,111.247,111.364,111.388,111.388
2019-03-19 20:00:00,111.365,111.386,111.321,111.365,111.365,111.366
2019-03-19 21:00:00,111.365,111.419,111.354,111.41,111.365,111.366
2019-03-19 22:00:00,111.411,111.426,111.33,111.393,111.411,111.411
2019-03-19 23:00:00,111.394,111.424,111.381,111.412,111.394,111.396
2019-03-20 00:00:00,111.393,111.406,111.285,111.398,111.393,111.424
2019-03-20 01:00:00,111.398,111.404,111.363,111.366,111.398,111.407
2019-03-20 02:00:00,111.365,111.42,111.359,111.418,111.365,111.37
2019-03-20 03:00:00,111.418,111.624,111.417,111.615,111.418,111.418
2019-03-20 04:00:00,111.615,111.694,111.578,111.593,111.615,111.616
2019-03-20 05:00:00,111.592,111.632,111.565,111.625,111.592,111.593
2019-03-20 06:00:00,111.625,111.632,111.591,111.592,111.625,111.627
2019-03-20 07:00:00,111.592,111.608,111.579,111.587,111.592,111.594
2019-03-20 08:00:00,111.587,111.622,111.525,111.531,111.587,111.588
2019-03-20 09:00:00,111.53,111.577,111.53,111.552,111.53,111.531
2019-03-20 10:00:00,111.552,111.619,111.545,111.595,111.552,111.554
2019-03-20 11:00:00,111.595,111.614,111.548,111.598,111.595,111.596
2019-03-20 12:00:00,111.598,111.599,111.517,111.531,111.598,111.6
2019-03-20 13:00:00,111.531,111.549,111.496,111.508,111.531,111.532
2019-03-20 14:00:00,111.508,111.547,111.49,111.515,111.508,111.509
2019-03-20 15:00:00,111.514,111.519,111.447,111.464,111.514,111.515
2019-03-20 16:00:00,111.463,111.517,111.388,111.42,111.463,111.464
2019-03-20 17:00:00,111.42,111.474,111.374,111.416,111.42,111.421
2019-03-20 18:00:00,111.416,111.522,111.393,111.412,111.416,111.416
2019-03-20 19:00:00,111.412,111.486,111.376,111.485,111.412,111.414
2019-03-20 20:00:00,111.485,111.5,111.458,111.494,111.485,111.486
2019-03-20 21:00:00,111.498,111.498,110.594,110.604,111.498,111.514
2019-03-20 22:00:00,110.604,110.753,110.536,110.583,110.604,110.605
2019-03-20 23:00:00,110.583,110.739,110.583,110.699,110.583,110.585
2019-03-21 00:00:00,110.683,110.701,110.622,110.622,110.683,110.711
2019-03-21 01:00:00,110.622,110.747,110.582,110.725,110.622,110.644
2019-03-21 02:00:00,110.725,110.725,110.656,110.663,110.725,110.725
2019-03-21 03:00:00,110.665,110.737,110.626,110.67,110.665,110.667
2019-03-21 04:00:00,110.671,110.737,110.626,110.646,110.671,110.671
2019-03-21 05:00:00,110.646,110.666,110.547,110.554,110.646,110.648
2019-03-21 06:00:00,110.554,110.565,110.458,110.479,110.554,110.555
2019-03-21 07:00:00,110.48,110.506,110.405,110.493,110.48,110.48
2019-03-21 08:00:00,110.493,110.554,110.493,110.534,110.493,110.493
2019-03-21 09:00:00,110.534,110.534,110.44,110.444,110.534,110.536
2019-03-21 10:00:00,110.444,110.49,110.354,110.372,110.444,110.444
2019-03-21 11:00:00,110.372,110.462,110.299,110.454,110.372,110.372
2019-03-21 12:00:00,110.453,110.488,110.385,110.476,110.453,110.454
2019-03-21 13:00:00,110.476,110.64,110.443,110.633,110.476,110.477
2019-03-21 14:00:00,110.633,110.658,110.475,110.486,110.633,110.634
2019-03-21 15:00:00,110.486,110.548,110.38,110.543,110.486,110.491
2019-03-21 16:00:00,110.542,110.688,110.539,110.666,110.542,110.542
2019-03-21 17:00:00,110.666,110.904,110.665,110.871,110.666,110.667
2019-03-21 18:00:00,110.871,110.959,110.839,110.852,110.871,110.872
2019-03-21 19:00:00,110.852,110.915,110.777,110.781,110.852,110.852
2019-03-21 20:00:00,110.781,110.883,110.777,110.853,110.781,110.782
2019-03-21 21:00:00,110.853,110.866,110.773,110.776,110.853,110.854
2019-03-21 22:00:00,110.774,110.824,110.774,110.811,110.774,110.775
2019-03-21 23:00:00,110.811,110.827,110.792,110.811,110.811,110.811
2019-03-22 00:00:00,110.811,110.858,110.78,110.844,110.811,110.842
2019-03-22 01:00:00,110.844,110.858,110.773,110.789,110.844,110.863
2019-03-22 02:00:00,110.789,110.816,110.749,110.815,110.789,110.793
2019-03-22 03:00:00,110.816,110.898,110.696,110.754,110.816,110.816
2019-03-22 04:00:00,110.754,110.775,110.653,110.691,110.754,110.755
2019-03-22 05:00:00,110.69,110.758,110.688,110.739,110.69,110.692
2019-03-22 06:00:00,110.738,110.795,110.717,110.776,110.738,110.74
2019-03-22 07:00:00,110.776,110.794,110.759,110.778,110.776,110.777
2019-03-22 08:00:00,110.778,110.842,110.766,110.81,110.778,110.779
2019-03-22 09:00:00,110.809,110.818,110.772,110.802,110.809,110.81
2019-03-22 10:00:00,110.802,110.814,110.724,110.763,110.802,110.804
2019-03-22 11:00:00,110.763,110.804,110.5,110.519,110.763,110.764
2019-03-22 12:00:00,110.519,110.593,110.475,110.517,110.519,110.52
2019-03-22 13:00:00,110.516,110.521,110.448,110.464,110.516,110.518
2019-03-22 14:00:00,110.464,110.464,110.319,110.332,110.464,110.464
2019-03-22 15:00:00,110.332,110.332,110.199,110.221,110.332,110.332
2019-03-22 16:00:00,110.221,110.29,110.008,110.04,110.221,110.221
2019-03-22 17:00:00,110.04,110.145,109.899,109.901,110.04,110.044
2019-03-22 18:00:00,109.901,110.056,109.742,109.765,109.901,109.903
2019-03-22 19:00:00,109.767,109.935,109.754,109.934,109.767,109.768
2019-03-22 20:00:00,109.934,110.05,109.919,110.036,109.934,109.936
2019-03-22 21:00:00,110.036,110.174,110.028,110.07,110.036,110.036
2019-03-22 22:00:00,110.07,110.088,109.896,109.952,110.07,110.072
2019-03-22 23:00:00,109.953,109.992,109.912,109.946,109.953,109.955
2019-03-25 00:00:00,109.908,110.075,109.908,110.0,109.908,109.962
2019-03-25 01:00:00,110.017,110.027,109.934,110.011,110.017,110.027
2019-03-25 02:00:00,110.011,110.14,110.009,110.094,110.011,110.014
2019-03-25 03:00:00,110.094,110.137,109.751,109.813,110.094,110.096
2019-03-25 04:00:00,109.812,109.86,109.707,109.832,109.812,109.813
2019-03-25 05:00:00,109.832,109.851,109.761,109.787,109.832,109.835
2019-03-25 06:00:00,109.788,109.857,109.774,109.852,109.788,109.788
2019-03-25 07:00:00,109.852,110.01,109.836,109.978,109.852,109.853
2019-03-25 08:00:00,109.978,110.067,109.952,109.982,109.978,109.979
2019-03-25 09:00:00,109.982,109.986,109.877,109.95,109.982,109.983
2019-03-25 10:00:00,109.949,110.117,109.948,110.053,109.949,109.949
2019-03-25 11:00:00,110.054,110.179,110.052,110.101,110.054,110.055
2019-03-25 12:00:00,110.101,110.241,110.092,110.214,110.101,110.102
2019-03-25 13:00:00,110.214,110.235,110.162,110.162,110.214,110.215
2019-03-25 14:00:00,110.162,110.215,110.119,110.158,110.162,110.163
2019-03-25 15:00:00,110.157,110.165,110.002,110.067,110.157,110.158
2019-03-25 16:00:00,110.067,110.136,109.95,109.97,110.067,110.068
2019-03-25 17:00:00,109.97,110.086,109.921,110.063,109.97,109.971
2019-03-25 18:00:00,110.063,110.116,110.012,110.09,110.063,110.063
2019-03-25 19:00:00,110.09,110.145,109.974,110.038,110.09,110.091
2019-03-25 20:00:00,110.039,110.044,109.792,109.809,110.039,110.039
2019-03-25 21:00:00,109.809,110.077,109.753,110.054,109.809,109.811
2019-03-25 22:00:00,110.054,110.079,109.943,109.969,110.054,110.056
2019-03-25 23:00:00,109.97,110.031,109.953,109.962,109.97,109.97
2019-03-26 00:00:00,109.957,109.982,109.905,109.971,109.957,109.975
2019-03-26 01:00:00,109.971,110.052,109.954,110.037,109.971,109.98
2019-03-26 02:00:00,110.037,110.119,110.003,110.058,110.037,110.041
2019-03-26 03:00:00,110.057,110.195,110.033,110.181,110.057,110.06
2019-03-26 04:00:00,110.181,110.244,110.067,110.089,110.181,110.183
2019-03-26 05:00:00,110.089,110.144,110.033,110.037,110.089,110.091
2019-03-26 06:00:00,110.037,110.067,109.993,110.058,110.037,110.039
2019-03-26 07:00:00,110.058,110.104,110.04,110.042,110.058,110.059
2019-03-26 08:00:00,110.042,110.164,110.042,110.142,110.042,110.043
2019-03-26 09:00:00,110.142,110.147,110.028,110.133,110.142,110.143
2019-03-26 10:00:00,110.134,110.2,110.094,110.191,110.134,110.135
2019-03-26 11:00:00,110.191,110.195,110.125,110.144,110.191,110.192
2019-03-26 12:00:00,110.145,110.407,110.145,110.383,110.145,110.146
2019-03-26 13:00:00,110.383,110.428,110.351,110.372,110.383,110.384
2019-03-26 14:00:00,110.372,110.464,110.316,110.413,110.372,110.372
2019-03-26 15:00:00,110.414,110.541,110.354,110.477,110.414,110.415
2019-03-26 16:00:00,110.476,110.689,110.423,110.655,110.476,110.477
2019-03-26 17:00:00,110.657,110.657,110.529,110.579,110.657,110.662
2019-03-26 18:00:00,110.58,110.6,110.47,110.49,110.58,110.581
2019-03-26 19:00:00,110.491,110.562,110.445,110.517,110.491,110.492
2019-03-26 20:00:00,110.516,110.551,110.447,110.463,110.516,110.516
2019-03-26 21:00:00,110.463,110.531,110.415,110.527,110.463,110.464
2019-03-26 22:00:00,110.526,110.598,110.459,110.596,110.526,110.527
2019-03-26 23:00:00,110.596,110.651,110.545,110.625,110.596,110.596
2019-03-27 00:00:00,110.631,110.663,110.555,110.615,110.631,110.641
2019-03-27 01:00:00,110.612,110.62,110.447,110.528,110.612,110.635
2019-03-27 02:00:00,110.528,110.573,110.473,110.571,110.528,110.529
2019-03-27 03:00:00,110.571,110.584,110.408,110.547,110.571,110.573
2019-03-27 04:00:00,110.547,110.574,110.474,110.56,110.547,110.55
2019-03-27 05:00:00,110.559,110.571,110.432,110.543,110.559,110.561
2019-03-27 06:00:00,110.542,110.573,110.522,110.549,110.542,110.544
2019-03-27 07:00:00,110.549,110.643,110.522,110.601,110.549,110.551
2019-03-27 08:00:00,110.601,110.631,110.536,110.63,110.601,110.601
2019-03-27 09:00:00,110.63,110.63,110.514,110.537,110.63,110.633
2019-03-27 10:00:00,110.537,110.713,110.517,110.687,110.537,110.538
2019-03-27 11:00:00,110.687,110.689,110.524,110.54,110.687,110.687
2019-03-27 12:00:00,110.54,110.643,110.414,110.434,110.54,110.54
2019-03-27 13:00:00,110.434,110.435,110.298,110.308,110.434,110.436
2019-03-27 14:00:00,110.308,110.422,110.235,110.417,110.308,110.31
2019-03-27 15:00:00,110.417,110.527,110.359,110.466,110.417,110.419
2019-03-27 16:00:00,110.466,110.583,110.365,110.397,110.466,110.467
2019-03-27 17:00:00,110.397,110.509,110.318,110.385,110.397,110.397
2019-03-27 18:00:00,110.383,110.429,110.288,110.389,110.383,110.383
2019-03-27 19:00:00,110.389,110.492,110.353,110.371,110.389,110.39
2019-03-27 20:00:00,110.371,110.511,110.347,110.492,110.371,110.373
2019-03-27 21:00:00,110.492,110.556,110.372,110.379,110.492,110.492
2019-03-27 22:00:00,110.378,110.543,110.373,110.526,110.378,110.38
2019-03-27 23:00:00,110.525,110.538,110.497,110.51,110.525,110.528
2019-03-28 00:00:00,110.509,110.514,110.418,110.446,110.509,110.522
2019-03-28 01:00:00,110.447,110.532,110.428,110.489,110.447,110.464
2019-03-28 02:00:00,110.489,110.519,110.419,110.501,110.489,110.493
2019-03-28 03:00:00,110.501,110.513,110.271,110.307,110.501,110.503
2019-03-28 04:00:00,110.307,110.331,110.12,110.157,110.307,110.307
2019-03-28 05:00:00,110.157,110.228,110.112,110.17,110.157,110.159
2019-03-28 06:00:00,110.17,110.203,110.132,110.181,110.17,110.171
2019-03-28 07:00:00,110.181,110.211,110.15,110.167,110.181,110.183
2019-03-28 08:00:00,110.167,110.176,110.059,110.083,110.167,110.169
2019-03-28 09:00:00,110.083,110.136,110.04,110.119,110.083,110.084
2019-03-28 10:00:00,110.12,110.213,110.019,110.079,110.12,110.121
2019-03-28 11:00:00,110.079,110.321,110.06,110.286,110.079,110.079
2019-03-28 12:00:00,110.286,110.431,110.251,110.333,110.286,110.286
2019-03-28 13:00:00,110.333,110.345,110.269,110.325,110.333,110.333
2019-03-28 14:00:00,110.325,110.385,110.251,110.354,110.325,110.326
2019-03-28 15:00:00,110.353,110.543,110.318,110.516,110.353,110.355
2019-03-28 16:00:00,110.515,110.832,110.511,110.778,110.515,110.518
2019-03-28 17:00:00,110.777,110.806,110.643,110.666,110.777,110.779
2019-03-28 18:00:00,110.666,110.705,110.53,110.557,110.666,110.667
2019-03-28 19:00:00,110.555,110.678,110.547,110.616,110.555,110.556
2019-03-28 20:00:00,110.616,110.665,110.537,110.567,110.616,110.616
2019-03-28 21:00:00,110.567,110.613,110.533,110.57,110.567,110.567
2019-03-28 22:00:00,110.572,110.63,110.569,110.577,110.572,110.573
2019-03-28 23:00:00,110.577,110.701,110.575,110.653,110.577,110.579
2019-03-29 00:00:00,110.616,110.667,110.588,110.634,110.616,110.65
2019-03-29 01:00:00,110.634,110.669,110.616,110.659,110.634,110.641
2019-03-29 02:00:00,110.659,110.715,110.613,110.632,110.659,110.659
2019-03-29 03:00:00,110.632,110.93,110.534,110.849,110.632,110.632
2019-03-29 04:00:00,110.849,110.892,110.74,110.765,110.849,110.85
2019-03-29 05:00:00,110.766,110.798,110.744,110.767,110.766,110.767
2019-03-29 06:00:00,110.767,110.795,110.715,110.727,110.767,110.768
2019-03-29 07:00:00,110.727,110.902,110.662,110.754,110.727,110.728
2019-03-29 08:00:00,110.754,110.787,110.687,110.743,110.754,110.757
2019-03-29 09:00:00,110.743,110.762,110.587,110.591,110.743,110.745
2019-03-29 10:00:00,110.591,110.763,110.554,110.742,110.591,110.593
2019-03-29 11:00:00,110.742,110.848,110.696,110.759,110.742,110.743
2019-03-29 12:00:00,110.76,110.816,110.755,110.798,110.76,110.76
2019-03-29 13:00:00,110.798,110.812,110.72,110.783,110.798,110.8
2019-03-29 14:00:00,110.783,110.896,110.717,110.754,110.783,110.784
2019-03-29 15:00:00,110.755,110.817,110.636,110.81,110.755,110.755
2019-03-29 16:00:00,110.81,110.851,110.734,110.746,110.81,110.811
2019-03-29 17:00:00,110.746,110.907,110.746,110.855,110.746,110.748
2019-03-29 18:00:00,110.856,110.95,110.642,110.678,110.856,110.857
2019-03-29 19:00:00,110.678,110.827,110.672,110.825,110.678,110.68
2019-03-29 20:00:00,110.825,110.843,110.721,110.772,110.825,110.826
2019-03-29 21:00:00,110.771,110.858,110.763,110.809,110.771,110.771
2019-03-29 22:00:00,110.809,110.85,110.784,110.813,110.809,110.809
2019-03-29 23:00:00,110.813,110.836,110.805,110.833,110.813,110.814
2019-04-01 00:00:00,111.018,111.049,110.864,110.93,111.018,111.046
2019-04-01 01:00:00,110.933,110.989,110.902,110.942,110.933,110.953
2019-04-01 02:00:00,110.941,111.0,110.872,110.99,110.941,110.945
2019-04-01 03:00:00,110.99,111.086,110.96,111.082,110.99,110.99
2019-04-01 04:00:00,111.082,111.18,111.046,111.15,111.082,111.082
2019-04-01 05:00:00,111.15,111.185,111.103,111.125,111.15,111.152
2019-04-01 06:00:00,111.125,111.127,111.044,111.082,111.125,111.126
2019-04-01 07:00:00,111.082,111.082,111.008,111.017,111.082,111.084
2019-04-01 08:00:00,111.017,111.059,110.996,111.042,111.017,111.017
2019-04-01 09:00:00,111.043,111.144,111.024,111.069,111.043,111.045
2019-04-01 10:00:00,111.069,111.116,111.0,111.046,111.069,111.069
2019-04-01 11:00:00,111.046,111.078,111.001,111.011,111.046,111.047
2019-04-01 12:00:00,111.011,111.039,110.958,110.997,111.011,111.012
2019-04-01 13:00:00,110.997,111.047,110.951,110.954,110.997,110.998
2019-04-01 14:00:00,110.954,111.004,110.947,110.987,110.954,110.955
2019-04-01 15:00:00,110.986,111.0,110.807,110.94,110.986,110.987
2019-04-01 16:00:00,110.94,110.958,110.87,110.928,110.94,110.94
2019-04-01 17:00:00,110.929,111.236,110.929,111.196,110.929,110.939
2019-04-01 18:00:00,111.196,111.32,111.181,111.299,111.196,111.197
2019-04-01 19:00:00,111.299,111.443,111.292,111.424,111.299,111.3
2019-04-01 20:00:00,111.424,111.433,111.358,111.379,111.424,111.424
2019-04-01 21:00:00,111.379,111.407,111.352,111.377,111.379,111.38
2019-04-01 22:00:00,111.378,111.382,111.333,111.352,111.378,111.379
2019-04-01 23:00:00,111.352,111.391,111.33,111.347,111.352,111.353
2019-04-02 00:00:00,111.343,111.438,111.311,111.406,111.343,111.354
2019-04-02 01:00:00,111.406,111.408,111.346,111.402,111.406,111.418
2019-04-02 02:00:00,111.405,111.456,111.389,111.45,111.405,111.406
2019-04-02 03:00:00,111.449,111.45,111.32,111.389,111.449,111.452
2019-04-02 04:00:00,111.389,111.397,111.297,111.34,111.389,111.39
2019-04-02 05:00:00,111.34,111.342,111.29,111.334,111.34,111.34
2019-04-02 06:00:00,111.334,111.399,111.318,111.36,111.334,111.335
2019-04-02 07:00:00,111.358,111.402,111.336,111.345,111.358,111.358
2019-04-02 08:00:00,111.344,111.392,111.327,111.343,111.344,111.346
2019-04-02 09:00:00,111.343,111.378,111.285,111.376,111.343,111.345
2019-04-02 10:00:00,111.376,111.422,111.356,111.371,111.376,111.376
2019-04-02 11:00:00,111.371,111.397,111.345,111.391,111.371,111.371
2019-04-02 12:00:00,111.391,111.402,111.309,111.357,111.391,111.391
2019-04-02 13:00:00,111.357,111.38,111.321,111.355,111.357,111.358
2019-04-02 14:00:00,111.356,111.386,111.293,111.365,111.356,111.357
2019-04-02 15:00:00,111.365,111.386,111.316,111.372,111.365,111.367
2019-04-02 16:00:00,111.372,111.402,111.299,111.38,111.372,111.372
2019-04-02 17:00:00,111.382,111.433,111.294,111.303,111.382,111.382
2019-04-02 18:00:00,111.304,111.342,111.248,111.331,111.304,111.305
2019-04-02 19:00:00,111.331,111.389,111.32,111.352,111.331,111.332
2019-04-02 20:00:00,111.352,111.396,111.317,111.359,111.352,111.353
2019-04-02 21:00:00,111.359,111.389,111.335,111.384,111.359,111.361
2019-04-02 22:00:00,111.384,111.398,111.366,111.371,111.384,111.385
2019-04-02 23:00:00,111.371,111.374,111.307,111.318,111.371,111.371
2019-04-03 00:00:00,111.314,111.356,111.313,111.332,111.314,111.341
2019-04-03 01:00:00,111.332,111.346,111.318,111.33,111.332,111.341
2019-04-03 02:00:00,111.33,111.347,111.305,111.309,111.33,111.333
2019-04-03 03:00:00,111.309,111.515,111.209,111.475,111.309,111.31
2019-04-03 04:00:00,111.475,111.531,111.396,111.456,111.475,111.477
2019-04-03 05:00:00,111.456,111.515,111.444,111.497,111.456,111.457
2019-04-03 06:00:00,111.497,111.502,111.46,111.478,111.497,111.498
2019-04-03 07:00:00,111.479,111.501,111.358,111.36,111.479,111.48
2019-04-03 08:00:00,111.36,111.421,111.36,111.385,111.36,111.361
2019-04-03 09:00:00,111.385,111.559,111.384,111.512,111.385,111.385
2019-04-03 10:00:00,111.512,111.579,111.492,111.513,111.512,111.514
2019-04-03 11:00:00,111.512,111.566,111.488,111.507,111.512,111.513
2019-04-03 12:00:00,111.508,111.522,111.451,111.47,111.508,111.508
2019-04-03 13:00:00,111.47,111.514,111.446,111.508,111.47,111.471
2019-04-03 14:00:00,111.507,111.537,111.475,111.488,111.507,111.507
2019-04-03 15:00:00,111.488,111.499,111.412,111.458,111.488,111.489
2019-04-03 16:00:00,111.458,111.476,111.38,111.415,111.458,111.46
2019-04-03 17:00:00,111.415,111.49,111.328,111.482,111.415,111.418
2019-04-03 18:00:00,111.482,111.51,111.428,111.481,111.482,111.483
2019-04-03 19:00:00,111.481,111.487,111.428,111.47,111.481,111.483
2019-04-03 20:00:00,111.471,111.502,111.41,111.428,111.471,111.471
2019-04-03 21:00:00,111.428,111.5,111.415,111.461,111.428,111.43
2019-04-03 22:00:00,111.461,111.494,111.429,111.485,111.461,111.462
2019-04-03 23:00:00,111.485,111.514,111.476,111.491,111.485,111.487
2019-04-04 00:00:00,111.484,111.488,111.427,111.447,111.484,111.498
2019-04-04 01:00:00,111.447,111.466,111.409,111.464,111.447,111.482
2019-04-04 02:00:00,111.464,111.473,111.391,111.396,111.464,111.468
2019-04-04 03:00:00,111.397,111.522,111.356,111.479,111.397,111.397
2019-04-04 04:00:00,111.479,111.513,111.458,111.49,111.479,111.48
2019-04-04 05:00:00,111.49,111.49,111.403,111.43,111.49,111.491
2019-04-04 06:00:00,111.43,111.432,111.372,111.41,111.43,111.43
2019-04-04 07:00:00,111.41,111.412,111.366,111.405,111.41,111.412
2019-04-04 08:00:00,111.405,111.447,111.396,111.427,111.405,111.406
2019-04-04 09:00:00,111.427,111.433,111.336,111.368,111.427,111.428
2019-04-04 10:00:00,111.369,111.436,111.34,111.354,111.369,111.37
2019-04-04 11:00:00,111.354,111.433,111.34,111.415,111.354,111.355
2019-04-04 12:00:00,111.414,111.435,111.377,111.411,111.414,111.415
2019-04-04 13:00:00,111.411,111.429,111.375,111.403,111.411,111.412
2019-04-04 14:00:00,111.403,111.433,111.397,111.413,111.403,111.403
2019-04-04 15:00:00,111.413,111.506,111.402,111.483,111.413,111.414
2019-04-04 16:00:00,111.483,111.629,111.471,111.572,111.483,111.483
2019-04-04 17:00:00,111.572,111.611,111.526,111.568,111.572,111.572
2019-04-04 18:00:00,111.568,111.585,111.516,111.553,111.568,111.569
2019-04-04 19:00:00,111.553,111.562,111.501,111.547,111.553,111.555
2019-04-04 20:00:00,111.547,111.562,111.508,111.535,111.547,111.549
2019-04-04 21:00:00,111.535,111.601,111.533,111.596,111.535,111.536
2019-04-04 22:00:00,111.596,111.6,111.569,111.588,111.596,111.597
2019-04-04 23:00:00,111.587,111.654,111.585,111.654,111.587,111.589
2019-04-05 00:00:00,111.643,111.668,111.604,111.612,111.643,111.68
2019-04-05 01:00:00,111.612,111.648,111.596,111.637,111.612,111.623
2019-04-05 02:00:00,111.637,111.668,111.633,111.654,111.637,111.64
2019-04-05 03:00:00,111.654,111.801,111.647,111.734,111.654,111.655
2019-04-05 04:00:00,111.734,111.755,111.665,111.679,111.734,111.736
2019-04-05 05:00:00,111.682,111.725,111.672,111.718,111.682,111.682
2019-04-05 06:00:00,111.719,111.736,111.696,111.701,111.719,111.72
2019-04-05 07:00:00,111.701,111.714,111.671,111.698,111.701,111.703
2019-04-05 08:00:00,111.694,111.712,111.669,111.685,111.694,111.695
2019-04-05 09:00:00,111.685,111.722,111.647,111.668,111.685,111.686
2019-04-05 10:00:00,111.668,111.676,111.618,111.672,111.668,111.67
2019-04-05 11:00:00,111.672,111.722,111.672,111.687,111.672,111.672
2019-04-05 12:00:00,111.687,111.72,111.681,111.717,111.687,111.688
2019-04-05 13:00:00,111.717,111.742,111.686,111.724,111.717,111.718
2019-04-05 14:00:00,111.724,111.742,111.678,111.712,111.724,111.725
2019-04-05 15:00:00,111.714,111.823,111.549,111.641,111.714,111.714
2019-04-05 16:00:00,111.641,111.749,111.628,111.72,111.641,111.643
2019-04-05 17:00:00,111.72,111.752,111.641,111.737,111.72,111.72
2019-04-05 18:00:00,111.737,111.79,111.697,111.708,111.737,111.738
2019-04-05 19:00:00,111.709,111.751,111.707,111.733,111.709,111.71
2019-04-05 20:00:00,111.733,111.749,111.706,111.708,111.733,111.735
2019-04-05 21:00:00,111.708,111.717,111.682,111.695,111.708,111.71
2019-04-05 22:00:00,111.693,111.715,111.667,111.678,111.693,111.694
2019-04-05 23:00:00,111.677,111.718,111.676,111.709,111.677,111.679
2019-04-08 00:00:00,111.66,111.741,111.635,111.68,111.66,111.76
2019-04-08 01:00:00,111.686,111.701,111.676,111.676,111.686,111.716
2019-04-08 02:00:00,111.677,111.731,111.67,111.715,111.677,111.68
2019-04-08 03:00:00,111.715,111.715,111.405,111.505,111.715,111.716
2019-04-08 04:00:00,111.506,111.53,111.469,111.503,111.506,111.508
2019-04-08 05:00:00,111.503,111.505,111.347,111.392,111.503,111.505
2019-04-08 06:00:00,111.392,111.408,111.344,111.405,111.392,111.393
2019-04-08 07:00:00,111.404,111.405,111.349,111.397,111.404,111.405
2019-04-08 08:00:00,111.397,111.428,111.364,111.424,111.397,111.398
2019-04-08 09:00:00,111.424,111.459,111.412,111.443,111.424,111.426
2019-04-08 10:00:00,111.443,111.463,111.426,111.451,111.443,111.443
2019-04-08 11:00:00,111.451,111.5,111.444,111.46,111.451,111.452
2019-04-08 12:00:00,111.461,111.471,111.396,111.412,111.461,111.462
2019-04-08 13:00:00,111.412,111.472,111.406,111.467,111.412,111.413
2019-04-08 14:00:00,111.467,111.479,111.427,111.451,111.467,111.469
2019-04-08 15:00:00,111.451,111.473,111.359,111.359,111.451,111.452
2019-04-08 16:00:00,111.359,111.388,111.281,111.314,111.359,111.361
2019-04-08 17:00:00,111.314,111.423,111.312,111.417,111.314,111.314
2019-04-08 18:00:00,111.417,111.527,111.41,111.474,111.417,111.418
2019-04-08 19:00:00,111.474,111.485,111.439,111.455,111.474,111.475
2019-04-08 20:00:00,111.455,111.507,111.455,111.486,111.455,111.456
2019-04-08 21:00:00,111.486,111.537,111.473,111.515,111.486,111.486
2019-04-08 22:00:00,111.515,111.528,111.486,111.486,111.515,111.516
2019-04-08 23:00:00,111.486,111.5,111.483,111.495,111.486,111.487
2019-04-09 00:00:00,111.452,111.511,111.452,111.486,111.452,111.507
2019-04-09 01:00:00,111.485,111.506,111.473,111.474,111.485,111.499
2019-04-09 02:00:00,111.474,111.482,111.448,111.45,111.474,111.477
2019-04-09 03:00:00,111.45,111.579,111.388,111.398,111.45,111.452
2019-04-09 04:00:00,111.399,111.406,111.31,111.339,111.399,111.4
2019-04-09 05:00:00,111.343,111.347,111.28,111.335,111.343,111.343
2019-04-09 06:00:00,111.335,111.385,111.332,111.378,111.335,111.337
2019-04-09 07:00:00,111.378,111.387,111.337,111.357,111.378,111.379
2019-04-09 08:00:00,111.357,111.364,111.319,111.333,111.357,111.358
2019-04-09 09:00:00,111.333,111.368,111.327,111.344,111.333,111.335
2019-04-09 10:00:00,111.344,111.359,111.238,111.264,111.344,111.345
2019-04-09 11:00:00,111.264,111.361,111.246,111.331,111.264,111.265
2019-04-09 12:00:00,111.331,111.333,111.239,111.269,111.331,111.332
2019-04-09 13:00:00,111.27,111.309,111.265,111.287,111.27,111.27
2019-04-09 14:00:00,111.288,111.38,111.28,111.351,111.288,111.289
2019-04-09 15:00:00,111.351,111.357,111.08,111.082,111.351,111.352
2019-04-09 16:00:00,111.082,111.101,110.98,111.093,111.082,111.083
2019-04-09 17:00:00,111.093,111.154,111.063,111.122,111.093,111.095
2019-04-09 18:00:00,111.122,111.155,111.087,111.089,111.122,111.123
2019-04-09 19:00:00,111.089,111.129,111.067,111.125,111.089,111.089
2019-04-09 20:00:00,111.125,111.146,111.104,111.118,111.125,111.126
2019-04-09 21:00:00,111.118,111.122,111.096,111.105,111.118,111.119
2019-04-09 22:00:00,111.104,111.137,111.102,111.135,111.104,111.105
2019-04-09 23:00:00,111.135,111.163,111.134,111.144,111.135,111.136
2019-04-10 00:00:00,111.13,111.158,111.118,111.131,111.13,111.162
2019-04-10 01:00:00,111.131,111.154,111.117,111.132,111.131,111.143
2019-04-10 02:00:00,111.136,111.153,111.06,111.092,111.136,111.137
2019-04-10 03:00:00,111.092,111.194,111.081,111.163,111.092,111.092
2019-04-10 04:00:00,111.163,111.23,111.076,111.117,111.163,111.163
2019-04-10 05:00:00,111.119,111.179,111.1,111.174,111.119,111.12
2019-04-10 06:00:00,111.174,111.198,111.128,111.15,111.174,111.175
2019-04-10 07:00:00,111.15,111.155,111.115,111.123,111.15,111.151
2019-04-10 08:00:00,111.122,111.174,111.122,111.173,111.122,111.123
2019-04-10 09:00:00,111.172,111.193,111.116,111.117,111.172,111.174
2019-04-10 10:00:00,111.117,111.237,111.117,111.181,111.117,111.118
2019-04-10 11:00:00,111.182,111.187,111.119,111.144,111.182,111.182
2019-04-10 12:00:00,111.144,111.153,111.121,111.124,111.144,111.145
2019-04-10 13:00:00,111.124,111.224,111.122,111.222,111.124,111.125
2019-04-10 14:00:00,111.222,111.242,111.157,111.162,111.222,111.223
2019-04-10 15:00:00,111.162,111.279,111.11,111.177,111.162,111.164
2019-04-10 16:00:00,111.177,111.202,111.042,111.069,111.177,111.178
2019-04-10 17:00:00,111.069,111.084,110.924,110.938,111.069,111.07
2019-04-10 18:00:00,110.938,110.966,110.89,110.927,110.938,110.938
2019-04-10 19:00:00,110.927,110.946,110.868,110.872,110.927,110.927
2019-04-10 20:00:00,110.872,110.882,110.844,110.86,110.872,110.872
2019-04-10 21:00:00,110.86,110.982,110.85,110.98,110.86,110.866
2019-04-10 22:00:00,110.98,110.987,110.929,110.964,110.98,110.98
2019-04-10 23:00:00,110.964,111.012,110.964,111.007,110.964,110.965
2019-04-11 00:00:00,111.0,111.0,110.897,110.915,111.0,111.02
2019-04-11 01:00:00,110.917,110.969,110.914,110.949,110.917,110.922
2019-04-11 02:00:00,110.949,111.015,110.918,110.987,110.949,110.953
2019-04-11 03:00:00,110.987,111.131,110.987,111.068,110.987,110.988
2019-04-11 04:00:00,111.068,111.107,111.033,111.051,111.068,111.069
2019-04-11 05:00:00,111.051,111.078,111.03,111.057,111.051,111.053
2019-04-11 06:00:00,111.057,111.076,111.04,111.062,111.057,111.058
2019-04-11 07:00:00,111.062,111.101,111.046,111.056,111.062,111.063
2019-04-11 08:00:00,111.056,111.091,111.05,111.071,111.056,111.058
2019-04-11 09:00:00,111.072,111.144,111.05,111.14,111.072,111.073
2019-04-11 10:00:00,111.14,111.168,111.073,111.094,111.14,111.141
2019-04-11 11:00:00,111.094,111.155,111.088,111.11,111.094,111.095
2019-04-11 12:00:00,111.11,111.138,111.091,111.105,111.11,111.111
2019-04-11 13:00:00,111.105,111.13,111.096,111.116,111.105,111.106
2019-04-11 14:00:00,111.116,111.214,111.114,111.19,111.116,111.118
2019-04-11 15:00:00,111.189,111.336,111.184,111.321,111.189,111.189
2019-04-11 16:00:00,111.321,111.392,111.274,111.337,111.321,111.322
2019-04-11 17:00:00,111.336,111.492,111.334,111.482,111.336,111.336
2019-04-11 18:00:00,111.482,111.528,111.422,111.487,111.482,111.483
2019-04-11 19:00:00,111.486,111.576,111.481,111.569,111.486,111.487
2019-04-11 20:00:00,111.569,111.637,111.556,111.565,111.569,111.57
2019-04-11 21:00:00,111.565,111.692,111.559,111.665,111.565,111.566
2019-04-11 22:00:00,111.665,111.696,111.628,111.64,111.665,111.666
2019-04-11 23:00:00,111.64,111.673,111.628,111.657,111.64,111.641
2019-04-12 00:00:00,111.641,111.654,111.615,111.619,111.641,111.673
2019-04-12 01:00:00,111.619,111.64,111.618,111.625,111.619,111.638
2019-04-12 02:00:00,111.626,111.647,111.586,111.645,111.626,111.629
2019-04-12 03:00:00,111.645,111.814,111.638,111.771,111.645,111.647
2019-04-12 04:00:00,111.771,111.816,111.701,111.701,111.771,111.773
2019-04-12 05:00:00,111.702,111.738,111.695,111.717,111.702,111.702
2019-04-12 06:00:00,111.717,111.778,111.716,111.757,111.717,111.719
2019-04-12 07:00:00,111.757,111.764,111.725,111.744,111.757,111.757
2019-04-12 08:00:00,111.743,111.833,111.74,111.785,111.743,111.743
2019-04-12 09:00:00,111.784,111.859,111.776,111.846,111.784,111.785
2019-04-12 10:00:00,111.846,111.879,111.829,111.862,111.846,111.846
2019-04-12 11:00:00,111.862,111.969,111.855,111.938,111.862,111.863
2019-04-12 12:00:00,111.938,111.946,111.844,111.893,111.938,111.938
2019-04-12 13:00:00,111.893,111.968,111.887,111.952,111.893,111.894
2019-04-12 14:00:00,111.952,111.992,111.94,111.982,111.952,111.952
2019-04-12 15:00:00,111.982,111.994,111.923,111.952,111.982,111.983
2019-04-12 16:00:00,111.952,111.969,111.91,111.913,111.952,111.953
2019-04-12 17:00:00,111.914,111.979,111.858,111.973,111.914,111.917
2019-04-12 18:00:00,111.973,112.023,111.952,111.999,111.973,111.973
2019-04-12 19:00:00,111.999,112.038,111.997,112.028,111.999,111.999
2019-04-12 20:00:00,112.028,112.03,111.996,112.023,112.028,112.029
2019-04-12 21:00:00,112.023,112.086,112.013,112.081,112.023,112.024
2019-04-12 22:00:00,112.081,112.094,112.001,112.01,112.081,112.082
2019-04-12 23:00:00,112.01,112.023,111.991,112.009,112.01,112.012
2019-04-15 00:00:00,111.955,112.019,111.955,111.976,111.955,111.992
2019-04-15 01:00:00,111.976,112.026,111.974,111.993,111.976,112.002
2019-04-15 02:00:00,111.993,112.058,111.99,112.038,111.993,111.996
2019-04-15 03:00:00,112.039,112.098,111.957,111.963,112.039,112.04
2019-04-15 04:00:00,111.963,112.012,111.944,111.968,111.963,111.963
2019-04-15 05:00:00,111.966,112.014,111.957,111.995,111.966,111.968
2019-04-15 06:00:00,111.995,112.003,111.921,111.928,111.995,111.997
2019-04-15 07:00:00,111.928,111.954,111.919,111.94,111.928,111.929
2019-04-15 08:00:00,111.941,111.948,111.896,111.915,111.941,111.941
2019-04-15 09:00:00,111.915,111.968,111.896,111.898,111.915,111.917
2019-04-15 10:00:00,111.898,111.957,111.888,111.918,111.898,111.899
2019-04-15 11:00:00,111.918,111.98,111.904,111.96,111.918,111.918
2019-04-15 12:00:00,111.96,111.982,111.923,111.936,111.96,111.961
2019-04-15 13:00:00,111.936,111.968,111.916,111.947,111.936,111.936
2019-04-15 14:00:00,111.947,111.979,111.931,111.973,111.947,111.947
2019-04-15 15:00:00,111.973,112.076,111.951,112.022,111.973,111.973
2019-04-15 16:00:00,112.022,112.068,111.984,112.028,112.022,112.024
2019-04-15 17:00:00,112.027,112.06,111.968,112.002,112.027,112.028
2019-04-15 18:00:00,112.002,112.025,111.967,112.005,112.002,112.003
2019-04-15 19:00:00,112.005,112.008,111.967,111.971,112.005,112.006
2019-04-15 20:00:00,111.971,112.04,111.969,112.015,111.971,111.971
2019-04-15 21:00:00,112.015,112.03,111.996,112.015,112.015,112.016
2019-04-15 22:00:00,112.015,112.022,111.982,111.982,112.015,112.016
2019-04-15 23:00:00,111.982,112.051,111.982,112.035,111.982,111.983
2019-04-16 00:00:00,112.034,112.041,111.955,111.971,112.034,112.043
2019-04-16 01:00:00,111.973,112.001,111.949,111.99,111.973,111.992
2019-04-16 02:00:00,111.991,111.994,111.933,111.946,111.991,111.994
2019-04-16 03:00:00,111.952,112.044,111.948,111.979,111.952,111.952
2019-04-16 04:00:00,111.98,111.994,111.922,111.957,111.98,111.981
2019-04-16 05:00:00,111.957,111.98,111.891,111.96,111.957,111.958
2019-04-16 06:00:00,111.96,112.004,111.941,111.942,111.96,111.962
2019-04-16 07:00:00,111.942,111.964,111.915,111.96,111.942,111.942
2019-04-16 08:00:00,111.96,111.964,111.917,111.925,111.96,111.962
2019-04-16 09:00:00,111.925,111.944,111.855,111.855,111.925,111.926
2019-04-16 10:00:00,111.856,111.946,111.853,111.895,111.856,111.857
2019-04-16 11:00:00,111.895,111.958,111.88,111.942,111.895,111.897
2019-04-16 12:00:00,111.942,111.959,111.846,111.872,111.942,111.943
2019-04-16 13:00:00,111.872,111.918,111.865,111.898,111.872,111.873
2019-04-16 14:00:00,111.898,111.945,111.871,111.928,111.898,111.899
2019-04-16 15:00:00,111.929,112.042,111.922,111.984,111.929,111.929
2019-04-16 16:00:00,111.984,112.022,111.947,111.96,111.984,111.985
2019-04-16 17:00:00,111.957,112.015,111.918,111.93,111.957,111.959
2019-04-16 18:00:00,111.929,111.977,111.899,111.958,111.929,111.929
2019-04-16 19:00:00,111.958,112.014,111.956,112.005,111.958,111.958
2019-04-16 20:00:00,112.005,112.01,111.969,111.972,112.005,112.005
2019-04-16 21:00:00,111.972,112.001,111.963,111.997,111.972,111.973
2019-04-16 22:00:00,111.997,112.016,111.977,112.015,111.997,111.997
2019-04-16 23:00:00,112.015,112.034,112.007,112.016,112.015,112.015
2019-04-17 00:00:00,111.967,112.019,111.967,111.997,111.967,112.026
2019-04-17 01:00:00,111.997,112.038,111.972,111.987,111.997,112.015
2019-04-17 02:00:00,111.987,112.011,111.982,111.995,111.987,111.988
2019-04-17 03:00:00,111.995,112.165,111.968,112.124,111.995,111.995
2019-04-17 04:00:00,112.124,112.128,111.94,112.031,112.124,112.125
2019-04-17 05:00:00,112.031,112.128,111.942,111.982,112.031,112.036
2019-04-17 06:00:00,111.982,111.983,111.922,111.956,111.982,111.982
2019-04-17 07:00:00,111.956,111.972,111.94,111.967,111.956,111.958
2019-04-17 08:00:00,111.967,112.001,111.96,111.992,111.967,111.968
2019-04-17 09:00:00,111.991,112.003,111.947,111.955,111.991,111.993
2019-04-17 10:00:00,111.955,112.028,111.949,112.014,111.955,111.955
2019-04-17 11:00:00,112.014,112.063,111.995,112.009,112.014,112.014
2019-04-17 12:00:00,112.009,112.031,111.965,112.022,112.009,112.009
2019-04-17 13:00:00,112.022,112.036,111.999,112.013,112.022,112.023
2019-04-17 14:00:00,112.013,112.03,111.974,111.982,112.013,112.013
2019-04-17 15:00:00,111.983,112.018,111.962,111.988,111.983,111.983
2019-04-17 16:00:00,111.988,112.018,111.934,111.955,111.988,111.988
2019-04-17 17:00:00,111.956,112.016,111.926,111.995,111.956,111.957
2019-04-17 18:00:00,111.994,112.017,111.961,111.999,111.994,111.994
2019-04-17 19:00:00,112.0,112.015,111.966,112.003,112.0,112.001
2019-04-17 20:00:00,112.003,112.067,111.989,112.038,112.003,112.003
2019-04-17 21:00:00,112.038,112.102,112.027,112.063,112.038,112.039
2019-04-17 22:00:00,112.064,112.123,112.062,112.092,112.064,112.064
2019-04-17 23:00:00,112.092,112.104,112.066,112.066,112.092,112.093
2019-04-18 00:00:00,112.05,112.058,112.003,112.026,112.05,112.062
2019-04-18 01:00:00,112.026,112.059,112.022,112.037,112.026,112.049
2019-04-18 02:00:00,112.037,112.062,112.026,112.033,112.037,112.039
2019-04-18 03:00:00,112.034,112.047,111.951,111.963,112.034,112.034
2019-04-18 04:00:00,111.963,111.992,111.9,111.905,111.963,111.963
2019-04-18 05:00:00,111.906,111.982,111.906,111.953,111.906,111.908
2019-04-18 06:00:00,111.953,111.975,111.872,111.879,111.953,111.954
2019-04-18 07:00:00,111.879,111.928,111.878,111.89,111.879,111.881
2019-04-18 08:00:00,111.89,111.9,111.841,111.87,111.89,111.89
2019-04-18 09:00:00,111.871,111.932,111.871,111.901,111.871,111.873
2019-04-18 10:00:00,111.901,111.936,111.823,111.843,111.901,111.901
2019-04-18 11:00:00,111.843,111.899,111.766,111.885,111.843,111.844
2019-04-18 12:00:00,111.885,111.94,111.84,111.915,111.885,111.885
2019-04-18 13:00:00,111.915,111.944,111.904,111.923,111.915,111.915
2019-04-18 14:00:00,111.924,111.942,111.88,111.899,111.924,111.924
2019-04-18 15:00:00,111.899,112.026,111.863,111.968,111.899,111.899
2019-04-18 16:00:00,111.968,111.976,111.852,111.872,111.968,111.968
2019-04-18 17:00:00,111.871,111.924,111.848,111.878,111.871,111.872
2019-04-18 18:00:00,111.878,111.953,111.874,111.944,111.878,111.878
2019-04-18 19:00:00,111.944,112.003,111.937,111.991,111.944,111.945
2019-04-18 20:00:00,111.991,111.992,111.925,111.951,111.991,111.991
2019-04-18 21:00:00,111.951,111.962,111.937,111.947,111.951,111.951
2019-04-18 22:00:00,111.947,111.967,111.921,111.935,111.947,111.947
2019-04-18 23:00:00,111.936,111.995,111.935,111.975,111.936,111.936
2019-04-19 00:00:00,111.976,111.985,111.927,111.965,111.976,112.028
2019-04-19 01:00:00,111.965,112.003,111.962,111.982,111.965,111.987
2019-04-19 02:00:00,111.982,111.997,111.964,111.992,111.982,111.984
2019-04-19 03:00:00,111.992,112.008,111.935,111.945,111.992,111.994
2019-04-19 04:00:00,111.945,111.951,111.895,111.938,111.945,111.945
2019-04-19 05:00:00,111.938,111.955,111.918,111.922,111.938,111.941
2019-04-19 06:00:00,111.922,111.944,111.919,111.932,111.922,111.925
2019-04-19 07:00:00,111.932,111.932,111.907,111.914,111.932,111.934
2019-04-19 08:00:00,111.914,111.922,111.906,111.915,111.914,111.915
2019-04-19 09:00:00,111.915,111.929,111.906,111.918,111.915,111.917
2019-04-19 10:00:00,111.918,111.933,111.905,111.927,111.918,111.92
2019-04-19 11:00:00,111.924,111.931,111.902,111.92,111.924,111.924
2019-04-19 12:00:00,111.92,111.926,111.909,111.92,111.92,111.922
2019-04-19 13:00:00,111.92,111.925,111.912,111.918,111.92,111.925
2019-04-19 14:00:00,111.918,111.934,111.911,111.918,111.918,111.922
2019-04-19 15:00:00,111.918,111.935,111.915,111.932,111.918,111.923
2019-04-19 16:00:00,111.932,111.948,111.922,111.93,111.932,111.937
2019-04-19 17:00:00,111.93,111.933,111.919,111.928,111.93,111.933
2019-04-19 18:00:00,111.928,111.932,111.915,111.922,111.928,111.93
2019-04-19 19:00:00,111.922,111.931,111.917,111.919,111.922,111.928
2019-04-19 20:00:00,111.919,111.931,111.918,111.922,111.919,111.925
2019-04-19 21:00:00,111.922,111.935,111.92,111.929,111.922,111.926
2019-04-19 22:00:00,111.928,111.935,111.924,111.928,111.928,111.933
2019-04-19 23:00:00,111.928,111.953,111.91,111.919,111.928,111.934
2019-04-22 00:00:00,111.864,111.913,111.837,111.907,111.864,111.915
2019-04-22 01:00:00,111.907,111.945,111.907,111.916,111.907,111.925
2019-04-22 02:00:00,111.916,111.93,111.897,111.914,111.916,111.918
2019-04-22 03:00:00,111.914,111.992,111.893,111.976,111.914,111.916
2019-04-22 04:00:00,111.976,111.983,111.907,111.951,111.976,111.977
2019-04-22 05:00:00,111.951,111.963,111.93,111.952,111.951,111.952
2019-04-22 06:00:00,111.952,111.963,111.913,111.913,111.952,111.953
2019-04-22 07:00:00,111.913,111.939,111.904,111.927,111.913,111.916
2019-04-22 08:00:00,111.927,111.947,111.909,111.927,111.927,111.929
2019-04-22 09:00:00,111.927,111.935,111.897,111.899,111.927,111.928
2019-04-22 10:00:00,111.899,111.913,111.889,111.899,111.899,111.901
2019-04-22 11:00:00,111.899,111.926,111.893,111.924,111.899,111.9
2019-04-22 12:00:00,111.924,111.925,111.911,111.922,111.924,111.925
2019-04-22 13:00:00,111.921,111.928,111.916,111.92,111.921,111.923
2019-04-22 14:00:00,111.92,111.941,111.912,111.93,111.92,111.92
2019-04-22 15:00:00,111.93,111.947,111.906,111.912,111.93,111.932
2019-04-22 16:00:00,111.912,111.943,111.899,111.927,111.912,111.914
2019-04-22 17:00:00,111.928,111.953,111.901,111.922,111.928,111.929
2019-04-22 18:00:00,111.922,111.95,111.913,111.949,111.922,111.923
2019-04-22 19:00:00,111.948,111.953,111.923,111.936,111.948,111.949
2019-04-22 20:00:00,111.936,111.936,111.916,111.918,111.936,111.937
2019-04-22 21:00:00,111.919,111.956,111.907,111.937,111.919,111.92
2019-04-22 22:00:00,111.937,111.946,111.929,111.93,111.937,111.937
2019-04-22 23:00:00,111.93,111.952,111.928,111.937,111.93,111.931
2019-04-23 00:00:00,111.933,111.945,111.902,111.921,111.933,111.943
2019-04-23 01:00:00,111.921,111.948,111.917,111.937,111.921,111.93
2019-04-23 02:00:00,111.937,111.953,111.922,111.934,111.937,111.939
2019-04-23 03:00:00,111.935,111.977,111.696,111.706,111.935,111.935
2019-04-23 04:00:00,111.705,111.781,111.652,111.775,111.705,111.705
2019-04-23 05:00:00,111.774,111.801,111.763,111.768,111.774,111.776
2019-04-23 06:00:00,111.768,111.854,111.763,111.841,111.768,111.769
2019-04-23 07:00:00,111.841,111.876,111.811,111.867,111.841,111.841
2019-04-23 08:00:00,111.865,111.926,111.849,111.925,111.865,111.867
2019-04-23 09:00:00,111.926,111.941,111.866,111.877,111.926,111.927
2019-04-23 10:00:00,111.876,111.891,111.851,111.854,111.876,111.876
2019-04-23 11:00:00,111.854,111.884,111.837,111.864,111.854,111.854
2019-04-23 12:00:00,111.864,111.871,111.832,111.854,111.864,111.864
2019-04-23 13:00:00,111.854,111.878,111.847,111.865,111.854,111.855
2019-04-23 14:00:00,111.865,111.911,111.865,111.905,111.865,111.865
2019-04-23 15:00:00,111.905,111.981,111.863,111.979,111.905,111.906
2019-04-23 16:00:00,111.978,112.034,111.901,111.919,111.978,111.978
2019-04-23 17:00:00,111.919,111.981,111.882,111.884,111.919,111.921
2019-04-23 18:00:00,111.885,111.935,111.862,111.878,111.885,111.885
2019-04-23 19:00:00,111.877,111.884,111.76,111.792,111.877,111.877
2019-04-23 20:00:00,111.793,111.819,111.787,111.799,111.793,111.793
2019-04-23 21:00:00,111.799,111.843,111.793,111.842,111.799,111.8
2019-04-23 22:00:00,111.841,111.854,111.815,111.822,111.841,111.842
2019-04-23 23:00:00,111.822,111.885,111.822,111.863,111.822,111.823
2019-04-24 00:00:00,111.86,111.883,111.84,111.866,111.86,111.87
2019-04-24 01:00:00,111.866,111.886,111.85,111.874,111.866,111.878
2019-04-24 02:00:00,111.874,111.902,111.853,111.882,111.874,111.875
2019-04-24 03:00:00,111.882,111.929,111.812,111.905,111.882,111.882
2019-04-24 04:00:00,111.904,111.984,111.879,111.907,111.904,111.905
2019-04-24 05:00:00,111.909,111.92,111.848,111.889,111.909,111.909
2019-04-24 06:00:00,111.888,111.891,111.763,111.775,111.888,111.89
2019-04-24 07:00:00,111.775,111.85,111.769,111.831,111.775,111.775
2019-04-24 08:00:00,111.831,111.838,111.811,111.838,111.831,111.832
2019-04-24 09:00:00,111.836,111.841,111.75,111.822,111.836,111.836
2019-04-24 10:00:00,111.822,111.847,111.807,111.814,111.822,111.823
2019-04-24 11:00:00,111.814,111.853,111.792,111.831,111.814,111.814
2019-04-24 12:00:00,111.831,111.927,111.824,111.872,111.831,111.832
2019-04-24 13:00:00,111.872,111.881,111.836,111.864,111.872,111.873
2019-04-24 14:00:00,111.864,111.876,111.826,111.826,111.864,111.865
2019-04-24 15:00:00,111.826,111.853,111.804,111.841,111.826,111.826
2019-04-24 16:00:00,111.841,111.899,111.782,111.783,111.841,111.841
2019-04-24 17:00:00,111.783,111.804,111.682,111.741,111.783,111.783
2019-04-24 18:00:00,111.741,111.836,111.738,111.815,111.741,111.742
2019-04-24 19:00:00,111.815,111.937,111.803,111.916,111.815,111.816
2019-04-24 20:00:00,111.916,111.985,111.89,111.985,111.916,111.917
2019-04-24 21:00:00,111.985,112.37,111.976,112.363,111.985,111.986
2019-04-24 22:00:00,112.363,112.4,112.184,112.202,112.363,112.364
2019-04-24 23:00:00,112.202,112.233,112.16,112.194,112.202,112.203
2019-04-25 00:00:00,112.183,112.183,112.052,112.057,112.183,112.194
2019-04-25 01:00:00,112.056,112.116,112.051,112.099,112.056,112.084
2019-04-25 02:00:00,112.099,112.171,112.099,112.118,112.099,112.1
2019-04-25 03:00:00,112.118,112.239,112.102,112.124,112.118,112.12
2019-04-25 04:00:00,112.122,112.146,111.991,112.006,112.122,112.124
2019-04-25 05:00:00,112.006,112.018,111.848,111.967,112.006,112.007
2019-04-25 06:00:00,111.967,112.023,111.915,111.971,111.967,111.969
2019-04-25 07:00:00,111.971,112.002,111.957,111.972,111.971,111.972
2019-04-25 08:00:00,111.972,111.974,111.904,111.946,111.972,111.973
2019-04-25 09:00:00,111.948,111.965,111.846,111.858,111.948,111.948
2019-04-25 10:00:00,111.858,111.874,111.744,111.836,111.858,111.859
2019-04-25 11:00:00,111.836,111.887,111.824,111.867,111.836,111.836
2019-04-25 12:00:00,111.867,111.899,111.859,111.898,111.867,111.867
2019-04-25 13:00:00,111.898,111.904,111.811,111.826,111.898,111.898
2019-04-25 14:00:00,111.826,111.9,111.823,111.893,111.826,111.826
2019-04-25 15:00:00,111.894,111.903,111.812,111.814,111.894,111.894
2019-04-25 16:00:00,111.814,111.818,111.538,111.581,111.814,111.814
2019-04-25 17:00:00,111.581,111.605,111.37,111.448,111.581,111.581
2019-04-25 18:00:00,111.448,111.6,111.418,111.593,111.448,111.449
2019-04-25 19:00:00,111.592,111.62,111.547,111.583,111.592,111.593
2019-04-25 20:00:00,111.583,111.605,111.526,111.541,111.583,111.585
2019-04-25 21:00:00,111.541,111.655,111.541,111.612,111.541,111.543
2019-04-25 22:00:00,111.612,111.674,111.61,111.658,111.612,111.612
2019-04-25 23:00:00,111.658,111.663,111.61,111.615,111.658,111.659
2019-04-26 00:00:00,111.596,111.619,111.574,111.583,111.596,111.672
2019-04-26 01:00:00,111.582,111.587,111.563,111.575,111.582,111.591
2019-04-26 02:00:00,111.575,111.58,111.507,111.544,111.575,111.577
2019-04-26 03:00:00,111.544,111.729,111.45,111.651,111.544,111.544
2019-04-26 04:00:00,111.651,111.788,111.627,111.694,111.651,111.652
2019-04-26 05:00:00,111.695,111.737,111.637,111.645,111.695,111.695
2019-04-26 06:00:00,111.645,111.655,111.604,111.635,111.645,111.646
2019-04-26 07:00:00,111.635,111.673,111.621,111.66,111.635,111.635
2019-04-26 08:00:00,111.66,111.719,111.638,111.675,111.66,111.662
2019-04-26 09:00:00,111.675,111.704,111.63,111.638,111.675,111.676
2019-04-26 10:00:00,111.637,111.677,111.615,111.676,111.637,111.639
2019-04-26 11:00:00,111.676,111.696,111.65,111.658,111.676,111.677
2019-04-26 12:00:00,111.658,111.751,111.649,111.745,111.658,111.658
2019-04-26 13:00:00,111.745,111.766,111.724,111.744,111.745,111.746
2019-04-26 14:00:00,111.744,111.784,111.744,111.768,111.744,111.744
2019-04-26 15:00:00,111.768,112.004,111.598,111.664,111.768,111.769
2019-04-26 16:00:00,111.664,111.692,111.513,111.57,111.664,111.665
2019-04-26 17:00:00,111.571,111.593,111.429,111.551,111.571,111.573
2019-04-26 18:00:00,111.551,111.625,111.528,111.599,111.551,111.551
2019-04-26 19:00:00,111.599,111.626,111.56,111.575,111.599,111.6
2019-04-26 20:00:00,111.575,111.602,111.561,111.599,111.575,111.575
2019-04-26 21:00:00,111.599,111.633,111.581,111.604,111.599,111.6
2019-04-26 22:00:00,111.604,111.616,111.578,111.608,111.604,111.605
2019-04-26 23:00:00,111.608,111.647,111.55,111.56,111.608,111.609
2019-04-29 00:00:00,111.54,111.588,111.54,111.579,111.54,111.604
2019-04-29 01:00:00,111.579,111.607,111.568,111.598,111.579,111.587
2019-04-29 02:00:00,111.598,111.614,111.579,111.602,111.598,111.6
2019-04-29 03:00:00,111.602,111.628,111.578,111.612,111.602,111.602
2019-04-29 04:00:00,111.612,111.64,111.61,111.632,111.612,111.613
2019-04-29 05:00:00,111.632,111.64,111.59,111.593,111.632,111.632
2019-04-29 06:00:00,111.593,111.611,111.59,111.599,111.593,111.594
2019-04-29 07:00:00,111.599,111.612,111.593,111.608,111.599,111.6
2019-04-29 08:00:00,111.608,111.63,111.601,111.62,111.608,111.608
2019-04-29 09:00:00,111.62,111.665,111.609,111.659,111.62,111.62
2019-04-29 10:00:00,111.66,111.76,111.657,111.757,111.66,111.66
2019-04-29 11:00:00,111.757,111.777,111.729,111.74,111.757,111.757
2019-04-29 12:00:00,111.74,111.746,111.689,111.71,111.74,111.742
2019-04-29 13:00:00,111.709,111.746,111.709,111.735,111.709,111.711
2019-04-29 14:00:00,111.735,111.772,111.725,111.734,111.735,111.736
2019-04-29 15:00:00,111.734,111.846,111.673,111.838,111.734,111.734
2019-04-29 16:00:00,111.838,111.899,111.796,111.885,111.838,111.838
2019-04-29 17:00:00,111.885,111.892,111.785,111.793,111.885,111.885
2019-04-29 18:00:00,111.793,111.842,111.781,111.798,111.793,111.794
2019-04-29 19:00:00,111.798,111.832,111.769,111.801,111.798,111.799
2019-04-29 20:00:00,111.801,111.818,111.757,111.767,111.801,111.802
2019-04-29 21:00:00,111.767,111.78,111.721,111.721,111.767,111.768
2019-04-29 22:00:00,111.721,111.75,111.653,111.665,111.721,111.722
2019-04-29 23:00:00,111.665,111.675,111.636,111.639,111.665,111.666
2019-04-30 00:00:00,111.643,111.678,111.629,111.646,111.643,111.654
2019-04-30 01:00:00,111.646,111.681,111.638,111.665,111.646,111.666
2019-04-30 02:00:00,111.665,111.689,111.662,111.68,111.665,111.666
2019-04-30 03:00:00,111.68,111.689,111.623,111.637,111.68,111.682
2019-04-30 04:00:00,111.636,111.637,111.555,111.574,111.636,111.64
2019-04-30 05:00:00,111.574,111.614,111.574,111.598,111.574,111.575
2019-04-30 06:00:00,111.598,111.601,111.561,111.569,111.598,111.599
2019-04-30 07:00:00,111.569,111.577,111.491,111.512,111.569,111.569
2019-04-30 08:00:00,111.512,111.537,111.483,111.526,111.512,111.514
2019-04-30 09:00:00,111.526,111.529,111.355,111.411,111.526,111.526
2019-04-30 10:00:00,111.411,111.426,111.275,111.329,111.411,111.411
2019-04-30 11:00:00,111.33,111.4,111.294,111.38,111.33,111.33
2019-04-30 12:00:00,111.38,111.424,111.304,111.315,111.38,111.381
2019-04-30 13:00:00,111.315,111.351,111.291,111.325,111.315,111.315
2019-04-30 14:00:00,111.325,111.326,111.236,111.27,111.325,111.326
2019-04-30 15:00:00,111.27,111.385,111.269,111.374,111.27,111.272
2019-04-30 16:00:00,111.374,111.412,111.244,111.28,111.374,111.374
2019-04-30 17:00:00,111.275,111.468,111.275,111.379,111.275,111.283
2019-04-30 18:00:00,111.379,111.416,111.302,111.401,111.379,111.379
2019-04-30 19:00:00,111.401,111.418,111.302,111.323,111.401,111.402
2019-04-30 20:00:00,111.324,111.355,111.316,111.348,111.324,111.324
2019-04-30 21:00:00,111.348,111.378,111.342,111.353,111.348,111.349
2019-04-30 22:00:00,111.353,111.398,111.326,111.396,111.353,111.355
2019-04-30 23:00:00,111.396,111.473,111.368,111.432,111.396,111.396
2019-05-01 00:00:00,111.407,111.444,111.377,111.437,111.407,111.442
2019-05-01 01:00:00,111.436,111.464,111.403,111.45,111.436,111.457
2019-05-01 02:00:00,111.45,111.455,111.392,111.399,111.45,111.453
2019-05-01 03:00:00,111.4,111.424,111.392,111.397,111.4,111.4
2019-05-01 04:00:00,111.397,111.438,111.394,111.438,111.397,111.399
2019-05-01 05:00:00,111.438,111.461,111.433,111.445,111.438,111.438
2019-05-01 06:00:00,111.445,111.502,111.443,111.495,111.445,111.446
2019-05-01 07:00:00,111.496,111.501,111.487,111.492,111.496,111.498
2019-05-01 08:00:00,111.492,111.494,111.471,111.475,111.492,111.493
2019-05-01 09:00:00,111.474,111.546,111.471,111.545,111.474,111.475
2019-05-01 10:00:00,111.546,111.55,111.45,111.465,111.546,111.546
2019-05-01 11:00:00,111.465,111.476,111.418,111.419,111.465,111.465
2019-05-01 12:00:00,111.419,111.422,111.291,111.314,111.419,111.419
2019-05-01 13:00:00,111.314,111.34,111.256,111.296,111.314,111.314
2019-05-01 14:00:00,111.296,111.334,111.295,111.301,111.296,111.297
2019-05-01 15:00:00,111.301,111.424,111.286,111.416,111.301,111.301
2019-05-01 16:00:00,111.416,111.425,111.329,111.357,111.416,111.416
2019-05-01 17:00:00,111.358,111.358,111.125,111.173,111.358,111.365
2019-05-01 18:00:00,111.173,111.183,111.131,111.183,111.173,111.174
2019-05-01 19:00:00,111.183,111.2,111.146,111.156,111.183,111.184
2019-05-01 20:00:00,111.156,111.186,111.114,111.121,111.156,111.157
2019-05-01 21:00:00,111.121,111.614,111.05,111.598,111.121,111.169
2019-05-01 22:00:00,111.585,111.598,111.411,111.433,111.585,111.586
2019-05-01 23:00:00,111.434,111.453,111.375,111.381,111.434,111.434
2019-05-02 00:00:00,111.368,111.453,111.356,111.406,111.368,111.402
2019-05-02 01:00:00,111.406,111.415,111.35,111.391,111.406,111.42
2019-05-02 02:00:00,111.39,111.47,111.39,111.449,111.39,111.391
2019-05-02 03:00:00,111.448,111.539,111.445,111.53,111.448,111.45
2019-05-02 04:00:00,111.53,111.572,111.487,111.549,111.53,111.531
2019-05-02 05:00:00,111.549,111.663,111.539,111.659,111.549,111.55
2019-05-02 06:00:00,111.659,111.665,111.527,111.547,111.659,111.661
2019-05-02 07:00:00,111.547,111.556,111.518,111.555,111.547,111.549
2019-05-02 08:00:00,111.555,111.565,111.533,111.558,111.555,111.556
2019-05-02 09:00:00,111.557,111.603,111.539,111.573,111.557,111.56
2019-05-02 10:00:00,111.573,111.573,111.447,111.505,111.573,111.573
2019-05-02 11:00:00,111.505,111.544,111.483,111.525,111.505,111.507
2019-05-02 12:00:00,111.525,111.555,111.52,111.541,111.525,111.525
2019-05-02 13:00:00,111.541,111.557,111.516,111.526,111.541,111.541
2019-05-02 14:00:00,111.526,111.531,111.468,111.514,111.526,111.529
2019-05-02 15:00:00,111.514,111.525,111.452,111.514,111.514,111.515
2019-05-02 16:00:00,111.514,111.551,111.498,111.522,111.514,111.515
2019-05-02 17:00:00,111.521,111.57,111.511,111.539,111.521,111.522
2019-05-02 18:00:00,111.539,111.57,111.372,111.392,111.539,111.539
2019-05-02 19:00:00,111.393,111.5,111.388,111.495,111.393,111.394
2019-05-02 20:00:00,111.495,111.509,111.475,111.485,111.495,111.495
2019-05-02 21:00:00,111.484,111.517,111.464,111.489,111.484,111.485
2019-05-02 22:00:00,111.489,111.531,111.486,111.519,111.489,111.491
2019-05-02 23:00:00,111.519,111.524,111.486,111.507,111.519,111.519
2019-05-03 00:00:00,111.494,111.515,111.478,111.511,111.494,111.519
2019-05-03 01:00:00,111.511,111.534,111.495,111.527,111.511,111.522
2019-05-03 02:00:00,111.527,111.535,111.495,111.497,111.527,111.529
2019-05-03 03:00:00,111.498,111.498,111.408,111.409,111.498,111.498
2019-05-03 04:00:00,111.41,111.44,111.407,111.434,111.41,111.41
2019-05-03 05:00:00,111.434,111.478,111.411,111.469,111.434,111.435
2019-05-03 06:00:00,111.468,111.498,111.467,111.476,111.468,111.469
2019-05-03 07:00:00,111.477,111.497,111.463,111.487,111.477,111.477
2019-05-03 08:00:00,111.487,111.5,111.476,111.485,111.487,111.488
2019-05-03 09:00:00,111.485,111.533,111.476,111.525,111.485,111.486
2019-05-03 10:00:00,111.525,111.542,111.472,111.477,111.525,111.527
2019-05-03 11:00:00,111.477,111.518,111.477,111.499,111.477,111.477
2019-05-03 12:00:00,111.499,111.524,111.474,111.475,111.499,111.499
2019-05-03 13:00:00,111.475,111.496,111.465,111.487,111.475,111.475
2019-05-03 14:00:00,111.487,111.536,111.487,111.51,111.487,111.488
2019-05-03 15:00:00,111.51,111.704,111.422,111.434,111.51,111.51
2019-05-03 16:00:00,111.434,111.448,111.338,111.352,111.434,111.434
2019-05-03 17:00:00,111.351,111.351,111.186,111.228,111.351,111.356
2019-05-03 18:00:00,111.228,111.29,111.154,111.273,111.228,111.228
2019-05-03 19:00:00,111.274,111.31,111.216,111.226,111.274,111.274
2019-05-03 20:00:00,111.226,111.248,111.197,111.198,111.226,111.227
2019-05-03 21:00:00,111.198,111.199,111.074,111.102,111.198,111.199
2019-05-03 22:00:00,111.102,111.121,111.07,111.094,111.102,111.102
2019-05-03 23:00:00,111.094,111.116,111.085,111.109,111.094,111.095
2019-05-06 00:00:00,110.6,110.725,110.522,110.6,110.6,110.649
2019-05-06 01:00:00,110.605,110.821,110.601,110.813,110.605,110.637
2019-05-06 02:00:00,110.813,110.844,110.617,110.637,110.813,110.815
2019-05-06 03:00:00,110.637,110.714,110.294,110.309,110.637,110.64
2019-05-06 04:00:00,110.309,110.55,110.283,110.525,110.309,110.309
2019-05-06 05:00:00,110.525,110.577,110.483,110.56,110.525,110.525
2019-05-06 06:00:00,110.56,110.643,110.554,110.576,110.56,110.56
2019-05-06 07:00:00,110.576,110.841,110.57,110.84,110.576,110.577
2019-05-06 08:00:00,110.84,110.852,110.744,110.776,110.84,110.841
2019-05-06 09:00:00,110.777,110.794,110.672,110.681,110.777,110.778
2019-05-06 10:00:00,110.681,110.842,110.637,110.735,110.681,110.682
2019-05-06 11:00:00,110.735,110.76,110.692,110.717,110.735,110.736
2019-05-06 12:00:00,110.717,110.762,110.715,110.752,110.717,110.719
2019-05-06 13:00:00,110.752,110.809,110.719,110.786,110.752,110.753
2019-05-06 14:00:00,110.785,110.861,110.771,110.84,110.785,110.787
2019-05-06 15:00:00,110.84,110.946,110.827,110.908,110.84,110.841
2019-05-06 16:00:00,110.908,110.943,110.839,110.906,110.908,110.909
2019-05-06 17:00:00,110.906,110.936,110.843,110.877,110.906,110.906
2019-05-06 18:00:00,110.876,110.959,110.844,110.857,110.876,110.878
2019-05-06 19:00:00,110.857,110.868,110.798,110.805,110.857,110.858
2019-05-06 20:00:00,110.805,110.854,110.772,110.851,110.805,110.806
2019-05-06 21:00:00,110.851,110.959,110.826,110.916,110.851,110.851
2019-05-06 22:00:00,110.916,110.926,110.867,110.885,110.916,110.916
2019-05-06 23:00:00,110.885,110.888,110.854,110.865,110.885,110.886
2019-05-07 00:00:00,110.748,110.748,110.574,110.685,110.748,110.786
2019-05-07 01:00:00,110.685,110.788,110.67,110.782,110.685,110.691
2019-05-07 02:00:00,110.782,110.852,110.746,110.801,110.782,110.782
2019-05-07 03:00:00,110.801,110.854,110.678,110.716,110.801,110.803
2019-05-07 04:00:00,110.716,110.728,110.629,110.649,110.716,110.717
2019-05-07 05:00:00,110.649,110.742,110.648,110.736,110.649,110.65
2019-05-07 06:00:00,110.736,110.737,110.59,110.641,110.736,110.737
2019-05-07 07:00:00,110.641,110.69,110.616,110.656,110.641,110.643
2019-05-07 08:00:00,110.656,110.657,110.61,110.632,110.656,110.657
2019-05-07 09:00:00,110.632,110.847,110.596,110.722,110.632,110.635
2019-05-07 10:00:00,110.722,110.726,110.606,110.653,110.722,110.722
2019-05-07 11:00:00,110.654,110.686,110.554,110.564,110.654,110.655
2019-05-07 12:00:00,110.564,110.634,110.542,110.569,110.564,110.565
2019-05-07 13:00:00,110.569,110.636,110.569,110.582,110.569,110.57
2019-05-07 14:00:00,110.582,110.661,110.573,110.591,110.582,110.582
2019-05-07 15:00:00,110.591,110.674,110.55,110.658,110.591,110.593
2019-05-07 16:00:00,110.658,110.67,110.451,110.483,110.658,110.659
2019-05-07 17:00:00,110.484,110.494,110.381,110.395,110.484,110.484
2019-05-07 18:00:00,110.394,110.45,110.332,110.346,110.394,110.395
2019-05-07 19:00:00,110.346,110.402,110.308,110.335,110.346,110.347
2019-05-07 20:00:00,110.335,110.357,110.169,110.192,110.335,110.336
2019-05-07 21:00:00,110.192,110.303,110.177,110.259,110.192,110.193
2019-05-07 22:00:00,110.259,110.297,110.182,110.272,110.259,110.26
2019-05-07 23:00:00,110.273,110.32,110.243,110.245,110.273,110.274
2019-05-08 00:00:00,110.233,110.293,110.211,110.252,110.233,110.295
2019-05-08 01:00:00,110.252,110.276,110.226,110.252,110.252,110.279
2019-05-08 02:00:00,110.252,110.288,110.232,110.266,110.252,110.254
2019-05-08 03:00:00,110.265,110.27,110.091,110.127,110.265,110.266
2019-05-08 04:00:00,110.127,110.209,110.075,110.094,110.127,110.129
2019-05-08 05:00:00,110.094,110.106,109.965,110.021,110.094,110.095
2019-05-08 06:00:00,110.022,110.048,109.904,109.943,110.022,110.022
2019-05-08 07:00:00,109.943,109.994,109.92,109.963,109.943,109.944
2019-05-08 08:00:00,109.963,110.06,109.961,110.054,109.963,109.965
2019-05-08 09:00:00,110.054,110.112,110.005,110.109,110.054,110.055
2019-05-08 10:00:00,110.109,110.172,110.086,110.136,110.109,110.109
2019-05-08 11:00:00,110.136,110.179,110.066,110.148,110.136,110.136
2019-05-08 12:00:00,110.147,110.148,109.981,109.983,110.147,110.148
2019-05-08 13:00:00,109.983,110.072,109.954,110.005,109.983,109.984
2019-05-08 14:00:00,110.005,110.102,109.97,110.088,110.005,110.006
2019-05-08 15:00:00,110.088,110.268,110.048,110.133,110.088,110.088
2019-05-08 16:00:00,110.136,110.182,110.063,110.133,110.136,110.136
2019-05-08 17:00:00,110.133,110.218,110.087,110.204,110.133,110.133
2019-05-08 18:00:00,110.202,110.21,109.964,110.127,110.202,110.202
2019-05-08 19:00:00,110.127,110.184,110.08,110.144,110.127,110.127
2019-05-08 20:00:00,110.144,110.226,110.089,110.11,110.144,110.145
2019-05-08 21:00:00,110.11,110.169,110.102,110.134,110.11,110.111
2019-05-08 22:00:00,110.134,110.144,110.048,110.067,110.134,110.135
2019-05-08 23:00:00,110.068,110.128,110.067,110.1,110.068,110.068
2019-05-09 00:00:00,110.091,110.109,110.059,110.059,110.091,110.107
2019-05-09 01:00:00,110.059,110.079,110.013,110.067,110.059,110.085
2019-05-09 02:00:00,110.067,110.069,110.014,110.031,110.067,110.068
2019-05-09 03:00:00,110.031,110.084,109.833,109.944,110.031,110.031
2019-05-09 04:00:00,109.944,110.04,109.908,109.988,109.944,109.944
2019-05-09 05:00:00,109.988,110.007,109.862,109.919,109.988,109.989
2019-05-09 06:00:00,109.919,109.958,109.896,109.957,109.919,109.92
2019-05-09 07:00:00,109.956,109.964,109.926,109.932,109.956,109.958
2019-05-09 08:00:00,109.932,109.968,109.896,109.939,109.932,109.933
2019-05-09 09:00:00,109.939,109.958,109.822,109.823,109.939,109.94
2019-05-09 10:00:00,109.823,109.839,109.602,109.623,109.823,109.825
2019-05-09 11:00:00,109.623,109.734,109.612,109.704,109.623,109.624
2019-05-09 12:00:00,109.704,109.787,109.7,109.749,109.704,109.705
2019-05-09 13:00:00,109.749,109.917,109.739,109.881,109.749,109.75
2019-05-09 14:00:00,109.882,109.887,109.813,109.82,109.882,109.882
2019-05-09 15:00:00,109.82,109.855,109.748,109.761,109.82,109.82
2019-05-09 16:00:00,109.76,109.834,109.563,109.643,109.76,109.76
2019-05-09 17:00:00,109.643,109.661,109.51,109.558,109.643,109.644
2019-05-09 18:00:00,109.558,109.598,109.472,109.563,109.558,109.559
2019-05-09 19:00:00,109.563,109.899,109.551,109.784,109.563,109.564
2019-05-09 20:00:00,109.784,109.818,109.687,109.713,109.784,109.785
2019-05-09 21:00:00,109.713,109.754,109.681,109.695,109.713,109.715
2019-05-09 22:00:00,109.695,109.744,109.621,109.728,109.695,109.696
2019-05-09 23:00:00,109.728,109.802,109.688,109.762,109.728,109.728
2019-05-10 00:00:00,109.666,109.781,109.666,109.716,109.666,109.766
2019-05-10 01:00:00,109.716,109.739,109.692,109.726,109.716,109.727
2019-05-10 02:00:00,109.726,109.845,109.723,109.826,109.726,109.728
2019-05-10 03:00:00,109.825,109.924,109.748,109.878,109.825,109.827
2019-05-10 04:00:00,109.878,110.05,109.793,110.037,109.878,109.879
2019-05-10 05:00:00,110.037,110.039,109.843,109.843,110.037,110.038
2019-05-10 06:00:00,109.844,109.916,109.732,109.769,109.844,109.845
2019-05-10 07:00:00,109.77,109.888,109.669,109.711,109.77,109.771
2019-05-10 08:00:00,109.71,109.746,109.622,109.74,109.71,109.711
2019-05-10 09:00:00,109.74,109.822,109.689,109.782,109.74,109.742
2019-05-10 10:00:00,109.782,109.838,109.737,109.767,109.782,109.782
2019-05-10 11:00:00,109.766,109.87,109.749,109.833,109.766,109.767
2019-05-10 12:00:00,109.832,109.878,109.815,109.83,109.832,109.834
2019-05-10 13:00:00,109.83,109.883,109.762,109.764,109.83,109.831
2019-05-10 14:00:00,109.764,109.822,109.716,109.744,109.764,109.764
2019-05-10 15:00:00,109.743,109.768,109.626,109.682,109.743,109.744
2019-05-10 16:00:00,109.682,109.741,109.64,109.655,109.682,109.683
2019-05-10 17:00:00,109.655,109.668,109.501,109.583,109.655,109.656
2019-05-10 18:00:00,109.583,109.694,109.47,109.558,109.583,109.584
2019-05-10 19:00:00,109.558,109.73,109.558,109.683,109.558,109.561
2019-05-10 20:00:00,109.682,109.901,109.67,109.854,109.682,109.684
2019-05-10 21:00:00,109.854,109.96,109.844,109.907,109.854,109.857
2019-05-10 22:00:00,109.906,110.043,109.875,109.936,109.906,109.908
2019-05-10 23:00:00,109.937,109.978,109.915,109.972,109.937,109.938
2019-05-13 00:00:00,109.756,109.837,109.753,109.785,109.756,109.792
2019-05-13 01:00:00,109.785,109.832,109.726,109.769,109.785,109.793
2019-05-13 02:00:00,109.768,109.776,109.635,109.645,109.768,109.77
2019-05-13 03:00:00,109.646,109.736,109.598,109.716,109.646,109.647
2019-05-13 04:00:00,109.717,109.781,109.699,109.776,109.717,109.718
2019-05-13 05:00:00,109.776,109.807,109.716,109.747,109.776,109.777
2019-05-13 06:00:00,109.747,109.79,109.727,109.763,109.747,109.747
2019-05-13 07:00:00,109.763,109.787,109.758,109.777,109.763,109.764
2019-05-13 08:00:00,109.776,109.783,109.708,109.745,109.776,109.778
2019-05-13 09:00:00,109.745,109.773,109.693,109.739,109.745,109.746
2019-05-13 10:00:00,109.738,109.75,109.628,109.641,109.738,109.74
2019-05-13 11:00:00,109.642,109.706,109.592,109.657,109.642,109.643
2019-05-13 12:00:00,109.657,109.721,109.653,109.68,109.657,109.658
2019-05-13 13:00:00,109.68,109.688,109.647,109.664,109.68,109.681
2019-05-13 14:00:00,109.664,109.671,109.6,109.625,109.664,109.664
2019-05-13 15:00:00,109.625,109.632,109.09,109.137,109.625,109.625
2019-05-13 16:00:00,109.137,109.188,109.04,109.086,109.137,109.138
2019-05-13 17:00:00,109.086,109.158,109.019,109.127,109.086,109.087
2019-05-13 18:00:00,109.126,109.228,109.096,109.19,109.126,109.127
2019-05-13 19:00:00,109.19,109.199,109.078,109.17,109.19,109.19
2019-05-13 20:00:00,109.119,109.347,109.097,109.272,109.119,109.12
2019-05-13 21:00:00,109.272,109.39,109.209,109.328,109.272,109.273
2019-05-13 22:00:00,109.328,109.378,109.261,109.333,109.328,109.331
2019-05-13 23:00:00,109.334,109.348,109.296,109.305,109.334,109.334
2019-05-14 00:00:00,109.287,109.301,109.2,109.205,109.287,109.315
2019-05-14 01:00:00,109.205,109.265,109.195,109.231,109.205,109.23
2019-05-14 02:00:00,109.231,109.259,109.146,109.16,109.231,109.232
2019-05-14 03:00:00,109.161,109.43,109.153,109.419,109.161,109.161
2019-05-14 04:00:00,109.419,109.642,109.387,109.581,109.419,109.42
2019-05-14 05:00:00,109.582,109.593,109.548,109.557,109.582,109.582
2019-05-14 06:00:00,109.558,109.617,109.555,109.591,109.558,109.559
2019-05-14 07:00:00,109.591,109.706,109.572,109.659,109.591,109.593
2019-05-14 08:00:00,109.659,109.68,109.611,109.65,109.659,109.661
2019-05-14 09:00:00,109.65,109.657,109.536,109.643,109.65,109.652
2019-05-14 10:00:00,109.643,109.773,109.638,109.675,109.643,109.644
2019-05-14 11:00:00,109.675,109.69,109.597,109.668,109.675,109.676
2019-05-14 12:00:00,109.669,109.733,109.649,109.652,109.669,109.669
2019-05-14 13:00:00,109.652,109.707,109.647,109.674,109.652,109.653
2019-05-14 14:00:00,109.675,109.763,109.607,109.626,109.675,109.676
2019-05-14 15:00:00,109.625,109.639,109.444,109.554,109.625,109.626
2019-05-14 16:00:00,109.554,109.629,109.496,109.573,109.554,109.555
2019-05-14 17:00:00,109.573,109.614,109.525,109.583,109.573,109.573
2019-05-14 18:00:00,109.583,109.713,109.567,109.671,109.583,109.584
2019-05-14 19:00:00,109.673,109.69,109.655,109.658,109.673,109.673
2019-05-14 20:00:00,109.658,109.712,109.655,109.699,109.658,109.658
2019-05-14 21:00:00,109.699,109.704,109.611,109.627,109.699,109.7
2019-05-14 22:00:00,109.627,109.704,109.603,109.606,109.627,109.628
2019-05-14 23:00:00,109.607,109.634,109.578,109.606,109.607,109.607
2019-05-15 00:00:00,109.612,109.656,109.598,109.644,109.612,109.648
2019-05-15 01:00:00,109.644,109.658,109.621,109.653,109.644,109.659
2019-05-15 02:00:00,109.653,109.682,109.631,109.676,109.653,109.654
2019-05-15 03:00:00,109.676,109.687,109.523,109.589,109.676,109.676
2019-05-15 04:00:00,109.59,109.69,109.527,109.648,109.59,109.59
2019-05-15 05:00:00,109.648,109.682,109.573,109.652,109.648,109.648
2019-05-15 06:00:00,109.651,109.673,109.62,109.639,109.651,109.651
2019-05-15 07:00:00,109.64,109.657,109.628,109.648,109.64,109.64
2019-05-15 08:00:00,109.652,109.688,109.63,109.687,109.652,109.652
2019-05-15 09:00:00,109.687,109.703,109.637,109.692,109.687,109.688
2019-05-15 10:00:00,109.692,109.693,109.482,109.511,109.692,109.693
2019-05-15 11:00:00,109.511,109.542,109.403,109.408,109.511,109.512
2019-05-15 12:00:00,109.408,109.476,109.308,109.342,109.408,109.408
2019-05-15 13:00:00,109.342,109.383,109.271,109.364,109.342,109.344
2019-05-15 14:00:00,109.363,109.426,109.293,109.332,109.363,109.364
2019-05-15 15:00:00,109.332,109.336,109.177,109.277,109.332,109.332
2019-05-15 16:00:00,109.277,109.405,109.155,109.347,109.277,109.277
2019-05-15 17:00:00,109.348,109.692,109.312,109.47,109.348,109.348
2019-05-15 18:00:00,109.47,109.615,109.46,109.587,109.47,109.471
2019-05-15 19:00:00,109.587,109.598,109.408,109.436,109.587,109.587
2019-05-15 20:00:00,109.437,109.528,109.425,109.488,109.437,109.437
2019-05-15 21:00:00,109.488,109.588,109.485,109.551,109.488,109.489
2019-05-15 22:00:00,109.551,109.588,109.546,109.557,109.551,109.552
2019-05-15 23:00:00,109.557,109.598,109.545,109.586,109.557,109.558
2019-05-16 00:00:00,109.584,109.592,109.534,109.584,109.584,109.593
2019-05-16 01:00:00,109.585,109.589,109.536,109.556,109.585,109.596
2019-05-16 02:00:00,109.556,109.561,109.463,109.473,109.556,109.558
2019-05-16 03:00:00,109.471,109.475,109.383,109.458,109.471,109.473
2019-05-16 04:00:00,109.459,109.461,109.335,109.412,109.459,109.46
2019-05-16 05:00:00,109.412,109.535,109.39,109.48,109.412,109.412
2019-05-16 06:00:00,109.479,109.533,109.467,109.494,109.479,109.48
2019-05-16 07:00:00,109.493,109.531,109.462,109.464,109.493,109.494
2019-05-16 08:00:00,109.464,109.485,109.435,109.47,109.464,109.465
2019-05-16 09:00:00,109.471,109.5,109.418,109.47,109.471,109.472
2019-05-16 10:00:00,109.47,109.494,109.351,109.454,109.47,109.47
2019-05-16 11:00:00,109.454,109.594,109.426,109.553,109.454,109.454
2019-05-16 12:00:00,109.553,109.603,109.528,109.575,109.553,109.555
2019-05-16 13:00:00,109.575,109.668,109.573,109.642,109.575,109.575
2019-05-16 14:00:00,109.642,109.679,109.602,109.676,109.642,109.642
2019-05-16 15:00:00,109.676,109.8,109.601,109.746,109.676,109.676
2019-05-16 16:00:00,109.746,109.886,109.698,109.842,109.746,109.747
2019-05-16 17:00:00,109.842,109.941,109.81,109.938,109.842,109.843
2019-05-16 18:00:00,109.94,109.968,109.869,109.891,109.94,109.94
2019-05-16 19:00:00,109.891,109.901,109.837,109.853,109.891,109.892
2019-05-16 20:00:00,109.853,109.878,109.8,109.819,109.853,109.853
2019-05-16 21:00:00,109.819,109.874,109.798,109.85,109.819,109.82
2019-05-16 22:00:00,109.851,109.872,109.811,109.826,109.851,109.851
2019-05-16 23:00:00,109.826,109.853,109.816,109.844,109.826,109.826
2019-05-17 00:00:00,109.843,109.874,109.834,109.855,109.843,109.855
2019-05-17 01:00:00,109.856,109.865,109.829,109.863,109.856,109.864
2019-05-17 02:00:00,109.863,109.884,109.833,109.881,109.863,109.864
2019-05-17 03:00:00,109.881,109.973,109.815,109.961,109.881,109.883
2019-05-17 04:00:00,109.961,110.034,109.907,109.954,109.961,109.963
2019-05-17 05:00:00,109.954,109.966,109.851,109.852,109.954,109.955
2019-05-17 06:00:00,109.852,109.876,109.685,109.686,109.852,109.854
2019-05-17 07:00:00,109.685,109.765,109.676,109.717,109.685,109.686
2019-05-17 08:00:00,109.717,109.717,109.601,109.635,109.717,109.717
2019-05-17 09:00:00,109.635,109.671,109.55,109.621,109.635,109.636
2019-05-17 10:00:00,109.621,109.747,109.598,109.727,109.621,109.622
2019-05-17 11:00:00,109.728,109.728,109.589,109.616,109.728,109.728
2019-05-17 12:00:00,109.616,109.726,109.601,109.7,109.616,109.617
2019-05-17 13:00:00,109.701,109.702,109.637,109.646,109.701,109.701
2019-05-17 14:00:00,109.645,109.645,109.56,109.568,109.645,109.647
2019-05-17 15:00:00,109.568,109.686,109.494,109.616,109.568,109.569
2019-05-17 16:00:00,109.617,109.748,109.576,109.725,109.617,109.617
2019-05-17 17:00:00,109.725,110.003,109.725,109.977,109.725,109.728
2019-05-17 18:00:00,109.977,110.006,109.88,109.88,109.977,109.978
2019-05-17 19:00:00,109.88,109.956,109.839,109.949,109.88,109.881
2019-05-17 20:00:00,109.949,110.193,109.945,110.053,109.949,109.95
2019-05-17 21:00:00,110.052,110.112,110.023,110.112,110.052,110.054
2019-05-17 22:00:00,110.112,110.112,109.928,110.004,110.112,110.113
2019-05-17 23:00:00,110.004,110.081,110.003,110.031,110.004,110.004
2019-05-20 00:00:00,110.103,110.131,110.047,110.075,110.103,110.165
2019-05-20 01:00:00,110.075,110.087,110.015,110.036,110.075,110.092
2019-05-20 02:00:00,110.036,110.214,110.028,110.171,110.036,110.037
2019-05-20 03:00:00,110.174,110.265,110.148,110.225,110.174,110.174
2019-05-20 04:00:00,110.225,110.318,110.199,110.208,110.225,110.225
2019-05-20 05:00:00,110.209,110.267,110.175,110.235,110.209,110.211
2019-05-20 06:00:00,110.235,110.239,110.181,110.204,110.235,110.235
2019-05-20 07:00:00,110.203,110.235,110.202,110.217,110.203,110.204
2019-05-20 08:00:00,110.217,110.226,110.131,110.159,110.217,110.218
2019-05-20 09:00:00,110.16,110.179,110.108,110.165,110.16,110.16
2019-05-20 10:00:00,110.165,110.193,110.051,110.11,110.165,110.166
2019-05-20 11:00:00,110.11,110.167,109.998,110.015,110.11,110.11
2019-05-20 12:00:00,110.015,110.082,110.007,110.08,110.015,110.015
2019-05-20 13:00:00,110.08,110.08,109.896,109.916,110.08,110.08
2019-05-20 14:00:00,109.915,109.939,109.842,109.884,109.915,109.916
2019-05-20 15:00:00,109.884,109.923,109.81,109.921,109.884,109.884
2019-05-20 16:00:00,109.921,109.968,109.814,109.948,109.921,109.922
2019-05-20 17:00:00,109.948,110.015,109.9,109.969,109.948,109.949
2019-05-20 18:00:00,109.969,109.997,109.93,109.958,109.969,109.969
2019-05-20 19:00:00,109.958,110.063,109.948,109.97,109.958,109.958
2019-05-20 20:00:00,109.97,109.989,109.944,109.975,109.97,109.971
2019-05-20 21:00:00,109.975,109.993,109.954,109.977,109.975,109.976
2019-05-20 22:00:00,109.977,110.043,109.969,110.032,109.977,109.978
2019-05-20 23:00:00,110.032,110.062,110.019,110.06,110.032,110.033
2019-05-21 00:00:00,110.056,110.12,110.01,110.078,110.056,110.071
2019-05-21 01:00:00,110.078,110.078,110.021,110.036,110.078,110.088
2019-05-21 02:00:00,110.036,110.096,110.033,110.085,110.036,110.039
2019-05-21 03:00:00,110.085,110.163,110.043,110.157,110.085,110.087
2019-05-21 04:00:00,110.157,110.211,110.13,110.188,110.157,110.158
2019-05-21 05:00:00,110.188,110.203,110.135,110.19,110.188,110.189
2019-05-21 06:00:00,110.19,110.263,110.182,110.224,110.19,110.192
2019-05-21 07:00:00,110.224,110.225,110.162,110.176,110.224,110.226
2019-05-21 08:00:00,110.176,110.189,110.142,110.166,110.176,110.178
2019-05-21 09:00:00,110.165,110.235,110.137,110.201,110.165,110.165
2019-05-21 10:00:00,110.201,110.218,110.065,110.126,110.201,110.202
2019-05-21 11:00:00,110.125,110.143,110.083,110.114,110.125,110.126
2019-05-21 12:00:00,110.114,110.192,110.067,110.189,110.114,110.115
2019-05-21 13:00:00,110.189,110.318,110.188,110.285,110.189,110.189
2019-05-21 14:00:00,110.285,110.437,110.255,110.428,110.285,110.287
2019-05-21 15:00:00,110.428,110.565,110.402,110.545,110.428,110.428
2019-05-21 16:00:00,110.545,110.602,110.486,110.578,110.545,110.545
2019-05-21 17:00:00,110.578,110.635,110.519,110.572,110.578,110.581
2019-05-21 18:00:00,110.573,110.66,110.533,110.611,110.573,110.575
2019-05-21 19:00:00,110.608,110.662,110.605,110.656,110.608,110.608
2019-05-21 20:00:00,110.656,110.673,110.632,110.654,110.656,110.656
2019-05-21 21:00:00,110.654,110.672,110.595,110.628,110.654,110.655
2019-05-21 22:00:00,110.628,110.628,110.529,110.543,110.628,110.628
2019-05-21 23:00:00,110.543,110.571,110.445,110.485,110.543,110.544
2019-05-22 00:00:00,110.491,110.545,110.48,110.509,110.491,110.502
2019-05-22 01:00:00,110.509,110.554,110.488,110.547,110.509,110.522
2019-05-22 02:00:00,110.547,110.592,110.538,110.566,110.547,110.547
2019-05-22 03:00:00,110.567,110.587,110.467,110.497,110.567,110.567
2019-05-22 04:00:00,110.497,110.603,110.494,110.581,110.497,110.498
2019-05-22 05:00:00,110.581,110.626,110.535,110.535,110.581,110.582
2019-05-22 06:00:00,110.535,110.563,110.487,110.508,110.535,110.537
2019-05-22 07:00:00,110.508,110.518,110.387,110.454,110.508,110.508
2019-05-22 08:00:00,110.454,110.472,110.417,110.453,110.454,110.454
2019-05-22 09:00:00,110.453,110.502,110.399,110.426,110.453,110.455
2019-05-22 10:00:00,110.426,110.429,110.362,110.37,110.426,110.426
2019-05-22 11:00:00,110.37,110.456,110.366,110.42,110.37,110.37
2019-05-22 12:00:00,110.42,110.483,110.411,110.459,110.42,110.42
2019-05-22 13:00:00,110.459,110.485,110.432,110.457,110.459,110.459
2019-05-22 14:00:00,110.457,110.458,110.366,110.372,110.457,110.458
2019-05-22 15:00:00,110.373,110.392,110.287,110.375,110.373,110.373
2019-05-22 16:00:00,110.375,110.412,110.315,110.367,110.375,110.376
2019-05-22 17:00:00,110.367,110.435,110.292,110.329,110.367,110.367
2019-05-22 18:00:00,110.329,110.354,110.257,110.283,110.329,110.329
2019-05-22 19:00:00,110.283,110.296,110.247,110.25,110.283,110.284
2019-05-22 20:00:00,110.25,110.304,110.245,110.289,110.25,110.25
2019-05-22 21:00:00,110.289,110.32,110.241,110.285,110.289,110.297
2019-05-22 22:00:00,110.285,110.356,110.282,110.334,110.285,110.285
2019-05-22 23:00:00,110.335,110.356,110.32,110.355,110.335,110.336
2019-05-23 00:00:00,110.346,110.351,110.281,110.329,110.346,110.353
2019-05-23 01:00:00,110.329,110.333,110.297,110.305,110.329,110.337
2019-05-23 02:00:00,110.305,110.308,110.206,110.218,110.305,110.305
2019-05-23 03:00:00,110.218,110.246,110.173,110.212,110.218,110.219
2019-05-23 04:00:00,110.212,110.224,110.128,110.215,110.212,110.213
2019-05-23 05:00:00,110.216,110.299,110.179,110.27,110.216,110.217
2019-05-23 06:00:00,110.271,110.365,110.239,110.34,110.271,110.272
2019-05-23 07:00:00,110.34,110.343,110.308,110.332,110.34,110.341
2019-05-23 08:00:00,110.332,110.344,110.277,110.293,110.332,110.333
2019-05-23 09:00:00,110.293,110.336,110.224,110.25,110.293,110.294
2019-05-23 10:00:00,110.25,110.301,110.165,110.298,110.25,110.251
2019-05-23 11:00:00,110.298,110.303,110.102,110.14,110.298,110.299
2019-05-23 12:00:00,110.14,110.172,110.052,110.055,110.14,110.14
2019-05-23 13:00:00,110.056,110.088,109.983,110.04,110.056,110.056
2019-05-23 14:00:00,110.04,110.145,110.04,110.1,110.04,110.041
2019-05-23 15:00:00,110.1,110.11,109.953,109.991,110.1,110.1
2019-05-23 16:00:00,109.991,110.09,109.78,109.814,109.991,109.993
2019-05-23 17:00:00,109.814,109.849,109.66,109.736,109.814,109.816
2019-05-23 18:00:00,109.736,109.761,109.566,109.578,109.736,109.737
2019-05-23 19:00:00,109.578,109.657,109.508,109.515,109.578,109.578
2019-05-23 20:00:00,109.515,109.604,109.502,109.583,109.515,109.515
2019-05-23 21:00:00,109.583,109.612,109.459,109.486,109.583,109.583
2019-05-23 22:00:00,109.484,109.617,109.46,109.602,109.484,109.484
2019-05-23 23:00:00,109.603,109.612,109.533,109.6,109.603,109.604
2019-05-24 00:00:00,109.595,109.626,109.559,109.614,109.595,109.616
2019-05-24 01:00:00,109.617,109.63,109.479,109.503,109.617,109.623
2019-05-24 02:00:00,109.503,109.578,109.494,109.556,109.503,109.504
2019-05-24 03:00:00,109.557,109.718,109.551,109.693,109.557,109.559
2019-05-24 04:00:00,109.693,109.745,109.658,109.665,109.693,109.693
2019-05-24 05:00:00,109.665,109.668,109.601,109.613,109.665,109.666
2019-05-24 06:00:00,109.616,109.618,109.509,109.585,109.616,109.616
2019-05-24 07:00:00,109.585,109.635,109.575,109.581,109.585,109.585
2019-05-24 08:00:00,109.58,109.629,109.561,109.615,109.58,109.582
2019-05-24 09:00:00,109.615,109.624,109.484,109.525,109.615,109.616
2019-05-24 10:00:00,109.524,109.582,109.456,109.529,109.524,109.524
2019-05-24 11:00:00,109.529,109.605,109.517,109.539,109.529,109.53
2019-05-24 12:00:00,109.539,109.655,109.505,109.649,109.539,109.539
2019-05-24 13:00:00,109.649,109.725,109.643,109.675,109.649,109.649
2019-05-24 14:00:00,109.675,109.728,109.606,109.625,109.675,109.676
2019-05-24 15:00:00,109.625,109.625,109.497,109.518,109.625,109.625
2019-05-24 16:00:00,109.518,109.65,109.495,109.574,109.518,109.518
2019-05-24 17:00:00,109.573,109.592,109.335,109.351,109.573,109.573
2019-05-24 18:00:00,109.351,109.404,109.274,109.377,109.351,109.353
2019-05-24 19:00:00,109.376,109.426,109.334,109.375,109.376,109.376
2019-05-24 20:00:00,109.375,109.387,109.34,109.346,109.375,109.375
2019-05-24 21:00:00,109.346,109.352,109.32,109.328,109.346,109.347
2019-05-24 22:00:00,109.328,109.336,109.292,109.299,109.328,109.329
2019-05-24 23:00:00,109.299,109.304,109.287,109.293,109.299,109.299
2019-05-27 00:00:00,109.257,109.345,109.257,109.322,109.257,109.352
2019-05-27 01:00:00,109.322,109.414,109.28,109.405,109.322,109.336
2019-05-27 02:00:00,109.405,109.422,109.361,109.399,109.405,109.406
2019-05-27 03:00:00,109.399,109.513,109.358,109.481,109.399,109.4
2019-05-27 04:00:00,109.481,109.482,109.405,109.425,109.481,109.481
2019-05-27 05:00:00,109.425,109.477,109.417,109.461,109.425,109.425
2019-05-27 06:00:00,109.461,109.5,109.444,109.45,109.461,109.461
2019-05-27 07:00:00,109.449,109.496,109.448,109.483,109.449,109.45
2019-05-27 08:00:00,109.483,109.501,109.461,109.476,109.483,109.484
2019-05-27 09:00:00,109.476,109.585,109.476,109.562,109.476,109.477
2019-05-27 10:00:00,109.562,109.581,109.508,109.571,109.562,109.564
2019-05-27 11:00:00,109.572,109.575,109.483,109.491,109.572,109.573
2019-05-27 12:00:00,109.491,109.499,109.444,109.459,109.491,109.493
2019-05-27 13:00:00,109.459,109.492,109.453,109.484,109.459,109.461
2019-05-27 14:00:00,109.485,109.51,109.481,109.481,109.485,109.485
2019-05-27 15:00:00,109.482,109.511,109.447,109.502,109.482,109.482
2019-05-27 16:00:00,109.502,109.51,109.47,109.496,109.502,109.503
2019-05-27 17:00:00,109.496,109.535,109.485,109.533,109.496,109.498
2019-05-27 18:00:00,109.533,109.555,109.519,109.54,109.533,109.534
2019-05-27 19:00:00,109.54,109.564,109.52,109.532,109.54,109.541
2019-05-27 20:00:00,109.533,109.545,109.507,109.53,109.533,109.533
2019-05-27 21:00:00,109.53,109.534,109.521,109.531,109.53,109.53
2019-05-27 22:00:00,109.531,109.542,109.524,109.538,109.531,109.533
2019-05-27 23:00:00,109.538,109.551,109.524,109.524,109.538,109.54
2019-05-28 00:00:00,109.504,109.532,109.465,109.469,109.504,109.546
2019-05-28 01:00:00,109.469,109.548,109.468,109.536,109.469,109.48
2019-05-28 02:00:00,109.536,109.554,109.5,109.512,109.536,109.538
2019-05-28 03:00:00,109.512,109.63,109.494,109.583,109.512,109.513
2019-05-28 04:00:00,109.583,109.596,109.442,109.503,109.583,109.583
2019-05-28 05:00:00,109.503,109.534,109.431,109.485,109.503,109.505
2019-05-28 06:00:00,109.485,109.501,109.462,109.499,109.485,109.486
2019-05-28 07:00:00,109.499,109.574,109.475,109.551,109.499,109.499
2019-05-28 08:00:00,109.551,109.565,109.53,109.53,109.551,109.552
2019-05-28 09:00:00,109.53,109.542,109.429,109.523,109.53,109.532
2019-05-28 10:00:00,109.524,109.532,109.343,109.412,109.524,109.524
2019-05-28 11:00:00,109.412,109.415,109.211,109.227,109.412,109.413
2019-05-28 12:00:00,109.227,109.355,109.227,109.355,109.227,109.227
2019-05-28 13:00:00,109.355,109.409,109.278,109.389,109.355,109.356
2019-05-28 14:00:00,109.389,109.465,109.345,109.425,109.389,109.39
2019-05-28 15:00:00,109.426,109.538,109.39,109.446,109.426,109.427
2019-05-28 16:00:00,109.444,109.522,109.36,109.497,109.444,109.444
2019-05-28 17:00:00,109.497,109.61,109.451,109.508,109.497,109.501
2019-05-28 18:00:00,109.508,109.568,109.43,109.495,109.508,109.508
2019-05-28 19:00:00,109.495,109.576,109.482,109.543,109.495,109.495
2019-05-28 20:00:00,109.543,109.564,109.503,109.512,109.543,109.543
2019-05-28 21:00:00,109.513,109.513,109.45,109.484,109.513,109.513
2019-05-28 22:00:00,109.484,109.498,109.34,109.343,109.484,109.485
2019-05-28 23:00:00,109.343,109.382,109.328,109.371,109.343,109.344
2019-05-29 00:00:00,109.372,109.376,109.347,109.357,109.372,109.388
2019-05-29 01:00:00,109.361,109.372,109.292,109.354,109.361,109.368
2019-05-29 02:00:00,109.354,109.39,109.337,109.357,109.354,109.357
2019-05-29 03:00:00,109.356,109.383,109.149,109.275,109.356,109.356
2019-05-29 04:00:00,109.275,109.437,109.255,109.325,109.275,109.276
2019-05-29 05:00:00,109.325,109.424,109.323,109.387,109.325,109.325
2019-05-29 06:00:00,109.387,109.399,109.336,109.352,109.387,109.388
2019-05-29 07:00:00,109.351,109.352,109.237,109.24,109.351,109.351
2019-05-29 08:00:00,109.24,109.305,109.239,109.247,109.24,109.241
2019-05-29 09:00:00,109.248,109.273,109.162,109.222,109.248,109.248
2019-05-29 10:00:00,109.223,109.272,109.154,109.205,109.223,109.224
2019-05-29 11:00:00,109.205,109.306,109.204,109.255,109.205,109.205
2019-05-29 12:00:00,109.255,109.296,109.192,109.284,109.255,109.257
2019-05-29 13:00:00,109.284,109.417,109.274,109.401,109.284,109.285
2019-05-29 14:00:00,109.401,109.402,109.302,109.325,109.401,109.403
2019-05-29 15:00:00,109.324,109.361,109.257,109.349,109.324,109.326
2019-05-29 16:00:00,109.349,109.379,109.277,109.322,109.349,109.35
2019-05-29 17:00:00,109.322,109.41,109.304,109.357,109.322,109.325
2019-05-29 18:00:00,109.357,109.468,109.191,109.243,109.357,109.357
2019-05-29 19:00:00,109.243,109.382,109.216,109.37,109.243,109.244
2019-05-29 20:00:00,109.37,109.56,109.356,109.535,109.37,109.371
2019-05-29 21:00:00,109.534,109.54,109.43,109.452,109.534,109.534
2019-05-29 22:00:00,109.452,109.699,109.432,109.663,109.452,109.453
2019-05-29 23:00:00,109.664,109.666,109.585,109.589,109.664,109.664
2019-05-30 00:00:00,109.591,109.591,109.538,109.546,109.591,109.597
2019-05-30 01:00:00,109.546,109.596,109.536,109.591,109.546,109.555
2019-05-30 02:00:00,109.591,109.613,109.523,109.562,109.591,109.594
2019-05-30 03:00:00,109.562,109.64,109.477,109.501,109.562,109.563
2019-05-30 04:00:00,109.501,109.597,109.487,109.524,109.501,109.501
2019-05-30 05:00:00,109.523,109.575,109.516,109.572,109.523,109.524
2019-05-30 06:00:00,109.572,109.623,109.553,109.585,109.572,109.572
2019-05-30 07:00:00,109.585,109.715,109.585,109.684,109.585,109.586
2019-05-30 08:00:00,109.684,109.728,109.652,109.699,109.684,109.685
2019-05-30 09:00:00,109.699,109.784,109.664,109.753,109.699,109.699
2019-05-30 10:00:00,109.753,109.827,109.731,109.75,109.753,109.753
2019-05-30 11:00:00,109.75,109.757,109.679,109.707,109.75,109.75
2019-05-30 12:00:00,109.707,109.746,109.656,109.697,109.707,109.707
2019-05-30 13:00:00,109.697,109.728,109.662,109.725,109.697,109.698
2019-05-30 14:00:00,109.725,109.73,109.664,109.708,109.725,109.726
2019-05-30 15:00:00,109.708,109.731,109.659,109.672,109.708,109.708
2019-05-30 16:00:00,109.672,109.926,109.631,109.889,109.672,109.672
2019-05-30 17:00:00,109.889,109.91,109.801,109.864,109.889,109.889
2019-05-30 18:00:00,109.864,109.864,109.648,109.667,109.864,109.865
2019-05-30 19:00:00,109.669,109.715,109.644,109.694,109.669,109.67
2019-05-30 20:00:00,109.694,109.701,109.59,109.606,109.694,109.695
2019-05-30 21:00:00,109.606,109.631,109.518,109.554,109.606,109.607
2019-05-30 22:00:00,109.553,109.612,109.474,109.558,109.553,109.553
2019-05-30 23:00:00,109.558,109.631,109.555,109.626,109.558,109.559
2019-05-31 00:00:00,109.619,109.619,109.562,109.587,109.619,109.632
2019-05-31 01:00:00,109.584,109.621,109.568,109.583,109.584,109.602
2019-05-31 02:00:00,109.583,109.594,109.321,109.337,109.583,109.585
2019-05-31 03:00:00,109.337,109.362,109.224,109.272,109.337,109.337
2019-05-31 04:00:00,109.272,109.399,109.238,109.342,109.272,109.273
2019-05-31 05:00:00,109.342,109.359,109.124,109.267,109.342,109.343
2019-05-31 06:00:00,109.267,109.34,109.135,109.187,109.267,109.269
2019-05-31 07:00:00,109.187,109.21,108.985,109.015,109.187,109.188
2019-05-31 08:00:00,109.015,109.027,108.89,108.937,109.015,109.018
2019-05-31 09:00:00,108.937,108.975,108.87,108.888,108.937,108.939
2019-05-31 10:00:00,108.889,108.931,108.756,108.776,108.889,108.891
2019-05-31 11:00:00,108.776,108.879,108.773,108.785,108.776,108.776
2019-05-31 12:00:00,108.786,108.844,108.714,108.766,108.786,108.787
2019-05-31 13:00:00,108.766,108.778,108.711,108.751,108.766,108.766
2019-05-31 14:00:00,108.751,108.852,108.744,108.783,108.751,108.752
2019-05-31 15:00:00,108.783,108.907,108.724,108.799,108.783,108.784
2019-05-31 16:00:00,108.799,108.865,108.712,108.799,108.799,108.801
2019-05-31 17:00:00,108.798,108.824,108.557,108.582,108.798,108.798
2019-05-31 18:00:00,108.582,108.71,108.55,108.656,108.582,108.583
2019-05-31 19:00:00,108.655,108.668,108.508,108.522,108.655,108.655
2019-05-31 20:00:00,108.521,108.58,108.441,108.482,108.521,108.521
2019-05-31 21:00:00,108.481,108.506,108.383,108.404,108.481,108.482
2019-05-31 22:00:00,108.405,108.442,108.351,108.356,108.405,108.406
2019-05-31 23:00:00,108.356,108.39,108.279,108.291,108.356,108.359
2019-06-03 00:00:00,108.277,108.343,108.261,108.315,108.277,108.331
2019-06-03 01:00:00,108.315,108.324,108.172,108.198,108.315,108.33
2019-06-03 02:00:00,108.199,108.3,108.198,108.224,108.199,108.2
2019-06-03 03:00:00,108.224,108.32,108.208,108.293,108.224,108.225
2019-06-03 04:00:00,108.293,108.303,108.152,108.233,108.293,108.295
2019-06-03 05:00:00,108.233,108.235,108.121,108.122,108.233,108.235
2019-06-03 06:00:00,108.122,108.182,108.1,108.131,108.122,108.123
2019-06-03 07:00:00,108.131,108.177,108.07,108.071,108.131,108.131
2019-06-03 08:00:00,108.071,108.228,108.071,108.217,108.071,108.073
2019-06-03 09:00:00,108.216,108.382,108.197,108.332,108.216,108.218
2019-06-03 10:00:00,108.332,108.376,108.151,108.248,108.332,108.333
2019-06-03 11:00:00,108.248,108.303,108.172,108.273,108.248,108.248
2019-06-03 12:00:00,108.274,108.367,108.239,108.343,108.274,108.275
2019-06-03 13:00:00,108.342,108.38,108.294,108.294,108.342,108.343
2019-06-03 14:00:00,108.294,108.396,108.29,108.372,108.294,108.295
2019-06-03 15:00:00,108.371,108.373,108.244,108.344,108.371,108.372
2019-06-03 16:00:00,108.343,108.433,108.251,108.266,108.343,108.345
2019-06-03 17:00:00,108.266,108.413,108.197,108.372,108.266,108.268
2019-06-03 18:00:00,108.372,108.447,108.347,108.393,108.372,108.373
2019-06-03 19:00:00,108.393,108.413,108.214,108.273,108.393,108.393
2019-06-03 20:00:00,108.273,108.326,108.057,108.104,108.273,108.274
2019-06-03 21:00:00,108.105,108.173,108.019,108.019,108.105,108.105
2019-06-03 22:00:00,108.02,108.058,107.884,107.992,108.02,108.02
2019-06-03 23:00:00,107.991,108.102,107.988,108.066,107.991,107.992
2019-06-04 00:00:00,108.067,108.088,108.023,108.052,108.067,108.082
2019-06-04 01:00:00,108.051,108.052,107.952,107.956,108.051,108.057
2019-06-04 02:00:00,107.956,108.063,107.955,108.038,107.956,107.957
2019-06-04 03:00:00,108.038,108.068,107.898,107.918,108.038,108.039
2019-06-04 04:00:00,107.918,107.948,107.857,107.874,107.918,107.918
2019-06-04 05:00:00,107.874,107.996,107.857,107.985,107.874,107.876
2019-06-04 06:00:00,107.986,108.042,107.983,108.001,107.986,107.987
2019-06-04 07:00:00,108.001,108.02,107.927,107.968,108.001,108.002
2019-06-04 08:00:00,107.972,107.989,107.879,107.917,107.972,107.973
2019-06-04 09:00:00,107.917,107.974,107.845,107.905,107.917,107.918
2019-06-04 10:00:00,107.905,108.075,107.848,108.048,107.905,107.907
2019-06-04 11:00:00,108.047,108.166,108.002,108.137,108.047,108.048
2019-06-04 12:00:00,108.137,108.179,108.032,108.052,108.137,108.137
2019-06-04 13:00:00,108.052,108.072,107.942,107.95,108.052,108.053
2019-06-04 14:00:00,107.95,108.114,107.915,108.094,107.95,107.951
2019-06-04 15:00:00,108.094,108.276,108.094,108.202,108.094,108.094
2019-06-04 16:00:00,108.202,108.291,107.982,108.113,108.202,108.202
2019-06-04 17:00:00,108.114,108.33,108.064,108.328,108.114,108.117
2019-06-04 18:00:00,108.332,108.359,108.281,108.289,108.332,108.332
2019-06-04 19:00:00,108.289,108.308,108.173,108.229,108.289,108.289
2019-06-04 20:00:00,108.229,108.248,108.051,108.088,108.229,108.229
2019-06-04 21:00:00,108.089,108.101,108.005,108.06,108.089,108.089
2019-06-04 22:00:00,108.06,108.142,108.046,108.09,108.06,108.061
2019-06-04 23:00:00,108.09,108.153,108.088,108.147,108.09,108.091
2019-06-05 00:00:00,108.141,108.164,108.119,108.15,108.141,108.148
2019-06-05 01:00:00,108.15,108.261,108.145,108.204,108.15,108.158
2019-06-05 02:00:00,108.204,108.271,108.195,108.258,108.204,108.206
2019-06-05 03:00:00,108.258,108.258,108.113,108.14,108.258,108.259
2019-06-05 04:00:00,108.14,108.174,108.03,108.069,108.14,108.141
2019-06-05 05:00:00,108.069,108.099,108.038,108.059,108.069,108.07
2019-06-05 06:00:00,108.059,108.137,108.043,108.104,108.059,108.06
2019-06-05 07:00:00,108.104,108.128,108.069,108.092,108.104,108.105
2019-06-05 08:00:00,108.093,108.107,108.05,108.071,108.093,108.095
2019-06-05 09:00:00,108.072,108.119,107.971,108.111,108.072,108.073
2019-06-05 10:00:00,108.111,108.276,108.077,108.244,108.111,108.111
2019-06-05 11:00:00,108.245,108.299,108.203,108.249,108.245,108.245
2019-06-05 12:00:00,108.248,108.35,108.237,108.312,108.248,108.25
2019-06-05 13:00:00,108.312,108.346,108.264,108.305,108.312,108.313
2019-06-05 14:00:00,108.305,108.384,108.274,108.327,108.305,108.305
2019-06-05 15:00:00,108.328,108.344,107.814,107.959,108.328,108.328
2019-06-05 16:00:00,107.958,108.151,107.915,108.019,107.958,107.958
2019-06-05 17:00:00,108.02,108.195,107.956,108.004,108.02,108.023
2019-06-05 18:00:00,108.004,108.252,107.989,108.199,108.004,108.005
2019-06-05 19:00:00,108.2,108.349,108.193,108.322,108.2,108.2
2019-06-05 20:00:00,108.322,108.379,108.304,108.347,108.322,108.322
2019-06-05 21:00:00,108.347,108.486,108.333,108.418,108.347,108.349
2019-06-05 22:00:00,108.417,108.449,108.302,108.432,108.417,108.418
2019-06-05 23:00:00,108.432,108.46,108.418,108.455,108.432,108.433
2019-06-06 00:00:00,108.459,108.464,108.241,108.276,108.459,108.469
2019-06-06 01:00:00,108.276,108.33,108.183,108.269,108.276,108.286
2019-06-06 02:00:00,108.269,108.331,108.187,108.322,108.269,108.271
2019-06-06 03:00:00,108.322,108.408,108.322,108.345,108.322,108.324
2019-06-06 04:00:00,108.345,108.36,108.241,108.259,108.345,108.345
2019-06-06 05:00:00,108.258,108.325,108.247,108.265,108.258,108.259
2019-06-06 06:00:00,108.265,108.284,108.211,108.244,108.265,108.266
2019-06-06 07:00:00,108.243,108.248,108.199,108.201,108.243,108.244
2019-06-06 08:00:00,108.201,108.234,108.132,108.138,108.201,108.201
2019-06-06 09:00:00,108.139,108.192,108.07,108.172,108.139,108.139
2019-06-06 10:00:00,108.172,108.238,108.093,108.233,108.172,108.173
2019-06-06 11:00:00,108.233,108.268,108.152,108.167,108.233,108.235
2019-06-06 12:00:00,108.165,108.22,108.129,108.178,108.165,108.167
2019-06-06 13:00:00,108.178,108.221,108.162,108.19,108.178,108.179
2019-06-06 14:00:00,108.19,108.242,108.17,108.193,108.19,108.191
2019-06-06 15:00:00,108.192,108.196,108.027,108.094,108.192,108.193
2019-06-06 16:00:00,108.093,108.324,108.063,108.236,108.093,108.094
2019-06-06 17:00:00,108.235,108.302,108.152,108.187,108.235,108.235
2019-06-06 18:00:00,108.188,108.231,108.046,108.083,108.188,108.19
2019-06-06 19:00:00,108.083,108.198,108.078,108.197,108.083,108.084
2019-06-06 20:00:00,108.197,108.266,108.182,108.249,108.197,108.198
2019-06-06 21:00:00,108.25,108.538,108.236,108.442,108.25,108.25
2019-06-06 22:00:00,108.443,108.532,108.411,108.505,108.443,108.444
2019-06-06 23:00:00,108.508,108.563,108.385,108.385,108.508,108.509
2019-06-07 00:00:00,108.393,108.404,108.346,108.361,108.393,108.421
2019-06-07 01:00:00,108.361,108.387,108.32,108.373,108.361,108.373
2019-06-07 02:00:00,108.373,108.492,108.373,108.455,108.373,108.374
2019-06-07 03:00:00,108.455,108.535,108.389,108.45,108.455,108.457
2019-06-07 04:00:00,108.45,108.487,108.389,108.481,108.45,108.451
2019-06-07 05:00:00,108.481,108.516,108.431,108.478,108.481,108.481
2019-06-07 06:00:00,108.477,108.509,108.449,108.482,108.477,108.478
2019-06-07 07:00:00,108.482,108.487,108.447,108.47,108.482,108.482
2019-06-07 08:00:00,108.47,108.489,108.414,108.442,108.47,108.471
2019-06-07 09:00:00,108.442,108.505,108.399,108.491,108.442,108.444
2019-06-07 10:00:00,108.49,108.506,108.431,108.467,108.49,108.492
2019-06-07 11:00:00,108.467,108.51,108.458,108.505,108.467,108.468
2019-06-07 12:00:00,108.503,108.592,108.482,108.591,108.503,108.503
2019-06-07 13:00:00,108.591,108.617,108.537,108.553,108.591,108.592
2019-06-07 14:00:00,108.553,108.555,108.465,108.475,108.553,108.553
2019-06-07 15:00:00,108.475,108.506,107.881,107.952,108.475,108.475
2019-06-07 16:00:00,107.951,108.14,107.925,108.089,107.951,107.953
2019-06-07 17:00:00,108.089,108.11,107.919,108.018,108.089,108.089
2019-06-07 18:00:00,108.018,108.207,107.994,108.158,108.018,108.019
2019-06-07 19:00:00,108.157,108.168,108.062,108.124,108.157,108.157
2019-06-07 20:00:00,108.124,108.202,108.078,108.143,108.124,108.125
2019-06-07 21:00:00,108.143,108.257,108.135,108.158,108.143,108.143
2019-06-07 22:00:00,108.158,108.228,108.144,108.172,108.158,108.158
2019-06-07 23:00:00,108.172,108.214,108.146,108.196,108.172,108.173
2019-06-10 00:00:00,108.485,108.521,108.435,108.464,108.485,108.509
2019-06-10 01:00:00,108.464,108.553,108.427,108.468,108.464,108.474
2019-06-10 02:00:00,108.469,108.479,108.417,108.451,108.469,108.472
2019-06-10 03:00:00,108.449,108.5,108.367,108.452,108.449,108.45
2019-06-10 04:00:00,108.452,108.544,108.452,108.472,108.452,108.452
2019-06-10 05:00:00,108.472,108.518,108.46,108.485,108.472,108.473
2019-06-10 06:00:00,108.485,108.547,108.466,108.542,108.485,108.486
2019-06-10 07:00:00,108.542,108.667,108.525,108.662,108.542,108.542
2019-06-10 08:00:00,108.662,108.672,108.63,108.643,108.662,108.663
2019-06-10 09:00:00,108.643,108.676,108.604,108.66,108.643,108.643
2019-06-10 10:00:00,108.66,108.676,108.612,108.664,108.66,108.66
2019-06-10 11:00:00,108.665,108.716,108.585,108.623,108.665,108.665
2019-06-10 12:00:00,108.623,108.626,108.518,108.569,108.623,108.624
2019-06-10 13:00:00,108.569,108.64,108.554,108.612,108.569,108.57
2019-06-10 14:00:00,108.612,108.673,108.589,108.671,108.612,108.612
2019-06-10 15:00:00,108.671,108.673,108.451,108.467,108.671,108.672
2019-06-10 16:00:00,108.467,108.602,108.456,108.578,108.467,108.467
2019-06-10 17:00:00,108.577,108.624,108.491,108.496,108.577,108.578
2019-06-10 18:00:00,108.494,108.572,108.481,108.562,108.494,108.494
2019-06-10 19:00:00,108.562,108.584,108.513,108.55,108.562,108.563
2019-06-10 20:00:00,108.55,108.583,108.486,108.495,108.55,108.55
2019-06-10 21:00:00,108.495,108.495,108.312,108.422,108.495,108.496
2019-06-10 22:00:00,108.42,108.461,108.409,108.44,108.42,108.42
2019-06-10 23:00:00,108.44,108.499,108.438,108.452,108.44,108.442
2019-06-11 00:00:00,108.429,108.452,108.399,108.434,108.429,108.462
2019-06-11 01:00:00,108.434,108.448,108.409,108.427,108.434,108.44
2019-06-11 02:00:00,108.426,108.428,108.35,108.359,108.426,108.428
2019-06-11 03:00:00,108.359,108.501,108.357,108.488,108.359,108.359
2019-06-11 04:00:00,108.489,108.618,108.477,108.601,108.489,108.49
2019-06-11 05:00:00,108.601,108.644,108.567,108.617,108.601,108.601
2019-06-11 06:00:00,108.617,108.627,108.575,108.608,108.617,108.618
2019-06-11 07:00:00,108.608,108.623,108.588,108.595,108.608,108.61
2019-06-11 08:00:00,108.595,108.628,108.572,108.61,108.595,108.596
2019-06-11 09:00:00,108.61,108.67,108.581,108.59,108.61,108.61
2019-06-11 10:00:00,108.59,108.621,108.541,108.6,108.59,108.59
2019-06-11 11:00:00,108.6,108.7,108.562,108.67,108.6,108.6
2019-06-11 12:00:00,108.669,108.692,108.626,108.683,108.669,108.669
2019-06-11 13:00:00,108.683,108.737,108.648,108.736,108.683,108.685
2019-06-11 14:00:00,108.735,108.752,108.682,108.732,108.735,108.735
2019-06-11 15:00:00,108.732,108.8,108.676,108.687,108.732,108.733
2019-06-11 16:00:00,108.687,108.738,108.628,108.662,108.687,108.688
2019-06-11 17:00:00,108.661,108.714,108.57,108.579,108.661,108.661
2019-06-11 18:00:00,108.579,108.601,108.512,108.527,108.579,108.58
2019-06-11 19:00:00,108.528,108.543,108.452,108.458,108.528,108.528
2019-06-11 20:00:00,108.457,108.512,108.437,108.487,108.457,108.458
2019-06-11 21:00:00,108.487,108.506,108.441,108.493,108.487,108.487
2019-06-11 22:00:00,108.492,108.556,108.488,108.497,108.492,108.492
2019-06-11 23:00:00,108.497,108.527,108.488,108.517,108.497,108.497
2019-06-12 00:00:00,108.515,108.565,108.51,108.555,108.515,108.522
2019-06-12 01:00:00,108.56,108.561,108.505,108.517,108.56,108.569
2019-06-12 02:00:00,108.517,108.559,108.466,108.478,108.517,108.518
2019-06-12 03:00:00,108.477,108.564,108.448,108.525,108.477,108.479
2019-06-12 04:00:00,108.525,108.528,108.445,108.492,108.525,108.526
2019-06-12 05:00:00,108.492,108.505,108.442,108.493,108.492,108.493
2019-06-12 06:00:00,108.493,108.505,108.449,108.48,108.493,108.494
2019-06-12 07:00:00,108.48,108.496,108.448,108.493,108.48,108.48
2019-06-12 08:00:00,108.493,108.495,108.4,108.4,108.493,108.495
2019-06-12 09:00:00,108.403,108.403,108.305,108.333,108.403,108.403
2019-06-12 10:00:00,108.333,108.377,108.281,108.309,108.333,108.333
2019-06-12 11:00:00,108.31,108.355,108.221,108.241,108.31,108.311
2019-06-12 12:00:00,108.241,108.298,108.217,108.263,108.241,108.241
2019-06-12 13:00:00,108.263,108.397,108.256,108.35,108.263,108.264
2019-06-12 14:00:00,108.35,108.391,108.323,108.341,108.35,108.351
2019-06-12 15:00:00,108.341,108.449,108.262,108.385,108.341,108.342
2019-06-12 16:00:00,108.385,108.548,108.383,108.474,108.385,108.385
2019-06-12 17:00:00,108.474,108.486,108.355,108.457,108.474,108.475
2019-06-12 18:00:00,108.457,108.479,108.413,108.42,108.457,108.458
2019-06-12 19:00:00,108.42,108.541,108.417,108.497,108.42,108.421
2019-06-12 20:00:00,108.497,108.523,108.456,108.465,108.497,108.498
2019-06-12 21:00:00,108.466,108.536,108.424,108.5,108.466,108.467
2019-06-12 22:00:00,108.5,108.532,108.49,108.518,108.5,108.502
2019-06-12 23:00:00,108.517,108.538,108.496,108.506,108.517,108.518
2019-06-13 00:00:00,108.505,108.508,108.453,108.484,108.505,108.515
2019-06-13 01:00:00,108.484,108.486,108.456,108.462,108.484,108.497
2019-06-13 02:00:00,108.467,108.506,108.453,108.493,108.467,108.468
2019-06-13 03:00:00,108.493,108.538,108.444,108.491,108.493,108.494
2019-06-13 04:00:00,108.491,108.512,108.269,108.298,108.491,108.491
2019-06-13 05:00:00,108.298,108.311,108.165,108.23,108.298,108.299
2019-06-13 06:00:00,108.23,108.342,108.226,108.33,108.23,108.231
2019-06-13 07:00:00,108.331,108.384,108.31,108.376,108.331,108.331
2019-06-13 08:00:00,108.377,108.377,108.311,108.337,108.377,108.377
2019-06-13 09:00:00,108.339,108.371,108.286,108.323,108.339,108.34
2019-06-13 10:00:00,108.324,108.356,108.236,108.351,108.324,108.325
2019-06-13 11:00:00,108.351,108.401,108.307,108.392,108.351,108.352
2019-06-13 12:00:00,108.391,108.458,108.381,108.442,108.391,108.391
2019-06-13 13:00:00,108.443,108.498,108.426,108.498,108.443,108.443
2019-06-13 14:00:00,108.498,108.501,108.417,108.419,108.498,108.498
2019-06-13 15:00:00,108.418,108.511,108.403,108.471,108.418,108.419
2019-06-13 16:00:00,108.471,108.507,108.447,108.49,108.471,108.472
2019-06-13 17:00:00,108.49,108.519,108.401,108.514,108.49,108.49
2019-06-13 18:00:00,108.514,108.536,108.43,108.445,108.514,108.515
2019-06-13 19:00:00,108.446,108.476,108.383,108.447,108.446,108.446
2019-06-13 20:00:00,108.447,108.447,108.316,108.354,108.447,108.447
2019-06-13 21:00:00,108.354,108.362,108.25,108.323,108.354,108.354
2019-06-13 22:00:00,108.323,108.383,108.288,108.375,108.323,108.324
2019-06-13 23:00:00,108.375,108.4,108.373,108.39,108.375,108.376
2019-06-14 00:00:00,108.298,108.397,108.294,108.367,108.298,108.377
2019-06-14 01:00:00,108.367,108.389,108.348,108.369,108.367,108.379
2019-06-14 02:00:00,108.369,108.371,108.311,108.323,108.369,108.371
2019-06-14 03:00:00,108.324,108.396,108.269,108.331,108.324,108.325
2019-06-14 04:00:00,108.331,108.375,108.268,108.319,108.331,108.332
2019-06-14 05:00:00,108.319,108.324,108.271,108.304,108.319,108.321
2019-06-14 06:00:00,108.303,108.338,108.291,108.327,108.303,108.304
2019-06-14 07:00:00,108.327,108.351,108.296,108.339,108.327,108.327
2019-06-14 08:00:00,108.35,108.355,108.315,108.333,108.35,108.351
2019-06-14 09:00:00,108.333,108.337,108.21,108.223,108.333,108.335
2019-06-14 10:00:00,108.223,108.24,108.159,108.205,108.223,108.225
2019-06-14 11:00:00,108.205,108.254,108.192,108.243,108.205,108.205
2019-06-14 12:00:00,108.243,108.261,108.174,108.198,108.243,108.244
2019-06-14 13:00:00,108.199,108.234,108.176,108.214,108.199,108.2
2019-06-14 14:00:00,108.214,108.262,108.187,108.203,108.214,108.215
2019-06-14 15:00:00,108.203,108.478,108.184,108.471,108.203,108.204
2019-06-14 16:00:00,108.471,108.504,108.351,108.37,108.471,108.471
2019-06-14 17:00:00,108.369,108.471,108.307,108.409,108.369,108.369
2019-06-14 18:00:00,108.411,108.464,108.371,108.454,108.411,108.411
2019-06-14 19:00:00,108.453,108.574,108.435,108.548,108.453,108.455
2019-06-14 20:00:00,108.547,108.587,108.502,108.537,108.547,108.548
2019-06-14 21:00:00,108.537,108.566,108.522,108.562,108.537,108.538
2019-06-14 22:00:00,108.562,108.573,108.53,108.535,108.562,108.562
2019-06-14 23:00:00,108.535,108.563,108.526,108.542,108.535,108.537
2019-06-17 00:00:00,108.497,108.51,108.47,108.499,108.497,108.525
2019-06-17 01:00:00,108.5,108.551,108.5,108.544,108.5,108.517
2019-06-17 02:00:00,108.545,108.59,108.525,108.575,108.545,108.546
2019-06-17 03:00:00,108.575,108.666,108.554,108.635,108.575,108.575
2019-06-17 04:00:00,108.635,108.705,108.594,108.617,108.635,108.636
2019-06-17 05:00:00,108.616,108.625,108.573,108.62,108.616,108.618
2019-06-17 06:00:00,108.62,108.625,108.584,108.585,108.62,108.62
2019-06-17 07:00:00,108.585,108.62,108.582,108.607,108.585,108.585
2019-06-17 08:00:00,108.607,108.657,108.591,108.599,108.607,108.609
2019-06-17 09:00:00,108.599,108.621,108.552,108.605,108.599,108.601
2019-06-17 10:00:00,108.605,108.614,108.548,108.563,108.605,108.606
2019-06-17 11:00:00,108.563,108.6,108.553,108.578,108.563,108.564
2019-06-17 12:00:00,108.577,108.639,108.573,108.622,108.577,108.578
2019-06-17 13:00:00,108.623,108.707,108.609,108.694,108.623,108.623
2019-06-17 14:00:00,108.694,108.725,108.669,108.692,108.694,108.694
2019-06-17 15:00:00,108.692,108.694,108.526,108.556,108.692,108.692
2019-06-17 16:00:00,108.556,108.611,108.524,108.598,108.556,108.558
2019-06-17 17:00:00,108.597,108.679,108.56,108.677,108.597,108.599
2019-06-17 18:00:00,108.676,108.687,108.564,108.572,108.676,108.676
2019-06-17 19:00:00,108.572,108.594,108.548,108.572,108.572,108.572
2019-06-17 20:00:00,108.571,108.62,108.56,108.607,108.571,108.573
2019-06-17 21:00:00,108.607,108.648,108.563,108.571,108.607,108.608
2019-06-17 22:00:00,108.571,108.591,108.556,108.558,108.571,108.571
2019-06-17 23:00:00,108.557,108.566,108.518,108.53,108.557,108.558
2019-06-18 00:00:00,108.53,108.579,108.516,108.55,108.53,108.551
2019-06-18 01:00:00,108.553,108.559,108.522,108.548,108.553,108.584
2019-06-18 02:00:00,108.548,108.583,108.53,108.546,108.548,108.551
2019-06-18 03:00:00,108.546,108.555,108.493,108.54,108.546,108.546
2019-06-18 04:00:00,108.54,108.565,108.332,108.348,108.54,108.541
2019-06-18 05:00:00,108.348,108.383,108.324,108.371,108.348,108.349
2019-06-18 06:00:00,108.372,108.384,108.259,108.319,108.372,108.372
2019-06-18 07:00:00,108.319,108.337,108.277,108.336,108.319,108.32
2019-06-18 08:00:00,108.335,108.342,108.256,108.281,108.335,108.336
2019-06-18 09:00:00,108.283,108.305,108.252,108.277,108.283,108.284
2019-06-18 10:00:00,108.276,108.282,108.215,108.258,108.276,108.278
2019-06-18 11:00:00,108.259,108.35,108.197,108.295,108.259,108.259
2019-06-18 12:00:00,108.295,108.346,108.272,108.289,108.295,108.295
2019-06-18 13:00:00,108.288,108.344,108.263,108.291,108.288,108.289
2019-06-18 14:00:00,108.291,108.34,108.207,108.21,108.291,108.291
2019-06-18 15:00:00,108.212,108.274,108.197,108.244,108.212,108.212
2019-06-18 16:00:00,108.245,108.648,108.061,108.632,108.245,108.245
2019-06-18 17:00:00,108.631,108.677,108.493,108.5,108.631,108.632
2019-06-18 18:00:00,108.5,108.529,108.227,108.396,108.5,108.501
2019-06-18 19:00:00,108.396,108.5,108.387,108.455,108.396,108.396
2019-06-18 20:00:00,108.455,108.505,108.436,108.457,108.455,108.456
2019-06-18 21:00:00,108.456,108.467,108.414,108.44,108.456,108.457
2019-06-18 22:00:00,108.436,108.459,108.406,108.425,108.436,108.436
2019-06-18 23:00:00,108.425,108.45,108.406,108.441,108.425,108.427
2019-06-19 00:00:00,108.452,108.479,108.439,108.465,108.452,108.465
2019-06-19 01:00:00,108.464,108.526,108.442,108.514,108.464,108.471
2019-06-19 02:00:00,108.514,108.604,108.478,108.581,108.514,108.515
2019-06-19 03:00:00,108.582,108.618,108.518,108.545,108.582,108.583
2019-06-19 04:00:00,108.544,108.614,108.522,108.537,108.544,108.545
2019-06-19 05:00:00,108.537,108.539,108.435,108.45,108.537,108.538
2019-06-19 06:00:00,108.45,108.474,108.429,108.457,108.45,108.451
2019-06-19 07:00:00,108.457,108.458,108.333,108.357,108.457,108.457
2019-06-19 08:00:00,108.358,108.375,108.32,108.348,108.358,108.359
2019-06-19 09:00:00,108.348,108.35,108.251,108.256,108.348,108.35
2019-06-19 10:00:00,108.254,108.407,108.236,108.386,108.254,108.254
2019-06-19 11:00:00,108.388,108.456,108.361,108.436,108.388,108.388
2019-06-19 12:00:00,108.436,108.449,108.395,108.412,108.436,108.436
2019-06-19 13:00:00,108.412,108.436,108.378,108.403,108.412,108.414
2019-06-19 14:00:00,108.403,108.42,108.383,108.414,108.403,108.404
2019-06-19 15:00:00,108.414,108.494,108.398,108.469,108.414,108.414
2019-06-19 16:00:00,108.469,108.486,108.416,108.456,108.469,108.47
2019-06-19 17:00:00,108.456,108.465,108.393,108.399,108.456,108.456
2019-06-19 18:00:00,108.399,108.403,108.338,108.369,108.399,108.4
2019-06-19 19:00:00,108.369,108.405,108.339,108.357,108.369,108.37
2019-06-19 20:00:00,108.357,108.363,108.296,108.363,108.357,108.357
2019-06-19 21:00:00,108.363,108.383,107.901,107.97,108.363,108.39
2019-06-19 22:00:00,107.968,108.161,107.942,108.091,107.968,107.969
2019-06-19 23:00:00,108.091,108.137,108.05,108.101,108.091,108.092
2019-06-20 00:00:00,108.102,108.102,108.007,108.075,108.102,108.108
2019-06-20 01:00:00,108.074,108.125,108.054,108.085,108.074,108.085
2019-06-20 02:00:00,108.085,108.143,108.036,108.115,108.085,108.086
2019-06-20 03:00:00,108.115,108.119,107.607,107.641,108.115,108.115
2019-06-20 04:00:00,107.642,107.672,107.551,107.654,107.642,107.642
2019-06-20 05:00:00,107.654,107.792,107.563,107.591,107.654,107.655
2019-06-20 06:00:00,107.59,107.657,107.557,107.607,107.59,107.592
2019-06-20 07:00:00,107.607,107.684,107.601,107.647,107.607,107.608
2019-06-20 08:00:00,107.649,107.665,107.577,107.629,107.649,107.649
2019-06-20 09:00:00,107.629,107.682,107.466,107.585,107.629,107.629
2019-06-20 10:00:00,107.585,107.77,107.565,107.674,107.585,107.585
2019-06-20 11:00:00,107.675,107.881,107.67,107.791,107.675,107.676
2019-06-20 12:00:00,107.79,107.831,107.746,107.816,107.79,107.79
2019-06-20 13:00:00,107.816,107.842,107.785,107.785,107.816,107.816
2019-06-20 14:00:00,107.785,107.798,107.683,107.694,107.785,107.788
2019-06-20 15:00:00,107.694,107.757,107.54,107.679,107.694,107.694
2019-06-20 16:00:00,107.679,107.728,107.638,107.704,107.679,107.68
2019-06-20 17:00:00,107.704,107.755,107.512,107.548,107.704,107.705
2019-06-20 18:00:00,107.548,107.576,107.476,107.518,107.548,107.549
2019-06-20 19:00:00,107.518,107.53,107.225,107.351,107.518,107.518
2019-06-20 20:00:00,107.351,107.413,107.312,107.345,107.351,107.352
2019-06-20 21:00:00,107.345,107.4,107.228,107.262,107.345,107.345
2019-06-20 22:00:00,107.263,107.351,107.214,107.336,107.263,107.264
2019-06-20 23:00:00,107.332,107.392,107.29,107.306,107.332,107.332
2019-06-21 00:00:00,107.293,107.314,107.258,107.301,107.293,107.307
2019-06-21 01:00:00,107.301,107.357,107.255,107.351,107.301,107.306
2019-06-21 02:00:00,107.351,107.352,107.278,107.301,107.351,107.352
2019-06-21 03:00:00,107.301,107.371,107.235,107.35,107.301,107.301
2019-06-21 04:00:00,107.348,107.364,107.148,107.164,107.348,107.348
2019-06-21 05:00:00,107.166,107.209,107.061,107.091,107.166,107.167
2019-06-21 06:00:00,107.091,107.126,107.048,107.097,107.091,107.092
2019-06-21 07:00:00,107.097,107.153,107.063,107.101,107.097,107.098
2019-06-21 08:00:00,107.101,107.234,107.062,107.216,107.101,107.102
2019-06-21 09:00:00,107.217,107.327,107.202,107.299,107.217,107.217
2019-06-21 10:00:00,107.299,107.535,107.253,107.453,107.299,107.3
2019-06-21 11:00:00,107.453,107.455,107.36,107.427,107.453,107.453
2019-06-21 12:00:00,107.427,107.546,107.409,107.536,107.427,107.428
2019-06-21 13:00:00,107.536,107.563,107.45,107.562,107.536,107.536
2019-06-21 14:00:00,107.561,107.578,107.469,107.482,107.561,107.561
2019-06-21 15:00:00,107.483,107.512,107.433,107.465,107.483,107.483
2019-06-21 16:00:00,107.465,107.589,107.392,107.587,107.465,107.466
2019-06-21 17:00:00,107.587,107.712,107.519,107.688,107.587,107.588
2019-06-21 18:00:00,107.688,107.735,107.518,107.552,107.688,107.688
2019-06-21 19:00:00,107.552,107.56,107.442,107.487,107.552,107.552
2019-06-21 20:00:00,107.487,107.508,107.346,107.428,107.487,107.489
2019-06-21 21:00:00,107.429,107.46,107.368,107.413,107.429,107.429
2019-06-21 22:00:00,107.413,107.424,107.305,107.353,107.413,107.414
2019-06-21 23:00:00,107.352,107.379,107.298,107.334,107.352,107.354
2019-06-24 00:00:00,107.298,107.316,107.282,107.289,107.298,107.329
2019-06-24 01:00:00,107.289,107.364,107.285,107.359,107.289,107.299
2019-06-24 02:00:00,107.36,107.379,107.297,107.303,107.36,107.361
2019-06-24 03:00:00,107.303,107.415,107.267,107.36,107.303,107.304
2019-06-24 04:00:00,107.36,107.391,107.316,107.37,107.36,107.36
2019-06-24 05:00:00,107.37,107.433,107.346,107.354,107.37,107.371
2019-06-24 06:00:00,107.354,107.416,107.336,107.405,107.354,107.355
2019-06-24 07:00:00,107.405,107.45,107.386,107.432,107.405,107.406
2019-06-24 08:00:00,107.432,107.484,107.412,107.482,107.432,107.433
2019-06-24 09:00:00,107.482,107.483,107.367,107.426,107.482,107.482
2019-06-24 10:00:00,107.426,107.45,107.393,107.411,107.426,107.427
2019-06-24 11:00:00,107.411,107.439,107.347,107.37,107.411,107.411
2019-06-24 12:00:00,107.369,107.412,107.336,107.344,107.369,107.37
2019-06-24 13:00:00,107.343,107.371,107.28,107.295,107.343,107.344
2019-06-24 14:00:00,107.294,107.313,107.249,107.309,107.294,107.295
2019-06-24 15:00:00,107.309,107.445,107.277,107.43,107.309,107.309
2019-06-24 16:00:00,107.43,107.494,107.373,107.466,107.43,107.431
2019-06-24 17:00:00,107.465,107.537,107.355,107.374,107.465,107.466
2019-06-24 18:00:00,107.374,107.386,107.268,107.365,107.374,107.374
2019-06-24 19:00:00,107.365,107.422,107.318,107.337,107.365,107.366
2019-06-24 20:00:00,107.337,107.374,107.327,107.329,107.337,107.338
2019-06-24 21:00:00,107.329,107.329,107.252,107.312,107.329,107.329
2019-06-24 22:00:00,107.313,107.382,107.301,107.324,107.313,107.313
2019-06-24 23:00:00,107.325,107.334,107.274,107.293,107.325,107.326
2019-06-25 00:00:00,107.291,107.315,107.263,107.302,107.291,107.303
2019-06-25 01:00:00,107.302,107.376,107.287,107.33,107.302,107.324
2019-06-25 02:00:00,107.33,107.361,107.295,107.335,107.33,107.332
2019-06-25 03:00:00,107.335,107.41,107.276,107.306,107.335,107.336
2019-06-25 04:00:00,107.307,107.317,107.11,107.125,107.307,107.308
2019-06-25 05:00:00,107.125,107.157,107.028,107.036,107.125,107.126
2019-06-25 06:00:00,107.037,107.082,106.928,106.947,107.037,107.037
2019-06-25 07:00:00,106.948,106.98,106.779,106.823,106.948,106.948
2019-06-25 08:00:00,106.822,107.048,106.812,107.038,106.822,106.824
2019-06-25 09:00:00,107.038,107.05,106.934,107.038,107.038,107.04
2019-06-25 10:00:00,107.038,107.045,106.943,107.038,107.038,107.038
2019-06-25 11:00:00,107.038,107.149,106.969,107.067,107.038,107.038
2019-06-25 12:00:00,107.067,107.123,107.043,107.094,107.067,107.067
2019-06-25 13:00:00,107.094,107.095,106.917,106.972,107.094,107.095
2019-06-25 14:00:00,106.973,107.102,106.972,107.086,106.973,106.973
2019-06-25 15:00:00,107.086,107.132,107.033,107.071,107.086,107.086
2019-06-25 16:00:00,107.071,107.077,106.953,107.017,107.071,107.072
2019-06-25 17:00:00,107.016,107.024,106.833,106.957,107.016,107.026
2019-06-25 18:00:00,106.956,106.984,106.893,106.921,106.956,106.957
2019-06-25 19:00:00,106.921,107.282,106.882,107.235,106.921,106.921
2019-06-25 20:00:00,107.235,107.403,107.106,107.171,107.235,107.237
2019-06-25 21:00:00,107.171,107.189,107.058,107.137,107.171,107.173
2019-06-25 22:00:00,107.137,107.22,107.083,107.191,107.137,107.137
2019-06-25 23:00:00,107.191,107.2,107.154,107.16,107.191,107.192
2019-06-26 00:00:00,107.173,107.188,107.136,107.136,107.173,107.204
2019-06-26 01:00:00,107.136,107.253,107.099,107.209,107.136,107.15
2019-06-26 02:00:00,107.208,107.212,107.137,107.175,107.208,107.21
2019-06-26 03:00:00,107.175,107.388,107.161,107.353,107.175,107.176
2019-06-26 04:00:00,107.352,107.433,107.321,107.38,107.352,107.354
2019-06-26 05:00:00,107.38,107.499,107.379,107.448,107.38,107.383
2019-06-26 06:00:00,107.448,107.494,107.43,107.459,107.448,107.449
2019-06-26 07:00:00,107.459,107.503,107.416,107.48,107.459,107.459
2019-06-26 08:00:00,107.48,107.483,107.418,107.45,107.48,107.48
2019-06-26 09:00:00,107.45,107.496,107.362,107.476,107.45,107.452
2019-06-26 10:00:00,107.476,107.478,107.404,107.472,107.476,107.476
2019-06-26 11:00:00,107.472,107.494,107.418,107.443,107.472,107.473
2019-06-26 12:00:00,107.443,107.716,107.442,107.678,107.443,107.443
2019-06-26 13:00:00,107.678,107.726,107.639,107.69,107.678,107.678
2019-06-26 14:00:00,107.69,107.75,107.682,107.746,107.69,107.69
2019-06-26 15:00:00,107.745,107.755,107.599,107.654,107.745,107.746
2019-06-26 16:00:00,107.654,107.703,107.603,107.697,107.654,107.655
2019-06-26 17:00:00,107.698,107.7,107.596,107.635,107.698,107.698
2019-06-26 18:00:00,107.635,107.699,107.604,107.639,107.635,107.635
2019-06-26 19:00:00,107.639,107.68,107.631,107.665,107.639,107.639
2019-06-26 20:00:00,107.665,107.758,107.651,107.756,107.665,107.666
2019-06-26 21:00:00,107.756,107.848,107.751,107.834,107.756,107.757
2019-06-26 22:00:00,107.835,107.85,107.778,107.807,107.835,107.836
2019-06-26 23:00:00,107.806,107.819,107.762,107.78,107.806,107.806
2019-06-27 00:00:00,107.779,107.788,107.673,107.751,107.779,107.797
2019-06-27 01:00:00,107.752,107.756,107.714,107.728,107.752,107.769
2019-06-27 02:00:00,107.728,107.751,107.717,107.747,107.728,107.731
2019-06-27 03:00:00,107.747,107.779,107.649,107.674,107.747,107.749
2019-06-27 04:00:00,107.674,107.803,107.664,107.792,107.674,107.675
2019-06-27 05:00:00,107.792,108.037,107.783,108.006,107.792,107.793
2019-06-27 06:00:00,108.006,108.112,107.965,108.095,108.006,108.006
2019-06-27 07:00:00,108.097,108.133,108.042,108.062,108.097,108.097
2019-06-27 08:00:00,108.062,108.117,108.056,108.065,108.062,108.062
2019-06-27 09:00:00,108.066,108.162,108.023,108.065,108.066,108.067
2019-06-27 10:00:00,108.065,108.103,107.964,108.05,108.065,108.065
2019-06-27 11:00:00,108.05,108.054,107.914,107.942,108.05,108.051
2019-06-27 12:00:00,107.942,107.964,107.851,107.852,107.942,107.942
2019-06-27 13:00:00,107.852,107.873,107.773,107.837,107.852,107.852
2019-06-27 14:00:00,107.837,107.897,107.786,107.841,107.837,107.837
2019-06-27 15:00:00,107.841,107.952,107.803,107.879,107.841,107.841
2019-06-27 16:00:00,107.878,107.93,107.84,107.909,107.878,107.88
2019-06-27 17:00:00,107.909,107.912,107.742,107.764,107.909,107.911
2019-06-27 18:00:00,107.765,107.832,107.672,107.733,107.765,107.765
2019-06-27 19:00:00,107.733,107.79,107.7,107.742,107.733,107.734
2019-06-27 20:00:00,107.742,107.771,107.705,107.745,107.742,107.743
2019-06-27 21:00:00,107.745,107.775,107.722,107.749,107.745,107.745
2019-06-27 22:00:00,107.747,107.785,107.731,107.773,107.747,107.747
2019-06-27 23:00:00,107.773,107.86,107.75,107.77,107.773,107.774
2019-06-28 00:00:00,107.777,107.826,107.762,107.811,107.777,107.814
2019-06-28 01:00:00,107.811,107.82,107.769,107.792,107.811,107.814
2019-06-28 02:00:00,107.792,107.795,107.69,107.754,107.792,107.795
2019-06-28 03:00:00,107.754,107.79,107.637,107.678,107.754,107.755
2019-06-28 04:00:00,107.678,107.752,107.641,107.686,107.678,107.679
2019-06-28 05:00:00,107.686,107.697,107.562,107.633,107.686,107.686
2019-06-28 06:00:00,107.633,107.682,107.607,107.621,107.633,107.636
2019-06-28 07:00:00,107.621,107.709,107.613,107.641,107.621,107.622
2019-06-28 08:00:00,107.641,107.707,107.613,107.706,107.641,107.642
2019-06-28 09:00:00,107.706,107.767,107.672,107.697,107.706,107.706
2019-06-28 10:00:00,107.697,107.743,107.622,107.646,107.697,107.698
2019-06-28 11:00:00,107.646,107.692,107.599,107.653,107.646,107.646
2019-06-28 12:00:00,107.653,107.688,107.624,107.669,107.653,107.654
2019-06-28 13:00:00,107.669,107.684,107.632,107.678,107.669,107.669
2019-06-28 14:00:00,107.678,107.747,107.662,107.739,107.678,107.679
2019-06-28 15:00:00,107.739,107.816,107.707,107.764,107.739,107.739
2019-06-28 16:00:00,107.764,107.798,107.708,107.753,107.764,107.765
2019-06-28 17:00:00,107.753,107.797,107.636,107.742,107.753,107.755
2019-06-28 18:00:00,107.742,107.859,107.732,107.844,107.742,107.742
2019-06-28 19:00:00,107.845,107.887,107.813,107.882,107.845,107.845
2019-06-28 20:00:00,107.882,107.907,107.839,107.851,107.882,107.883
2019-06-28 21:00:00,107.852,107.864,107.767,107.773,107.852,107.853
2019-06-28 22:00:00,107.773,107.839,107.76,107.814,107.773,107.774
2019-06-28 23:00:00,107.813,107.934,107.8,107.922,107.813,107.814
2019-07-01 00:00:00,108.178,108.253,108.161,108.208,108.178,108.222
2019-07-01 01:00:00,108.216,108.511,108.189,108.489,108.216,108.231
2019-07-01 02:00:00,108.49,108.491,108.321,108.378,108.49,108.491
2019-07-01 03:00:00,108.378,108.379,108.169,108.242,108.378,108.378
2019-07-01 04:00:00,108.242,108.298,108.102,108.15,108.242,108.244
2019-07-01 05:00:00,108.15,108.246,108.134,108.231,108.15,108.151
2019-07-01 06:00:00,108.231,108.268,108.223,108.267,108.231,108.233
2019-07-01 07:00:00,108.267,108.308,108.236,108.241,108.267,108.268
2019-07-01 08:00:00,108.241,108.358,108.229,108.332,108.241,108.242
2019-07-01 09:00:00,108.331,108.467,108.326,108.466,108.331,108.331
2019-07-01 10:00:00,108.466,108.532,108.312,108.335,108.466,108.467
2019-07-01 11:00:00,108.333,108.333,108.24,108.247,108.333,108.334
2019-07-01 12:00:00,108.247,108.302,108.218,108.29,108.247,108.248
2019-07-01 13:00:00,108.29,108.338,108.245,108.258,108.29,108.29
2019-07-01 14:00:00,108.258,108.3,108.226,108.294,108.258,108.259
2019-07-01 15:00:00,108.294,108.365,108.275,108.352,108.294,108.295
2019-07-01 16:00:00,108.352,108.358,108.238,108.259,108.352,108.352
2019-07-01 17:00:00,108.259,108.39,108.259,108.323,108.259,108.264
2019-07-01 18:00:00,108.323,108.454,108.295,108.418,108.323,108.323
2019-07-01 19:00:00,108.418,108.492,108.389,108.478,108.418,108.418
2019-07-01 20:00:00,108.478,108.488,108.424,108.457,108.478,108.479
2019-07-01 21:00:00,108.457,108.487,108.422,108.465,108.457,108.458
2019-07-01 22:00:00,108.465,108.47,108.411,108.434,108.465,108.465
2019-07-01 23:00:00,108.434,108.452,108.401,108.429,108.434,108.436
2019-07-02 00:00:00,108.425,108.458,108.417,108.42,108.425,108.452
2019-07-02 01:00:00,108.424,108.43,108.274,108.315,108.424,108.445
2019-07-02 02:00:00,108.313,108.378,108.307,108.376,108.313,108.316
2019-07-02 03:00:00,108.376,108.459,108.342,108.432,108.376,108.377
2019-07-02 04:00:00,108.432,108.476,108.386,108.444,108.432,108.432
2019-07-02 05:00:00,108.443,108.45,108.398,108.42,108.443,108.444
2019-07-02 06:00:00,108.42,108.435,108.396,108.418,108.42,108.422
2019-07-02 07:00:00,108.418,108.422,108.35,108.392,108.418,108.419
2019-07-02 08:00:00,108.391,108.393,108.314,108.352,108.391,108.393
2019-07-02 09:00:00,108.352,108.429,108.352,108.37,108.352,108.353
2019-07-02 10:00:00,108.37,108.388,108.235,108.262,108.37,108.371
2019-07-02 11:00:00,108.261,108.268,108.199,108.217,108.261,108.262
2019-07-02 12:00:00,108.217,108.275,108.204,108.267,108.217,108.217
2019-07-02 13:00:00,108.267,108.279,108.237,108.259,108.267,108.268
2019-07-02 14:00:00,108.26,108.3,108.245,108.271,108.26,108.26
2019-07-02 15:00:00,108.27,108.292,108.156,108.178,108.27,108.272
2019-07-02 16:00:00,108.178,108.213,108.117,108.147,108.178,108.178
2019-07-02 17:00:00,108.147,108.252,108.071,108.117,108.147,108.149
2019-07-02 18:00:00,108.118,108.129,107.93,107.99,108.118,108.118
2019-07-02 19:00:00,107.991,107.993,107.765,107.878,107.991,107.991
2019-07-02 20:00:00,107.878,107.914,107.851,107.884,107.878,107.878
2019-07-02 21:00:00,107.884,107.91,107.806,107.834,107.884,107.884
2019-07-02 22:00:00,107.834,107.904,107.799,107.897,107.834,107.835
2019-07-02 23:00:00,107.897,107.923,107.88,107.915,107.897,107.898
2019-07-03 00:00:00,107.866,107.918,107.864,107.899,107.866,107.902
2019-07-03 01:00:00,107.898,107.902,107.82,107.854,107.898,107.913
2019-07-03 02:00:00,107.854,107.902,107.799,107.835,107.854,107.856
2019-07-03 03:00:00,107.836,107.84,107.619,107.63,107.836,107.837
2019-07-03 04:00:00,107.633,107.646,107.533,107.594,107.633,107.633
2019-07-03 05:00:00,107.594,107.638,107.543,107.582,107.594,107.595
2019-07-03 06:00:00,107.583,107.634,107.576,107.629,107.583,107.584
2019-07-03 07:00:00,107.629,107.642,107.578,107.63,107.629,107.63
2019-07-03 08:00:00,107.63,107.704,107.612,107.69,107.63,107.631
2019-07-03 09:00:00,107.689,107.695,107.589,107.626,107.689,107.69
2019-07-03 10:00:00,107.626,107.749,107.609,107.748,107.626,107.626
2019-07-03 11:00:00,107.748,107.766,107.689,107.691,107.748,107.748
2019-07-03 12:00:00,107.691,107.74,107.67,107.731,107.691,107.691
2019-07-03 13:00:00,107.731,107.733,107.622,107.632,107.731,107.732
2019-07-03 14:00:00,107.632,107.69,107.632,107.669,107.632,107.632
2019-07-03 15:00:00,107.669,107.769,107.583,107.763,107.669,107.669
2019-07-03 16:00:00,107.763,107.807,107.734,107.749,107.763,107.763
2019-07-03 17:00:00,107.75,107.784,107.646,107.777,107.75,107.753
2019-07-03 18:00:00,107.777,107.878,107.748,107.834,107.777,107.778
2019-07-03 19:00:00,107.834,107.863,107.798,107.833,107.834,107.835
2019-07-03 20:00:00,107.832,107.887,107.818,107.855,107.832,107.833
2019-07-03 21:00:00,107.855,107.879,107.838,107.864,107.855,107.857
2019-07-03 22:00:00,107.864,107.876,107.851,107.874,107.864,107.864
2019-07-03 23:00:00,107.874,107.874,107.826,107.828,107.874,107.875
2019-07-04 00:00:00,107.806,107.833,107.765,107.8,107.806,107.841
2019-07-04 01:00:00,107.803,107.817,107.77,107.785,107.803,107.811
2019-07-04 02:00:00,107.785,107.806,107.746,107.768,107.785,107.787
2019-07-04 03:00:00,107.769,107.804,107.745,107.752,107.769,107.77
2019-07-04 04:00:00,107.752,107.766,107.708,107.73,107.752,107.753
2019-07-04 05:00:00,107.73,107.764,107.716,107.759,107.73,107.73
2019-07-04 06:00:00,107.759,107.795,107.755,107.788,107.759,107.761
2019-07-04 07:00:00,107.788,107.834,107.775,107.796,107.788,107.79
2019-07-04 08:00:00,107.796,107.842,107.794,107.812,107.796,107.796
2019-07-04 09:00:00,107.812,107.827,107.783,107.799,107.812,107.812
2019-07-04 10:00:00,107.799,107.836,107.784,107.809,107.799,107.8
2019-07-04 11:00:00,107.809,107.831,107.791,107.818,107.809,107.809
2019-07-04 12:00:00,107.819,107.828,107.768,107.774,107.819,107.82
2019-07-04 13:00:00,107.775,107.796,107.748,107.785,107.775,107.775
2019-07-04 14:00:00,107.785,107.796,107.755,107.78,107.785,107.786
2019-07-04 15:00:00,107.781,107.786,107.763,107.779,107.781,107.782
2019-07-04 16:00:00,107.779,107.83,107.778,107.821,107.779,107.78
2019-07-04 17:00:00,107.822,107.822,107.774,107.814,107.822,107.823
2019-07-04 18:00:00,107.814,107.821,107.79,107.808,107.814,107.815
2019-07-04 19:00:00,107.809,107.813,107.783,107.795,107.809,107.809
2019-07-04 20:00:00,107.793,107.804,107.769,107.784,107.793,107.795
2019-07-04 21:00:00,107.784,107.794,107.772,107.779,107.784,107.786
2019-07-04 22:00:00,107.779,107.79,107.778,107.789,107.779,107.782
2019-07-04 23:00:00,107.788,107.833,107.771,107.814,107.788,107.794
2019-07-05 00:00:00,107.812,107.828,107.782,107.811,107.812,107.83
2019-07-05 01:00:00,107.811,107.83,107.781,107.801,107.811,107.819
2019-07-05 02:00:00,107.801,107.835,107.785,107.822,107.801,107.804
2019-07-05 03:00:00,107.822,107.88,107.805,107.858,107.822,107.824
2019-07-05 04:00:00,107.857,107.884,107.819,107.824,107.857,107.858
2019-07-05 05:00:00,107.824,107.863,107.819,107.85,107.824,107.825
2019-07-05 06:00:00,107.851,107.86,107.834,107.847,107.851,107.852
2019-07-05 07:00:00,107.846,107.878,107.833,107.869,107.846,107.847
2019-07-05 08:00:00,107.869,107.913,107.862,107.879,107.869,107.871
2019-07-05 09:00:00,107.88,107.962,107.877,107.937,107.88,107.881
2019-07-05 10:00:00,107.937,108.065,107.895,108.05,107.937,107.939
2019-07-05 11:00:00,108.05,108.069,107.986,108.022,108.05,108.051
2019-07-05 12:00:00,108.022,108.05,108.0,108.01,108.022,108.022
2019-07-05 13:00:00,108.01,108.051,108.007,108.048,108.01,108.011
2019-07-05 14:00:00,108.048,108.157,108.048,108.146,108.048,108.049
2019-07-05 15:00:00,108.146,108.46,108.035,108.427,108.146,108.148
2019-07-05 16:00:00,108.427,108.59,108.376,108.567,108.427,108.428
2019-07-05 17:00:00,108.567,108.623,108.423,108.463,108.567,108.567
2019-07-05 18:00:00,108.463,108.581,108.454,108.552,108.463,108.463
2019-07-05 19:00:00,108.552,108.573,108.521,108.544,108.552,108.553
2019-07-05 20:00:00,108.545,108.561,108.527,108.546,108.545,108.545
2019-07-05 21:00:00,108.547,108.638,108.546,108.563,108.547,108.547
2019-07-05 22:00:00,108.564,108.574,108.474,108.491,108.564,108.566
2019-07-05 23:00:00,108.491,108.503,108.461,108.471,108.491,108.492
2019-07-08 00:00:00,108.419,108.469,108.404,108.435,108.419,108.493
2019-07-08 01:00:00,108.435,108.586,108.429,108.508,108.435,108.45
2019-07-08 02:00:00,108.508,108.533,108.466,108.488,108.508,108.51
2019-07-08 03:00:00,108.488,108.564,108.407,108.53,108.488,108.49
2019-07-08 04:00:00,108.53,108.553,108.432,108.465,108.53,108.531
2019-07-08 05:00:00,108.465,108.49,108.393,108.399,108.465,108.466
2019-07-08 06:00:00,108.399,108.422,108.36,108.377,108.399,108.4
2019-07-08 07:00:00,108.377,108.39,108.315,108.332,108.377,108.377
2019-07-08 08:00:00,108.332,108.34,108.28,108.299,108.332,108.333
2019-07-08 09:00:00,108.298,108.374,108.287,108.336,108.298,108.298
2019-07-08 10:00:00,108.336,108.387,108.304,108.337,108.336,108.337
2019-07-08 11:00:00,108.337,108.411,108.328,108.388,108.337,108.338
2019-07-08 12:00:00,108.388,108.467,108.375,108.462,108.388,108.388
2019-07-08 13:00:00,108.462,108.538,108.459,108.531,108.462,108.463
2019-07-08 14:00:00,108.531,108.604,108.529,108.571,108.531,108.532
2019-07-08 15:00:00,108.571,108.616,108.518,108.568,108.571,108.573
2019-07-08 16:00:00,108.568,108.676,108.544,108.636,108.568,108.57
2019-07-08 17:00:00,108.636,108.729,108.629,108.666,108.636,108.636
2019-07-08 18:00:00,108.666,108.727,108.628,108.72,108.666,108.666
2019-07-08 19:00:00,108.72,108.72,108.651,108.681,108.72,108.72
2019-07-08 20:00:00,108.681,108.7,108.647,108.687,108.681,108.681
2019-07-08 21:00:00,108.687,108.728,108.654,108.726,108.687,108.688
2019-07-08 22:00:00,108.728,108.806,108.714,108.795,108.728,108.728
2019-07-08 23:00:00,108.796,108.796,108.713,108.726,108.796,108.797
2019-07-09 00:00:00,108.719,108.721,108.677,108.702,108.719,108.725
2019-07-09 01:00:00,108.703,108.744,108.697,108.73,108.703,108.708
2019-07-09 02:00:00,108.73,108.778,108.699,108.724,108.73,108.733
2019-07-09 03:00:00,108.724,108.893,108.724,108.856,108.724,108.725
2019-07-09 04:00:00,108.856,108.895,108.804,108.836,108.856,108.857
2019-07-09 05:00:00,108.84,108.874,108.803,108.833,108.84,108.84
2019-07-09 06:00:00,108.833,108.852,108.751,108.774,108.833,108.834
2019-07-09 07:00:00,108.774,108.782,108.718,108.729,108.774,108.774
2019-07-09 08:00:00,108.729,108.785,108.719,108.771,108.729,108.729
2019-07-09 09:00:00,108.771,108.811,108.751,108.802,108.771,108.772
2019-07-09 10:00:00,108.802,108.906,108.794,108.819,108.802,108.803
2019-07-09 11:00:00,108.819,108.928,108.791,108.915,108.819,108.82
2019-07-09 12:00:00,108.915,108.964,108.885,108.892,108.915,108.915
2019-07-09 13:00:00,108.891,108.898,108.769,108.796,108.891,108.892
2019-07-09 14:00:00,108.796,108.849,108.796,108.829,108.796,108.798
2019-07-09 15:00:00,108.829,108.84,108.765,108.809,108.829,108.83
2019-07-09 16:00:00,108.808,108.852,108.762,108.846,108.808,108.809
2019-07-09 17:00:00,108.846,108.85,108.772,108.776,108.846,108.846
2019-07-09 18:00:00,108.776,108.798,108.736,108.784,108.776,108.777
2019-07-09 19:00:00,108.784,108.839,108.777,108.807,108.784,108.786
2019-07-09 20:00:00,108.806,108.814,108.73,108.812,108.806,108.808
2019-07-09 21:00:00,108.812,108.873,108.799,108.867,108.812,108.812
2019-07-09 22:00:00,108.867,108.93,108.865,108.887,108.867,108.868
2019-07-09 23:00:00,108.887,108.895,108.851,108.856,108.887,108.887
2019-07-10 00:00:00,108.853,108.864,108.829,108.849,108.853,108.858
2019-07-10 01:00:00,108.848,108.892,108.848,108.886,108.848,108.856
2019-07-10 02:00:00,108.885,108.942,108.874,108.933,108.885,108.887
2019-07-10 03:00:00,108.933,108.991,108.921,108.967,108.933,108.934
2019-07-10 04:00:00,108.966,108.988,108.879,108.901,108.966,108.967
2019-07-10 05:00:00,108.9,108.932,108.881,108.898,108.9,108.901
2019-07-10 06:00:00,108.898,108.915,108.891,108.894,108.898,108.898
2019-07-10 07:00:00,108.894,108.908,108.858,108.864,108.894,108.895
2019-07-10 08:00:00,108.865,108.895,108.855,108.862,108.865,108.865
2019-07-10 09:00:00,108.863,108.953,108.861,108.929,108.863,108.864
2019-07-10 10:00:00,108.929,108.977,108.924,108.954,108.929,108.931
2019-07-10 11:00:00,108.954,108.966,108.911,108.942,108.954,108.954
2019-07-10 12:00:00,108.941,108.969,108.868,108.9,108.941,108.942
2019-07-10 13:00:00,108.9,108.922,108.866,108.915,108.9,108.901
2019-07-10 14:00:00,108.916,108.952,108.912,108.946,108.916,108.916
2019-07-10 15:00:00,108.946,108.956,108.534,108.548,108.946,108.946
2019-07-10 16:00:00,108.547,108.749,108.523,108.705,108.547,108.548
2019-07-10 17:00:00,108.706,108.718,108.489,108.541,108.706,108.708
2019-07-10 18:00:00,108.542,108.575,108.397,108.437,108.542,108.542
2019-07-10 19:00:00,108.438,108.473,108.399,108.408,108.438,108.438
2019-07-10 20:00:00,108.407,108.483,108.399,108.412,108.407,108.408
2019-07-10 21:00:00,108.411,108.477,108.348,108.424,108.411,108.419
2019-07-10 22:00:00,108.424,108.453,108.393,108.428,108.424,108.424
2019-07-10 23:00:00,108.427,108.48,108.427,108.463,108.427,108.427
2019-07-11 00:00:00,108.457,108.457,108.361,108.405,108.457,108.471
2019-07-11 01:00:00,108.409,108.414,108.314,108.323,108.409,108.417
2019-07-11 02:00:00,108.323,108.362,108.316,108.336,108.323,108.325
2019-07-11 03:00:00,108.336,108.338,108.095,108.131,108.336,108.337
2019-07-11 04:00:00,108.131,108.144,108.045,108.076,108.131,108.133
2019-07-11 05:00:00,108.077,108.078,107.934,107.94,108.077,108.077
2019-07-11 06:00:00,107.94,107.962,107.86,107.925,107.94,107.941
2019-07-11 07:00:00,107.925,107.986,107.899,107.951,107.925,107.925
2019-07-11 08:00:00,107.952,108.007,107.937,107.998,107.952,107.952
2019-07-11 09:00:00,107.998,108.024,107.949,107.992,107.998,108.0
2019-07-11 10:00:00,107.992,108.124,107.965,108.056,107.992,107.993
2019-07-11 11:00:00,108.056,108.081,108.022,108.056,108.056,108.056
2019-07-11 12:00:00,108.056,108.181,108.051,108.174,108.056,108.058
2019-07-11 13:00:00,108.174,108.2,108.12,108.127,108.174,108.174
2019-07-11 14:00:00,108.126,108.149,108.09,108.099,108.126,108.126
2019-07-11 15:00:00,108.1,108.333,108.035,108.257,108.1,108.1
2019-07-11 16:00:00,108.257,108.348,108.19,108.311,108.257,108.257
2019-07-11 17:00:00,108.312,108.346,108.241,108.338,108.312,108.312
2019-07-11 18:00:00,108.34,108.351,108.262,108.293,108.34,108.34
2019-07-11 19:00:00,108.294,108.465,108.292,108.46,108.294,108.295
2019-07-11 20:00:00,108.46,108.532,108.428,108.442,108.46,108.461
2019-07-11 21:00:00,108.443,108.475,108.415,108.456,108.443,108.443
2019-07-11 22:00:00,108.458,108.479,108.437,108.444,108.458,108.458
2019-07-11 23:00:00,108.444,108.512,108.44,108.492,108.444,108.445
2019-07-12 00:00:00,108.491,108.5,108.473,108.479,108.491,108.499
2019-07-12 01:00:00,108.478,108.479,108.441,108.474,108.478,108.484
2019-07-12 02:00:00,108.474,108.61,108.467,108.592,108.474,108.474
2019-07-12 03:00:00,108.592,108.608,108.447,108.519,108.592,108.593
2019-07-12 04:00:00,108.518,108.522,108.375,108.388,108.518,108.52
2019-07-12 05:00:00,108.388,108.402,108.314,108.375,108.388,108.389
2019-07-12 06:00:00,108.375,108.449,108.346,108.364,108.375,108.377
2019-07-12 07:00:00,108.365,108.431,108.295,108.321,108.365,108.365
2019-07-12 08:00:00,108.321,108.358,108.29,108.327,108.321,108.322
2019-07-12 09:00:00,108.327,108.375,108.324,108.343,108.327,108.327
2019-07-12 10:00:00,108.343,108.399,108.321,108.368,108.343,108.344
2019-07-12 11:00:00,108.368,108.374,108.248,108.343,108.368,108.368
2019-07-12 12:00:00,108.342,108.474,108.339,108.428,108.342,108.342
2019-07-12 13:00:00,108.427,108.441,108.322,108.347,108.427,108.428
2019-07-12 14:00:00,108.347,108.353,108.253,108.287,108.347,108.348
2019-07-12 15:00:00,108.288,108.352,108.221,108.269,108.288,108.288
2019-07-12 16:00:00,108.27,108.303,108.072,108.078,108.27,108.27
2019-07-12 17:00:00,108.078,108.123,107.995,108.013,108.078,108.079
2019-07-12 18:00:00,108.014,108.039,107.953,108.007,108.014,108.015
2019-07-12 19:00:00,108.007,108.02,107.917,107.929,108.007,108.009
2019-07-12 20:00:00,107.929,107.952,107.872,107.909,107.929,107.931
2019-07-12 21:00:00,107.909,107.909,107.805,107.805,107.909,107.911
2019-07-12 22:00:00,107.807,107.873,107.806,107.855,107.807,107.807
2019-07-12 23:00:00,107.855,107.932,107.848,107.895,107.855,107.857
2019-07-15 00:00:00,107.875,107.898,107.848,107.879,107.875,107.975
2019-07-15 01:00:00,107.891,107.906,107.832,107.88,107.891,107.902
2019-07-15 02:00:00,107.88,107.923,107.799,107.831,107.88,107.883
2019-07-15 03:00:00,107.831,107.86,107.807,107.821,107.831,107.834
2019-07-15 04:00:00,107.821,107.922,107.812,107.878,107.821,107.822
2019-07-15 05:00:00,107.885,108.083,107.885,108.059,107.885,107.888
2019-07-15 06:00:00,108.059,108.11,108.001,108.01,108.059,108.06
2019-07-15 07:00:00,108.01,108.068,107.962,108.033,108.01,108.012
2019-07-15 08:00:00,108.033,108.077,108.001,108.003,108.033,108.035
2019-07-15 09:00:00,108.003,108.063,107.928,107.933,108.003,108.004
2019-07-15 10:00:00,107.933,108.02,107.933,107.952,107.933,107.933
2019-07-15 11:00:00,107.952,107.968,107.855,107.897,107.952,107.953
2019-07-15 12:00:00,107.897,107.931,107.822,107.854,107.897,107.897
2019-07-15 13:00:00,107.853,107.927,107.826,107.921,107.853,107.854
2019-07-15 14:00:00,107.921,107.96,107.871,107.953,107.921,107.923
2019-07-15 15:00:00,107.953,107.96,107.913,107.926,107.953,107.954
2019-07-15 16:00:00,107.926,107.953,107.846,107.867,107.926,107.927
2019-07-15 17:00:00,107.867,107.989,107.851,107.974,107.867,107.868
2019-07-15 18:00:00,107.975,107.978,107.887,107.895,107.975,107.976
2019-07-15 19:00:00,107.895,107.904,107.859,107.867,107.895,107.896
2019-07-15 20:00:00,107.867,107.909,107.84,107.878,107.867,107.868
2019-07-15 21:00:00,107.878,107.915,107.865,107.902,107.878,107.88
2019-07-15 22:00:00,107.902,107.942,107.894,107.909,107.902,107.903
2019-07-15 23:00:00,107.909,107.915,107.873,107.907,107.909,107.909
2019-07-16 00:00:00,107.91,107.922,107.867,107.879,107.91,107.919
2019-07-16 01:00:00,107.878,107.884,107.821,107.866,107.878,107.89
2019-07-16 02:00:00,107.866,107.912,107.841,107.907,107.866,107.868
2019-07-16 03:00:00,107.907,107.953,107.877,107.952,107.907,107.908
2019-07-16 04:00:00,107.952,108.094,107.921,107.949,107.952,107.952
2019-07-16 05:00:00,107.948,107.994,107.911,107.961,107.948,107.949
2019-07-16 06:00:00,107.961,107.991,107.938,107.985,107.961,107.962
2019-07-16 07:00:00,107.985,108.0,107.964,107.978,107.985,107.986
2019-07-16 08:00:00,107.978,108.039,107.961,108.034,107.978,107.978
2019-07-16 09:00:00,108.033,108.1,108.004,108.058,108.033,108.033
2019-07-16 10:00:00,108.058,108.1,108.026,108.06,108.058,108.058
2019-07-16 11:00:00,108.06,108.082,107.995,108.029,108.06,108.061
2019-07-16 12:00:00,108.028,108.029,107.9,107.908,108.028,108.03
2019-07-16 13:00:00,107.908,107.987,107.903,107.965,107.908,107.909
2019-07-16 14:00:00,107.965,107.995,107.926,107.967,107.965,107.967
2019-07-16 15:00:00,107.967,108.252,107.917,108.196,107.967,107.968
2019-07-16 16:00:00,108.196,108.267,108.13,108.215,108.196,108.196
2019-07-16 17:00:00,108.215,108.285,108.153,108.27,108.215,108.217
2019-07-16 18:00:00,108.269,108.359,108.244,108.355,108.269,108.27
2019-07-16 19:00:00,108.355,108.377,108.193,108.265,108.355,108.356
2019-07-16 20:00:00,108.265,108.353,108.154,108.295,108.265,108.266
2019-07-16 21:00:00,108.294,108.368,108.278,108.334,108.294,108.294
2019-07-16 22:00:00,108.336,108.369,108.266,108.283,108.336,108.336
2019-07-16 23:00:00,108.283,108.29,108.232,108.234,108.283,108.284
2019-07-17 00:00:00,108.237,108.253,108.206,108.234,108.237,108.255
2019-07-17 01:00:00,108.234,108.248,108.196,108.235,108.234,108.251
2019-07-17 02:00:00,108.235,108.263,108.194,108.2,108.235,108.236
2019-07-17 03:00:00,108.202,108.327,108.194,108.243,108.202,108.203
2019-07-17 04:00:00,108.243,108.244,108.12,108.196,108.243,108.243
2019-07-17 05:00:00,108.196,108.199,108.112,108.174,108.196,108.197
2019-07-17 06:00:00,108.174,108.187,108.158,108.172,108.174,108.175
2019-07-17 07:00:00,108.171,108.207,108.152,108.197,108.171,108.172
2019-07-17 08:00:00,108.197,108.238,108.183,108.221,108.197,108.199
2019-07-17 09:00:00,108.221,108.239,108.17,108.23,108.221,108.222
2019-07-17 10:00:00,108.229,108.282,108.164,108.259,108.229,108.23
2019-07-17 11:00:00,108.259,108.29,108.242,108.257,108.259,108.26
2019-07-17 12:00:00,108.257,108.267,108.225,108.245,108.257,108.257
2019-07-17 13:00:00,108.245,108.301,108.241,108.249,108.245,108.246
2019-07-17 14:00:00,108.249,108.284,108.233,108.265,108.249,108.249
2019-07-17 15:00:00,108.265,108.286,108.172,108.286,108.265,108.265
2019-07-17 16:00:00,108.286,108.321,108.221,108.244,108.286,108.287
2019-07-17 17:00:00,108.243,108.273,108.068,108.088,108.243,108.243
2019-07-17 18:00:00,108.088,108.145,108.06,108.099,108.088,108.088
2019-07-17 19:00:00,108.099,108.112,108.06,108.092,108.099,108.1
2019-07-17 20:00:00,108.092,108.11,108.065,108.069,108.092,108.093
2019-07-17 21:00:00,108.069,108.105,108.012,108.084,108.069,108.069
2019-07-17 22:00:00,108.084,108.114,108.038,108.054,108.084,108.084
2019-07-17 23:00:00,108.056,108.082,107.936,107.939,108.056,108.056
2019-07-18 00:00:00,107.946,107.981,107.858,107.911,107.946,107.953
2019-07-18 01:00:00,107.913,107.972,107.902,107.958,107.913,107.92
2019-07-18 02:00:00,107.958,107.976,107.907,107.934,107.958,107.961
2019-07-18 03:00:00,107.933,107.975,107.712,107.732,107.933,107.934
2019-07-18 04:00:00,107.732,107.773,107.644,107.69,107.732,107.733
2019-07-18 05:00:00,107.69,107.758,107.652,107.735,107.69,107.69
2019-07-18 06:00:00,107.736,107.756,107.7,107.727,107.736,107.737
2019-07-18 07:00:00,107.727,107.741,107.686,107.706,107.727,107.729
2019-07-18 08:00:00,107.707,107.726,107.673,107.686,107.707,107.707
2019-07-18 09:00:00,107.686,107.736,107.619,107.707,107.686,107.687
2019-07-18 10:00:00,107.707,107.781,107.682,107.765,107.707,107.707
2019-07-18 11:00:00,107.765,107.766,107.699,107.736,107.765,107.766
2019-07-18 12:00:00,107.736,107.777,107.721,107.77,107.736,107.737
2019-07-18 13:00:00,107.769,107.914,107.741,107.859,107.769,107.77
2019-07-18 14:00:00,107.859,107.914,107.768,107.803,107.859,107.859
2019-07-18 15:00:00,107.803,107.953,107.726,107.91,107.803,107.803
2019-07-18 16:00:00,107.91,108.016,107.899,107.961,107.91,107.91
2019-07-18 17:00:00,107.961,107.961,107.818,107.828,107.961,107.961
2019-07-18 18:00:00,107.828,107.851,107.726,107.742,107.828,107.829
2019-07-18 19:00:00,107.742,107.83,107.737,107.828,107.742,107.742
2019-07-18 20:00:00,107.828,107.863,107.672,107.734,107.828,107.829
2019-07-18 21:00:00,107.734,107.762,107.461,107.492,107.734,107.735
2019-07-18 22:00:00,107.492,107.526,107.212,107.278,107.492,107.493
2019-07-18 23:00:00,107.278,107.311,107.245,107.299,107.278,107.28
2019-07-19 00:00:00,107.288,107.3,107.254,107.271,107.288,107.304
2019-07-19 01:00:00,107.268,107.604,107.217,107.49,107.268,107.28
2019-07-19 02:00:00,107.491,107.491,107.358,107.405,107.491,107.491
2019-07-19 03:00:00,107.405,107.517,107.33,107.512,107.405,107.406
2019-07-19 04:00:00,107.512,107.594,107.485,107.532,107.512,107.513
2019-07-19 05:00:00,107.534,107.543,107.509,107.526,107.534,107.534
2019-07-19 06:00:00,107.526,107.556,107.486,107.537,107.526,107.527
2019-07-19 07:00:00,107.537,107.603,107.532,107.601,107.537,107.538
2019-07-19 08:00:00,107.601,107.678,107.559,107.638,107.601,107.601
2019-07-19 09:00:00,107.639,107.715,107.606,107.67,107.639,107.641
2019-07-19 10:00:00,107.67,107.695,107.565,107.642,107.67,107.67
2019-07-19 11:00:00,107.642,107.708,107.642,107.662,107.642,107.643
2019-07-19 12:00:00,107.662,107.699,107.632,107.66,107.662,107.663
2019-07-19 13:00:00,107.66,107.662,107.588,107.597,107.66,107.66
2019-07-19 14:00:00,107.599,107.69,107.581,107.653,107.599,107.6
2019-07-19 15:00:00,107.653,107.789,107.629,107.737,107.653,107.654
2019-07-19 16:00:00,107.736,107.766,107.64,107.646,107.736,107.737
2019-07-19 17:00:00,107.646,107.753,107.591,107.739,107.646,107.649
2019-07-19 18:00:00,107.738,107.78,107.674,107.78,107.738,107.738
2019-07-19 19:00:00,107.78,107.797,107.708,107.732,107.78,107.78
2019-07-19 20:00:00,107.731,107.772,107.698,107.762,107.731,107.731
2019-07-19 21:00:00,107.759,107.98,107.724,107.786,107.759,107.761
2019-07-19 22:00:00,107.786,107.788,107.686,107.734,107.786,107.786
2019-07-19 23:00:00,107.734,107.748,107.694,107.718,107.734,107.734
2019-07-22 00:00:00,107.716,107.77,107.698,107.732,107.716,107.816
2019-07-22 01:00:00,107.733,107.819,107.698,107.81,107.733,107.746
2019-07-22 02:00:00,107.811,107.829,107.773,107.821,107.811,107.811
2019-07-22 03:00:00,107.822,107.962,107.714,107.934,107.822,107.822
2019-07-22 04:00:00,107.934,108.069,107.927,107.951,107.934,107.934
2019-07-22 05:00:00,107.952,108.0,107.918,107.946,107.952,107.952
2019-07-22 06:00:00,107.946,107.984,107.92,107.934,107.946,107.946
2019-07-22 07:00:00,107.935,107.984,107.932,107.96,107.935,107.935
2019-07-22 08:00:00,107.96,108.008,107.956,107.974,107.96,107.96
2019-07-22 09:00:00,107.975,108.037,107.908,107.918,107.975,107.975
2019-07-22 10:00:00,107.918,107.957,107.838,107.864,107.918,107.919
2019-07-22 11:00:00,107.864,107.884,107.818,107.868,107.864,107.864
2019-07-22 12:00:00,107.868,107.898,107.848,107.876,107.868,107.868
2019-07-22 13:00:00,107.876,107.899,107.86,107.872,107.876,107.876
2019-07-22 14:00:00,107.872,107.979,107.855,107.95,107.872,107.872
2019-07-22 15:00:00,107.95,107.998,107.888,107.923,107.95,107.95
2019-07-22 16:00:00,107.923,107.93,107.832,107.908,107.923,107.923
2019-07-22 17:00:00,107.908,107.968,107.836,107.837,107.908,107.908
2019-07-22 18:00:00,107.837,107.922,107.808,107.912,107.837,107.837
2019-07-22 19:00:00,107.912,107.933,107.861,107.882,107.912,107.912
2019-07-22 20:00:00,107.882,107.896,107.772,107.794,107.882,107.882
2019-07-22 21:00:00,107.792,107.896,107.792,107.862,107.792,107.792
2019-07-22 22:00:00,107.864,107.92,107.855,107.873,107.864,107.864
2019-07-22 23:00:00,107.876,107.918,107.861,107.864,107.876,107.876
2019-07-23 00:00:00,107.858,107.897,107.845,107.891,107.858,107.881
2019-07-23 01:00:00,107.89,107.911,107.865,107.893,107.89,107.898
2019-07-23 02:00:00,107.893,107.932,107.888,107.904,107.893,107.894
2019-07-23 03:00:00,107.904,108.08,107.825,108.003,107.904,107.904
2019-07-23 04:00:00,108.004,108.074,108.004,108.025,108.004,108.004
2019-07-23 05:00:00,108.026,108.064,107.985,108.034,108.026,108.026
2019-07-23 06:00:00,108.036,108.06,108.002,108.048,108.036,108.036
2019-07-23 07:00:00,108.048,108.185,108.038,108.149,108.048,108.048
2019-07-23 08:00:00,108.15,108.192,108.13,108.185,108.15,108.15
2019-07-23 09:00:00,108.185,108.188,108.097,108.13,108.185,108.185
2019-07-23 10:00:00,108.13,108.163,108.098,108.105,108.13,108.13
2019-07-23 11:00:00,108.105,108.187,108.103,108.177,108.105,108.105
2019-07-23 12:00:00,108.176,108.206,108.167,108.193,108.176,108.177
2019-07-23 13:00:00,108.194,108.207,108.09,108.099,108.194,108.194
2019-07-23 14:00:00,108.099,108.149,108.079,108.123,108.099,108.102
2019-07-23 15:00:00,108.123,108.168,108.092,108.147,108.123,108.123
2019-07-23 16:00:00,108.147,108.287,108.138,108.22,108.147,108.147
2019-07-23 17:00:00,108.22,108.22,108.061,108.121,108.22,108.222
2019-07-23 18:00:00,108.122,108.128,108.044,108.06,108.122,108.122
2019-07-23 19:00:00,108.061,108.184,108.032,108.17,108.061,108.061
2019-07-23 20:00:00,108.17,108.211,108.096,108.198,108.17,108.17
2019-07-23 21:00:00,108.198,108.266,108.173,108.258,108.198,108.198
2019-07-23 22:00:00,108.258,108.286,108.245,108.246,108.258,108.258
2019-07-23 23:00:00,108.246,108.254,108.171,108.218,108.246,108.246
2019-07-24 00:00:00,108.217,108.227,108.173,108.227,108.217,108.229
2019-07-24 01:00:00,108.224,108.238,108.199,108.218,108.224,108.234
2019-07-24 02:00:00,108.218,108.256,108.193,108.236,108.218,108.221
2019-07-24 03:00:00,108.236,108.276,108.12,108.16,108.236,108.236
2019-07-24 04:00:00,108.16,108.246,108.146,108.21,108.16,108.16
2019-07-24 05:00:00,108.21,108.221,108.164,108.183,108.21,108.21
2019-07-24 06:00:00,108.183,108.189,108.144,108.179,108.183,108.183
2019-07-24 07:00:00,108.177,108.207,108.152,108.155,108.177,108.177
2019-07-24 08:00:00,108.155,108.172,108.107,108.116,108.155,108.155
2019-07-24 09:00:00,108.116,108.149,108.096,108.097,108.116,108.116
2019-07-24 10:00:00,108.098,108.118,107.99,108.039,108.098,108.098
2019-07-24 11:00:00,108.038,108.078,108.008,108.06,108.038,108.039
2019-07-24 12:00:00,108.062,108.078,108.021,108.046,108.062,108.062
2019-07-24 13:00:00,108.046,108.183,108.016,108.032,108.046,108.046
2019-07-24 14:00:00,108.032,108.08,108.031,108.064,108.032,108.032
2019-07-24 15:00:00,108.064,108.092,108.023,108.036,108.064,108.065
2019-07-24 16:00:00,108.036,108.083,108.002,108.022,108.036,108.036
2019-07-24 17:00:00,108.022,108.078,107.935,108.069,108.022,108.022
2019-07-24 18:00:00,108.069,108.108,108.031,108.092,108.069,108.069
2019-07-24 19:00:00,108.092,108.143,108.084,108.126,108.092,108.092
2019-07-24 20:00:00,108.126,108.174,108.107,108.159,108.126,108.126
2019-07-24 21:00:00,108.159,108.226,108.156,108.216,108.159,108.159
2019-07-24 22:00:00,108.216,108.25,108.206,108.209,108.216,108.216
2019-07-24 23:00:00,108.209,108.22,108.173,108.179,108.209,108.21
2019-07-25 00:00:00,108.186,108.187,108.125,108.147,108.186,108.195
2019-07-25 01:00:00,108.146,108.169,108.128,108.167,108.146,108.157
2019-07-25 02:00:00,108.167,108.208,108.162,108.192,108.167,108.169
2019-07-25 03:00:00,108.192,108.24,108.127,108.184,108.192,108.193
2019-07-25 04:00:00,108.183,108.198,108.152,108.158,108.183,108.183
2019-07-25 05:00:00,108.158,108.161,108.12,108.154,108.158,108.158
2019-07-25 06:00:00,108.154,108.176,108.132,108.166,108.154,108.154
2019-07-25 07:00:00,108.166,108.171,108.126,108.129,108.166,108.166
2019-07-25 08:00:00,108.129,108.132,108.082,108.115,108.129,108.129
2019-07-25 09:00:00,108.117,108.127,108.076,108.118,108.117,108.117
2019-07-25 10:00:00,108.118,108.121,108.043,108.054,108.118,108.118
2019-07-25 11:00:00,108.054,108.113,108.044,108.086,108.054,108.054
2019-07-25 12:00:00,108.087,108.106,108.062,108.092,108.087,108.087
2019-07-25 13:00:00,108.092,108.1,108.046,108.06,108.092,108.092
2019-07-25 14:00:00,108.06,108.15,108.043,108.132,108.06,108.06
2019-07-25 15:00:00,108.134,108.208,108.072,108.174,108.134,108.134
2019-07-25 16:00:00,108.174,108.498,108.154,108.489,108.174,108.175
2019-07-25 17:00:00,108.488,108.562,108.431,108.56,108.488,108.488
2019-07-25 18:00:00,108.56,108.593,108.532,108.588,108.56,108.56
2019-07-25 19:00:00,108.588,108.716,108.578,108.704,108.588,108.588
2019-07-25 20:00:00,108.704,108.729,108.656,108.656,108.704,108.705
2019-07-25 21:00:00,108.656,108.756,108.644,108.747,108.656,108.656
2019-07-25 22:00:00,108.747,108.748,108.679,108.726,108.747,108.747
2019-07-25 23:00:00,108.726,108.727,108.626,108.634,108.726,108.726
2019-07-26 00:00:00,108.63,108.653,108.616,108.629,108.63,108.635
2019-07-26 01:00:00,108.629,108.665,108.613,108.625,108.629,108.636
2019-07-26 02:00:00,108.623,108.684,108.623,108.676,108.623,108.625
2019-07-26 03:00:00,108.676,108.742,108.634,108.695,108.676,108.676
2019-07-26 04:00:00,108.695,108.703,108.629,108.654,108.695,108.696
2019-07-26 05:00:00,108.654,108.654,108.57,108.573,108.654,108.654
2019-07-26 06:00:00,108.574,108.627,108.561,108.621,108.574,108.574
2019-07-26 07:00:00,108.621,108.632,108.61,108.624,108.621,108.622
2019-07-26 08:00:00,108.624,108.656,108.612,108.64,108.624,108.624
2019-07-26 09:00:00,108.64,108.657,108.59,108.615,108.64,108.64
2019-07-26 10:00:00,108.614,108.658,108.608,108.63,108.614,108.614
2019-07-26 11:00:00,108.63,108.694,108.623,108.671,108.63,108.631
2019-07-26 12:00:00,108.671,108.688,108.615,108.633,108.671,108.671
2019-07-26 13:00:00,108.633,108.686,108.614,108.681,108.633,108.633
2019-07-26 14:00:00,108.68,108.68,108.652,108.674,108.68,108.68
2019-07-26 15:00:00,108.674,108.828,108.652,108.7,108.674,108.674
2019-07-26 16:00:00,108.7,108.716,108.594,108.68,108.7,108.7
2019-07-26 17:00:00,108.68,108.816,108.65,108.653,108.68,108.68
2019-07-26 18:00:00,108.654,108.736,108.633,108.697,108.654,108.654
2019-07-26 19:00:00,108.697,108.72,108.679,108.708,108.697,108.698
2019-07-26 20:00:00,108.708,108.729,108.682,108.712,108.708,108.708
2019-07-26 21:00:00,108.712,108.723,108.689,108.703,108.712,108.712
2019-07-26 22:00:00,108.703,108.717,108.672,108.701,108.703,108.704
2019-07-26 23:00:00,108.704,108.707,108.635,108.678,108.704,108.704
2019-07-29 00:00:00,108.624,108.683,108.623,108.679,108.624,108.721
2019-07-29 01:00:00,108.685,108.7,108.626,108.65,108.685,108.694
2019-07-29 02:00:00,108.65,108.656,108.592,108.638,108.65,108.651
2019-07-29 03:00:00,108.638,108.649,108.444,108.466,108.638,108.639
2019-07-29 04:00:00,108.466,108.481,108.421,108.477,108.466,108.466
2019-07-29 05:00:00,108.477,108.521,108.474,108.519,108.477,108.478
2019-07-29 06:00:00,108.52,108.577,108.507,108.553,108.52,108.52
2019-07-29 07:00:00,108.553,108.606,108.553,108.582,108.553,108.553
2019-07-29 08:00:00,108.582,108.619,108.562,108.617,108.582,108.582
2019-07-29 09:00:00,108.615,108.674,108.607,108.625,108.615,108.616
2019-07-29 10:00:00,108.625,108.675,108.602,108.654,108.625,108.625
2019-07-29 11:00:00,108.654,108.68,108.613,108.649,108.654,108.654
2019-07-29 12:00:00,108.649,108.65,108.6,108.633,108.649,108.649
2019-07-29 13:00:00,108.633,108.67,108.62,108.628,108.633,108.633
2019-07-29 14:00:00,108.628,108.65,108.598,108.641,108.628,108.628
2019-07-29 15:00:00,108.641,108.696,108.64,108.654,108.641,108.641
2019-07-29 16:00:00,108.655,108.678,108.626,108.645,108.655,108.655
2019-07-29 17:00:00,108.646,108.834,108.63,108.831,108.646,108.646
2019-07-29 18:00:00,108.831,108.9,108.826,108.854,108.831,108.831
2019-07-29 19:00:00,108.853,108.879,108.813,108.852,108.853,108.853
2019-07-29 20:00:00,108.851,108.871,108.794,108.812,108.851,108.851
2019-07-29 21:00:00,108.813,108.882,108.771,108.793,108.813,108.813
2019-07-29 22:00:00,108.793,108.817,108.761,108.791,108.793,108.794
2019-07-29 23:00:00,108.79,108.799,108.763,108.783,108.79,108.79
2019-07-30 00:00:00,108.781,108.843,108.773,108.823,108.781,108.787
2019-07-30 01:00:00,108.823,108.836,108.798,108.824,108.823,108.832
2019-07-30 02:00:00,108.824,108.89,108.82,108.857,108.824,108.826
2019-07-30 03:00:00,108.856,108.949,108.833,108.836,108.856,108.857
2019-07-30 04:00:00,108.836,108.869,108.762,108.805,108.836,108.836
2019-07-30 05:00:00,108.816,108.824,108.666,108.72,108.816,108.817
2019-07-30 06:00:00,108.72,108.766,108.633,108.64,108.72,108.722
2019-07-30 07:00:00,108.64,108.676,108.564,108.598,108.64,108.64
2019-07-30 08:00:00,108.598,108.635,108.58,108.624,108.598,108.598
2019-07-30 09:00:00,108.624,108.654,108.57,108.639,108.624,108.624
2019-07-30 10:00:00,108.638,108.701,108.622,108.644,108.638,108.638
2019-07-30 11:00:00,108.643,108.649,108.558,108.571,108.643,108.643
2019-07-30 12:00:00,108.571,108.592,108.529,108.59,108.571,108.571
2019-07-30 13:00:00,108.59,108.626,108.512,108.618,108.59,108.59
2019-07-30 14:00:00,108.618,108.618,108.456,108.509,108.618,108.618
2019-07-30 15:00:00,108.509,108.592,108.454,108.548,108.509,108.509
2019-07-30 16:00:00,108.549,108.633,108.514,108.559,108.549,108.55
2019-07-30 17:00:00,108.568,108.673,108.565,108.644,108.568,108.576
2019-07-30 18:00:00,108.646,108.704,108.613,108.658,108.646,108.646
2019-07-30 19:00:00,108.657,108.698,108.622,108.622,108.657,108.658
2019-07-30 20:00:00,108.623,108.642,108.599,108.626,108.623,108.623
2019-07-30 21:00:00,108.628,108.638,108.562,108.595,108.628,108.629
2019-07-30 22:00:00,108.596,108.606,108.547,108.6,108.596,108.596
2019-07-30 23:00:00,108.6,108.63,108.584,108.599,108.6,108.6
2019-07-31 00:00:00,108.589,108.62,108.573,108.584,108.589,108.633
2019-07-31 01:00:00,108.586,108.611,108.577,108.6,108.586,108.595
2019-07-31 02:00:00,108.6,108.607,108.557,108.566,108.6,108.6
2019-07-31 03:00:00,108.566,108.646,108.502,108.642,108.566,108.566
2019-07-31 04:00:00,108.641,108.652,108.526,108.545,108.641,108.643
2019-07-31 05:00:00,108.544,108.566,108.505,108.556,108.544,108.544
2019-07-31 06:00:00,108.556,108.608,108.538,108.571,108.556,108.556
2019-07-31 07:00:00,108.571,108.59,108.524,108.538,108.571,108.571
2019-07-31 08:00:00,108.538,108.566,108.524,108.562,108.538,108.539
2019-07-31 09:00:00,108.562,108.578,108.51,108.54,108.562,108.562
2019-07-31 10:00:00,108.54,108.585,108.517,108.556,108.54,108.54
2019-07-31 11:00:00,108.556,108.582,108.535,108.572,108.556,108.556
2019-07-31 12:00:00,108.572,108.579,108.546,108.555,108.572,108.572
2019-07-31 13:00:00,108.555,108.582,108.532,108.564,108.555,108.555
2019-07-31 14:00:00,108.564,108.587,108.552,108.566,108.564,108.564
2019-07-31 15:00:00,108.568,108.628,108.558,108.559,108.568,108.568
2019-07-31 16:00:00,108.558,108.658,108.542,108.596,108.558,108.558
2019-07-31 17:00:00,108.596,108.611,108.492,108.588,108.596,108.596
2019-07-31 18:00:00,108.576,108.646,108.542,108.588,108.576,108.576
2019-07-31 19:00:00,108.588,108.658,108.564,108.593,108.588,108.588
2019-07-31 20:00:00,108.593,108.603,108.522,108.529,108.593,108.593
2019-07-31 21:00:00,108.528,109.0,108.516,108.788,108.528,108.565
2019-07-31 22:00:00,108.788,108.903,108.677,108.787,108.788,108.788
2019-07-31 23:00:00,108.786,108.826,108.748,108.76,108.786,108.786
2019-08-01 00:00:00,108.749,108.775,108.701,108.77,108.749,108.794
2019-08-01 01:00:00,108.774,108.782,108.708,108.74,108.774,108.779
2019-08-01 02:00:00,108.74,108.848,108.74,108.821,108.74,108.741
2019-08-01 03:00:00,108.822,109.32,108.813,109.256,108.822,108.823
2019-08-01 04:00:00,109.256,109.29,109.17,109.212,109.256,109.256
2019-08-01 05:00:00,109.211,109.231,109.12,109.144,109.211,109.211
2019-08-01 06:00:00,109.142,109.252,109.137,109.239,109.142,109.142
2019-08-01 07:00:00,109.24,109.243,109.172,109.186,109.24,109.24
2019-08-01 08:00:00,109.187,109.22,109.163,109.183,109.187,109.187
2019-08-01 09:00:00,109.182,109.256,109.158,109.18,109.182,109.182
2019-08-01 10:00:00,109.18,109.202,109.102,109.14,109.18,109.18
2019-08-01 11:00:00,109.14,109.158,109.078,109.084,109.14,109.14
2019-08-01 12:00:00,109.084,109.092,109.023,109.086,109.084,109.084
2019-08-01 13:00:00,109.086,109.102,108.93,108.984,109.086,109.086
2019-08-01 14:00:00,108.984,109.014,108.874,108.928,108.984,108.987
2019-08-01 15:00:00,108.928,108.932,108.613,108.645,108.928,108.928
2019-08-01 16:00:00,108.645,108.656,108.458,108.5,108.645,108.645
2019-08-01 17:00:00,108.493,108.493,108.158,108.184,108.493,108.496
2019-08-01 18:00:00,108.184,108.328,108.183,108.29,108.184,108.184
2019-08-01 19:00:00,108.29,108.302,108.071,108.136,108.29,108.29
2019-08-01 20:00:00,108.136,108.166,107.257,107.455,108.136,108.136
2019-08-01 21:00:00,107.456,107.57,107.325,107.338,107.456,107.458
2019-08-01 22:00:00,107.338,107.528,107.273,107.283,107.338,107.339
2019-08-01 23:00:00,107.283,107.574,107.283,107.332,107.283,107.285
2019-08-02 00:00:00,107.336,107.372,107.227,107.325,107.336,107.382
2019-08-02 01:00:00,107.326,107.569,107.281,107.516,107.326,107.347
2019-08-02 02:00:00,107.515,107.52,107.349,107.444,107.515,107.516
2019-08-02 03:00:00,107.444,107.496,107.048,107.126,107.444,107.445
2019-08-02 04:00:00,107.124,107.163,106.852,107.13,107.124,107.124
2019-08-02 05:00:00,107.132,107.157,106.982,107.065,107.132,107.132
2019-08-02 06:00:00,107.065,107.1,107.023,107.046,107.065,107.065
2019-08-02 07:00:00,107.046,107.078,106.946,107.068,107.046,107.047
2019-08-02 08:00:00,107.068,107.13,107.068,107.116,107.068,107.068
2019-08-02 09:00:00,107.116,107.157,106.926,106.94,107.116,107.116
2019-08-02 10:00:00,106.94,107.006,106.834,106.917,106.94,106.94
2019-08-02 11:00:00,106.917,106.976,106.862,106.933,106.917,106.917
2019-08-02 12:00:00,106.932,106.932,106.79,106.894,106.932,106.932
2019-08-02 13:00:00,106.892,106.958,106.824,106.87,106.892,106.892
2019-08-02 14:00:00,106.87,106.878,106.812,106.838,106.87,106.87
2019-08-02 15:00:00,106.838,107.058,106.607,107.014,106.838,106.838
2019-08-02 16:00:00,107.014,107.282,106.645,106.769,107.014,107.014
2019-08-02 17:00:00,106.768,106.824,106.542,106.546,106.768,106.771
2019-08-02 18:00:00,106.546,106.717,106.546,106.642,106.546,106.546
2019-08-02 19:00:00,106.642,106.728,106.586,106.614,106.642,106.642
2019-08-02 20:00:00,106.614,106.614,106.51,106.568,106.614,106.614
2019-08-02 21:00:00,106.568,106.607,106.512,106.571,106.568,106.568
2019-08-02 22:00:00,106.571,106.657,106.528,106.602,106.571,106.571
2019-08-02 23:00:00,106.6,106.634,106.549,106.632,106.6,106.6
2019-08-05 00:00:00,106.528,106.605,106.528,106.547,106.528,106.611
2019-08-05 01:00:00,106.553,106.682,106.525,106.634,106.553,106.6
2019-08-05 02:00:00,106.634,106.634,106.54,106.567,106.634,106.635
2019-08-05 03:00:00,106.568,106.624,106.273,106.325,106.568,106.568
2019-08-05 04:00:00,106.325,106.421,105.799,106.096,106.325,106.326
2019-08-05 05:00:00,106.096,106.14,105.936,105.992,106.096,106.096
2019-08-05 06:00:00,105.992,106.012,105.786,105.978,105.992,105.993
2019-08-05 07:00:00,105.979,106.082,105.974,106.038,105.979,105.979
2019-08-05 08:00:00,106.038,106.068,105.869,105.97,106.038,106.039
2019-08-05 09:00:00,105.968,106.018,105.814,105.934,105.968,105.968
2019-08-05 10:00:00,105.934,106.024,105.904,105.943,105.934,105.935
2019-08-05 11:00:00,105.943,106.048,105.839,105.946,105.943,105.943
2019-08-05 12:00:00,105.946,106.351,105.899,106.15,105.946,105.946
2019-08-05 13:00:00,106.148,106.171,105.95,106.11,106.148,106.148
2019-08-05 14:00:00,106.109,106.169,105.998,106.085,106.109,106.109
2019-08-05 15:00:00,106.085,106.236,106.052,106.097,106.085,106.085
2019-08-05 16:00:00,106.096,106.168,106.011,106.118,106.096,106.097
2019-08-05 17:00:00,106.118,106.118,105.916,106.069,106.118,106.127
2019-08-05 18:00:00,106.07,106.221,106.035,106.044,106.07,106.07
2019-08-05 19:00:00,106.044,106.142,105.901,105.901,106.044,106.044
2019-08-05 20:00:00,105.9,106.12,105.9,106.04,105.9,105.901
2019-08-05 21:00:00,106.04,106.096,105.943,106.021,106.04,106.04
2019-08-05 22:00:00,106.021,106.222,105.924,106.158,106.021,106.021
2019-08-05 23:00:00,106.157,106.204,105.946,105.948,106.157,106.158
2019-08-06 00:00:00,105.942,105.999,105.613,105.634,105.942,105.965
2019-08-06 01:00:00,105.635,105.742,105.521,105.664,105.635,105.649
2019-08-06 02:00:00,105.663,105.727,105.546,105.609,105.663,105.665
2019-08-06 03:00:00,105.609,105.868,105.568,105.849,105.609,105.609
2019-08-06 04:00:00,105.849,106.385,105.842,106.222,105.849,105.849
2019-08-06 05:00:00,106.222,106.245,106.081,106.16,106.222,106.222
2019-08-06 06:00:00,106.16,106.515,106.126,106.499,106.16,106.161
2019-08-06 07:00:00,106.5,107.088,106.499,106.685,106.5,106.501
2019-08-06 08:00:00,106.685,106.752,106.638,106.672,106.685,106.687
2019-08-06 09:00:00,106.672,106.672,106.407,106.504,106.672,106.674
2019-08-06 10:00:00,106.504,106.644,106.34,106.373,106.504,106.504
2019-08-06 11:00:00,106.372,106.512,106.333,106.417,106.372,106.372
2019-08-06 12:00:00,106.418,106.434,106.368,106.39,106.418,106.418
2019-08-06 13:00:00,106.39,106.414,106.314,106.338,106.39,106.391
2019-08-06 14:00:00,106.338,106.627,106.301,106.549,106.338,106.338
2019-08-06 15:00:00,106.548,106.591,106.366,106.414,106.548,106.548
2019-08-06 16:00:00,106.414,106.638,106.378,106.523,106.414,106.414
2019-08-06 17:00:00,106.521,106.576,106.374,106.406,106.521,106.521
2019-08-06 18:00:00,106.404,106.464,106.245,106.449,106.404,106.404
2019-08-06 19:00:00,106.449,106.477,106.368,106.416,106.449,106.45
2019-08-06 20:00:00,106.418,106.475,106.365,106.464,106.418,106.418
2019-08-06 21:00:00,106.464,106.625,106.415,106.523,106.464,106.464
2019-08-06 22:00:00,106.523,106.59,106.486,106.541,106.523,106.523
2019-08-06 23:00:00,106.541,106.546,106.445,106.46,106.541,106.541
2019-08-07 00:00:00,106.473,106.473,106.391,106.432,106.473,106.476
2019-08-07 01:00:00,106.436,106.46,106.366,106.385,106.436,106.443
2019-08-07 02:00:00,106.385,106.418,106.278,106.326,106.385,106.386
2019-08-07 03:00:00,106.328,106.377,106.068,106.26,106.328,106.328
2019-08-07 04:00:00,106.26,106.343,106.105,106.224,106.26,106.26
2019-08-07 05:00:00,106.215,106.215,105.998,106.103,106.215,106.215
2019-08-07 06:00:00,106.103,106.118,105.931,106.063,106.103,106.107
2019-08-07 07:00:00,106.064,106.154,106.05,106.095,106.064,106.065
2019-08-07 08:00:00,106.094,106.264,106.093,106.202,106.094,106.096
2019-08-07 09:00:00,106.202,106.322,106.186,106.303,106.202,106.203
2019-08-07 10:00:00,106.303,106.306,106.187,106.299,106.303,106.303
2019-08-07 11:00:00,106.299,106.315,106.206,106.232,106.299,106.299
2019-08-07 12:00:00,106.232,106.288,106.219,106.266,106.232,106.232
2019-08-07 13:00:00,106.266,106.287,106.207,106.21,106.266,106.266
2019-08-07 14:00:00,106.209,106.242,105.835,105.878,106.209,106.21
2019-08-07 15:00:00,105.878,106.102,105.704,105.826,105.878,105.879
2019-08-07 16:00:00,105.827,105.885,105.591,105.692,105.827,105.827
2019-08-07 17:00:00,105.692,105.948,105.629,105.758,105.692,105.692
2019-08-07 18:00:00,105.758,105.845,105.564,105.627,105.758,105.759
2019-08-07 19:00:00,105.627,105.823,105.497,105.815,105.627,105.627
2019-08-07 20:00:00,105.814,106.076,105.786,106.005,105.814,105.815
2019-08-07 21:00:00,106.004,106.203,105.92,106.094,106.004,106.004
2019-08-07 22:00:00,106.088,106.262,106.032,106.23,106.088,106.09
2019-08-07 23:00:00,106.23,106.273,106.18,106.273,106.23,106.23
2019-08-08 00:00:00,106.271,106.271,106.192,106.214,106.271,106.276
2019-08-08 01:00:00,106.216,106.227,106.076,106.12,106.216,106.228
2019-08-08 02:00:00,106.119,106.233,106.077,106.11,106.119,106.119
2019-08-08 03:00:00,106.11,106.149,106.005,106.024,106.11,106.112
2019-08-08 04:00:00,106.024,106.3,105.998,106.297,106.024,106.024
2019-08-08 05:00:00,106.296,106.301,106.124,106.145,106.296,106.298
2019-08-08 06:00:00,106.146,106.264,106.141,106.238,106.146,106.147
2019-08-08 07:00:00,106.238,106.238,106.143,106.154,106.238,106.238
2019-08-08 08:00:00,106.153,106.182,106.11,106.133,106.153,106.154
2019-08-08 09:00:00,106.133,106.185,106.023,106.159,106.133,106.133
2019-08-08 10:00:00,106.159,106.2,106.059,106.101,106.159,106.159
2019-08-08 11:00:00,106.102,106.13,106.025,106.126,106.102,106.102
2019-08-08 12:00:00,106.126,106.148,106.077,106.108,106.126,106.126
2019-08-08 13:00:00,106.108,106.136,106.072,106.091,106.108,106.108
2019-08-08 14:00:00,106.091,106.096,105.907,105.988,106.091,106.091
2019-08-08 15:00:00,105.989,106.13,105.958,106.103,105.989,105.989
2019-08-08 16:00:00,106.103,106.216,106.008,106.117,106.103,106.103
2019-08-08 17:00:00,106.118,106.234,105.989,106.222,106.118,106.118
2019-08-08 18:00:00,106.222,106.222,106.034,106.049,106.222,106.222
2019-08-08 19:00:00,106.05,106.219,105.988,106.215,106.05,106.05
2019-08-08 20:00:00,106.215,106.242,106.074,106.106,106.215,106.216
2019-08-08 21:00:00,106.106,106.107,105.894,105.968,106.106,106.106
2019-08-08 22:00:00,105.969,106.018,105.899,106.005,105.969,105.969
2019-08-08 23:00:00,106.006,106.08,105.99,106.073,106.006,106.006
2019-08-09 00:00:00,106.073,106.089,105.718,105.859,106.073,106.076
2019-08-09 01:00:00,105.859,105.895,105.763,105.842,105.859,105.865
2019-08-09 02:00:00,105.842,105.888,105.768,105.885,105.842,105.844
2019-08-09 03:00:00,105.885,105.987,105.866,105.959,105.885,105.885
2019-08-09 04:00:00,105.958,106.034,105.89,105.991,105.958,105.959
2019-08-09 05:00:00,105.982,106.077,105.982,106.011,105.982,105.986
2019-08-09 06:00:00,106.011,106.033,105.977,105.992,106.011,106.012
2019-08-09 07:00:00,105.992,106.006,105.973,105.991,105.992,105.994
2019-08-09 08:00:00,105.992,105.997,105.901,105.907,105.992,105.993
2019-08-09 09:00:00,105.907,105.936,105.833,105.897,105.907,105.907
2019-08-09 10:00:00,105.897,105.978,105.886,105.95,105.897,105.897
2019-08-09 11:00:00,105.95,105.971,105.906,105.906,105.95,105.95
2019-08-09 12:00:00,105.907,105.908,105.798,105.827,105.907,105.907
2019-08-09 13:00:00,105.827,105.891,105.764,105.764,105.827,105.827
2019-08-09 14:00:00,105.764,105.792,105.657,105.775,105.764,105.764
2019-08-09 15:00:00,105.774,105.853,105.698,105.722,105.774,105.774
2019-08-09 16:00:00,105.724,105.83,105.671,105.798,105.724,105.724
2019-08-09 17:00:00,105.798,105.841,105.568,105.665,105.798,105.798
2019-08-09 18:00:00,105.665,105.68,105.295,105.295,105.665,105.665
2019-08-09 19:00:00,105.296,105.636,105.268,105.54,105.296,105.298
2019-08-09 20:00:00,105.54,105.663,105.511,105.57,105.54,105.54
2019-08-09 21:00:00,105.571,105.605,105.525,105.575,105.571,105.572
2019-08-09 22:00:00,105.575,105.646,105.564,105.603,105.575,105.577
2019-08-09 23:00:00,105.602,105.699,105.58,105.612,105.602,105.604
2019-08-12 00:00:00,105.556,105.65,105.532,105.615,105.556,105.629
2019-08-12 01:00:00,105.614,105.693,105.604,105.629,105.614,105.642
2019-08-12 02:00:00,105.629,105.633,105.313,105.388,105.629,105.632
2019-08-12 03:00:00,105.39,105.491,105.367,105.41,105.39,105.392
2019-08-12 04:00:00,105.41,105.566,105.41,105.503,105.41,105.41
2019-08-12 05:00:00,105.503,105.516,105.441,105.464,105.503,105.504
2019-08-12 06:00:00,105.464,105.485,105.447,105.457,105.464,105.465
2019-08-12 07:00:00,105.457,105.464,105.378,105.411,105.457,105.458
2019-08-12 08:00:00,105.409,105.441,105.38,105.424,105.409,105.411
2019-08-12 09:00:00,105.424,105.442,105.381,105.408,105.424,105.425
2019-08-12 10:00:00,105.41,105.581,105.409,105.491,105.41,105.41
2019-08-12 11:00:00,105.491,105.494,105.242,105.279,105.491,105.491
2019-08-12 12:00:00,105.279,105.282,105.15,105.173,105.279,105.279
2019-08-12 13:00:00,105.174,105.243,105.116,105.124,105.174,105.174
2019-08-12 14:00:00,105.137,105.167,105.051,105.136,105.137,105.138
2019-08-12 15:00:00,105.137,105.235,105.116,105.214,105.137,105.137
2019-08-12 16:00:00,105.215,105.332,105.168,105.32,105.215,105.215
2019-08-12 17:00:00,105.32,105.444,105.277,105.303,105.32,105.32
2019-08-12 18:00:00,105.303,105.396,105.237,105.386,105.303,105.304
2019-08-12 19:00:00,105.393,105.419,105.302,105.333,105.393,105.394
2019-08-12 20:00:00,105.333,105.365,105.291,105.32,105.333,105.333
2019-08-12 21:00:00,105.32,105.345,105.182,105.27,105.32,105.32
2019-08-12 22:00:00,105.269,105.358,105.267,105.315,105.269,105.27
2019-08-12 23:00:00,105.315,105.33,105.26,105.295,105.315,105.316
2019-08-13 00:00:00,105.263,105.28,105.156,105.193,105.263,105.302
2019-08-13 01:00:00,105.194,105.299,105.188,105.278,105.194,105.227
2019-08-13 02:00:00,105.278,105.386,105.243,105.383,105.278,105.283
2019-08-13 03:00:00,105.383,105.468,105.314,105.394,105.383,105.384
2019-08-13 04:00:00,105.394,105.437,105.329,105.343,105.394,105.394
2019-08-13 05:00:00,105.343,105.585,105.319,105.514,105.343,105.343
2019-08-13 06:00:00,105.514,105.52,105.424,105.469,105.514,105.514
2019-08-13 07:00:00,105.469,105.513,105.417,105.427,105.469,105.47
2019-08-13 08:00:00,105.426,105.436,105.358,105.396,105.426,105.427
2019-08-13 09:00:00,105.396,105.43,105.253,105.291,105.396,105.396
2019-08-13 10:00:00,105.291,105.358,105.128,105.198,105.291,105.291
2019-08-13 11:00:00,105.198,105.338,105.194,105.298,105.198,105.198
2019-08-13 12:00:00,105.297,105.298,105.107,105.139,105.297,105.298
2019-08-13 13:00:00,105.139,105.219,105.067,105.216,105.139,105.139
2019-08-13 14:00:00,105.216,105.254,105.12,105.212,105.216,105.216
2019-08-13 15:00:00,105.212,105.39,105.154,105.208,105.212,105.212
2019-08-13 16:00:00,105.209,106.638,105.194,106.633,105.209,105.209
2019-08-13 17:00:00,106.539,106.979,106.281,106.636,106.539,106.539
2019-08-13 18:00:00,106.636,106.645,106.364,106.621,106.636,106.636
2019-08-13 19:00:00,106.621,106.684,106.517,106.568,106.621,106.622
2019-08-13 20:00:00,106.568,106.684,106.464,106.614,106.568,106.568
2019-08-13 21:00:00,106.614,106.686,106.579,106.682,106.614,106.614
2019-08-13 22:00:00,106.682,106.712,106.616,106.69,106.682,106.682
2019-08-13 23:00:00,106.69,106.748,106.642,106.744,106.69,106.69
2019-08-14 00:00:00,106.739,106.769,106.704,106.731,106.739,106.747
2019-08-14 01:00:00,106.736,106.736,106.608,106.614,106.736,106.744
2019-08-14 02:00:00,106.614,106.677,106.595,106.605,106.614,106.615
2019-08-14 03:00:00,106.605,106.61,106.287,106.336,106.605,106.605
2019-08-14 04:00:00,106.335,106.497,106.326,106.412,106.335,106.337
2019-08-14 05:00:00,106.412,106.412,106.239,106.291,106.412,106.415
2019-08-14 06:00:00,106.291,106.376,106.282,106.363,106.291,106.291
2019-08-14 07:00:00,106.365,106.611,106.349,106.556,106.365,106.365
2019-08-14 08:00:00,106.556,106.571,106.428,106.443,106.556,106.557
2019-08-14 09:00:00,106.443,106.466,106.362,106.391,106.443,106.444
2019-08-14 10:00:00,106.391,106.444,106.307,106.444,106.391,106.392
2019-08-14 11:00:00,106.444,106.47,106.37,106.444,106.444,106.445
2019-08-14 12:00:00,106.444,106.46,106.358,106.364,106.444,106.444
2019-08-14 13:00:00,106.364,106.364,106.112,106.136,106.364,106.364
2019-08-14 14:00:00,106.136,106.208,105.778,105.859,106.136,106.136
2019-08-14 15:00:00,105.86,106.024,105.79,105.995,105.86,105.86
2019-08-14 16:00:00,105.995,106.076,105.869,106.071,105.995,105.996
2019-08-14 17:00:00,106.103,106.105,105.783,105.819,106.103,106.103
2019-08-14 18:00:00,105.814,105.87,105.653,105.815,105.814,105.814
2019-08-14 19:00:00,105.815,105.902,105.724,105.761,105.815,105.815
2019-08-14 20:00:00,105.761,105.989,105.732,105.971,105.761,105.763
2019-08-14 21:00:00,105.97,105.972,105.839,105.884,105.97,105.971
2019-08-14 22:00:00,105.884,106.068,105.874,105.995,105.884,105.884
2019-08-14 23:00:00,105.996,106.009,105.898,105.912,105.996,105.997
2019-08-15 01:00:00,105.76,105.867,105.756,105.804,105.76,105.77
2019-08-15 02:00:00,105.815,105.936,105.794,105.915,105.815,105.818
2019-08-15 03:00:00,105.915,106.034,105.847,105.962,105.915,105.915
2019-08-15 04:00:00,105.963,105.975,105.814,105.943,105.963,105.963
2019-08-15 05:00:00,105.943,105.978,105.89,105.918,105.943,105.944
2019-08-15 06:00:00,105.918,105.958,105.884,105.893,105.918,105.918
2019-08-15 07:00:00,105.893,105.913,105.83,105.905,105.893,105.894
2019-08-15 08:00:00,105.904,105.947,105.869,105.912,105.904,105.904
2019-08-15 09:00:00,105.914,106.778,105.894,106.327,105.914,105.914
2019-08-15 10:00:00,106.326,106.36,106.139,106.25,106.326,106.326
2019-08-15 11:00:00,106.25,106.254,106.067,106.072,106.25,106.25
2019-08-15 12:00:00,106.072,106.093,105.807,105.923,106.072,106.072
2019-08-15 13:00:00,105.923,105.933,105.703,105.763,105.923,105.923
2019-08-15 14:00:00,105.763,106.344,105.749,106.111,105.763,105.763
2019-08-15 15:00:00,106.11,106.344,106.086,106.202,106.11,106.11
2019-08-15 16:00:00,106.201,106.294,106.009,106.269,106.201,106.202
2019-08-15 17:00:00,106.269,106.292,106.128,106.154,106.269,106.272
2019-08-15 18:00:00,106.154,106.194,106.095,106.125,106.154,106.155
2019-08-15 19:00:00,106.124,106.124,106.056,106.112,106.124,106.125
2019-08-15 20:00:00,106.112,106.165,105.803,105.905,106.112,106.113
2019-08-15 21:00:00,105.904,106.175,105.861,106.109,105.904,105.905
2019-08-15 22:00:00,106.109,106.174,106.0,106.04,106.109,106.11
2019-08-15 23:00:00,106.041,106.132,105.985,106.121,106.041,106.042
2019-08-16 00:00:00,106.115,106.167,106.038,106.108,106.115,106.135
2019-08-16 01:00:00,106.108,106.161,106.101,106.133,106.108,106.118
2019-08-16 02:00:00,106.132,106.154,106.084,106.095,106.132,106.134
2019-08-16 03:00:00,106.096,106.122,106.026,106.108,106.096,106.097
2019-08-16 04:00:00,106.108,106.181,106.092,106.143,106.108,106.108
2019-08-16 05:00:00,106.143,106.275,106.137,106.189,106.143,106.144
2019-08-16 06:00:00,106.184,106.241,106.16,106.213,106.184,106.184
2019-08-16 07:00:00,106.212,106.234,106.107,106.122,106.212,106.213
2019-08-16 08:00:00,106.123,106.17,106.092,106.106,106.123,106.123
2019-08-16 09:00:00,106.105,106.166,106.076,106.141,106.105,106.106
2019-08-16 10:00:00,106.138,106.217,106.122,106.161,106.138,106.138
2019-08-16 11:00:00,106.161,106.366,106.142,106.312,106.161,106.161
2019-08-16 12:00:00,106.311,106.495,106.287,106.433,106.311,106.312
2019-08-16 13:00:00,106.433,106.458,106.332,106.368,106.433,106.434
2019-08-16 14:00:00,106.368,106.409,106.28,106.285,106.368,106.368
2019-08-16 15:00:00,106.284,106.431,106.268,106.397,106.284,106.284
2019-08-16 16:00:00,106.398,106.398,106.25,106.263,106.398,106.399
2019-08-16 17:00:00,106.263,106.43,106.207,106.389,106.263,106.265
2019-08-16 18:00:00,106.389,106.399,106.294,106.344,106.389,106.39
2019-08-16 19:00:00,106.344,106.348,106.25,106.284,106.344,106.345
2019-08-16 20:00:00,106.283,106.308,106.252,106.289,106.283,106.284
2019-08-16 21:00:00,106.289,106.298,106.191,106.286,106.289,106.289
2019-08-16 22:00:00,106.286,106.349,106.261,106.309,106.286,106.287
2019-08-16 23:00:00,106.31,106.388,106.306,106.368,106.31,106.312
2019-08-19 00:00:00,106.251,106.336,106.241,106.305,106.251,106.281
2019-08-19 01:00:00,106.313,106.473,106.307,106.468,106.313,106.345
2019-08-19 02:00:00,106.468,106.469,106.42,106.433,106.468,106.47
2019-08-19 03:00:00,106.432,106.433,106.334,106.358,106.432,106.434
2019-08-19 04:00:00,106.359,106.432,106.252,106.272,106.359,106.359
2019-08-19 05:00:00,106.273,106.36,106.246,106.32,106.273,106.273
2019-08-19 06:00:00,106.321,106.393,106.304,106.36,106.321,106.321
2019-08-19 07:00:00,106.36,106.382,106.338,106.347,106.36,106.361
2019-08-19 08:00:00,106.347,106.417,106.319,106.389,106.347,106.348
2019-08-19 09:00:00,106.389,106.416,106.362,106.377,106.389,106.39
2019-08-19 10:00:00,106.377,106.43,106.345,106.4,106.377,106.378
2019-08-19 11:00:00,106.4,106.663,106.396,106.584,106.4,106.4
2019-08-19 12:00:00,106.584,106.615,106.534,106.543,106.584,106.584
2019-08-19 13:00:00,106.543,106.619,106.53,106.586,106.543,106.543
2019-08-19 14:00:00,106.583,106.698,106.562,106.611,106.583,106.585
2019-08-19 15:00:00,106.612,106.639,106.537,106.627,106.612,106.612
2019-08-19 16:00:00,106.628,106.659,106.547,106.56,106.628,106.628
2019-08-19 17:00:00,106.56,106.563,106.456,106.482,106.56,106.56
2019-08-19 18:00:00,106.482,106.559,106.481,106.502,106.482,106.482
2019-08-19 19:00:00,106.502,106.546,106.48,106.54,106.502,106.502
2019-08-19 20:00:00,106.54,106.564,106.52,106.547,106.54,106.54
2019-08-19 21:00:00,106.546,106.642,106.544,106.626,106.546,106.546
2019-08-19 22:00:00,106.626,106.666,106.614,106.644,106.626,106.626
2019-08-19 23:00:00,106.646,106.671,106.599,106.627,106.646,106.646
2019-08-20 00:00:00,106.63,106.63,106.583,106.595,106.63,106.636
2019-08-20 01:00:00,106.601,106.647,106.56,106.613,106.601,106.605
2019-08-20 02:00:00,106.615,106.632,106.561,106.565,106.615,106.615
2019-08-20 03:00:00,106.565,106.692,106.512,106.621,106.565,106.567
2019-08-20 04:00:00,106.62,106.628,106.558,106.594,106.62,106.62
2019-08-20 05:00:00,106.594,106.631,106.556,106.571,106.594,106.594
2019-08-20 06:00:00,106.571,106.593,106.522,106.59,106.571,106.571
2019-08-20 07:00:00,106.591,106.592,106.55,106.561,106.591,106.591
2019-08-20 08:00:00,106.561,106.583,106.529,106.546,106.561,106.562
2019-08-20 09:00:00,106.545,106.552,106.429,106.494,106.545,106.546
2019-08-20 10:00:00,106.494,106.494,106.392,106.464,106.494,106.494
2019-08-20 11:00:00,106.463,106.47,106.396,106.427,106.463,106.464
2019-08-20 12:00:00,106.428,106.437,106.298,106.326,106.428,106.428
2019-08-20 13:00:00,106.327,106.378,106.305,106.323,106.327,106.327
2019-08-20 14:00:00,106.323,106.357,106.299,106.348,106.323,106.323
2019-08-20 15:00:00,106.346,106.399,106.233,106.27,106.346,106.346
2019-08-20 16:00:00,106.271,106.443,106.162,106.296,106.271,106.271
2019-08-20 17:00:00,106.297,106.465,106.277,106.31,106.297,106.301
2019-08-20 18:00:00,106.31,106.387,106.301,106.354,106.31,106.31
2019-08-20 19:00:00,106.354,106.374,106.301,106.312,106.354,106.354
2019-08-20 20:00:00,106.312,106.325,106.252,106.281,106.312,106.312
2019-08-20 21:00:00,106.281,106.357,106.248,106.312,106.281,106.281
2019-08-20 22:00:00,106.312,106.32,106.201,106.203,106.312,106.312
2019-08-20 23:00:00,106.203,106.256,106.193,106.23,106.203,106.203
2019-08-21 00:00:00,106.223,106.272,106.22,106.241,106.223,106.235
2019-08-21 01:00:00,106.241,106.29,106.235,106.275,106.241,106.253
2019-08-21 02:00:00,106.275,106.292,106.247,106.272,106.275,106.276
2019-08-21 03:00:00,106.273,106.392,106.273,106.328,106.273,106.274
2019-08-21 04:00:00,106.327,106.438,106.324,106.417,106.327,106.328
2019-08-21 05:00:00,106.417,106.503,106.414,106.488,106.417,106.417
2019-08-21 06:00:00,106.488,106.551,106.466,106.482,106.488,106.489
2019-08-21 07:00:00,106.482,106.487,106.454,106.465,106.482,106.482
2019-08-21 08:00:00,106.465,106.528,106.457,106.518,106.465,106.466
2019-08-21 09:00:00,106.518,106.584,106.462,106.565,106.518,106.518
2019-08-21 10:00:00,106.565,106.6,106.537,106.547,106.565,106.565
2019-08-21 11:00:00,106.548,106.558,106.508,106.533,106.548,106.548
2019-08-21 12:00:00,106.533,106.537,106.47,106.484,106.533,106.533
2019-08-21 13:00:00,106.482,106.486,106.419,106.447,106.482,106.483
2019-08-21 14:00:00,106.447,106.5,106.42,106.498,106.447,106.448
2019-08-21 15:00:00,106.498,106.511,106.434,106.47,106.498,106.498
2019-08-21 16:00:00,106.47,106.474,106.407,106.416,106.47,106.47
2019-08-21 17:00:00,106.416,106.48,106.347,106.468,106.416,106.416
2019-08-21 18:00:00,106.468,106.595,106.436,106.533,106.468,106.468
2019-08-21 19:00:00,106.533,106.556,106.45,106.45,106.533,106.533
2019-08-21 20:00:00,106.45,106.532,106.441,106.529,106.45,106.45
2019-08-21 21:00:00,106.529,106.608,106.415,106.588,106.529,106.534
2019-08-21 22:00:00,106.588,106.646,106.572,106.626,106.588,106.588
2019-08-21 23:00:00,106.626,106.644,106.577,106.611,106.626,106.626
2019-08-22 00:00:00,106.621,106.623,106.575,106.58,106.621,106.629
2019-08-22 01:00:00,106.581,106.598,106.553,106.58,106.581,106.59
2019-08-22 02:00:00,106.578,106.616,106.577,106.601,106.578,106.581
2019-08-22 03:00:00,106.602,106.654,106.548,106.598,106.602,106.602
2019-08-22 04:00:00,106.598,106.598,106.457,106.477,106.598,106.598
2019-08-22 05:00:00,106.477,106.494,106.421,106.421,106.477,106.477
2019-08-22 06:00:00,106.419,106.462,106.403,106.448,106.419,106.419
2019-08-22 07:00:00,106.448,106.49,106.423,106.444,106.448,106.448
2019-08-22 08:00:00,106.445,106.453,106.407,106.431,106.445,106.445
2019-08-22 09:00:00,106.431,106.433,106.292,106.336,106.431,106.432
2019-08-22 10:00:00,106.336,106.478,106.326,106.443,106.336,106.336
2019-08-22 11:00:00,106.443,106.46,106.356,106.398,106.443,106.444
2019-08-22 12:00:00,106.396,106.404,106.252,106.372,106.396,106.396
2019-08-22 13:00:00,106.372,106.448,106.349,106.448,106.372,106.372
2019-08-22 14:00:00,106.45,106.594,106.422,106.582,106.45,106.45
2019-08-22 15:00:00,106.58,106.637,106.492,106.581,106.58,106.581
2019-08-22 16:00:00,106.581,106.586,106.32,106.396,106.581,106.582
2019-08-22 17:00:00,106.396,106.546,106.359,106.476,106.396,106.396
2019-08-22 18:00:00,106.476,106.513,106.432,106.448,106.476,106.476
2019-08-22 19:00:00,106.448,106.503,106.439,106.44,106.448,106.448
2019-08-22 20:00:00,106.44,106.453,106.373,106.396,106.44,106.44
2019-08-22 21:00:00,106.396,106.421,106.362,106.414,106.396,106.396
2019-08-22 22:00:00,106.416,106.426,106.378,106.402,106.416,106.416
2019-08-22 23:00:00,106.402,106.446,106.397,106.446,106.402,106.402
2019-08-23 00:00:00,106.428,106.428,106.388,106.416,106.428,106.458
2019-08-23 01:00:00,106.415,106.454,106.408,106.443,106.415,106.425
2019-08-23 02:00:00,106.443,106.489,106.427,106.48,106.443,106.444
2019-08-23 03:00:00,106.479,106.62,106.47,106.577,106.479,106.48
2019-08-23 04:00:00,106.578,106.599,106.532,106.562,106.578,106.578
2019-08-23 05:00:00,106.562,106.572,106.483,106.554,106.562,106.562
2019-08-23 06:00:00,106.554,106.589,106.547,106.567,106.554,106.554
2019-08-23 07:00:00,106.566,106.605,106.56,106.594,106.566,106.566
2019-08-23 08:00:00,106.594,106.652,106.568,106.629,106.594,106.594
2019-08-23 09:00:00,106.629,106.657,106.602,106.608,106.629,106.629
2019-08-23 10:00:00,106.607,106.674,106.567,106.64,106.607,106.607
2019-08-23 11:00:00,106.64,106.642,106.583,106.622,106.64,106.64
2019-08-23 12:00:00,106.622,106.663,106.609,106.639,106.622,106.622
2019-08-23 13:00:00,106.64,106.651,106.594,106.637,106.64,106.64
2019-08-23 14:00:00,106.638,106.734,106.628,106.732,106.638,106.638
2019-08-23 15:00:00,106.732,106.732,106.388,106.506,106.732,106.732
2019-08-23 16:00:00,106.506,106.529,106.424,106.516,106.506,106.506
2019-08-23 17:00:00,106.516,106.622,105.98,106.0,106.516,106.521
2019-08-23 18:00:00,106.002,106.012,105.292,105.292,106.002,106.002
2019-08-23 19:00:00,105.292,105.576,105.284,105.411,105.292,105.296
2019-08-23 20:00:00,105.411,105.426,105.27,105.388,105.411,105.411
2019-08-23 21:00:00,105.39,105.395,105.255,105.288,105.39,105.391
2019-08-23 22:00:00,105.288,105.374,105.279,105.342,105.288,105.289
2019-08-23 23:00:00,105.342,105.503,105.281,105.409,105.342,105.344
2019-08-26 00:00:00,104.988,104.993,104.747,104.788,104.988,105.088
2019-08-26 01:00:00,104.788,104.904,104.446,104.867,104.788,104.821
2019-08-26 02:00:00,104.87,104.988,104.815,104.851,104.87,104.872
2019-08-26 03:00:00,104.85,105.214,104.849,105.126,104.85,104.851
2019-08-26 04:00:00,105.126,105.372,105.126,105.25,105.126,105.127
2019-08-26 05:00:00,105.249,105.798,105.226,105.489,105.249,105.25
2019-08-26 06:00:00,105.489,105.506,105.376,105.449,105.489,105.491
2019-08-26 07:00:00,105.449,105.452,105.26,105.281,105.449,105.45
2019-08-26 08:00:00,105.282,105.33,105.187,105.249,105.282,105.283
2019-08-26 09:00:00,105.25,105.765,105.161,105.638,105.25,105.251
2019-08-26 10:00:00,105.642,105.959,105.515,105.741,105.642,105.643
2019-08-26 11:00:00,105.741,105.994,105.69,105.908,105.741,105.742
2019-08-26 12:00:00,105.908,105.989,105.669,105.761,105.908,105.908
2019-08-26 13:00:00,105.761,105.9,105.742,105.822,105.761,105.761
2019-08-26 14:00:00,105.822,105.937,105.803,105.886,105.822,105.823
2019-08-26 15:00:00,105.885,106.415,105.827,106.164,105.885,105.885
2019-08-26 16:00:00,106.164,106.169,105.924,106.0,106.164,106.164
2019-08-26 17:00:00,106.0,106.092,105.925,105.972,106.0,106.001
2019-08-26 18:00:00,105.972,106.036,105.944,106.004,105.972,105.972
2019-08-26 19:00:00,106.004,106.161,105.96,106.123,106.004,106.004
2019-08-26 20:00:00,106.123,106.3,106.122,106.148,106.123,106.125
2019-08-26 21:00:00,106.148,106.194,106.057,106.194,106.148,106.149
2019-08-26 22:00:00,106.193,106.204,106.112,106.142,106.193,106.194
2019-08-26 23:00:00,106.142,106.164,106.051,106.122,106.142,106.142
2019-08-27 00:00:00,106.099,106.139,106.075,106.122,106.099,106.167
2019-08-27 01:00:00,106.123,106.153,106.088,106.098,106.123,106.135
2019-08-27 02:00:00,106.098,106.125,105.965,105.967,106.098,106.1
2019-08-27 03:00:00,105.967,106.004,105.804,105.842,105.967,105.968
2019-08-27 04:00:00,105.842,105.95,105.823,105.846,105.842,105.842
2019-08-27 05:00:00,105.845,105.846,105.682,105.745,105.845,105.846
2019-08-27 06:00:00,105.745,105.757,105.658,105.667,105.745,105.745
2019-08-27 07:00:00,105.667,105.754,105.653,105.744,105.667,105.667
2019-08-27 08:00:00,105.744,105.762,105.659,105.694,105.744,105.744
2019-08-27 09:00:00,105.694,105.741,105.596,105.655,105.694,105.694
2019-08-27 10:00:00,105.654,105.742,105.591,105.739,105.654,105.655
2019-08-27 11:00:00,105.74,105.849,105.718,105.779,105.74,105.741
2019-08-27 12:00:00,105.779,105.997,105.718,105.75,105.779,105.779
2019-08-27 13:00:00,105.751,105.851,105.75,105.811,105.751,105.751
2019-08-27 14:00:00,105.811,105.82,105.694,105.753,105.811,105.811
2019-08-27 15:00:00,105.753,105.866,105.716,105.855,105.753,105.753
2019-08-27 16:00:00,105.854,106.053,105.81,105.993,105.854,105.855
2019-08-27 17:00:00,105.994,106.071,105.884,105.904,105.994,105.994
2019-08-27 18:00:00,105.904,105.964,105.805,105.808,105.904,105.904
2019-08-27 19:00:00,105.808,105.815,105.658,105.734,105.808,105.808
2019-08-27 20:00:00,105.732,105.804,105.714,105.775,105.732,105.733
2019-08-27 21:00:00,105.774,105.828,105.746,105.774,105.774,105.775
2019-08-27 22:00:00,105.778,105.826,105.729,105.742,105.778,105.778
2019-08-27 23:00:00,105.741,105.785,105.734,105.763,105.741,105.743
2019-08-28 00:00:00,105.735,105.753,105.717,105.748,105.735,105.756
2019-08-28 01:00:00,105.75,105.797,105.74,105.766,105.75,105.759
2019-08-28 02:00:00,105.767,105.778,105.698,105.75,105.767,105.769
2019-08-28 03:00:00,105.75,105.795,105.652,105.761,105.75,105.75
2019-08-28 04:00:00,105.759,105.887,105.731,105.775,105.759,105.759
2019-08-28 05:00:00,105.774,105.856,105.766,105.83,105.774,105.775
2019-08-28 06:00:00,105.83,105.894,105.807,105.85,105.83,105.83
2019-08-28 07:00:00,105.85,105.879,105.813,105.85,105.85,105.85
2019-08-28 08:00:00,105.85,105.884,105.828,105.843,105.85,105.85
2019-08-28 09:00:00,105.845,105.848,105.788,105.818,105.845,105.845
2019-08-28 10:00:00,105.818,105.818,105.709,105.742,105.818,105.818
2019-08-28 11:00:00,105.742,105.872,105.658,105.768,105.742,105.742
2019-08-28 12:00:00,105.768,105.846,105.73,105.795,105.768,105.768
2019-08-28 13:00:00,105.795,105.825,105.729,105.743,105.795,105.795
2019-08-28 14:00:00,105.744,105.787,105.694,105.719,105.744,105.744
2019-08-28 15:00:00,105.719,105.802,105.66,105.773,105.719,105.72
2019-08-28 16:00:00,105.773,105.874,105.656,105.845,105.773,105.773
2019-08-28 17:00:00,105.844,105.95,105.813,105.896,105.844,105.844
2019-08-28 18:00:00,105.896,105.911,105.834,105.872,105.896,105.896
2019-08-28 19:00:00,105.872,105.969,105.865,105.963,105.872,105.872
2019-08-28 20:00:00,105.963,106.008,105.922,105.981,105.963,105.963
2019-08-28 21:00:00,105.98,106.07,105.968,106.028,105.98,105.981
2019-08-28 22:00:00,106.027,106.231,106.026,106.177,106.027,106.027
2019-08-28 23:00:00,106.176,106.205,106.019,106.112,106.176,106.178
2019-08-29 00:00:00,106.11,106.119,105.967,105.986,106.11,106.126
2019-08-29 01:00:00,105.989,106.028,105.981,106.008,105.989,105.994
2019-08-29 02:00:00,106.008,106.084,105.958,106.083,106.008,106.008
2019-08-29 03:00:00,106.083,106.125,105.942,105.992,106.083,106.083
2019-08-29 04:00:00,105.992,106.022,105.856,105.866,105.992,105.992
2019-08-29 05:00:00,105.868,105.911,105.83,105.91,105.868,105.868
2019-08-29 06:00:00,105.911,105.95,105.86,105.904,105.911,105.911
2019-08-29 07:00:00,105.904,105.933,105.882,105.916,105.904,105.904
2019-08-29 08:00:00,105.916,105.933,105.856,105.873,105.916,105.917
2019-08-29 09:00:00,105.874,105.936,105.862,105.9,105.874,105.874
2019-08-29 10:00:00,105.9,106.174,105.865,106.106,105.9,105.9
2019-08-29 11:00:00,106.106,106.288,106.069,106.275,106.106,106.106
2019-08-29 12:00:00,106.274,106.36,106.217,106.234,106.274,106.274
2019-08-29 13:00:00,106.234,106.296,106.194,106.262,106.234,106.234
2019-08-29 14:00:00,106.262,106.306,106.22,106.257,106.262,106.263
2019-08-29 15:00:00,106.258,106.403,106.191,106.268,106.258,106.258
2019-08-29 16:00:00,106.268,106.461,106.214,106.437,106.268,106.268
2019-08-29 17:00:00,106.437,106.464,106.318,106.439,106.437,106.437
2019-08-29 18:00:00,106.44,106.558,106.418,106.499,106.44,106.44
2019-08-29 19:00:00,106.498,106.594,106.464,106.568,106.498,106.498
2019-08-29 20:00:00,106.567,106.614,106.52,106.576,106.567,106.568
2019-08-29 21:00:00,106.576,106.683,106.576,106.634,106.576,106.577
2019-08-29 22:00:00,106.634,106.646,106.486,106.505,106.634,106.634
2019-08-29 23:00:00,106.504,106.532,106.472,106.508,106.504,106.505
2019-08-30 00:00:00,106.518,106.524,106.48,106.503,106.518,106.526
2019-08-30 01:00:00,106.502,106.54,106.493,106.5,106.502,106.511
2019-08-30 02:00:00,106.504,106.544,106.43,106.458,106.504,106.504
2019-08-30 03:00:00,106.459,106.546,106.401,106.458,106.459,106.46
2019-08-30 04:00:00,106.457,106.476,106.381,106.425,106.457,106.458
2019-08-30 05:00:00,106.425,106.532,106.422,106.511,106.425,106.425
2019-08-30 06:00:00,106.512,106.516,106.47,106.489,106.512,106.512
2019-08-30 07:00:00,106.489,106.493,106.392,106.4,106.489,106.49
2019-08-30 08:00:00,106.4,106.414,106.341,106.371,106.4,106.4
2019-08-30 09:00:00,106.371,106.421,106.288,106.383,106.371,106.371
2019-08-30 10:00:00,106.383,106.539,106.332,106.512,106.383,106.383
2019-08-30 11:00:00,106.513,106.533,106.377,106.412,106.513,106.513
2019-08-30 12:00:00,106.412,106.446,106.387,106.422,106.412,106.412
2019-08-30 13:00:00,106.422,106.428,106.38,106.404,106.422,106.422
2019-08-30 14:00:00,106.403,106.403,106.303,106.324,106.403,106.404
2019-08-30 15:00:00,106.324,106.326,106.174,106.19,106.324,106.324
2019-08-30 16:00:00,106.189,106.218,106.132,106.172,106.189,106.189
2019-08-30 17:00:00,106.173,106.215,106.106,106.142,106.173,106.173
2019-08-30 18:00:00,106.142,106.328,106.109,106.294,106.142,106.142
2019-08-30 19:00:00,106.294,106.375,106.274,106.362,106.294,106.295
2019-08-30 20:00:00,106.363,106.431,106.341,106.373,106.363,106.363
2019-08-30 21:00:00,106.374,106.386,106.237,106.253,106.374,106.374
2019-08-30 22:00:00,106.253,106.299,106.23,106.238,106.253,106.253
2019-08-30 23:00:00,106.238,106.297,106.203,106.251,106.238,106.24
2019-09-02 00:00:00,106.068,106.072,105.957,105.963,106.068,106.131
2019-09-02 01:00:00,105.969,106.168,105.92,106.119,105.969,105.975
2019-09-02 02:00:00,106.119,106.154,106.098,106.134,106.119,106.123
2019-09-02 03:00:00,106.135,106.204,106.076,106.107,106.135,106.136
2019-09-02 04:00:00,106.107,106.228,106.096,106.185,106.107,106.107
2019-09-02 05:00:00,106.185,106.242,106.147,106.176,106.185,106.186
2019-09-02 06:00:00,106.176,106.205,106.146,106.155,106.176,106.177
2019-09-02 07:00:00,106.154,106.192,106.143,106.189,106.154,106.154
2019-09-02 08:00:00,106.189,106.238,106.182,106.206,106.189,106.189
2019-09-02 09:00:00,106.206,106.223,106.151,106.171,106.206,106.207
2019-09-02 10:00:00,106.171,106.298,106.17,106.256,106.171,106.172
2019-09-02 11:00:00,106.256,106.297,106.242,106.27,106.256,106.256
2019-09-02 12:00:00,106.27,106.365,106.27,106.308,106.27,106.27
2019-09-02 13:00:00,106.308,106.399,106.292,106.391,106.308,106.308
2019-09-02 14:00:00,106.391,106.393,106.31,106.352,106.391,106.392
2019-09-02 15:00:00,106.354,106.38,106.351,106.372,106.354,106.354
2019-09-02 16:00:00,106.371,106.388,106.32,106.334,106.371,106.372
2019-09-02 17:00:00,106.334,106.351,106.254,106.255,106.334,106.335
2019-09-02 18:00:00,106.253,106.29,106.109,106.2,106.253,106.254
2019-09-02 19:00:00,106.201,106.204,106.056,106.137,106.201,106.201
2019-09-02 20:00:00,106.137,106.172,106.123,106.155,106.137,106.139
2019-09-02 21:00:00,106.154,106.194,106.146,106.187,106.154,106.156
2019-09-02 22:00:00,106.187,106.204,106.18,106.202,106.187,106.192
2019-09-02 23:00:00,106.2,106.224,106.187,106.191,106.2,106.202
2019-09-03 00:00:00,106.21,106.248,106.167,106.181,106.21,106.244
2019-09-03 01:00:00,106.184,106.208,106.168,106.202,106.184,106.199
2019-09-03 02:00:00,106.202,106.212,106.17,106.195,106.202,106.202
2019-09-03 03:00:00,106.195,106.304,106.195,106.272,106.195,106.195
2019-09-03 04:00:00,106.272,106.38,106.23,106.348,106.272,106.272
2019-09-03 05:00:00,106.348,106.385,106.304,106.379,106.348,106.348
2019-09-03 06:00:00,106.378,106.38,106.279,106.301,106.378,106.379
2019-09-03 07:00:00,106.301,106.344,106.291,106.296,106.301,106.302
2019-09-03 08:00:00,106.296,106.314,106.223,106.241,106.296,106.297
2019-09-03 09:00:00,106.242,106.312,106.14,106.219,106.242,106.242
2019-09-03 10:00:00,106.219,106.219,105.922,105.984,106.219,106.22
2019-09-03 11:00:00,105.984,106.09,105.979,106.05,105.984,105.984
2019-09-03 12:00:00,106.05,106.124,105.991,106.036,106.05,106.05
2019-09-03 13:00:00,106.036,106.178,106.026,106.177,106.036,106.036
2019-09-03 14:00:00,106.177,106.177,106.106,106.111,106.177,106.177
2019-09-03 15:00:00,106.111,106.267,106.095,106.255,106.111,106.111
2019-09-03 16:00:00,106.256,106.312,106.139,106.264,106.256,106.256
2019-09-03 17:00:00,106.264,106.264,105.738,105.891,106.264,106.276
2019-09-03 18:00:00,105.892,105.934,105.775,105.881,105.892,105.892
2019-09-03 19:00:00,105.88,105.933,105.859,105.874,105.88,105.88
2019-09-03 20:00:00,105.874,105.938,105.867,105.914,105.874,105.874
2019-09-03 21:00:00,105.914,106.082,105.907,106.032,105.914,105.915
2019-09-03 22:00:00,106.031,106.072,106.015,106.053,106.031,106.031
2019-09-03 23:00:00,106.054,106.067,105.907,105.94,106.054,106.055
2019-09-04 00:00:00,105.934,105.985,105.924,105.928,105.934,105.945
2019-09-04 01:00:00,105.928,105.971,105.924,105.958,105.928,105.941
2019-09-04 02:00:00,105.958,105.978,105.834,105.852,105.958,105.959
2019-09-04 03:00:00,105.852,105.922,105.829,105.905,105.852,105.852
2019-09-04 04:00:00,105.905,106.07,105.882,106.049,105.905,105.905
2019-09-04 05:00:00,106.048,106.052,105.952,105.986,106.048,106.049
2019-09-04 06:00:00,105.987,106.004,105.918,105.964,105.987,105.987
2019-09-04 07:00:00,105.964,106.055,105.962,106.046,105.964,105.965
2019-09-04 08:00:00,106.046,106.08,106.009,106.054,106.046,106.046
2019-09-04 09:00:00,106.057,106.245,106.049,106.165,106.057,106.058
2019-09-04 10:00:00,106.164,106.257,106.119,106.23,106.164,106.164
2019-09-04 11:00:00,106.231,106.262,106.171,106.202,106.231,106.232
2019-09-04 12:00:00,106.202,106.298,106.185,106.218,106.202,106.202
2019-09-04 13:00:00,106.219,106.237,106.175,106.225,106.219,106.219
2019-09-04 14:00:00,106.225,106.254,106.2,106.222,106.225,106.225
2019-09-04 15:00:00,106.222,106.27,106.208,106.238,106.222,106.222
2019-09-04 16:00:00,106.238,106.337,106.216,106.26,106.238,106.239
2019-09-04 17:00:00,106.261,106.269,106.123,106.185,106.261,106.262
2019-09-04 18:00:00,106.185,106.314,106.132,106.29,106.185,106.185
2019-09-04 19:00:00,106.29,106.307,106.25,106.299,106.29,106.29
2019-09-04 20:00:00,106.299,106.362,106.24,106.296,106.299,106.299
2019-09-04 21:00:00,106.296,106.444,106.279,106.406,106.296,106.297
2019-09-04 22:00:00,106.41,106.427,106.344,106.37,106.41,106.412
2019-09-04 23:00:00,106.37,106.43,106.316,106.409,106.37,106.37
2019-09-05 00:00:00,106.379,106.407,106.303,106.357,106.379,106.391
2019-09-05 01:00:00,106.357,106.386,106.324,106.336,106.357,106.361
2019-09-05 02:00:00,106.335,106.364,106.327,106.338,106.335,106.34
2019-09-05 03:00:00,106.338,106.465,106.33,106.406,106.338,106.338
2019-09-05 04:00:00,106.406,106.716,106.371,106.69,106.406,106.407
2019-09-05 05:00:00,106.691,106.753,106.625,106.67,106.691,106.691
2019-09-05 06:00:00,106.67,106.672,106.614,106.652,106.67,106.67
2019-09-05 07:00:00,106.651,106.653,106.498,106.538,106.651,106.651
2019-09-05 08:00:00,106.538,106.625,106.524,106.574,106.538,106.538
2019-09-05 09:00:00,106.574,106.586,106.435,106.484,106.574,106.575
2019-09-05 10:00:00,106.484,106.535,106.372,106.521,106.484,106.485
2019-09-05 11:00:00,106.521,106.548,106.462,106.547,106.521,106.521
2019-09-05 12:00:00,106.547,106.586,106.484,106.538,106.547,106.548
2019-09-05 13:00:00,106.538,106.651,106.519,106.636,106.538,106.539
2019-09-05 14:00:00,106.637,106.74,106.622,106.648,106.637,106.637
2019-09-05 15:00:00,106.648,106.931,106.617,106.856,106.648,106.648
2019-09-05 16:00:00,106.856,106.958,106.804,106.853,106.856,106.857
2019-09-05 17:00:00,106.853,107.23,106.853,107.047,106.853,106.868
2019-09-05 18:00:00,107.045,107.051,106.926,106.966,107.045,107.045
2019-09-05 19:00:00,106.966,106.996,106.91,106.942,106.966,106.966
2019-09-05 20:00:00,106.942,106.98,106.877,106.93,106.942,106.942
2019-09-05 21:00:00,106.93,107.014,106.914,106.959,106.93,106.93
2019-09-05 22:00:00,106.959,107.03,106.955,107.02,106.959,106.959
2019-09-05 23:00:00,107.02,107.022,106.934,106.952,107.02,107.021
2019-09-06 00:00:00,106.925,106.984,106.888,106.945,106.925,106.966
2019-09-06 01:00:00,106.945,107.032,106.915,107.02,106.945,106.959
2019-09-06 02:00:00,107.02,107.091,106.992,107.073,107.02,107.023
2019-09-06 03:00:00,107.071,107.085,106.917,107.04,107.071,107.073
2019-09-06 04:00:00,107.04,107.076,107.0,107.074,107.04,107.04
2019-09-06 05:00:00,107.082,107.102,107.036,107.065,107.082,107.082
2019-09-06 06:00:00,107.065,107.096,107.042,107.064,107.065,107.066
2019-09-06 07:00:00,107.064,107.091,106.958,106.96,107.064,107.064
2019-09-06 08:00:00,106.96,107.03,106.942,107.013,106.96,106.961
2019-09-06 09:00:00,107.015,107.062,106.965,107.004,107.015,107.015
2019-09-06 10:00:00,107.004,107.03,106.953,106.983,107.004,107.004
2019-09-06 11:00:00,106.983,107.047,106.973,107.041,106.983,106.983
2019-09-06 12:00:00,107.041,107.082,106.929,106.982,107.041,107.041
2019-09-06 13:00:00,106.982,107.027,106.948,106.966,106.982,106.983
2019-09-06 14:00:00,106.965,107.02,106.95,107.015,106.965,106.966
2019-09-06 15:00:00,107.016,107.031,106.709,106.842,107.016,107.016
2019-09-06 16:00:00,106.842,106.851,106.622,106.718,106.842,106.842
2019-09-06 17:00:00,106.718,106.844,106.708,106.772,106.718,106.718
2019-09-06 18:00:00,106.772,106.846,106.756,106.812,106.772,106.772
2019-09-06 19:00:00,106.811,106.916,106.754,106.85,106.811,106.811
2019-09-06 20:00:00,106.85,106.932,106.826,106.838,106.85,106.851
2019-09-06 21:00:00,106.839,106.893,106.808,106.892,106.839,106.84
2019-09-06 22:00:00,106.893,106.938,106.862,106.938,106.893,106.894
2019-09-06 23:00:00,106.938,106.943,106.893,106.921,106.938,106.938
2019-09-09 00:00:00,106.826,106.851,106.799,106.839,106.826,106.898
2019-09-09 01:00:00,106.839,106.937,106.836,106.899,106.839,106.844
2019-09-09 02:00:00,106.899,106.974,106.894,106.945,106.899,106.9
2019-09-09 03:00:00,106.946,107.024,106.902,106.95,106.946,106.946
2019-09-09 04:00:00,106.949,106.976,106.762,106.852,106.949,106.949
2019-09-09 05:00:00,106.852,106.935,106.832,106.908,106.852,106.852
2019-09-09 06:00:00,106.908,106.914,106.871,106.873,106.908,106.908
2019-09-09 07:00:00,106.873,106.916,106.873,106.9,106.873,106.873
2019-09-09 08:00:00,106.9,106.903,106.833,106.875,106.9,106.901
2019-09-09 09:00:00,106.875,106.937,106.858,106.926,106.875,106.876
2019-09-09 10:00:00,106.926,106.994,106.913,106.966,106.926,106.926
2019-09-09 11:00:00,106.966,106.995,106.927,106.978,106.966,106.966
2019-09-09 12:00:00,106.978,107.079,106.965,107.047,106.978,106.978
2019-09-09 13:00:00,107.047,107.058,106.974,106.98,107.047,107.048
2019-09-09 14:00:00,106.979,107.026,106.924,106.965,106.979,106.979
2019-09-09 15:00:00,106.964,107.015,106.932,107.004,106.964,106.964
2019-09-09 16:00:00,107.004,107.069,106.979,106.998,107.004,107.004
2019-09-09 17:00:00,106.998,107.174,106.995,107.16,106.998,106.999
2019-09-09 18:00:00,107.16,107.181,107.077,107.148,107.16,107.16
2019-09-09 19:00:00,107.148,107.148,106.929,107.054,107.148,107.148
2019-09-09 20:00:00,107.054,107.101,107.035,107.08,107.054,107.055
2019-09-09 21:00:00,107.078,107.174,107.072,107.154,107.078,107.078
2019-09-09 22:00:00,107.154,107.214,107.154,107.199,107.154,107.155
2019-09-09 23:00:00,107.198,107.276,107.167,107.232,107.198,107.198
2019-09-10 00:00:00,107.244,107.262,107.203,107.234,107.244,107.256
2019-09-10 01:00:00,107.241,107.25,107.184,107.213,107.241,107.249
2019-09-10 02:00:00,107.213,107.37,107.206,107.342,107.213,107.213
2019-09-10 03:00:00,107.342,107.443,107.29,107.441,107.342,107.345
2019-09-10 04:00:00,107.442,107.499,107.382,107.428,107.442,107.442
2019-09-10 05:00:00,107.428,107.438,107.362,107.38,107.428,107.428
2019-09-10 06:00:00,107.38,107.439,107.379,107.423,107.38,107.382
2019-09-10 07:00:00,107.423,107.428,107.394,107.409,107.423,107.423
2019-09-10 08:00:00,107.41,107.416,107.363,107.373,107.41,107.41
2019-09-10 09:00:00,107.375,107.382,107.308,107.363,107.375,107.376
2019-09-10 10:00:00,107.363,107.394,107.238,107.318,107.363,107.363
2019-09-10 11:00:00,107.318,107.338,107.252,107.298,107.318,107.32
2019-09-10 12:00:00,107.299,107.359,107.275,107.314,107.299,107.299
2019-09-10 13:00:00,107.314,107.387,107.3,107.379,107.314,107.314
2019-09-10 14:00:00,107.379,107.489,107.324,107.367,107.379,107.379
2019-09-10 15:00:00,107.368,107.379,107.254,107.28,107.368,107.368
2019-09-10 16:00:00,107.28,107.371,107.192,107.241,107.28,107.28
2019-09-10 17:00:00,107.242,107.342,107.2,107.282,107.242,107.242
2019-09-10 18:00:00,107.282,107.432,107.252,107.351,107.282,107.282
2019-09-10 19:00:00,107.351,107.466,107.294,107.454,107.351,107.351
2019-09-10 20:00:00,107.454,107.464,107.392,107.398,107.454,107.456
2019-09-10 21:00:00,107.398,107.514,107.371,107.43,107.398,107.398
2019-09-10 22:00:00,107.43,107.53,107.43,107.529,107.43,107.43
2019-09-10 23:00:00,107.529,107.588,107.5,107.536,107.529,107.529
2019-09-11 00:00:00,107.539,107.552,107.494,107.509,107.539,107.552
2019-09-11 01:00:00,107.514,107.547,107.501,107.514,107.514,107.52
2019-09-11 02:00:00,107.515,107.629,107.5,107.603,107.515,107.515
2019-09-11 03:00:00,107.603,107.653,107.547,107.634,107.603,107.603
2019-09-11 04:00:00,107.634,107.634,107.564,107.619,107.634,107.635
2019-09-11 05:00:00,107.619,107.695,107.606,107.685,107.619,107.619
2019-09-11 06:00:00,107.685,107.74,107.674,107.728,107.685,107.685
2019-09-11 07:00:00,107.728,107.784,107.708,107.763,107.728,107.728
2019-09-11 08:00:00,107.763,107.849,107.731,107.807,107.763,107.763
2019-09-11 09:00:00,107.807,107.832,107.751,107.758,107.807,107.807
2019-09-11 10:00:00,107.758,107.811,107.661,107.804,107.758,107.758
2019-09-11 11:00:00,107.804,107.828,107.747,107.755,107.804,107.805
2019-09-11 12:00:00,107.755,107.756,107.684,107.705,107.755,107.755
2019-09-11 13:00:00,107.705,107.754,107.668,107.672,107.705,107.705
2019-09-11 14:00:00,107.672,107.737,107.667,107.722,107.672,107.672
2019-09-11 15:00:00,107.723,107.812,107.687,107.772,107.723,107.723
2019-09-11 16:00:00,107.772,107.81,107.709,107.734,107.772,107.772
2019-09-11 17:00:00,107.734,107.752,107.628,107.744,107.734,107.734
2019-09-11 18:00:00,107.744,107.758,107.706,107.734,107.744,107.744
2019-09-11 19:00:00,107.734,107.802,107.723,107.767,107.734,107.734
2019-09-11 20:00:00,107.768,107.801,107.743,107.754,107.768,107.768
2019-09-11 21:00:00,107.754,107.802,107.753,107.782,107.754,107.755
2019-09-11 22:00:00,107.782,107.838,107.77,107.83,107.782,107.782
2019-09-11 23:00:00,107.829,107.858,107.823,107.845,107.829,107.83
2019-09-12 00:00:00,107.808,107.824,107.79,107.812,107.808,107.839
2019-09-12 01:00:00,107.815,107.843,107.796,107.816,107.815,107.822
2019-09-12 02:00:00,107.816,108.05,107.776,108.016,107.816,107.817
2019-09-12 03:00:00,108.016,108.06,107.949,108.049,108.016,108.018
2019-09-12 04:00:00,108.049,108.102,108.021,108.021,108.049,108.049
2019-09-12 05:00:00,108.021,108.046,107.996,108.039,108.021,108.023
2019-09-12 06:00:00,108.039,108.167,108.024,108.096,108.039,108.04
2019-09-12 07:00:00,108.096,108.138,108.058,108.076,108.096,108.096
2019-09-12 08:00:00,108.076,108.086,107.977,108.008,108.076,108.076
2019-09-12 09:00:00,108.008,108.038,107.955,107.988,108.008,108.01
2019-09-12 10:00:00,107.988,108.012,107.898,107.908,107.988,107.988
2019-09-12 11:00:00,107.908,107.923,107.823,107.864,107.908,107.908
2019-09-12 12:00:00,107.864,107.884,107.82,107.859,107.864,107.864
2019-09-12 13:00:00,107.859,107.902,107.858,107.882,107.859,107.859
2019-09-12 14:00:00,107.882,107.892,107.69,107.745,107.882,107.882
2019-09-12 15:00:00,107.747,107.809,107.521,107.702,107.747,107.749
2019-09-12 16:00:00,107.704,107.817,107.635,107.765,107.704,107.705
2019-09-12 17:00:00,107.764,108.088,107.656,107.902,107.764,107.764
2019-09-12 18:00:00,107.902,108.087,107.821,107.977,107.902,107.902
2019-09-12 19:00:00,107.978,108.094,107.933,108.032,107.978,107.978
2019-09-12 20:00:00,108.032,108.095,108.019,108.095,108.032,108.032
2019-09-12 21:00:00,108.095,108.164,108.06,108.152,108.095,108.095
2019-09-12 22:00:00,108.149,108.189,108.125,108.138,108.149,108.149
2019-09-12 23:00:00,108.139,108.149,108.059,108.116,108.139,108.139
2019-09-13 00:00:00,108.06,108.133,108.06,108.085,108.06,108.116
2019-09-13 01:00:00,108.085,108.191,108.085,108.158,108.085,108.091
2019-09-13 02:00:00,108.158,108.193,108.148,108.185,108.158,108.158
2019-09-13 03:00:00,108.185,108.234,108.108,108.218,108.185,108.186
2019-09-13 04:00:00,108.218,108.26,108.177,108.178,108.218,108.218
2019-09-13 05:00:00,108.177,108.203,108.145,108.182,108.177,108.178
2019-09-13 06:00:00,108.183,108.185,108.146,108.173,108.183,108.183
2019-09-13 07:00:00,108.173,108.173,108.117,108.134,108.173,108.173
2019-09-13 08:00:00,108.134,108.152,108.097,108.118,108.134,108.135
2019-09-13 09:00:00,108.118,108.118,107.967,107.983,108.118,108.119
2019-09-13 10:00:00,107.984,108.068,107.907,107.957,107.984,107.984
2019-09-13 11:00:00,107.957,108.036,107.946,107.988,107.957,107.958
2019-09-13 12:00:00,107.988,108.081,107.946,107.985,107.988,107.988
2019-09-13 13:00:00,107.986,108.023,107.968,108.007,107.986,107.986
2019-09-13 14:00:00,108.007,108.023,107.955,107.968,108.007,108.007
2019-09-13 15:00:00,107.97,108.138,107.943,108.122,107.97,107.97
2019-09-13 16:00:00,108.122,108.14,107.997,108.059,108.122,108.122
2019-09-13 17:00:00,108.062,108.138,108.036,108.073,108.062,108.062
2019-09-13 18:00:00,108.072,108.156,108.048,108.123,108.072,108.073
2019-09-13 19:00:00,108.123,108.182,108.108,108.123,108.123,108.124
2019-09-13 20:00:00,108.125,108.14,108.068,108.068,108.125,108.125
2019-09-13 21:00:00,108.068,108.158,108.068,108.14,108.068,108.068
2019-09-13 22:00:00,108.14,108.14,108.093,108.115,108.14,108.14
2019-09-13 23:00:00,108.114,108.137,108.07,108.113,108.114,108.115
2019-09-16 00:00:00,107.469,107.712,107.457,107.709,107.469,107.483
2019-09-16 01:00:00,107.709,107.914,107.683,107.82,107.709,107.756
2019-09-16 02:00:00,107.82,107.831,107.74,107.759,107.82,107.821
2019-09-16 03:00:00,107.759,107.776,107.497,107.673,107.759,107.76
2019-09-16 04:00:00,107.674,107.771,107.615,107.751,107.674,107.676
2019-09-16 05:00:00,107.75,107.795,107.692,107.792,107.75,107.753
2019-09-16 06:00:00,107.792,107.858,107.76,107.856,107.792,107.793
2019-09-16 07:00:00,107.856,107.862,107.775,107.814,107.856,107.857
2019-09-16 08:00:00,107.814,107.907,107.814,107.86,107.814,107.816
2019-09-16 09:00:00,107.863,107.907,107.806,107.836,107.863,107.863
2019-09-16 10:00:00,107.836,107.932,107.831,107.856,107.836,107.836
2019-09-16 11:00:00,107.856,107.934,107.79,107.81,107.856,107.857
2019-09-16 12:00:00,107.809,107.811,107.687,107.735,107.809,107.81
2019-09-16 13:00:00,107.733,107.794,107.709,107.764,107.733,107.733
2019-09-16 14:00:00,107.764,107.807,107.679,107.793,107.764,107.764
2019-09-16 15:00:00,107.794,107.889,107.774,107.873,107.794,107.795
2019-09-16 16:00:00,107.873,107.964,107.855,107.948,107.873,107.873
2019-09-16 17:00:00,107.948,108.046,107.876,108.02,107.948,107.949
2019-09-16 18:00:00,108.02,108.096,107.92,107.953,108.02,108.02
2019-09-16 19:00:00,107.953,108.038,107.917,107.967,107.953,107.954
2019-09-16 20:00:00,107.967,108.048,107.952,108.029,107.967,107.967
2019-09-16 21:00:00,108.029,108.091,108.01,108.042,108.029,108.03
2019-09-16 22:00:00,108.042,108.091,107.963,108.082,108.042,108.042
2019-09-16 23:00:00,108.082,108.167,108.073,108.15,108.082,108.082
2019-09-17 00:00:00,108.105,108.157,108.086,108.101,108.105,108.15
2019-09-17 01:00:00,108.101,108.134,108.081,108.119,108.101,108.123
2019-09-17 02:00:00,108.122,108.186,108.097,108.149,108.122,108.127
2019-09-17 03:00:00,108.149,108.218,108.022,108.209,108.149,108.15
2019-09-17 04:00:00,108.21,108.37,108.159,108.162,108.21,108.21
2019-09-17 05:00:00,108.16,108.199,108.08,108.184,108.16,108.16
2019-09-17 06:00:00,108.184,108.196,108.136,108.164,108.184,108.184
2019-09-17 07:00:00,108.165,108.246,108.158,108.231,108.165,108.165
2019-09-17 08:00:00,108.229,108.229,108.15,108.182,108.229,108.23
2019-09-17 09:00:00,108.184,108.254,108.177,108.233,108.184,108.184
2019-09-17 10:00:00,108.233,108.238,108.105,108.126,108.233,108.233
2019-09-17 11:00:00,108.126,108.198,108.123,108.156,108.126,108.127
2019-09-17 12:00:00,108.155,108.236,108.15,108.236,108.155,108.155
2019-09-17 13:00:00,108.237,108.247,108.117,108.13,108.237,108.237
2019-09-17 14:00:00,108.13,108.182,108.126,108.142,108.13,108.13
2019-09-17 15:00:00,108.144,108.208,108.098,108.198,108.144,108.144
2019-09-17 16:00:00,108.197,108.353,108.09,108.229,108.197,108.198
2019-09-17 17:00:00,108.227,108.332,108.17,108.199,108.227,108.227
2019-09-17 18:00:00,108.199,108.212,108.1,108.129,108.199,108.199
2019-09-17 19:00:00,108.129,108.168,108.062,108.073,108.129,108.13
2019-09-17 20:00:00,108.073,108.181,108.057,108.149,108.073,108.074
2019-09-17 21:00:00,108.15,108.203,108.137,108.197,108.15,108.151
2019-09-17 22:00:00,108.197,108.207,108.143,108.143,108.197,108.197
2019-09-17 23:00:00,108.143,108.15,108.101,108.11,108.143,108.144
2019-09-18 00:00:00,108.115,108.142,108.089,108.106,108.115,108.131
2019-09-18 01:00:00,108.106,108.129,108.093,108.108,108.106,108.121
2019-09-18 02:00:00,108.108,108.122,108.086,108.098,108.108,108.109
2019-09-18 03:00:00,108.098,108.192,108.096,108.185,108.098,108.098
2019-09-18 04:00:00,108.185,108.228,108.145,108.22,108.185,108.185
2019-09-18 05:00:00,108.22,108.265,108.196,108.26,108.22,108.22
2019-09-18 06:00:00,108.26,108.274,108.172,108.207,108.26,108.261
2019-09-18 07:00:00,108.206,108.221,108.185,108.203,108.206,108.206
2019-09-18 08:00:00,108.203,108.221,108.193,108.217,108.203,108.203
2019-09-18 09:00:00,108.218,108.246,108.184,108.238,108.218,108.218
2019-09-18 10:00:00,108.238,108.245,108.178,108.2,108.238,108.238
2019-09-18 11:00:00,108.198,108.225,108.181,108.215,108.198,108.198
2019-09-18 12:00:00,108.215,108.232,108.189,108.212,108.215,108.215
2019-09-18 13:00:00,108.212,108.232,108.181,108.192,108.212,108.213
2019-09-18 14:00:00,108.192,108.199,108.166,108.175,108.192,108.193
2019-09-18 15:00:00,108.175,108.202,108.144,108.19,108.175,108.175
2019-09-18 16:00:00,108.19,108.212,108.16,108.191,108.19,108.19
2019-09-18 17:00:00,108.191,108.241,108.171,108.226,108.191,108.192
2019-09-18 18:00:00,108.226,108.238,108.16,108.176,108.226,108.226
2019-09-18 19:00:00,108.176,108.182,108.148,108.172,108.176,108.177
2019-09-18 20:00:00,108.172,108.191,108.097,108.111,108.172,108.172
2019-09-18 21:00:00,108.112,108.438,108.112,108.342,108.112,108.149
2019-09-18 22:00:00,108.343,108.472,108.293,108.437,108.343,108.343
2019-09-18 23:00:00,108.438,108.478,108.421,108.448,108.438,108.438
2019-09-19 00:00:00,108.444,108.446,108.379,108.402,108.444,108.454
2019-09-19 01:00:00,108.402,108.427,108.387,108.398,108.402,108.419
2019-09-19 02:00:00,108.399,108.443,108.395,108.434,108.399,108.399
2019-09-19 03:00:00,108.434,108.473,108.27,108.288,108.434,108.434
2019-09-19 04:00:00,108.289,108.317,107.992,108.065,108.289,108.289
2019-09-19 05:00:00,108.066,108.208,108.018,108.094,108.066,108.067
2019-09-19 06:00:00,108.095,108.12,107.787,107.858,108.095,108.095
2019-09-19 07:00:00,107.858,107.914,107.828,107.896,107.858,107.858
2019-09-19 08:00:00,107.896,107.937,107.86,107.932,107.896,107.896
2019-09-19 09:00:00,107.932,108.018,107.89,107.952,107.932,107.933
2019-09-19 10:00:00,107.952,108.14,107.854,108.046,107.952,107.952
2019-09-19 11:00:00,108.046,108.059,107.988,107.998,108.046,108.046
2019-09-19 12:00:00,107.998,108.016,107.932,108.014,107.998,107.999
2019-09-19 13:00:00,108.014,108.029,107.908,107.919,108.014,108.014
2019-09-19 14:00:00,107.919,107.974,107.916,107.956,107.919,107.922
2019-09-19 15:00:00,107.956,108.012,107.894,107.967,107.956,107.956
2019-09-19 16:00:00,107.967,108.045,107.945,107.997,107.967,107.967
2019-09-19 17:00:00,107.997,108.085,107.989,108.045,107.997,107.997
2019-09-19 18:00:00,108.046,108.05,107.967,107.998,108.046,108.046
2019-09-19 19:00:00,107.998,108.035,107.936,107.964,107.998,107.998
2019-09-19 20:00:00,107.964,107.969,107.837,107.908,107.964,107.964
2019-09-19 21:00:00,107.908,107.982,107.899,107.981,107.908,107.908
2019-09-19 22:00:00,107.981,108.067,107.97,108.033,107.981,107.981
2019-09-19 23:00:00,108.032,108.061,108.015,108.053,108.032,108.034
2019-09-20 00:00:00,108.015,108.04,107.962,108.04,108.015,108.039
2019-09-20 01:00:00,108.042,108.042,108.013,108.019,108.042,108.044
2019-09-20 02:00:00,108.018,108.067,108.002,108.067,108.018,108.023
2019-09-20 03:00:00,108.067,108.088,107.924,107.972,108.067,108.068
2019-09-20 04:00:00,107.972,107.977,107.898,107.914,107.972,107.972
2019-09-20 05:00:00,107.914,107.964,107.908,107.922,107.914,107.914
2019-09-20 06:00:00,107.922,107.932,107.897,107.906,107.922,107.923
2019-09-20 07:00:00,107.906,107.909,107.804,107.843,107.906,107.907
2019-09-20 08:00:00,107.842,107.895,107.837,107.843,107.842,107.843
2019-09-20 09:00:00,107.844,107.894,107.842,107.878,107.844,107.844
2019-09-20 10:00:00,107.878,107.94,107.768,107.93,107.878,107.878
2019-09-20 11:00:00,107.929,107.964,107.868,107.925,107.929,107.929
2019-09-20 12:00:00,107.924,108.003,107.916,107.991,107.924,107.925
2019-09-20 13:00:00,107.994,108.0,107.942,107.968,107.994,107.994
2019-09-20 14:00:00,107.968,108.0,107.946,107.946,107.968,107.968
2019-09-20 15:00:00,107.946,107.978,107.903,107.922,107.946,107.946
2019-09-20 16:00:00,107.922,107.993,107.907,107.978,107.922,107.923
2019-09-20 17:00:00,107.978,108.025,107.874,107.879,107.978,107.979
2019-09-20 18:00:00,107.882,107.977,107.869,107.952,107.882,107.882
2019-09-20 19:00:00,107.952,107.97,107.858,107.882,107.952,107.953
2019-09-20 20:00:00,107.882,107.898,107.627,107.695,107.882,107.884
2019-09-20 21:00:00,107.696,107.731,107.635,107.658,107.696,107.697
2019-09-20 22:00:00,107.658,107.659,107.544,107.545,107.658,107.659
2019-09-20 23:00:00,107.547,107.569,107.527,107.558,107.547,107.547
2019-09-23 00:00:00,107.697,107.748,107.64,107.715,107.697,107.747
2019-09-23 01:00:00,107.715,107.755,107.65,107.688,107.715,107.731
2019-09-23 02:00:00,107.684,107.728,107.609,107.656,107.684,107.687
2019-09-23 03:00:00,107.656,107.71,107.632,107.694,107.656,107.656
2019-09-23 04:00:00,107.694,107.756,107.688,107.693,107.694,107.694
2019-09-23 05:00:00,107.693,107.718,107.67,107.692,107.693,107.693
2019-09-23 06:00:00,107.692,107.716,107.678,107.706,107.692,107.692
2019-09-23 07:00:00,107.707,107.739,107.705,107.72,107.707,107.707
2019-09-23 08:00:00,107.72,107.733,107.697,107.711,107.72,107.721
2019-09-23 09:00:00,107.711,107.748,107.709,107.731,107.711,107.711
2019-09-23 10:00:00,107.73,107.77,107.509,107.514,107.73,107.73
2019-09-23 11:00:00,107.514,107.55,107.311,107.358,107.514,107.514
2019-09-23 12:00:00,107.358,107.515,107.347,107.499,107.358,107.358
2019-09-23 13:00:00,107.498,107.498,107.427,107.46,107.498,107.498
2019-09-23 14:00:00,107.46,107.488,107.423,107.458,107.46,107.46
2019-09-23 15:00:00,107.458,107.549,107.455,107.532,107.458,107.458
2019-09-23 16:00:00,107.532,107.553,107.417,107.426,107.532,107.532
2019-09-23 17:00:00,107.426,107.448,107.348,107.36,107.426,107.426
2019-09-23 18:00:00,107.362,107.495,107.346,107.481,107.362,107.362
2019-09-23 19:00:00,107.481,107.524,107.475,107.496,107.481,107.482
2019-09-23 20:00:00,107.496,107.526,107.472,107.511,107.496,107.497
2019-09-23 21:00:00,107.511,107.545,107.385,107.461,107.511,107.512
2019-09-23 22:00:00,107.464,107.505,107.409,107.422,107.464,107.464
2019-09-23 23:00:00,107.424,107.549,107.424,107.541,107.424,107.424
2019-09-24 00:00:00,107.537,107.58,107.513,107.528,107.537,107.547
2019-09-24 01:00:00,107.528,107.529,107.476,107.494,107.528,107.533
2019-09-24 02:00:00,107.494,107.666,107.492,107.596,107.494,107.495
2019-09-24 03:00:00,107.597,107.673,107.571,107.648,107.597,107.598
2019-09-24 04:00:00,107.648,107.688,107.567,107.577,107.648,107.648
2019-09-24 05:00:00,107.577,107.592,107.525,107.534,107.577,107.577
2019-09-24 06:00:00,107.534,107.559,107.494,107.536,107.534,107.534
2019-09-24 07:00:00,107.535,107.651,107.514,107.605,107.535,107.535
2019-09-24 08:00:00,107.605,107.642,107.575,107.585,107.605,107.607
2019-09-24 09:00:00,107.584,107.592,107.519,107.566,107.584,107.584
2019-09-24 10:00:00,107.566,107.608,107.546,107.59,107.566,107.566
2019-09-24 11:00:00,107.59,107.672,107.585,107.635,107.59,107.591
2019-09-24 12:00:00,107.636,107.798,107.629,107.738,107.636,107.636
2019-09-24 13:00:00,107.738,107.738,107.672,107.689,107.738,107.738
2019-09-24 14:00:00,107.689,107.712,107.663,107.688,107.689,107.689
2019-09-24 15:00:00,107.688,107.712,107.632,107.647,107.688,107.688
2019-09-24 16:00:00,107.647,107.711,107.633,107.647,107.647,107.648
2019-09-24 17:00:00,107.646,107.647,107.378,107.414,107.646,107.65
2019-09-24 18:00:00,107.414,107.421,107.236,107.323,107.414,107.414
2019-09-24 19:00:00,107.322,107.352,107.05,107.086,107.322,107.322
2019-09-24 20:00:00,107.086,107.156,107.012,107.104,107.086,107.087
2019-09-24 21:00:00,107.105,107.426,107.036,107.046,107.105,107.105
2019-09-24 22:00:00,107.046,107.113,106.962,107.03,107.046,107.047
2019-09-24 23:00:00,107.027,107.118,106.998,107.085,107.027,107.028
2019-09-25 00:00:00,107.06,107.115,106.984,107.105,107.06,107.089
2019-09-25 01:00:00,107.113,107.123,107.033,107.112,107.113,107.117
2019-09-25 02:00:00,107.112,107.191,107.102,107.17,107.112,107.113
2019-09-25 03:00:00,107.17,107.191,107.001,107.068,107.17,107.17
2019-09-25 04:00:00,107.068,107.26,107.046,107.25,107.068,107.069
2019-09-25 05:00:00,107.25,107.427,107.232,107.34,107.25,107.251
2019-09-25 06:00:00,107.34,107.361,107.286,107.32,107.34,107.341
2019-09-25 07:00:00,107.32,107.368,107.304,107.359,107.32,107.321
2019-09-25 08:00:00,107.359,107.381,107.326,107.342,107.359,107.36
2019-09-25 09:00:00,107.343,107.394,107.304,107.372,107.343,107.343
2019-09-25 10:00:00,107.374,107.426,107.25,107.287,107.374,107.374
2019-09-25 11:00:00,107.287,107.369,107.261,107.318,107.287,107.287
2019-09-25 12:00:00,107.317,107.356,107.248,107.332,107.317,107.317
2019-09-25 13:00:00,107.331,107.375,107.284,107.32,107.331,107.332
2019-09-25 14:00:00,107.321,107.433,107.308,107.406,107.321,107.322
2019-09-25 15:00:00,107.406,107.549,107.4,107.507,107.406,107.406
2019-09-25 16:00:00,107.508,107.622,107.45,107.547,107.508,107.508
2019-09-25 17:00:00,107.549,107.842,107.409,107.715,107.549,107.55
2019-09-25 18:00:00,107.714,107.797,107.677,107.784,107.714,107.715
2019-09-25 19:00:00,107.785,107.885,107.755,107.802,107.785,107.785
2019-09-25 20:00:00,107.801,107.832,107.741,107.771,107.801,107.801
2019-09-25 21:00:00,107.771,107.848,107.752,107.815,107.771,107.772
2019-09-25 22:00:00,107.816,107.816,107.744,107.786,107.816,107.816
2019-09-25 23:00:00,107.786,107.811,107.754,107.766,107.786,107.787
2019-09-26 00:00:00,107.764,107.778,107.714,107.723,107.764,107.774
2019-09-26 01:00:00,107.723,107.77,107.72,107.749,107.723,107.746
2019-09-26 02:00:00,107.75,107.753,107.68,107.705,107.75,107.75
2019-09-26 03:00:00,107.706,107.73,107.604,107.719,107.706,107.706
2019-09-26 04:00:00,107.719,107.726,107.663,107.714,107.719,107.72
2019-09-26 05:00:00,107.714,107.717,107.631,107.671,107.714,107.715
2019-09-26 06:00:00,107.671,107.68,107.649,107.668,107.671,107.671
2019-09-26 07:00:00,107.667,107.686,107.647,107.685,107.667,107.668
2019-09-26 08:00:00,107.685,107.695,107.645,107.659,107.685,107.685
2019-09-26 09:00:00,107.659,107.671,107.592,107.61,107.659,107.66
2019-09-26 10:00:00,107.61,107.711,107.608,107.689,107.61,107.61
2019-09-26 11:00:00,107.689,107.7,107.578,107.613,107.689,107.689
2019-09-26 12:00:00,107.613,107.632,107.593,107.618,107.613,107.613
2019-09-26 13:00:00,107.618,107.622,107.547,107.573,107.618,107.618
2019-09-26 14:00:00,107.573,107.695,107.571,107.667,107.573,107.573
2019-09-26 15:00:00,107.667,107.704,107.572,107.591,107.667,107.667
2019-09-26 16:00:00,107.591,107.61,107.425,107.541,107.591,107.592
2019-09-26 17:00:00,107.541,107.726,107.482,107.675,107.541,107.541
2019-09-26 18:00:00,107.676,107.702,107.594,107.676,107.676,107.676
2019-09-26 19:00:00,107.677,107.887,107.668,107.813,107.677,107.678
2019-09-26 20:00:00,107.812,107.848,107.712,107.842,107.812,107.812
2019-09-26 21:00:00,107.843,107.861,107.783,107.798,107.843,107.843
2019-09-26 22:00:00,107.798,107.959,107.798,107.891,107.798,107.799
2019-09-26 23:00:00,107.891,107.893,107.813,107.843,107.891,107.892
2019-09-27 00:00:00,107.825,107.838,107.806,107.833,107.825,107.84
2019-09-27 01:00:00,107.833,107.851,107.814,107.815,107.833,107.842
2019-09-27 02:00:00,107.815,107.83,107.752,107.754,107.815,107.817
2019-09-27 03:00:00,107.754,107.792,107.669,107.77,107.754,107.754
2019-09-27 04:00:00,107.77,107.806,107.721,107.742,107.77,107.77
2019-09-27 05:00:00,107.746,107.75,107.676,107.725,107.746,107.746
2019-09-27 06:00:00,107.724,107.755,107.68,107.683,107.724,107.725
2019-09-27 07:00:00,107.683,107.728,107.657,107.678,107.683,107.683
2019-09-27 08:00:00,107.678,107.768,107.66,107.748,107.678,107.68
2019-09-27 09:00:00,107.748,107.862,107.729,107.833,107.748,107.751
2019-09-27 10:00:00,107.832,107.859,107.782,107.845,107.832,107.832
2019-09-27 11:00:00,107.844,107.918,107.83,107.916,107.844,107.844
2019-09-27 12:00:00,107.916,107.962,107.89,107.95,107.916,107.917
2019-09-27 13:00:00,107.95,108.175,107.942,108.107,107.95,107.95
2019-09-27 14:00:00,108.106,108.107,108.068,108.094,108.106,108.106
2019-09-27 15:00:00,108.094,108.147,108.022,108.076,108.094,108.094
2019-09-27 16:00:00,108.076,108.151,108.04,108.066,108.076,108.076
2019-09-27 17:00:00,108.066,108.182,108.024,108.154,108.066,108.066
2019-09-27 18:00:00,108.154,108.182,107.793,108.059,108.154,108.154
2019-09-27 19:00:00,108.059,108.089,107.836,107.864,108.059,108.059
2019-09-27 20:00:00,107.864,107.956,107.832,107.936,107.864,107.864
2019-09-27 21:00:00,107.934,107.936,107.8,107.817,107.934,107.935
2019-09-27 22:00:00,107.817,107.963,107.81,107.956,107.817,107.818
2019-09-27 23:00:00,107.957,107.968,107.892,107.933,107.957,107.958
2019-09-30 00:00:00,107.963,108.004,107.889,107.987,107.963,107.976
2019-09-30 01:00:00,107.976,107.999,107.853,107.879,107.976,107.987
2019-09-30 02:00:00,107.88,107.959,107.876,107.947,107.88,107.88
2019-09-30 03:00:00,107.947,108.012,107.877,107.907,107.947,107.947
2019-09-30 04:00:00,107.907,108.01,107.889,107.932,107.907,107.908
2019-09-30 05:00:00,107.933,107.955,107.89,107.952,107.933,107.933
2019-09-30 06:00:00,107.952,107.957,107.907,107.945,107.952,107.953
2019-09-30 07:00:00,107.945,107.962,107.846,107.879,107.945,107.946
2019-09-30 08:00:00,107.878,107.89,107.752,107.778,107.878,107.878
2019-09-30 09:00:00,107.778,107.87,107.774,107.824,107.778,107.779
2019-09-30 10:00:00,107.826,107.862,107.744,107.86,107.826,107.826
2019-09-30 11:00:00,107.86,107.911,107.84,107.9,107.86,107.861
2019-09-30 12:00:00,107.9,107.977,107.884,107.97,107.9,107.901
2019-09-30 13:00:00,107.97,107.978,107.918,107.927,107.97,107.97
2019-09-30 14:00:00,107.927,107.981,107.886,107.956,107.927,107.927
2019-09-30 15:00:00,107.954,108.095,107.953,107.996,107.954,107.954
2019-09-30 16:00:00,107.995,108.098,107.964,108.025,107.995,107.996
2019-09-30 17:00:00,108.024,108.106,107.925,108.074,108.024,108.024
2019-09-30 18:00:00,108.074,108.148,108.002,108.114,108.074,108.074
2019-09-30 19:00:00,108.113,108.146,108.063,108.145,108.113,108.113
2019-09-30 20:00:00,108.146,108.178,108.116,108.119,108.146,108.146
2019-09-30 21:00:00,108.119,108.142,108.056,108.08,108.119,108.119
2019-09-30 22:00:00,108.08,108.121,108.056,108.114,108.08,108.08
2019-09-30 23:00:00,108.114,108.145,108.066,108.069,108.114,108.114
2019-10-01 00:00:00,108.08,108.124,108.052,108.08,108.08,108.097
2019-10-01 01:00:00,108.082,108.086,108.044,108.073,108.082,108.09
2019-10-01 02:00:00,108.073,108.101,108.055,108.06,108.073,108.075
2019-10-01 03:00:00,108.06,108.171,108.044,108.147,108.06,108.06
2019-10-01 04:00:00,108.147,108.227,108.125,108.198,108.147,108.147
2019-10-01 05:00:00,108.198,108.227,108.186,108.216,108.198,108.198
2019-10-01 06:00:00,108.216,108.265,108.196,108.26,108.216,108.216
2019-10-01 07:00:00,108.26,108.296,108.23,108.234,108.26,108.26
2019-10-01 08:00:00,108.234,108.254,108.176,108.178,108.234,108.234
2019-10-01 09:00:00,108.179,108.293,108.166,108.242,108.179,108.179
2019-10-01 10:00:00,108.241,108.431,108.214,108.347,108.241,108.241
2019-10-01 11:00:00,108.345,108.47,108.322,108.407,108.345,108.346
2019-10-01 12:00:00,108.406,108.415,108.327,108.348,108.406,108.406
2019-10-01 13:00:00,108.349,108.378,108.237,108.285,108.349,108.349
2019-10-01 14:00:00,108.284,108.356,108.225,108.353,108.284,108.284
2019-10-01 15:00:00,108.354,108.422,108.268,108.364,108.354,108.354
2019-10-01 16:00:00,108.364,108.448,108.306,108.391,108.364,108.364
2019-10-01 17:00:00,108.391,108.391,107.823,107.846,108.391,108.394
2019-10-01 18:00:00,107.847,107.861,107.65,107.71,107.847,107.847
2019-10-01 19:00:00,107.709,107.754,107.626,107.692,107.709,107.709
2019-10-01 20:00:00,107.692,107.759,107.638,107.7,107.692,107.692
2019-10-01 21:00:00,107.7,107.78,107.652,107.733,107.7,107.7
2019-10-01 22:00:00,107.732,107.782,107.685,107.706,107.732,107.732
2019-10-01 23:00:00,107.707,107.753,107.683,107.752,107.707,107.708
2019-10-02 00:00:00,107.74,107.757,107.726,107.753,107.74,107.749
2019-10-02 01:00:00,107.753,107.761,107.702,107.751,107.753,107.763
2019-10-02 02:00:00,107.751,107.755,107.697,107.747,107.751,107.752
2019-10-02 03:00:00,107.747,107.761,107.644,107.707,107.747,107.748
2019-10-02 04:00:00,107.707,107.741,107.648,107.732,107.707,107.707
2019-10-02 05:00:00,107.732,107.789,107.702,107.778,107.732,107.732
2019-10-02 06:00:00,107.778,107.894,107.77,107.874,107.778,107.778
2019-10-02 07:00:00,107.874,107.881,107.816,107.831,107.874,107.874
2019-10-02 08:00:00,107.831,107.871,107.785,107.803,107.831,107.832
2019-10-02 09:00:00,107.802,107.843,107.762,107.764,107.802,107.802
2019-10-02 10:00:00,107.764,107.792,107.552,107.679,107.764,107.765
2019-10-02 11:00:00,107.679,107.734,107.572,107.651,107.679,107.679
2019-10-02 12:00:00,107.652,107.695,107.586,107.645,107.652,107.652
2019-10-02 13:00:00,107.644,107.693,107.56,107.591,107.644,107.644
2019-10-02 14:00:00,107.591,107.599,107.495,107.532,107.591,107.593
2019-10-02 15:00:00,107.532,107.602,107.421,107.426,107.532,107.532
2019-10-02 16:00:00,107.427,107.529,107.366,107.42,107.427,107.427
2019-10-02 17:00:00,107.419,107.492,107.262,107.34,107.419,107.419
2019-10-02 18:00:00,107.34,107.362,107.139,107.213,107.34,107.34
2019-10-02 19:00:00,107.213,107.255,107.108,107.11,107.213,107.214
2019-10-02 20:00:00,107.11,107.208,107.046,107.098,107.11,107.11
2019-10-02 21:00:00,107.098,107.229,107.087,107.202,107.098,107.099
2019-10-02 22:00:00,107.202,107.23,107.159,107.206,107.202,107.202
2019-10-02 23:00:00,107.206,107.212,107.136,107.182,107.206,107.206
2019-10-03 00:00:00,107.178,107.198,107.142,107.153,107.178,107.187
2019-10-03 01:00:00,107.153,107.186,107.148,107.176,107.153,107.165
2019-10-03 02:00:00,107.176,107.207,107.161,107.166,107.176,107.18
2019-10-03 03:00:00,107.164,107.17,106.965,107.036,107.164,107.164
2019-10-03 04:00:00,107.034,107.163,107.028,107.123,107.034,107.034
2019-10-03 05:00:00,107.123,107.174,107.095,107.108,107.123,107.123
2019-10-03 06:00:00,107.107,107.191,107.107,107.158,107.107,107.108
2019-10-03 07:00:00,107.158,107.19,107.108,107.168,107.158,107.158
2019-10-03 08:00:00,107.168,107.187,107.115,107.134,107.168,107.169
2019-10-03 09:00:00,107.134,107.286,107.084,107.27,107.134,107.134
2019-10-03 10:00:00,107.27,107.298,107.209,107.229,107.27,107.27
2019-10-03 11:00:00,107.229,107.271,107.084,107.113,107.229,107.229
2019-10-03 12:00:00,107.112,107.152,107.05,107.151,107.112,107.112
2019-10-03 13:00:00,107.152,107.204,107.057,107.065,107.152,107.152
2019-10-03 14:00:00,107.064,107.082,106.872,106.916,107.064,107.064
2019-10-03 15:00:00,106.917,107.076,106.91,106.988,106.917,106.917
2019-10-03 16:00:00,106.988,107.124,106.969,107.05,106.988,106.988
2019-10-03 17:00:00,107.05,107.05,106.484,106.702,107.05,107.052
2019-10-03 18:00:00,106.702,106.944,106.669,106.759,106.702,106.702
2019-10-03 19:00:00,106.759,106.887,106.758,106.819,106.759,106.759
2019-10-03 20:00:00,106.82,106.966,106.787,106.864,106.82,106.82
2019-10-03 21:00:00,106.864,106.896,106.802,106.891,106.864,106.866
2019-10-03 22:00:00,106.892,106.912,106.848,106.865,106.892,106.892
2019-10-03 23:00:00,106.865,106.916,106.837,106.909,106.865,106.866
2019-10-04 00:00:00,106.914,106.925,106.845,106.879,106.914,106.926
2019-10-04 01:00:00,106.879,106.927,106.872,106.884,106.879,106.886
2019-10-04 02:00:00,106.884,106.895,106.815,106.832,106.884,106.885
2019-10-04 03:00:00,106.832,106.912,106.797,106.805,106.832,106.832
2019-10-04 04:00:00,106.805,106.874,106.8,106.8,106.805,106.805
2019-10-04 05:00:00,106.8,106.822,106.744,106.761,106.8,106.802
2019-10-04 06:00:00,106.76,106.794,106.75,106.77,106.76,106.761
2019-10-04 07:00:00,106.77,106.828,106.752,106.828,106.77,106.771
2019-10-04 08:00:00,106.828,106.849,106.803,106.828,106.828,106.828
2019-10-04 09:00:00,106.829,106.842,106.774,106.806,106.829,106.83
2019-10-04 10:00:00,106.806,106.808,106.731,106.772,106.806,106.806
2019-10-04 11:00:00,106.77,106.803,106.758,106.786,106.77,106.77
2019-10-04 12:00:00,106.786,106.786,106.742,106.743,106.786,106.786
2019-10-04 13:00:00,106.744,106.786,106.689,106.696,106.744,106.744
2019-10-04 14:00:00,106.696,106.751,106.646,106.718,106.696,106.696
2019-10-04 15:00:00,106.718,107.133,106.554,107.113,106.718,106.718
2019-10-04 16:00:00,107.113,107.118,106.944,107.068,107.113,107.113
2019-10-04 17:00:00,107.068,107.126,106.84,106.87,107.068,107.068
2019-10-04 18:00:00,106.87,106.93,106.81,106.911,106.87,106.871
2019-10-04 19:00:00,106.911,106.93,106.844,106.868,106.911,106.911
2019-10-04 20:00:00,106.868,106.899,106.815,106.894,106.868,106.869
2019-10-04 21:00:00,106.894,106.931,106.833,106.854,106.894,106.895
2019-10-04 22:00:00,106.854,106.891,106.827,106.837,106.854,106.854
2019-10-04 23:00:00,106.836,106.917,106.832,106.907,106.836,106.836
2019-10-07 00:00:00,106.648,106.736,106.648,106.672,106.648,106.681
2019-10-07 01:00:00,106.672,106.854,106.665,106.854,106.672,106.689
2019-10-07 02:00:00,106.854,106.855,106.754,106.76,106.854,106.855
2019-10-07 03:00:00,106.76,106.817,106.714,106.717,106.76,106.761
2019-10-07 04:00:00,106.717,106.826,106.69,106.818,106.717,106.717
2019-10-07 05:00:00,106.819,106.834,106.791,106.796,106.819,106.819
2019-10-07 06:00:00,106.796,106.848,106.792,106.826,106.796,106.797
2019-10-07 07:00:00,106.828,106.882,106.825,106.862,106.828,106.828
2019-10-07 08:00:00,106.862,106.9,106.844,106.881,106.862,106.862
2019-10-07 09:00:00,106.881,106.905,106.855,106.855,106.881,106.881
2019-10-07 10:00:00,106.856,106.941,106.808,106.848,106.856,106.856
2019-10-07 11:00:00,106.848,106.898,106.81,106.857,106.848,106.848
2019-10-07 12:00:00,106.858,106.864,106.775,106.79,106.858,106.858
2019-10-07 13:00:00,106.79,106.889,106.78,106.888,106.79,106.79
2019-10-07 14:00:00,106.888,106.9,106.829,106.842,106.888,106.888
2019-10-07 15:00:00,106.842,106.909,106.801,106.909,106.842,106.842
2019-10-07 16:00:00,106.909,106.978,106.9,106.948,106.909,106.909
2019-10-07 17:00:00,106.949,107.034,106.908,106.927,106.949,106.949
2019-10-07 18:00:00,106.927,107.074,106.926,107.065,106.927,106.927
2019-10-07 19:00:00,107.065,107.179,107.042,107.126,107.065,107.065
2019-10-07 20:00:00,107.126,107.464,107.082,107.376,107.126,107.126
2019-10-07 21:00:00,107.376,107.395,107.242,107.292,107.376,107.377
2019-10-07 22:00:00,107.292,107.328,107.259,107.272,107.292,107.292
2019-10-07 23:00:00,107.274,107.311,107.239,107.258,107.274,107.275
2019-10-08 00:00:00,107.26,107.267,107.223,107.226,107.26,107.267
2019-10-08 01:00:00,107.227,107.245,107.204,107.225,107.227,107.236
2019-10-08 02:00:00,107.226,107.297,107.226,107.255,107.226,107.228
2019-10-08 03:00:00,107.254,107.382,107.242,107.36,107.254,107.254
2019-10-08 04:00:00,107.36,107.409,107.263,107.373,107.36,107.361
2019-10-08 05:00:00,107.372,107.411,107.318,107.373,107.372,107.372
2019-10-08 06:00:00,107.373,107.407,107.362,107.374,107.373,107.374
2019-10-08 07:00:00,107.374,107.402,107.358,107.392,107.374,107.374
2019-10-08 08:00:00,107.392,107.445,107.374,107.405,107.392,107.392
2019-10-08 09:00:00,107.404,107.432,107.348,107.372,107.404,107.404
2019-10-08 10:00:00,107.371,107.376,107.148,107.157,107.371,107.372
2019-10-08 11:00:00,107.157,107.219,107.101,107.159,107.157,107.157
2019-10-08 12:00:00,107.159,107.179,107.048,107.062,107.159,107.159
2019-10-08 13:00:00,107.062,107.077,106.888,106.953,107.062,107.062
2019-10-08 14:00:00,106.953,106.953,106.806,106.864,106.953,106.953
2019-10-08 15:00:00,106.864,106.97,106.825,106.957,106.864,106.864
2019-10-08 16:00:00,106.957,106.978,106.861,106.926,106.957,106.957
2019-10-08 17:00:00,106.93,107.158,106.886,107.104,106.93,106.93
2019-10-08 18:00:00,107.104,107.151,107.029,107.058,107.104,107.104
2019-10-08 19:00:00,107.058,107.211,107.048,107.148,107.058,107.058
2019-10-08 20:00:00,107.148,107.265,107.137,107.208,107.148,107.148
2019-10-08 21:00:00,107.208,107.298,106.944,107.124,107.208,107.209
2019-10-08 22:00:00,107.124,107.198,107.072,107.09,107.124,107.124
2019-10-08 23:00:00,107.09,107.116,107.04,107.083,107.09,107.09
2019-10-09 00:00:00,107.083,107.095,107.041,107.065,107.083,107.094
2019-10-09 01:00:00,107.065,107.075,107.006,107.017,107.065,107.069
2019-10-09 02:00:00,107.017,107.024,106.933,106.944,107.017,107.018
2019-10-09 03:00:00,106.944,107.094,106.942,107.074,106.944,106.944
2019-10-09 04:00:00,107.074,107.152,107.053,107.14,107.074,107.074
2019-10-09 05:00:00,107.14,107.205,107.13,107.177,107.14,107.14
2019-10-09 06:00:00,107.177,107.178,107.141,107.169,107.177,107.177
2019-10-09 07:00:00,107.169,107.172,107.113,107.151,107.169,107.169
2019-10-09 08:00:00,107.151,107.187,107.142,107.184,107.151,107.151
2019-10-09 09:00:00,107.184,107.214,107.137,107.162,107.184,107.184
2019-10-09 10:00:00,107.162,107.293,107.116,107.212,107.162,107.162
2019-10-09 11:00:00,107.212,107.302,107.204,107.269,107.212,107.212
2019-10-09 12:00:00,107.269,107.409,107.248,107.341,107.269,107.269
2019-10-09 13:00:00,107.341,107.399,107.296,107.366,107.341,107.341
2019-10-09 14:00:00,107.366,107.44,107.354,107.402,107.366,107.366
2019-10-09 15:00:00,107.401,107.405,107.316,107.378,107.401,107.401
2019-10-09 16:00:00,107.378,107.414,107.338,107.376,107.378,107.378
2019-10-09 17:00:00,107.376,107.412,107.357,107.391,107.376,107.377
2019-10-09 18:00:00,107.391,107.458,107.35,107.436,107.391,107.391
2019-10-09 19:00:00,107.436,107.584,107.436,107.576,107.436,107.437
2019-10-09 20:00:00,107.576,107.628,107.44,107.476,107.576,107.576
2019-10-09 21:00:00,107.476,107.566,107.443,107.541,107.476,107.483
2019-10-09 22:00:00,107.542,107.571,107.397,107.461,107.542,107.542
2019-10-09 23:00:00,107.46,107.521,107.448,107.476,107.46,107.462
2019-10-10 00:00:00,107.475,107.498,107.451,107.46,107.475,107.485
2019-10-10 01:00:00,107.464,107.466,107.034,107.073,107.464,107.47
2019-10-10 02:00:00,107.074,107.235,107.038,107.233,107.074,107.077
2019-10-10 03:00:00,107.232,107.369,107.167,107.315,107.232,107.233
2019-10-10 04:00:00,107.314,107.773,107.306,107.535,107.314,107.314
2019-10-10 05:00:00,107.535,107.582,107.473,107.506,107.535,107.535
2019-10-10 06:00:00,107.506,107.506,107.434,107.469,107.506,107.506
2019-10-10 07:00:00,107.469,107.506,107.442,107.501,107.469,107.469
2019-10-10 08:00:00,107.5,107.546,107.484,107.514,107.5,107.501
2019-10-10 09:00:00,107.514,107.55,107.438,107.476,107.514,107.514
2019-10-10 10:00:00,107.476,107.55,107.354,107.406,107.476,107.476
2019-10-10 11:00:00,107.406,107.474,107.368,107.409,107.406,107.406
2019-10-10 12:00:00,107.409,107.439,107.354,107.388,107.409,107.409
2019-10-10 13:00:00,107.388,107.46,107.366,107.42,107.388,107.388
2019-10-10 14:00:00,107.419,107.458,107.385,107.452,107.419,107.419
2019-10-10 15:00:00,107.453,107.651,107.374,107.623,107.453,107.453
2019-10-10 16:00:00,107.622,107.863,107.56,107.853,107.622,107.622
2019-10-10 17:00:00,107.853,107.965,107.77,107.963,107.853,107.853
2019-10-10 18:00:00,107.962,107.974,107.9,107.918,107.962,107.962
2019-10-10 19:00:00,107.918,107.935,107.848,107.901,107.918,107.918
2019-10-10 20:00:00,107.9,107.924,107.823,107.908,107.9,107.9
2019-10-10 21:00:00,107.908,107.942,107.753,107.913,107.908,107.908
2019-10-10 22:00:00,107.911,107.973,107.898,107.927,107.911,107.912
2019-10-10 23:00:00,107.927,108.019,107.844,107.944,107.927,107.927
2019-10-11 00:00:00,107.962,107.975,107.842,107.863,107.962,107.992
2019-10-11 01:00:00,107.864,107.975,107.85,107.938,107.864,107.87
2019-10-11 02:00:00,107.938,107.938,107.85,107.869,107.938,107.938
2019-10-11 03:00:00,107.868,108.13,107.85,108.058,107.868,107.868
2019-10-11 04:00:00,108.056,108.077,107.965,107.97,108.056,108.056
2019-10-11 05:00:00,107.97,107.972,107.935,107.956,107.97,107.97
2019-10-11 06:00:00,107.956,107.998,107.948,107.978,107.956,107.956
2019-10-11 07:00:00,107.978,107.992,107.945,107.967,107.978,107.978
2019-10-11 08:00:00,107.967,108.016,107.961,108.013,107.967,107.967
2019-10-11 09:00:00,108.012,108.028,107.951,108.01,108.012,108.013
2019-10-11 10:00:00,108.01,108.016,107.903,107.915,108.01,108.01
2019-10-11 11:00:00,107.915,108.002,107.877,107.988,107.915,107.915
2019-10-11 12:00:00,107.988,108.166,107.966,108.12,107.988,107.988
2019-10-11 13:00:00,108.12,108.29,108.119,108.274,108.12,108.12
2019-10-11 14:00:00,108.273,108.488,108.248,108.457,108.273,108.273
2019-10-11 15:00:00,108.456,108.471,108.338,108.4,108.456,108.456
2019-10-11 16:00:00,108.4,108.499,108.348,108.47,108.4,108.4
2019-10-11 17:00:00,108.474,108.619,108.457,108.583,108.474,108.474
2019-10-11 18:00:00,108.583,108.626,108.44,108.521,108.583,108.583
2019-10-11 19:00:00,108.521,108.578,108.268,108.399,108.521,108.521
2019-10-11 20:00:00,108.399,108.593,108.395,108.409,108.399,108.4
2019-10-11 21:00:00,108.411,108.514,108.408,108.508,108.411,108.411
2019-10-11 22:00:00,108.509,108.576,108.335,108.369,108.509,108.51
2019-10-11 23:00:00,108.37,108.419,108.309,108.408,108.37,108.37
2019-10-14 00:00:00,108.338,108.397,108.319,108.363,108.338,108.394
2019-10-14 01:00:00,108.363,108.518,108.346,108.511,108.363,108.399
2019-10-14 02:00:00,108.511,108.523,108.451,108.477,108.511,108.514
2019-10-14 03:00:00,108.477,108.48,108.238,108.301,108.477,108.477
2019-10-14 04:00:00,108.298,108.335,108.198,108.26,108.298,108.298
2019-10-14 05:00:00,108.26,108.321,108.232,108.308,108.26,108.26
2019-10-14 06:00:00,108.307,108.329,108.296,108.309,108.307,108.308
2019-10-14 07:00:00,108.31,108.365,108.302,108.311,108.31,108.31
2019-10-14 08:00:00,108.311,108.34,108.245,108.275,108.311,108.311
2019-10-14 09:00:00,108.275,108.305,108.181,108.252,108.275,108.276
2019-10-14 10:00:00,108.252,108.269,108.194,108.205,108.252,108.252
2019-10-14 11:00:00,108.205,108.293,108.198,108.257,108.205,108.205
2019-10-14 12:00:00,108.257,108.278,108.034,108.15,108.257,108.257
2019-10-14 13:00:00,108.151,108.2,108.118,108.194,108.151,108.151
2019-10-14 14:00:00,108.194,108.241,108.174,108.236,108.194,108.194
2019-10-14 15:00:00,108.236,108.292,108.217,108.278,108.236,108.236
2019-10-14 16:00:00,108.278,108.362,108.267,108.344,108.278,108.278
2019-10-14 17:00:00,108.344,108.428,108.326,108.426,108.344,108.344
2019-10-14 18:00:00,108.424,108.458,108.402,108.403,108.424,108.424
2019-10-14 19:00:00,108.403,108.446,108.368,108.369,108.403,108.404
2019-10-14 20:00:00,108.369,108.402,108.366,108.397,108.369,108.37
2019-10-14 21:00:00,108.397,108.403,108.337,108.344,108.397,108.398
2019-10-14 22:00:00,108.344,108.405,108.337,108.402,108.344,108.345
2019-10-14 23:00:00,108.406,108.407,108.384,108.4,108.406,108.406
2019-10-15 00:00:00,108.398,108.411,108.337,108.365,108.398,108.404
2019-10-15 01:00:00,108.365,108.402,108.343,108.371,108.365,108.381
2019-10-15 02:00:00,108.371,108.449,108.37,108.4,108.371,108.371
2019-10-15 03:00:00,108.4,108.41,108.3,108.376,108.4,108.4
2019-10-15 04:00:00,108.377,108.454,108.34,108.367,108.377,108.378
2019-10-15 05:00:00,108.366,108.37,108.313,108.342,108.366,108.366
2019-10-15 06:00:00,108.341,108.344,108.282,108.312,108.341,108.341
2019-10-15 07:00:00,108.312,108.364,108.312,108.343,108.312,108.312
2019-10-15 08:00:00,108.342,108.344,108.303,108.322,108.342,108.342
2019-10-15 09:00:00,108.323,108.38,108.282,108.368,108.323,108.323
2019-10-15 10:00:00,108.368,108.41,108.342,108.354,108.368,108.369
2019-10-15 11:00:00,108.354,108.41,108.311,108.341,108.354,108.354
2019-10-15 12:00:00,108.341,108.353,108.216,108.294,108.341,108.342
2019-10-15 13:00:00,108.294,108.294,108.157,108.216,108.294,108.294
2019-10-15 14:00:00,108.216,108.374,108.21,108.329,108.216,108.216
2019-10-15 15:00:00,108.329,108.365,108.302,108.348,108.329,108.33
2019-10-15 16:00:00,108.348,108.469,108.318,108.464,108.348,108.348
2019-10-15 17:00:00,108.464,108.82,108.441,108.804,108.464,108.464
2019-10-15 18:00:00,108.805,108.888,108.77,108.838,108.805,108.805
2019-10-15 19:00:00,108.837,108.886,108.793,108.862,108.837,108.837
2019-10-15 20:00:00,108.862,108.9,108.836,108.857,108.862,108.863
2019-10-15 21:00:00,108.857,108.887,108.834,108.842,108.857,108.858
2019-10-15 22:00:00,108.842,108.888,108.826,108.876,108.842,108.842
2019-10-15 23:00:00,108.876,108.882,108.838,108.865,108.876,108.876
2019-10-16 00:00:00,108.861,108.864,108.807,108.836,108.861,108.871
2019-10-16 01:00:00,108.836,108.863,108.833,108.846,108.836,108.84
2019-10-16 02:00:00,108.846,108.856,108.8,108.802,108.846,108.847
2019-10-16 03:00:00,108.802,108.853,108.607,108.728,108.802,108.802
2019-10-16 04:00:00,108.728,108.742,108.602,108.708,108.728,108.728
2019-10-16 05:00:00,108.708,108.712,108.659,108.686,108.708,108.708
2019-10-16 06:00:00,108.685,108.701,108.634,108.687,108.685,108.685
2019-10-16 07:00:00,108.687,108.688,108.626,108.654,108.687,108.687
2019-10-16 08:00:00,108.653,108.7,108.632,108.662,108.653,108.653
2019-10-16 09:00:00,108.662,108.772,108.662,108.73,108.662,108.662
2019-10-16 10:00:00,108.731,108.758,108.595,108.649,108.731,108.731
2019-10-16 11:00:00,108.65,108.718,108.612,108.71,108.65,108.65
2019-10-16 12:00:00,108.71,108.721,108.626,108.696,108.71,108.71
2019-10-16 13:00:00,108.696,108.738,108.628,108.733,108.696,108.696
2019-10-16 14:00:00,108.733,108.8,108.712,108.746,108.733,108.733
2019-10-16 15:00:00,108.746,108.814,108.558,108.661,108.746,108.746
2019-10-16 16:00:00,108.661,108.77,108.622,108.675,108.661,108.661
2019-10-16 17:00:00,108.675,108.847,108.656,108.82,108.675,108.675
2019-10-16 18:00:00,108.817,108.838,108.702,108.713,108.817,108.817
2019-10-16 19:00:00,108.714,108.726,108.663,108.669,108.714,108.714
2019-10-16 20:00:00,108.669,108.744,108.668,108.681,108.669,108.669
2019-10-16 21:00:00,108.681,108.783,108.679,108.763,108.681,108.681
2019-10-16 22:00:00,108.763,108.77,108.718,108.77,108.763,108.764
2019-10-16 23:00:00,108.77,108.784,108.748,108.762,108.77,108.77
2019-10-17 00:00:00,108.769,108.769,108.703,108.723,108.769,108.784
2019-10-17 01:00:00,108.728,108.748,108.686,108.703,108.728,108.74
2019-10-17 02:00:00,108.703,108.735,108.673,108.684,108.703,108.704
2019-10-17 03:00:00,108.682,108.748,108.647,108.696,108.682,108.682
2019-10-17 04:00:00,108.696,108.829,108.673,108.807,108.696,108.696
2019-10-17 05:00:00,108.807,108.823,108.768,108.782,108.807,108.807
2019-10-17 06:00:00,108.782,108.786,108.756,108.778,108.782,108.782
2019-10-17 07:00:00,108.778,108.784,108.723,108.736,108.778,108.778
2019-10-17 08:00:00,108.736,108.768,108.7,108.757,108.736,108.736
2019-10-17 09:00:00,108.758,108.778,108.723,108.768,108.758,108.758
2019-10-17 10:00:00,108.769,108.852,108.765,108.84,108.769,108.769
2019-10-17 11:00:00,108.84,108.87,108.772,108.82,108.84,108.84
2019-10-17 12:00:00,108.819,108.939,108.718,108.745,108.819,108.82
2019-10-17 13:00:00,108.745,108.854,108.745,108.802,108.745,108.745
2019-10-17 14:00:00,108.802,108.804,108.677,108.745,108.802,108.802
2019-10-17 15:00:00,108.745,108.775,108.626,108.718,108.745,108.746
2019-10-17 16:00:00,108.718,108.746,108.554,108.586,108.718,108.718
2019-10-17 17:00:00,108.586,108.667,108.526,108.648,108.586,108.586
2019-10-17 18:00:00,108.647,108.698,108.511,108.514,108.647,108.647
2019-10-17 19:00:00,108.514,108.564,108.454,108.518,108.514,108.514
2019-10-17 20:00:00,108.518,108.616,108.516,108.601,108.518,108.518
2019-10-17 21:00:00,108.601,108.683,108.593,108.677,108.601,108.601
2019-10-17 22:00:00,108.681,108.686,108.611,108.634,108.681,108.681
2019-10-17 23:00:00,108.634,108.665,108.62,108.657,108.634,108.634
2019-10-18 00:00:00,108.651,108.659,108.612,108.614,108.651,108.689
2019-10-18 01:00:00,108.614,108.637,108.594,108.596,108.614,108.629
2019-10-18 02:00:00,108.596,108.618,108.554,108.594,108.596,108.598
2019-10-18 03:00:00,108.594,108.687,108.582,108.67,108.594,108.594
2019-10-18 04:00:00,108.67,108.687,108.595,108.598,108.67,108.67
2019-10-18 05:00:00,108.598,108.672,108.544,108.568,108.598,108.601
2019-10-18 06:00:00,108.568,108.59,108.524,108.564,108.568,108.568
2019-10-18 07:00:00,108.564,108.588,108.555,108.579,108.564,108.564
2019-10-18 08:00:00,108.579,108.596,108.518,108.538,108.579,108.579
2019-10-18 09:00:00,108.538,108.602,108.535,108.582,108.538,108.538
2019-10-18 10:00:00,108.582,108.665,108.548,108.646,108.582,108.582
2019-10-18 11:00:00,108.646,108.724,108.626,108.692,108.646,108.646
2019-10-18 12:00:00,108.692,108.702,108.637,108.638,108.692,108.692
2019-10-18 13:00:00,108.638,108.662,108.571,108.66,108.638,108.638
2019-10-18 14:00:00,108.659,108.674,108.567,108.584,108.659,108.659
2019-10-18 15:00:00,108.584,108.586,108.524,108.554,108.584,108.584
2019-10-18 16:00:00,108.553,108.553,108.422,108.5,108.553,108.553
2019-10-18 17:00:00,108.5,108.524,108.416,108.522,108.5,108.5
2019-10-18 18:00:00,108.522,108.57,108.424,108.451,108.522,108.522
2019-10-18 19:00:00,108.45,108.487,108.387,108.422,108.45,108.451
2019-10-18 20:00:00,108.422,108.504,108.421,108.5,108.422,108.422
2019-10-18 21:00:00,108.5,108.5,108.424,108.45,108.5,108.5
2019-10-18 22:00:00,108.453,108.47,108.396,108.41,108.453,108.453
2019-10-18 23:00:00,108.412,108.428,108.391,108.402,108.412,108.412
2019-10-21 00:00:00,108.428,108.482,108.398,108.428,108.428,108.528
2019-10-21 01:00:00,108.435,108.436,108.289,108.355,108.435,108.438
2019-10-21 02:00:00,108.355,108.422,108.317,108.41,108.355,108.355
2019-10-21 03:00:00,108.41,108.503,108.371,108.479,108.41,108.41
2019-10-21 04:00:00,108.479,108.494,108.447,108.482,108.479,108.479
2019-10-21 05:00:00,108.482,108.517,108.471,108.489,108.482,108.482
2019-10-21 06:00:00,108.489,108.502,108.471,108.483,108.489,108.49
2019-10-21 07:00:00,108.484,108.554,108.484,108.538,108.484,108.484
2019-10-21 08:00:00,108.538,108.541,108.456,108.502,108.538,108.538
2019-10-21 09:00:00,108.502,108.549,108.466,108.492,108.502,108.503
2019-10-21 10:00:00,108.492,108.578,108.456,108.561,108.492,108.492
2019-10-21 11:00:00,108.562,108.663,108.562,108.608,108.562,108.562
2019-10-21 12:00:00,108.608,108.621,108.535,108.571,108.608,108.608
2019-10-21 13:00:00,108.571,108.592,108.566,108.582,108.571,108.571
2019-10-21 14:00:00,108.58,108.586,108.54,108.558,108.58,108.58
2019-10-21 15:00:00,108.558,108.576,108.495,108.524,108.558,108.558
2019-10-21 16:00:00,108.524,108.544,108.453,108.498,108.524,108.525
2019-10-21 17:00:00,108.498,108.552,108.456,108.546,108.498,108.498
2019-10-21 18:00:00,108.546,108.603,108.544,108.573,108.546,108.546
2019-10-21 19:00:00,108.573,108.577,108.516,108.576,108.573,108.574
2019-10-21 20:00:00,108.575,108.601,108.544,108.556,108.575,108.575
2019-10-21 21:00:00,108.556,108.619,108.537,108.591,108.556,108.556
2019-10-21 22:00:00,108.591,108.643,108.586,108.624,108.591,108.591
2019-10-21 23:00:00,108.624,108.631,108.595,108.604,108.624,108.624
2019-10-22 00:00:00,108.607,108.616,108.548,108.572,108.607,108.621
2019-10-22 01:00:00,108.572,108.617,108.57,108.602,108.572,108.588
2019-10-22 02:00:00,108.602,108.631,108.592,108.606,108.602,108.602
2019-10-22 03:00:00,108.606,108.726,108.588,108.677,108.606,108.607
2019-10-22 04:00:00,108.678,108.712,108.642,108.654,108.678,108.678
2019-10-22 05:00:00,108.654,108.669,108.608,108.642,108.654,108.654
2019-10-22 06:00:00,108.642,108.666,108.64,108.651,108.642,108.643
2019-10-22 07:00:00,108.651,108.658,108.623,108.637,108.651,108.651
2019-10-22 08:00:00,108.637,108.646,108.594,108.601,108.637,108.637
2019-10-22 09:00:00,108.602,108.614,108.582,108.588,108.602,108.602
2019-10-22 10:00:00,108.589,108.592,108.492,108.545,108.589,108.589
2019-10-22 11:00:00,108.546,108.558,108.494,108.558,108.546,108.546
2019-10-22 12:00:00,108.558,108.587,108.54,108.584,108.558,108.558
2019-10-22 13:00:00,108.585,108.59,108.552,108.572,108.585,108.585
2019-10-22 14:00:00,108.571,108.622,108.57,108.598,108.571,108.571
2019-10-22 15:00:00,108.598,108.628,108.524,108.53,108.598,108.598
2019-10-22 16:00:00,108.53,108.557,108.452,108.492,108.53,108.53
2019-10-22 17:00:00,108.492,108.56,108.482,108.553,108.492,108.493
2019-10-22 18:00:00,108.554,108.582,108.514,108.556,108.554,108.554
2019-10-22 19:00:00,108.556,108.603,108.554,108.576,108.556,108.556
2019-10-22 20:00:00,108.576,108.577,108.51,108.546,108.576,108.576
2019-10-22 21:00:00,108.546,108.591,108.44,108.458,108.546,108.546
2019-10-22 22:00:00,108.461,108.512,108.451,108.474,108.461,108.461
2019-10-22 23:00:00,108.474,108.495,108.446,108.487,108.474,108.474
2019-10-23 00:00:00,108.48,108.488,108.448,108.47,108.48,108.488
2019-10-23 01:00:00,108.471,108.502,108.438,108.5,108.471,108.483
2019-10-23 02:00:00,108.5,108.512,108.463,108.487,108.5,108.5
2019-10-23 03:00:00,108.487,108.487,108.25,108.396,108.487,108.487
2019-10-23 04:00:00,108.396,108.422,108.291,108.312,108.396,108.396
2019-10-23 05:00:00,108.313,108.354,108.292,108.306,108.313,108.313
2019-10-23 06:00:00,108.306,108.342,108.292,108.312,108.306,108.306
2019-10-23 07:00:00,108.312,108.357,108.278,108.356,108.312,108.312
2019-10-23 08:00:00,108.356,108.414,108.322,108.362,108.356,108.356
2019-10-23 09:00:00,108.364,108.43,108.326,108.332,108.364,108.364
2019-10-23 10:00:00,108.332,108.426,108.29,108.372,108.332,108.332
2019-10-23 11:00:00,108.372,108.406,108.334,108.381,108.372,108.372
2019-10-23 12:00:00,108.38,108.402,108.339,108.382,108.38,108.38
2019-10-23 13:00:00,108.382,108.482,108.382,108.475,108.382,108.382
2019-10-23 14:00:00,108.474,108.483,108.422,108.458,108.474,108.474
2019-10-23 15:00:00,108.458,108.54,108.442,108.528,108.458,108.458
2019-10-23 16:00:00,108.527,108.608,108.508,108.58,108.527,108.527
2019-10-23 17:00:00,108.58,108.625,108.53,108.617,108.58,108.58
2019-10-23 18:00:00,108.618,108.667,108.602,108.642,108.618,108.618
2019-10-23 19:00:00,108.642,108.704,108.619,108.686,108.642,108.642
2019-10-23 20:00:00,108.686,108.698,108.66,108.67,108.686,108.686
2019-10-23 21:00:00,108.67,108.674,108.621,108.651,108.67,108.67
2019-10-23 22:00:00,108.651,108.694,108.634,108.682,108.651,108.652
2019-10-23 23:00:00,108.682,108.7,108.678,108.692,108.682,108.682
2019-10-24 00:00:00,108.688,108.688,108.625,108.636,108.688,108.696
2019-10-24 01:00:00,108.636,108.69,108.636,108.652,108.636,108.654
2019-10-24 02:00:00,108.652,108.668,108.622,108.638,108.652,108.652
2019-10-24 03:00:00,108.638,108.653,108.594,108.642,108.638,108.638
2019-10-24 04:00:00,108.641,108.641,108.589,108.623,108.641,108.641
2019-10-24 05:00:00,108.623,108.63,108.579,108.601,108.623,108.623
2019-10-24 06:00:00,108.602,108.628,108.577,108.609,108.602,108.602
2019-10-24 07:00:00,108.609,108.634,108.576,108.599,108.609,108.61
2019-10-24 08:00:00,108.599,108.624,108.592,108.612,108.599,108.599
2019-10-24 09:00:00,108.614,108.646,108.594,108.643,108.614,108.614
2019-10-24 10:00:00,108.642,108.753,108.636,108.7,108.642,108.642
2019-10-24 11:00:00,108.698,108.718,108.609,108.688,108.698,108.698
2019-10-24 12:00:00,108.688,108.706,108.662,108.676,108.688,108.688
2019-10-24 13:00:00,108.676,108.694,108.614,108.639,108.676,108.676
2019-10-24 14:00:00,108.64,108.666,108.619,108.64,108.64,108.64
2019-10-24 15:00:00,108.64,108.647,108.51,108.61,108.64,108.64
2019-10-24 16:00:00,108.61,108.628,108.506,108.507,108.61,108.61
2019-10-24 17:00:00,108.507,108.59,108.496,108.51,108.507,108.507
2019-10-24 18:00:00,108.512,108.649,108.505,108.63,108.512,108.512
2019-10-24 19:00:00,108.63,108.648,108.522,108.581,108.63,108.63
2019-10-24 20:00:00,108.581,108.586,108.536,108.572,108.581,108.581
2019-10-24 21:00:00,108.572,108.636,108.561,108.617,108.572,108.572
2019-10-24 22:00:00,108.616,108.658,108.607,108.648,108.616,108.616
2019-10-24 23:00:00,108.646,108.662,108.603,108.634,108.646,108.647
2019-10-25 00:00:00,108.598,108.649,108.571,108.629,108.598,108.631
2019-10-25 01:00:00,108.635,108.635,108.602,108.626,108.635,108.653
2019-10-25 02:00:00,108.626,108.634,108.596,108.615,108.626,108.626
2019-10-25 03:00:00,108.615,108.706,108.592,108.654,108.615,108.615
2019-10-25 04:00:00,108.655,108.695,108.626,108.66,108.655,108.655
2019-10-25 05:00:00,108.658,108.668,108.632,108.637,108.658,108.658
2019-10-25 06:00:00,108.637,108.671,108.63,108.656,108.637,108.637
2019-10-25 07:00:00,108.656,108.665,108.636,108.654,108.656,108.656
2019-10-25 08:00:00,108.654,108.681,108.648,108.675,108.654,108.654
2019-10-25 09:00:00,108.676,108.687,108.645,108.673,108.676,108.676
2019-10-25 10:00:00,108.673,108.69,108.614,108.616,108.673,108.673
2019-10-25 11:00:00,108.616,108.639,108.56,108.578,108.616,108.616
2019-10-25 12:00:00,108.578,108.648,108.576,108.638,108.578,108.578
2019-10-25 13:00:00,108.638,108.652,108.602,108.62,108.638,108.638
2019-10-25 14:00:00,108.62,108.626,108.554,108.566,108.62,108.62
2019-10-25 15:00:00,108.566,108.598,108.51,108.554,108.566,108.566
2019-10-25 16:00:00,108.554,108.634,108.517,108.597,108.554,108.554
2019-10-25 17:00:00,108.598,108.662,108.56,108.589,108.598,108.599
2019-10-25 18:00:00,108.588,108.752,108.552,108.747,108.588,108.588
2019-10-25 19:00:00,108.747,108.774,108.719,108.761,108.747,108.747
2019-10-25 20:00:00,108.761,108.77,108.727,108.747,108.761,108.761
2019-10-25 21:00:00,108.747,108.748,108.679,108.691,108.747,108.747
2019-10-25 22:00:00,108.691,108.691,108.657,108.664,108.691,108.692
2019-10-25 23:00:00,108.665,108.682,108.658,108.669,108.665,108.665
2019-10-28 00:00:00,108.7,108.759,108.69,108.714,108.7,108.764
2019-10-28 01:00:00,108.714,108.73,108.667,108.702,108.714,108.719
2019-10-28 02:00:00,108.702,108.741,108.682,108.74,108.702,108.702
2019-10-28 03:00:00,108.74,108.787,108.708,108.774,108.74,108.74
2019-10-28 04:00:00,108.774,108.778,108.733,108.756,108.774,108.774
2019-10-28 05:00:00,108.756,108.793,108.747,108.765,108.756,108.756
2019-10-28 06:00:00,108.764,108.772,108.748,108.758,108.764,108.765
2019-10-28 07:00:00,108.758,108.776,108.752,108.769,108.758,108.758
2019-10-28 08:00:00,108.769,108.769,108.73,108.73,108.769,108.769
2019-10-28 09:00:00,108.73,108.75,108.718,108.732,108.73,108.73
2019-10-28 10:00:00,108.733,108.752,108.701,108.736,108.733,108.733
2019-10-28 11:00:00,108.736,108.764,108.692,108.692,108.736,108.736
2019-10-28 12:00:00,108.692,108.714,108.658,108.695,108.692,108.692
2019-10-28 13:00:00,108.695,108.732,108.682,108.716,108.695,108.695
2019-10-28 14:00:00,108.716,108.743,108.69,108.73,108.716,108.716
2019-10-28 15:00:00,108.73,108.88,108.706,108.865,108.73,108.73
2019-10-28 16:00:00,108.865,108.938,108.827,108.928,108.865,108.865
2019-10-28 17:00:00,108.928,108.933,108.872,108.874,108.928,108.928
2019-10-28 18:00:00,108.874,109.024,108.867,109.02,108.874,108.874
2019-10-28 19:00:00,109.02,109.04,108.956,108.979,109.02,109.02
2019-10-28 20:00:00,108.979,108.985,108.928,108.936,108.979,108.979
2019-10-28 21:00:00,108.936,109.012,108.934,109.011,108.936,108.936
2019-10-28 22:00:00,109.011,109.012,108.915,108.926,109.011,109.011
2019-10-28 23:00:00,108.926,109.005,108.924,108.965,108.926,108.926
2019-10-29 00:00:00,108.931,108.996,108.931,108.978,108.931,108.954
2019-10-29 01:00:00,108.98,108.998,108.965,108.968,108.98,108.988
2019-10-29 02:00:00,108.967,108.99,108.963,108.979,108.967,108.967
2019-10-29 03:00:00,108.978,109.07,108.958,109.008,108.978,108.979
2019-10-29 04:00:00,109.01,109.023,108.96,108.972,109.01,109.01
2019-10-29 05:00:00,108.972,108.99,108.958,108.986,108.972,108.972
2019-10-29 06:00:00,108.988,108.995,108.96,108.967,108.988,108.988
2019-10-29 07:00:00,108.967,109.002,108.966,108.999,108.967,108.968
2019-10-29 08:00:00,108.999,109.002,108.978,108.989,108.999,108.999
2019-10-29 09:00:00,108.989,109.005,108.973,108.979,108.989,108.989
2019-10-29 10:00:00,108.979,108.98,108.851,108.852,108.979,108.979
2019-10-29 11:00:00,108.852,108.892,108.835,108.886,108.852,108.852
2019-10-29 12:00:00,108.886,108.95,108.855,108.87,108.886,108.886
2019-10-29 13:00:00,108.87,108.958,108.86,108.942,108.87,108.87
2019-10-29 14:00:00,108.942,108.946,108.898,108.914,108.942,108.942
2019-10-29 15:00:00,108.914,108.934,108.856,108.904,108.914,108.914
2019-10-29 16:00:00,108.904,108.984,108.892,108.909,108.904,108.904
2019-10-29 17:00:00,108.907,108.981,108.898,108.942,108.907,108.913
2019-10-29 18:00:00,108.942,108.958,108.756,108.831,108.942,108.942
2019-10-29 19:00:00,108.834,108.931,108.798,108.918,108.834,108.834
2019-10-29 20:00:00,108.919,108.944,108.902,108.918,108.919,108.919
2019-10-29 21:00:00,108.918,108.93,108.814,108.822,108.918,108.918
2019-10-29 22:00:00,108.822,108.875,108.815,108.834,108.822,108.822
2019-10-29 23:00:00,108.834,108.896,108.834,108.892,108.834,108.834
2019-10-30 00:00:00,108.883,108.896,108.862,108.884,108.883,108.893
2019-10-30 01:00:00,108.891,108.893,108.83,108.872,108.891,108.899
2019-10-30 02:00:00,108.872,108.884,108.851,108.878,108.872,108.873
2019-10-30 03:00:00,108.878,108.89,108.81,108.838,108.878,108.878
2019-10-30 04:00:00,108.838,108.864,108.82,108.856,108.838,108.838
2019-10-30 05:00:00,108.855,108.874,108.844,108.861,108.855,108.855
2019-10-30 06:00:00,108.861,108.868,108.842,108.85,108.861,108.861
2019-10-30 07:00:00,108.85,108.85,108.819,108.843,108.85,108.85
2019-10-30 08:00:00,108.843,108.859,108.828,108.858,108.843,108.844
2019-10-30 09:00:00,108.857,108.859,108.829,108.848,108.857,108.857
2019-10-30 10:00:00,108.849,108.858,108.83,108.853,108.849,108.849
2019-10-30 11:00:00,108.852,108.878,108.822,108.835,108.852,108.852
2019-10-30 12:00:00,108.834,108.861,108.814,108.853,108.834,108.834
2019-10-30 13:00:00,108.853,108.876,108.828,108.84,108.853,108.853
2019-10-30 14:00:00,108.84,108.856,108.828,108.836,108.84,108.84
2019-10-30 15:00:00,108.836,108.952,108.82,108.906,108.836,108.836
2019-10-30 16:00:00,108.906,108.974,108.859,108.908,108.906,108.906
2019-10-30 17:00:00,108.907,108.927,108.79,108.922,108.907,108.909
2019-10-30 18:00:00,108.922,108.927,108.815,108.88,108.922,108.922
2019-10-30 19:00:00,108.88,108.892,108.853,108.879,108.88,108.88
2019-10-30 20:00:00,108.879,108.923,108.864,108.867,108.879,108.879
2019-10-30 21:00:00,108.867,109.286,108.866,108.959,108.867,108.894
2019-10-30 22:00:00,108.956,108.98,108.722,108.844,108.956,108.956
2019-10-30 23:00:00,108.844,108.892,108.814,108.844,108.844,108.845
2019-10-31 00:00:00,108.841,108.898,108.757,108.852,108.841,108.857
2019-10-31 01:00:00,108.852,108.881,108.805,108.807,108.852,108.862
2019-10-31 02:00:00,108.808,108.814,108.764,108.798,108.808,108.808
2019-10-31 03:00:00,108.798,108.864,108.757,108.8,108.798,108.798
2019-10-31 04:00:00,108.8,108.804,108.586,108.656,108.8,108.8
2019-10-31 05:00:00,108.656,108.682,108.636,108.671,108.656,108.656
2019-10-31 06:00:00,108.67,108.753,108.604,108.614,108.67,108.67
2019-10-31 07:00:00,108.614,108.676,108.613,108.664,108.614,108.614
2019-10-31 08:00:00,108.664,108.697,108.651,108.688,108.664,108.664
2019-10-31 09:00:00,108.688,108.725,108.668,108.694,108.688,108.688
2019-10-31 10:00:00,108.695,108.696,108.596,108.599,108.695,108.695
2019-10-31 11:00:00,108.599,108.635,108.54,108.598,108.599,108.599
2019-10-31 12:00:00,108.598,108.612,108.267,108.3,108.598,108.598
2019-10-31 13:00:00,108.299,108.312,108.231,108.28,108.299,108.299
2019-10-31 14:00:00,108.28,108.282,108.104,108.185,108.28,108.28
2019-10-31 15:00:00,108.185,108.213,108.122,108.198,108.185,108.185
2019-10-31 16:00:00,108.198,108.33,108.102,108.109,108.198,108.198
2019-10-31 17:00:00,108.109,108.194,108.055,108.188,108.109,108.109
2019-10-31 18:00:00,108.188,108.22,108.082,108.082,108.188,108.188
2019-10-31 19:00:00,108.082,108.127,107.971,108.005,108.082,108.082
2019-10-31 20:00:00,108.005,108.043,107.928,107.982,108.005,108.006
2019-10-31 21:00:00,107.982,108.008,107.95,107.982,107.982,107.983
2019-10-31 22:00:00,107.98,108.038,107.976,107.989,107.98,107.98
2019-10-31 23:00:00,107.99,108.032,107.978,108.026,107.99,107.99
2019-11-01 00:00:00,108.031,108.053,108.009,108.016,108.031,108.044
2019-11-01 01:00:00,108.017,108.044,108.002,108.032,108.017,108.021
2019-11-01 02:00:00,108.032,108.034,107.961,108.002,108.032,108.034
2019-11-01 03:00:00,108.002,108.053,107.928,107.932,108.002,108.002
2019-11-01 04:00:00,107.932,108.044,107.888,108.032,107.932,107.932
2019-11-01 05:00:00,108.032,108.058,108.018,108.056,108.032,108.032
2019-11-01 06:00:00,108.056,108.056,108.02,108.033,108.056,108.056
2019-11-01 07:00:00,108.033,108.042,108.016,108.018,108.033,108.033
2019-11-01 08:00:00,108.018,108.031,107.972,107.978,108.018,108.018
2019-11-01 09:00:00,107.978,108.0,107.951,107.98,107.978,107.978
2019-11-01 10:00:00,107.982,108.007,107.958,107.958,107.982,107.982
2019-11-01 11:00:00,107.958,108.016,107.93,108.0,107.958,107.958
2019-11-01 12:00:00,108.0,108.068,107.994,108.046,108.0,108.0
2019-11-01 13:00:00,108.046,108.056,108.004,108.02,108.046,108.046
2019-11-01 14:00:00,108.02,108.04,107.964,107.973,108.02,108.02
2019-11-01 15:00:00,107.972,108.26,107.924,108.147,107.972,107.972
2019-11-01 16:00:00,108.148,108.167,108.068,108.105,108.148,108.148
2019-11-01 17:00:00,108.105,108.111,107.918,108.064,108.099,108.099
2019-11-01 18:00:00,108.065,108.169,108.023,108.154,108.065,108.065
2019-11-01 19:00:00,108.155,108.23,108.125,108.208,108.155,108.155
2019-11-01 20:00:00,108.208,108.325,108.194,108.247,108.208,108.208
2019-11-01 21:00:00,108.247,108.283,108.212,108.261,108.247,108.247
2019-11-01 22:00:00,108.261,108.264,108.161,108.171,108.261,108.262
2019-11-01 23:00:00,108.173,108.206,108.148,108.178,108.173,108.173
2019-11-04 00:00:00,108.218,108.248,108.182,108.238,108.218,108.261
2019-11-04 01:00:00,108.24,108.25,108.21,108.22,108.24,108.243
2019-11-04 02:00:00,108.22,108.234,108.206,108.221,108.22,108.22
2019-11-04 03:00:00,108.221,108.238,108.209,108.217,108.221,108.221
2019-11-04 04:00:00,108.217,108.236,108.21,108.229,108.217,108.218
2019-11-04 05:00:00,108.229,108.233,108.216,108.222,108.229,108.229
2019-11-04 06:00:00,108.222,108.23,108.216,108.226,108.222,108.222
2019-11-04 07:00:00,108.226,108.242,108.218,108.241,108.226,108.226
2019-11-04 08:00:00,108.241,108.283,108.234,108.274,108.241,108.241
2019-11-04 09:00:00,108.274,108.322,108.262,108.305,108.274,108.274
2019-11-04 10:00:00,108.305,108.435,108.293,108.376,108.305,108.305
2019-11-04 11:00:00,108.376,108.39,108.334,108.373,108.376,108.376
2019-11-04 12:00:00,108.373,108.468,108.368,108.454,108.373,108.373
2019-11-04 13:00:00,108.454,108.464,108.408,108.418,108.454,108.454
2019-11-04 14:00:00,108.418,108.44,108.384,108.422,108.418,108.418
2019-11-04 15:00:00,108.423,108.457,108.366,108.45,108.423,108.423
2019-11-04 16:00:00,108.45,108.516,108.423,108.492,108.45,108.45
2019-11-04 17:00:00,108.492,108.514,108.415,108.511,108.492,108.495
2019-11-04 18:00:00,108.512,108.619,108.51,108.567,108.512,108.512
2019-11-04 19:00:00,108.567,108.606,108.552,108.588,108.567,108.567
2019-11-04 20:00:00,108.588,108.646,108.586,108.632,108.588,108.588
2019-11-04 21:00:00,108.633,108.65,108.618,108.638,108.633,108.633
2019-11-04 22:00:00,108.638,108.641,108.593,108.609,108.638,108.638
2019-11-04 23:00:00,108.607,108.608,108.564,108.576,108.607,108.608
2019-11-05 00:00:00,108.574,108.606,108.539,108.593,108.574,108.579
2019-11-05 01:00:00,108.593,108.748,108.581,108.704,108.593,108.603
2019-11-05 02:00:00,108.704,108.781,108.688,108.733,108.704,108.705
2019-11-05 03:00:00,108.733,108.736,108.648,108.733,108.733,108.734
2019-11-05 04:00:00,108.733,108.779,108.724,108.766,108.733,108.733
2019-11-05 05:00:00,108.766,108.828,108.756,108.812,108.766,108.766
2019-11-05 06:00:00,108.812,108.818,108.79,108.8,108.812,108.812
2019-11-05 07:00:00,108.8,108.802,108.754,108.772,108.8,108.8
2019-11-05 08:00:00,108.771,108.84,108.767,108.805,108.771,108.772
2019-11-05 09:00:00,108.804,108.831,108.748,108.79,108.804,108.804
2019-11-05 10:00:00,108.79,108.896,108.776,108.86,108.79,108.791
2019-11-05 11:00:00,108.86,108.884,108.842,108.854,108.86,108.86
2019-11-05 12:00:00,108.854,108.873,108.834,108.839,108.854,108.854
2019-11-05 13:00:00,108.839,108.858,108.8,108.816,108.839,108.839
2019-11-05 14:00:00,108.814,108.862,108.812,108.859,108.814,108.814
2019-11-05 15:00:00,108.86,108.934,108.842,108.924,108.86,108.86
2019-11-05 16:00:00,108.925,108.949,108.81,108.851,108.925,108.925
2019-11-05 17:00:00,108.851,109.156,108.851,109.156,108.851,108.858
2019-11-05 18:00:00,109.156,109.246,109.095,109.134,109.156,109.156
2019-11-05 19:00:00,109.132,109.148,109.088,109.125,109.132,109.132
2019-11-05 20:00:00,109.125,109.204,109.098,109.177,109.125,109.125
2019-11-05 21:00:00,109.177,109.232,109.151,109.228,109.177,109.178
2019-11-05 22:00:00,109.229,109.242,109.175,109.179,109.229,109.229
2019-11-05 23:00:00,109.178,109.185,109.121,109.173,109.178,109.178
2019-11-06 00:00:00,109.153,109.188,109.117,109.158,109.153,109.161
2019-11-06 01:00:00,109.16,109.179,109.123,109.145,109.16,109.165
2019-11-06 02:00:00,109.145,109.182,109.06,109.064,109.145,109.146
2019-11-06 03:00:00,109.064,109.099,109.005,109.07,109.064,109.065
2019-11-06 04:00:00,109.07,109.075,109.026,109.053,109.07,109.07
2019-11-06 05:00:00,109.053,109.054,109.014,109.028,109.053,109.053
2019-11-06 06:00:00,109.028,109.072,109.024,109.068,109.028,109.028
2019-11-06 07:00:00,109.068,109.09,109.058,109.064,109.068,109.068
2019-11-06 08:00:00,109.064,109.072,108.912,108.977,109.064,109.064
2019-11-06 09:00:00,108.976,109.012,108.908,108.977,108.976,108.976
2019-11-06 10:00:00,108.977,109.058,108.966,109.004,108.977,108.978
2019-11-06 11:00:00,109.005,109.022,108.937,108.955,109.005,109.006
2019-11-06 12:00:00,108.955,109.025,108.95,109.025,108.955,108.955
2019-11-06 13:00:00,109.025,109.044,108.982,109.002,109.025,109.025
2019-11-06 14:00:00,109.001,109.042,108.988,109.017,109.001,109.002
2019-11-06 15:00:00,109.016,109.017,108.932,108.964,109.016,109.016
2019-11-06 16:00:00,108.964,109.02,108.953,108.999,108.964,108.964
2019-11-06 17:00:00,108.999,109.025,108.98,109.016,108.999,108.999
2019-11-06 18:00:00,109.017,109.128,108.818,108.859,109.017,109.017
2019-11-06 19:00:00,108.859,108.944,108.835,108.902,108.859,108.859
2019-11-06 20:00:00,108.902,108.943,108.848,108.929,108.902,108.903
2019-11-06 21:00:00,108.929,108.944,108.875,108.939,108.929,108.929
2019-11-06 22:00:00,108.939,108.948,108.9,108.941,108.939,108.94
2019-11-06 23:00:00,108.941,109.018,108.94,108.982,108.941,108.941
2019-11-07 00:00:00,108.957,108.97,108.899,108.962,108.957,108.968
2019-11-07 01:00:00,108.963,108.968,108.914,108.918,108.963,108.971
2019-11-07 02:00:00,108.918,108.921,108.863,108.883,108.918,108.918
2019-11-07 03:00:00,108.884,108.9,108.764,108.812,108.884,108.884
2019-11-07 04:00:00,108.812,108.812,108.718,108.731,108.812,108.812
2019-11-07 05:00:00,108.731,108.736,108.648,108.674,108.731,108.731
2019-11-07 06:00:00,108.674,108.706,108.674,108.693,108.674,108.674
2019-11-07 07:00:00,108.693,108.768,108.692,108.761,108.693,108.693
2019-11-07 08:00:00,108.761,108.762,108.718,108.732,108.761,108.761
2019-11-07 09:00:00,108.732,109.122,108.705,108.963,108.732,108.732
2019-11-07 10:00:00,108.962,109.015,108.931,108.961,108.962,108.963
2019-11-07 11:00:00,108.961,109.066,108.956,109.062,108.961,108.961
2019-11-07 12:00:00,109.062,109.197,109.06,109.181,109.062,109.062
2019-11-07 13:00:00,109.181,109.184,109.09,109.108,109.181,109.181
2019-11-07 14:00:00,109.108,109.165,109.098,109.118,109.108,109.112
2019-11-07 15:00:00,109.12,109.19,109.094,109.172,109.12,109.12
2019-11-07 16:00:00,109.172,109.221,109.124,109.158,109.172,109.172
2019-11-07 17:00:00,109.158,109.392,109.126,109.327,109.158,109.158
2019-11-07 18:00:00,109.327,109.454,109.244,109.423,109.327,109.327
2019-11-07 19:00:00,109.426,109.486,109.384,109.47,109.426,109.426
2019-11-07 20:00:00,109.47,109.488,109.375,109.43,109.47,109.47
2019-11-07 21:00:00,109.429,109.458,109.237,109.308,109.429,109.429
2019-11-07 22:00:00,109.308,109.322,109.157,109.274,109.308,109.308
2019-11-07 23:00:00,109.274,109.321,109.248,109.284,109.274,109.274
2019-11-08 00:00:00,109.28,109.332,109.276,109.307,109.28,109.29
2019-11-08 01:00:00,109.31,109.324,109.248,109.274,109.31,109.315
2019-11-08 02:00:00,109.274,109.408,109.271,109.326,109.274,109.274
2019-11-08 03:00:00,109.326,109.338,109.222,109.223,109.326,109.326
2019-11-08 04:00:00,109.225,109.249,109.148,109.226,109.225,109.226
2019-11-08 05:00:00,109.226,109.251,109.202,109.208,109.226,109.226
2019-11-08 06:00:00,109.208,109.256,109.202,109.251,109.208,109.208
2019-11-08 07:00:00,109.25,109.274,109.228,109.252,109.25,109.25
2019-11-08 08:00:00,109.253,109.305,109.234,109.292,109.253,109.253
2019-11-08 09:00:00,109.293,109.316,109.244,109.286,109.293,109.293
2019-11-08 10:00:00,109.286,109.315,109.239,109.3,109.286,109.286
2019-11-08 11:00:00,109.301,109.351,109.301,109.347,109.301,109.301
2019-11-08 12:00:00,109.347,109.369,109.327,109.348,109.347,109.347
2019-11-08 13:00:00,109.348,109.41,109.348,109.396,109.348,109.348
2019-11-08 14:00:00,109.396,109.476,109.326,109.367,109.396,109.396
2019-11-08 15:00:00,109.367,109.42,109.282,109.346,109.367,109.367
2019-11-08 16:00:00,109.346,109.36,109.134,109.142,109.346,109.346
2019-11-08 17:00:00,109.141,109.258,109.081,109.147,109.141,109.142
2019-11-08 18:00:00,109.147,109.159,109.08,109.138,109.147,109.147
2019-11-08 19:00:00,109.138,109.198,109.138,109.188,109.138,109.138
2019-11-08 20:00:00,109.188,109.205,109.146,109.177,109.188,109.188
2019-11-08 21:00:00,109.177,109.19,109.152,109.159,109.177,109.177
2019-11-08 22:00:00,109.159,109.228,109.159,109.214,109.159,109.159
2019-11-08 23:00:00,109.214,109.25,109.202,109.246,109.214,109.215
2019-11-11 00:00:00,109.194,109.23,109.183,109.227,109.194,109.242
2019-11-11 01:00:00,109.233,109.237,109.226,109.237,109.233,109.242
2019-11-11 02:00:00,109.237,109.246,109.116,109.118,109.237,109.237
2019-11-11 03:00:00,109.118,109.152,109.09,109.144,109.118,109.118
2019-11-11 04:00:00,109.144,109.148,109.012,109.023,109.144,109.144
2019-11-11 05:00:00,109.022,109.079,109.018,109.064,109.022,109.022
2019-11-11 06:00:00,109.064,109.064,109.0,109.038,109.064,109.065
2019-11-11 07:00:00,109.038,109.065,109.023,109.023,109.038,109.038
2019-11-11 08:00:00,109.024,109.025,108.929,108.967,109.024,109.025
2019-11-11 09:00:00,108.967,109.004,108.916,108.963,108.967,108.967
2019-11-11 10:00:00,108.963,109.025,108.946,108.978,108.963,108.963
2019-11-11 11:00:00,108.978,109.007,108.936,108.966,108.978,108.978
2019-11-11 12:00:00,108.966,108.999,108.955,108.968,108.966,108.966
2019-11-11 13:00:00,108.968,108.974,108.932,108.948,108.968,108.968
2019-11-11 14:00:00,108.948,108.968,108.897,108.94,108.948,108.948
2019-11-11 15:00:00,108.94,108.989,108.926,108.967,108.94,108.94
2019-11-11 16:00:00,108.967,109.022,108.966,109.009,108.967,108.967
2019-11-11 17:00:00,109.01,109.108,109.004,109.097,109.01,109.01
2019-11-11 18:00:00,109.097,109.11,109.042,109.088,109.097,109.098
2019-11-11 19:00:00,109.088,109.094,109.022,109.022,109.088,109.088
2019-11-11 20:00:00,109.022,109.032,108.978,109.005,109.022,109.022
2019-11-11 21:00:00,109.005,109.037,109.002,109.036,109.005,109.005
2019-11-11 22:00:00,109.036,109.053,109.016,109.051,109.036,109.036
2019-11-11 23:00:00,109.051,109.071,109.036,109.048,109.051,109.051
2019-11-12 00:00:00,109.051,109.068,108.985,109.06,109.051,109.061
2019-11-12 01:00:00,109.059,109.074,109.027,109.046,109.059,109.064
2019-11-12 02:00:00,109.046,109.176,108.989,109.176,109.046,109.046
2019-11-12 03:00:00,109.176,109.184,109.126,109.142,109.176,109.176
2019-11-12 04:00:00,109.142,109.174,109.134,109.146,109.142,109.142
2019-11-12 05:00:00,109.146,109.163,109.136,109.149,109.146,109.146
2019-11-12 06:00:00,109.149,109.155,109.121,109.137,109.149,109.149
2019-11-12 07:00:00,109.136,109.215,109.123,109.209,109.136,109.137
2019-11-12 08:00:00,109.209,109.294,109.18,109.27,109.209,109.209
2019-11-12 09:00:00,109.27,109.293,109.236,109.24,109.27,109.27
2019-11-12 10:00:00,109.24,109.282,109.21,109.226,109.24,109.24
2019-11-12 11:00:00,109.226,109.238,109.142,109.163,109.226,109.226
2019-11-12 12:00:00,109.163,109.206,109.154,109.174,109.163,109.166
2019-11-12 13:00:00,109.176,109.242,109.174,109.224,109.176,109.176
2019-11-12 14:00:00,109.224,109.234,109.154,109.166,109.224,109.224
2019-11-12 15:00:00,109.166,109.186,109.128,109.132,109.166,109.166
2019-11-12 16:00:00,109.132,109.162,109.063,109.16,109.132,109.132
2019-11-12 17:00:00,109.16,109.244,109.137,109.144,109.16,109.16
2019-11-12 18:00:00,109.144,109.174,109.072,109.099,109.144,109.144
2019-11-12 19:00:00,109.098,109.126,109.041,109.091,109.098,109.1
2019-11-12 20:00:00,109.091,109.117,109.016,109.104,109.091,109.091
2019-11-12 21:00:00,109.104,109.106,108.924,108.962,109.104,109.104
2019-11-12 22:00:00,108.962,109.022,108.961,108.986,108.962,108.962
2019-11-12 23:00:00,108.986,109.033,108.95,109.028,108.986,108.987
2019-11-13 00:00:00,108.998,109.036,108.966,108.971,108.998,109.01
2019-11-13 01:00:00,108.971,109.003,108.963,108.998,108.971,108.974
2019-11-13 02:00:00,108.999,109.007,108.87,108.92,108.999,108.999
2019-11-13 03:00:00,108.92,108.972,108.899,108.959,108.92,108.922
2019-11-13 04:00:00,108.958,109.082,108.935,109.037,108.958,108.958
2019-11-13 05:00:00,109.038,109.084,109.038,109.045,109.038,109.038
2019-11-13 06:00:00,109.044,109.07,109.032,109.063,109.044,109.044
2019-11-13 07:00:00,109.063,109.099,109.058,109.092,109.063,109.063
2019-11-13 08:00:00,109.09,109.108,109.047,109.071,109.09,109.09
2019-11-13 09:00:00,109.07,109.092,109.049,109.066,109.07,109.071
2019-11-13 10:00:00,109.066,109.151,109.052,109.124,109.066,109.066
2019-11-13 11:00:00,109.124,109.126,108.86,108.9,109.124,109.124
2019-11-13 12:00:00,108.9,108.955,108.886,108.942,108.9,108.9
2019-11-13 13:00:00,108.942,108.971,108.902,108.926,108.942,108.942
2019-11-13 14:00:00,108.926,108.934,108.792,108.836,108.926,108.926
2019-11-13 15:00:00,108.836,108.906,108.752,108.788,108.836,108.836
2019-11-13 16:00:00,108.788,108.82,108.694,108.758,108.788,108.788
2019-11-13 17:00:00,108.758,108.783,108.664,108.714,108.758,108.758
2019-11-13 18:00:00,108.715,108.83,108.715,108.83,108.715,108.715
2019-11-13 19:00:00,108.83,108.853,108.798,108.849,108.83,108.83
2019-11-13 20:00:00,108.849,108.851,108.674,108.741,108.849,108.849
2019-11-13 21:00:00,108.74,108.787,108.655,108.775,108.74,108.741
2019-11-13 22:00:00,108.775,108.796,108.764,108.77,108.775,108.775
2019-11-13 23:00:00,108.77,108.854,108.77,108.813,108.77,108.77
2019-11-14 00:00:00,108.819,108.84,108.756,108.772,108.819,108.827
2019-11-14 01:00:00,108.772,108.807,108.761,108.8,108.772,108.778
2019-11-14 02:00:00,108.8,108.802,108.72,108.767,108.8,108.8
2019-11-14 03:00:00,108.767,108.864,108.767,108.829,108.767,108.767
2019-11-14 04:00:00,108.83,108.83,108.705,108.76,108.83,108.83
2019-11-14 05:00:00,108.76,108.765,108.694,108.709,108.76,108.76
2019-11-14 06:00:00,108.709,108.715,108.629,108.708,108.709,108.71
2019-11-14 07:00:00,108.708,108.754,108.704,108.736,108.708,108.708
2019-11-14 08:00:00,108.734,108.734,108.69,108.706,108.734,108.735
2019-11-14 09:00:00,108.707,108.774,108.646,108.75,108.707,108.707
2019-11-14 10:00:00,108.75,108.766,108.638,108.664,108.75,108.75
2019-11-14 11:00:00,108.664,108.67,108.566,108.594,108.664,108.664
2019-11-14 12:00:00,108.594,108.703,108.594,108.646,108.594,108.594
2019-11-14 13:00:00,108.646,108.672,108.58,108.667,108.646,108.646
2019-11-14 14:00:00,108.667,108.67,108.588,108.636,108.667,108.667
2019-11-14 15:00:00,108.636,108.67,108.566,108.607,108.636,108.636
2019-11-14 16:00:00,108.608,108.672,108.592,108.662,108.608,108.608
2019-11-14 17:00:00,108.665,108.698,108.566,108.577,108.665,108.665
2019-11-14 18:00:00,108.578,108.59,108.263,108.341,108.578,108.578
2019-11-14 19:00:00,108.341,108.4,108.328,108.341,108.341,108.341
2019-11-14 20:00:00,108.34,108.4,108.243,108.275,108.34,108.341
2019-11-14 21:00:00,108.273,108.387,108.27,108.38,108.273,108.273
2019-11-14 22:00:00,108.382,108.452,108.378,108.434,108.382,108.382
2019-11-14 23:00:00,108.434,108.45,108.401,108.406,108.434,108.434
2019-11-15 00:00:00,108.418,108.43,108.365,108.397,108.418,108.438
2019-11-15 01:00:00,108.395,108.507,108.389,108.498,108.395,108.398
2019-11-15 02:00:00,108.497,108.604,108.454,108.592,108.497,108.497
2019-11-15 03:00:00,108.592,108.627,108.541,108.568,108.592,108.592
2019-11-15 04:00:00,108.569,108.63,108.544,108.618,108.569,108.569
2019-11-15 05:00:00,108.618,108.618,108.572,108.584,108.618,108.618
2019-11-15 06:00:00,108.584,108.6,108.566,108.577,108.584,108.584
2019-11-15 07:00:00,108.577,108.6,108.568,108.589,108.577,108.577
2019-11-15 08:00:00,108.589,108.607,108.566,108.596,108.589,108.589
2019-11-15 09:00:00,108.596,108.608,108.532,108.548,108.596,108.596
2019-11-15 10:00:00,108.548,108.573,108.483,108.548,108.548,108.548
2019-11-15 11:00:00,108.548,108.694,108.544,108.686,108.548,108.548
2019-11-15 12:00:00,108.686,108.694,108.628,108.668,108.686,108.686
2019-11-15 13:00:00,108.668,108.682,108.634,108.655,108.668,108.668
2019-11-15 14:00:00,108.655,108.762,108.638,108.722,108.655,108.655
2019-11-15 15:00:00,108.722,108.737,108.648,108.678,108.722,108.722
2019-11-15 16:00:00,108.678,108.779,108.642,108.722,108.678,108.678
2019-11-15 17:00:00,108.72,108.766,108.708,108.728,108.72,108.72
2019-11-15 18:00:00,108.728,108.856,108.727,108.798,108.728,108.728
2019-11-15 19:00:00,108.798,108.808,108.763,108.778,108.798,108.798
2019-11-15 20:00:00,108.778,108.798,108.755,108.794,108.778,108.778
2019-11-15 21:00:00,108.794,108.843,108.794,108.829,108.794,108.794
2019-11-15 22:00:00,108.829,108.849,108.787,108.816,108.829,108.829
2019-11-15 23:00:00,108.816,108.818,108.772,108.775,108.816,108.816
2019-11-18 00:00:00,108.777,108.803,108.752,108.757,108.777,108.853
2019-11-18 01:00:00,108.755,108.76,108.668,108.7,108.755,108.765
2019-11-18 02:00:00,108.7,108.793,108.689,108.788,108.7,108.7
2019-11-18 03:00:00,108.789,108.844,108.774,108.836,108.789,108.789
2019-11-18 04:00:00,108.836,108.856,108.786,108.813,108.836,108.836
2019-11-18 05:00:00,108.813,108.83,108.799,108.826,108.813,108.813
2019-11-18 06:00:00,108.826,108.83,108.797,108.815,108.826,108.826
2019-11-18 07:00:00,108.815,108.834,108.808,108.818,108.815,108.815
2019-11-18 08:00:00,108.821,108.848,108.815,108.836,108.821,108.821
2019-11-18 09:00:00,108.836,108.952,108.797,108.919,108.836,108.836
2019-11-18 10:00:00,108.919,108.998,108.911,108.954,108.919,108.919
2019-11-18 11:00:00,108.954,109.008,108.924,109.001,108.954,108.954
2019-11-18 12:00:00,109.0,109.073,108.998,109.05,109.0,109.0
2019-11-18 13:00:00,109.05,109.058,109.006,109.014,109.05,109.05
2019-11-18 14:00:00,109.014,109.063,109.012,109.04,109.014,109.014
2019-11-18 15:00:00,109.04,109.04,108.704,108.788,109.04,109.04
2019-11-18 16:00:00,108.786,108.786,108.618,108.672,108.786,108.786
2019-11-18 17:00:00,108.672,108.694,108.542,108.552,108.672,108.672
2019-11-18 18:00:00,108.552,108.624,108.512,108.615,108.552,108.552
2019-11-18 19:00:00,108.614,108.621,108.556,108.587,108.614,108.614
2019-11-18 20:00:00,108.588,108.608,108.557,108.581,108.588,108.588
2019-11-18 21:00:00,108.581,108.663,108.576,108.644,108.581,108.581
2019-11-18 22:00:00,108.644,108.671,108.628,108.641,108.644,108.645
2019-11-18 23:00:00,108.644,108.684,108.644,108.676,108.644,108.645
2019-11-19 00:00:00,108.676,108.698,108.634,108.662,108.676,108.684
2019-11-19 01:00:00,108.661,108.686,108.642,108.666,108.661,108.666
2019-11-19 02:00:00,108.666,108.684,108.486,108.511,108.666,108.666
2019-11-19 03:00:00,108.51,108.614,108.46,108.587,108.51,108.51
2019-11-19 04:00:00,108.586,108.702,108.564,108.636,108.586,108.586
2019-11-19 05:00:00,108.635,108.648,108.582,108.59,108.635,108.635
2019-11-19 06:00:00,108.59,108.61,108.566,108.587,108.59,108.59
2019-11-19 07:00:00,108.587,108.632,108.572,108.623,108.587,108.587
2019-11-19 08:00:00,108.623,108.648,108.586,108.618,108.623,108.623
2019-11-19 09:00:00,108.618,108.666,108.606,108.661,108.618,108.618
2019-11-19 10:00:00,108.661,108.759,108.624,108.759,108.661,108.661
2019-11-19 11:00:00,108.759,108.804,108.746,108.775,108.759,108.759
2019-11-19 12:00:00,108.777,108.837,108.756,108.814,108.777,108.777
2019-11-19 13:00:00,108.815,108.816,108.692,108.703,108.815,108.815
2019-11-19 14:00:00,108.703,108.762,108.678,108.759,108.703,108.703
2019-11-19 15:00:00,108.759,108.772,108.65,108.693,108.759,108.759
2019-11-19 16:00:00,108.693,108.741,108.602,108.636,108.693,108.693
2019-11-19 17:00:00,108.635,108.638,108.469,108.495,108.635,108.635
2019-11-19 18:00:00,108.494,108.702,108.452,108.597,108.494,108.494
2019-11-19 19:00:00,108.597,108.598,108.458,108.502,108.597,108.597
2019-11-19 20:00:00,108.502,108.532,108.469,108.482,108.502,108.502
2019-11-19 21:00:00,108.482,108.556,108.482,108.528,108.482,108.482
2019-11-19 22:00:00,108.528,108.564,108.503,108.553,108.528,108.528
2019-11-19 23:00:00,108.554,108.556,108.532,108.543,108.554,108.554
2019-11-20 00:00:00,108.538,108.57,108.535,108.547,108.538,108.549
2019-11-20 01:00:00,108.547,108.55,108.385,108.474,108.547,108.549
2019-11-20 02:00:00,108.474,108.584,108.437,108.552,108.474,108.474
2019-11-20 03:00:00,108.552,108.568,108.357,108.448,108.552,108.552
2019-11-20 04:00:00,108.446,108.532,108.412,108.492,108.446,108.446
2019-11-20 05:00:00,108.492,108.533,108.474,108.476,108.492,108.492
2019-11-20 06:00:00,108.476,108.518,108.459,108.514,108.476,108.476
2019-11-20 07:00:00,108.514,108.536,108.477,108.523,108.514,108.514
2019-11-20 08:00:00,108.524,108.527,108.506,108.522,108.524,108.524
2019-11-20 09:00:00,108.522,108.572,108.393,108.439,108.522,108.522
2019-11-20 10:00:00,108.439,108.457,108.374,108.39,108.439,108.439
2019-11-20 11:00:00,108.39,108.474,108.348,108.426,108.39,108.39
2019-11-20 12:00:00,108.426,108.453,108.378,108.44,108.426,108.426
2019-11-20 13:00:00,108.44,108.475,108.423,108.474,108.44,108.44
2019-11-20 14:00:00,108.474,108.513,108.436,108.47,108.474,108.474
2019-11-20 15:00:00,108.47,108.58,108.448,108.532,108.47,108.47
2019-11-20 16:00:00,108.532,108.688,108.509,108.632,108.532,108.532
2019-11-20 17:00:00,108.632,108.738,108.612,108.632,108.632,108.632
2019-11-20 18:00:00,108.632,108.708,108.628,108.68,108.632,108.632
2019-11-20 19:00:00,108.68,108.74,108.439,108.536,108.68,108.68
2019-11-20 20:00:00,108.536,108.65,108.41,108.596,108.536,108.536
2019-11-20 21:00:00,108.592,108.648,108.534,108.62,108.592,108.595
2019-11-20 22:00:00,108.62,108.63,108.535,108.573,108.62,108.62
2019-11-20 23:00:00,108.573,108.634,108.568,108.614,108.573,108.573
2019-11-21 00:00:00,108.611,108.611,108.417,108.456,108.611,108.613
2019-11-21 01:00:00,108.456,108.529,108.44,108.472,108.456,108.46
2019-11-21 02:00:00,108.472,108.517,108.33,108.348,108.472,108.473
2019-11-21 03:00:00,108.35,108.394,108.278,108.316,108.35,108.35
2019-11-21 04:00:00,108.316,108.556,108.307,108.49,108.316,108.316
2019-11-21 05:00:00,108.49,108.546,108.462,108.526,108.49,108.49
2019-11-21 06:00:00,108.526,108.537,108.482,108.528,108.526,108.526
2019-11-21 07:00:00,108.528,108.603,108.51,108.575,108.528,108.528
2019-11-21 08:00:00,108.575,108.594,108.545,108.576,108.575,108.575
2019-11-21 09:00:00,108.577,108.671,108.54,108.576,108.577,108.577
2019-11-21 10:00:00,108.575,108.602,108.458,108.515,108.575,108.575
2019-11-21 11:00:00,108.516,108.561,108.486,108.53,108.516,108.516
2019-11-21 12:00:00,108.53,108.652,108.525,108.615,108.53,108.53
2019-11-21 13:00:00,108.616,108.644,108.588,108.633,108.616,108.616
2019-11-21 14:00:00,108.632,108.634,108.543,108.562,108.632,108.632
2019-11-21 15:00:00,108.562,108.697,108.529,108.553,108.562,108.562
2019-11-21 16:00:00,108.553,108.616,108.532,108.595,108.553,108.553
2019-11-21 17:00:00,108.595,108.666,108.51,108.512,108.595,108.595
2019-11-21 18:00:00,108.512,108.604,108.504,108.526,108.512,108.512
2019-11-21 19:00:00,108.526,108.62,108.52,108.608,108.526,108.526
2019-11-21 20:00:00,108.609,108.674,108.602,108.632,108.609,108.609
2019-11-21 21:00:00,108.632,108.664,108.598,108.661,108.632,108.632
2019-11-21 22:00:00,108.661,108.673,108.619,108.624,108.661,108.661
2019-11-21 23:00:00,108.624,108.626,108.576,108.61,108.624,108.624
2019-11-22 00:00:00,108.633,108.637,108.572,108.617,108.633,108.652
2019-11-22 01:00:00,108.617,108.62,108.566,108.579,108.617,108.622
2019-11-22 02:00:00,108.58,108.66,108.567,108.641,108.58,108.58
2019-11-22 03:00:00,108.641,108.708,108.641,108.685,108.641,108.641
2019-11-22 04:00:00,108.685,108.692,108.624,108.628,108.685,108.685
2019-11-22 05:00:00,108.628,108.658,108.612,108.64,108.628,108.628
2019-11-22 06:00:00,108.641,108.654,108.612,108.634,108.641,108.641
2019-11-22 07:00:00,108.634,108.647,108.613,108.618,108.634,108.634
2019-11-22 08:00:00,108.618,108.634,108.605,108.618,108.618,108.619
2019-11-22 09:00:00,108.618,108.618,108.557,108.601,108.618,108.618
2019-11-22 10:00:00,108.601,108.688,108.588,108.616,108.601,108.601
2019-11-22 11:00:00,108.617,108.622,108.531,108.542,108.617,108.617
2019-11-22 12:00:00,108.542,108.548,108.51,108.539,108.542,108.542
2019-11-22 13:00:00,108.539,108.543,108.477,108.506,108.539,108.539
2019-11-22 14:00:00,108.506,108.588,108.505,108.568,108.506,108.506
2019-11-22 15:00:00,108.568,108.62,108.52,108.6,108.568,108.568
2019-11-22 16:00:00,108.6,108.678,108.562,108.669,108.6,108.6
2019-11-22 17:00:00,108.669,108.732,108.612,108.644,108.669,108.669
2019-11-22 18:00:00,108.643,108.689,108.582,108.671,108.643,108.643
2019-11-22 19:00:00,108.67,108.683,108.632,108.675,108.67,108.67
2019-11-22 20:00:00,108.674,108.674,108.589,108.613,108.674,108.674
2019-11-22 21:00:00,108.614,108.648,108.59,108.631,108.614,108.614
2019-11-22 22:00:00,108.631,108.662,108.626,108.632,108.631,108.631
2019-11-22 23:00:00,108.633,108.652,108.597,108.644,108.633,108.633
2019-11-25 00:00:00,108.676,108.705,108.609,108.688,108.676,108.699
2019-11-25 01:00:00,108.688,108.754,108.682,108.726,108.688,108.693
2019-11-25 02:00:00,108.726,108.794,108.692,108.791,108.726,108.726
2019-11-25 03:00:00,108.791,108.804,108.757,108.768,108.791,108.791
2019-11-25 04:00:00,108.768,108.792,108.737,108.782,108.768,108.768
2019-11-25 05:00:00,108.782,108.792,108.751,108.758,108.782,108.782
2019-11-25 06:00:00,108.758,108.773,108.734,108.74,108.758,108.758
2019-11-25 07:00:00,108.74,108.864,108.738,108.864,108.74,108.74
2019-11-25 08:00:00,108.864,108.893,108.846,108.846,108.864,108.864
2019-11-25 09:00:00,108.846,108.855,108.816,108.848,108.846,108.846
2019-11-25 10:00:00,108.848,108.898,108.84,108.863,108.848,108.848
2019-11-25 11:00:00,108.864,108.868,108.832,108.857,108.864,108.864
2019-11-25 12:00:00,108.858,108.858,108.835,108.844,108.858,108.858
2019-11-25 13:00:00,108.844,108.888,108.84,108.877,108.844,108.844
2019-11-25 14:00:00,108.877,108.904,108.86,108.879,108.877,108.877
2019-11-25 15:00:00,108.879,108.954,108.85,108.903,108.879,108.879
2019-11-25 16:00:00,108.903,108.924,108.822,108.84,108.903,108.903
2019-11-25 17:00:00,108.84,108.94,108.817,108.937,108.84,108.84
2019-11-25 18:00:00,108.938,108.96,108.894,108.957,108.938,108.938
2019-11-25 19:00:00,108.956,108.972,108.918,108.964,108.956,108.956
2019-11-25 20:00:00,108.964,108.975,108.94,108.956,108.964,108.964
2019-11-25 21:00:00,108.956,108.979,108.943,108.977,108.956,108.956
2019-11-25 22:00:00,108.977,108.977,108.94,108.951,108.977,108.977
2019-11-25 23:00:00,108.953,108.958,108.911,108.927,108.953,108.953
2019-11-26 00:00:00,108.902,108.949,108.902,108.933,108.902,108.95
2019-11-26 01:00:00,108.934,109.012,108.915,108.999,108.934,108.942
2019-11-26 02:00:00,108.999,109.065,108.982,109.054,108.999,108.999
2019-11-26 03:00:00,109.052,109.209,109.011,109.084,109.052,109.053
2019-11-26 04:00:00,109.084,109.085,108.969,108.981,109.084,109.084
2019-11-26 05:00:00,108.982,109.02,108.962,108.982,108.982,108.982
2019-11-26 06:00:00,108.982,109.006,108.933,108.986,108.982,108.982
2019-11-26 07:00:00,108.986,109.013,108.954,108.968,108.986,108.986
2019-11-26 08:00:00,108.967,108.985,108.938,108.946,108.967,108.967
2019-11-26 09:00:00,108.946,108.98,108.932,108.955,108.946,108.946
2019-11-26 10:00:00,108.955,108.968,108.88,108.912,108.955,108.955
2019-11-26 11:00:00,108.912,108.958,108.876,108.956,108.912,108.912
2019-11-26 12:00:00,108.956,108.977,108.923,108.965,108.956,108.956
2019-11-26 13:00:00,108.965,108.986,108.94,108.945,108.965,108.965
2019-11-26 14:00:00,108.945,108.992,108.92,108.982,108.945,108.945
2019-11-26 15:00:00,108.984,108.998,108.929,108.962,108.984,108.984
2019-11-26 16:00:00,108.963,109.124,108.923,109.022,108.963,108.963
2019-11-26 17:00:00,109.021,109.114,108.993,109.082,109.021,109.025
2019-11-26 18:00:00,109.082,109.124,109.018,109.116,109.082,109.082
2019-11-26 19:00:00,109.116,109.141,109.057,109.077,109.116,109.117
2019-11-26 20:00:00,109.077,109.128,109.057,109.059,109.077,109.077
2019-11-26 21:00:00,109.058,109.09,109.036,109.036,109.058,109.059
2019-11-26 22:00:00,109.034,109.053,109.018,109.041,109.034,109.034
2019-11-26 23:00:00,109.04,109.069,109.026,109.067,109.04,109.04
2019-11-27 00:00:00,109.04,109.079,109.01,109.054,109.04,109.052
2019-11-27 01:00:00,109.055,109.103,109.042,109.098,109.055,109.063
2019-11-27 02:00:00,109.098,109.135,109.067,109.129,109.098,109.098
2019-11-27 03:00:00,109.129,109.152,109.099,109.129,109.129,109.129
2019-11-27 04:00:00,109.128,109.13,109.098,109.116,109.128,109.128
2019-11-27 05:00:00,109.116,109.12,109.094,109.102,109.116,109.116
2019-11-27 06:00:00,109.102,109.145,109.101,109.132,109.102,109.102
2019-11-27 07:00:00,109.132,109.176,109.128,109.158,109.132,109.132
2019-11-27 08:00:00,109.158,109.176,109.142,109.149,109.158,109.158
2019-11-27 09:00:00,109.15,109.191,109.146,109.189,109.15,109.15
2019-11-27 10:00:00,109.19,109.196,109.149,109.162,109.19,109.19
2019-11-27 11:00:00,109.162,109.198,109.146,109.169,109.162,109.162
2019-11-27 12:00:00,109.169,109.174,109.108,109.116,109.169,109.169
2019-11-27 13:00:00,109.116,109.154,109.108,109.116,109.116,109.116
2019-11-27 14:00:00,109.116,109.16,109.113,109.148,109.116,109.116
2019-11-27 15:00:00,109.148,109.256,109.14,109.23,109.148,109.148
2019-11-27 16:00:00,109.229,109.309,109.209,109.28,109.229,109.229
2019-11-27 17:00:00,109.28,109.391,109.22,109.388,109.28,109.284
2019-11-27 18:00:00,109.388,109.399,109.349,109.378,109.388,109.388
2019-11-27 19:00:00,109.378,109.43,109.37,109.428,109.378,109.378
2019-11-27 20:00:00,109.428,109.489,109.427,109.488,109.428,109.428
2019-11-27 21:00:00,109.488,109.61,109.467,109.584,109.488,109.488
2019-11-27 22:00:00,109.584,109.601,109.542,109.545,109.584,109.584
2019-11-27 23:00:00,109.545,109.566,109.523,109.527,109.545,109.546
2019-11-28 00:00:00,109.515,109.563,109.459,109.532,109.515,109.534
2019-11-28 01:00:00,109.532,109.535,109.333,109.374,109.532,109.538
2019-11-28 02:00:00,109.374,109.44,109.344,109.388,109.374,109.374
2019-11-28 03:00:00,109.388,109.449,109.338,109.442,109.388,109.388
2019-11-28 04:00:00,109.442,109.487,109.414,109.468,109.442,109.442
2019-11-28 05:00:00,109.468,109.473,109.448,109.45,109.468,109.468
2019-11-28 06:00:00,109.45,109.458,109.438,109.446,109.45,109.45
2019-11-28 07:00:00,109.446,109.45,109.42,109.428,109.446,109.446
2019-11-28 08:00:00,109.428,109.482,109.428,109.464,109.428,109.428
2019-11-28 09:00:00,109.464,109.486,109.408,109.418,109.464,109.464
2019-11-28 10:00:00,109.418,109.449,109.376,109.438,109.418,109.419
2019-11-28 11:00:00,109.438,109.446,109.401,109.426,109.438,109.438
2019-11-28 12:00:00,109.426,109.458,109.426,109.448,109.426,109.426
2019-11-28 13:00:00,109.448,109.485,109.445,109.474,109.448,109.448
2019-11-28 14:00:00,109.475,109.515,109.475,109.495,109.475,109.475
2019-11-28 15:00:00,109.495,109.511,109.484,109.508,109.495,109.495
2019-11-28 16:00:00,109.508,109.548,109.508,109.528,109.508,109.508
2019-11-28 17:00:00,109.529,109.541,109.51,109.535,109.529,109.53
2019-11-28 18:00:00,109.536,109.545,109.517,109.536,109.536,109.536
2019-11-28 19:00:00,109.536,109.536,109.514,109.516,109.536,109.536
2019-11-28 20:00:00,109.516,109.528,109.503,109.504,109.516,109.518
2019-11-28 21:00:00,109.504,109.525,109.504,109.523,109.504,109.504
2019-11-28 22:00:00,109.523,109.523,109.505,109.516,109.523,109.524
2019-11-28 23:00:00,109.516,109.534,109.497,109.515,109.516,109.517
2019-11-29 00:00:00,109.517,109.519,109.504,109.514,109.517,109.531
2019-11-29 01:00:00,109.514,109.529,109.503,109.522,109.514,109.524
2019-11-29 02:00:00,109.522,109.603,109.513,109.528,109.522,109.522
2019-11-29 03:00:00,109.528,109.534,109.452,109.475,109.528,109.529
2019-11-29 04:00:00,109.475,109.504,109.472,109.488,109.475,109.475
2019-11-29 05:00:00,109.488,109.498,109.456,109.495,109.488,109.488
2019-11-29 06:00:00,109.496,109.499,109.46,109.478,109.496,109.496
2019-11-29 07:00:00,109.478,109.485,109.46,109.478,109.478,109.478
2019-11-29 08:00:00,109.478,109.51,109.469,109.497,109.478,109.478
2019-11-29 09:00:00,109.497,109.523,109.493,109.502,109.497,109.497
2019-11-29 10:00:00,109.502,109.558,109.486,109.551,109.502,109.502
2019-11-29 11:00:00,109.552,109.582,109.527,109.563,109.552,109.552
2019-11-29 12:00:00,109.563,109.576,109.542,109.556,109.563,109.563
2019-11-29 13:00:00,109.556,109.576,109.542,109.573,109.556,109.556
2019-11-29 14:00:00,109.572,109.609,109.55,109.586,109.572,109.572
2019-11-29 15:00:00,109.588,109.67,109.586,109.64,109.588,109.588
2019-11-29 16:00:00,109.64,109.646,109.543,109.566,109.64,109.64
2019-11-29 17:00:00,109.566,109.568,109.464,109.492,109.566,109.566
2019-11-29 18:00:00,109.494,109.544,109.428,109.472,109.494,109.494
2019-11-29 19:00:00,109.472,109.48,109.405,109.405,109.472,109.472
2019-11-29 20:00:00,109.405,109.468,109.398,109.461,109.405,109.406
2019-11-29 21:00:00,109.461,109.496,109.457,109.474,109.461,109.461
2019-11-29 22:00:00,109.474,109.474,109.444,109.452,109.474,109.475
2019-11-29 23:00:00,109.452,109.494,109.436,109.471,109.452,109.454
2019-12-02 00:00:00,109.487,109.535,109.474,109.514,109.487,109.549
2019-12-02 01:00:00,109.514,109.566,109.495,109.533,109.514,109.519
2019-12-02 02:00:00,109.533,109.692,109.529,109.661,109.533,109.533
2019-12-02 03:00:00,109.661,109.716,109.64,109.689,109.661,109.661
2019-12-02 04:00:00,109.689,109.728,109.677,109.695,109.689,109.689
2019-12-02 05:00:00,109.695,109.714,109.67,109.698,109.695,109.695
2019-12-02 06:00:00,109.698,109.698,109.635,109.641,109.698,109.698
2019-12-02 07:00:00,109.642,109.654,109.616,109.64,109.642,109.642
2019-12-02 08:00:00,109.64,109.65,109.623,109.633,109.64,109.64
2019-12-02 09:00:00,109.633,109.651,109.564,109.59,109.633,109.633
2019-12-02 10:00:00,109.59,109.704,109.58,109.686,109.59,109.59
2019-12-02 11:00:00,109.686,109.698,109.638,109.648,109.686,109.686
2019-12-02 12:00:00,109.648,109.654,109.612,109.644,109.648,109.648
2019-12-02 13:00:00,109.644,109.648,109.517,109.544,109.644,109.644
2019-12-02 14:00:00,109.544,109.574,109.518,109.546,109.544,109.544
2019-12-02 15:00:00,109.546,109.549,109.482,109.534,109.546,109.546
2019-12-02 16:00:00,109.532,109.61,109.498,109.528,109.532,109.532
2019-12-02 17:00:00,109.527,109.527,109.097,109.107,109.527,109.541
2019-12-02 18:00:00,109.108,109.144,109.002,109.096,109.108,109.108
2019-12-02 19:00:00,109.096,109.172,108.994,109.035,109.096,109.096
2019-12-02 20:00:00,109.035,109.068,108.978,109.013,109.035,109.036
2019-12-02 21:00:00,109.012,109.016,108.926,108.976,109.012,109.012
2019-12-02 22:00:00,108.976,108.989,108.93,108.955,108.976,108.976
2019-12-02 23:00:00,108.954,108.987,108.954,108.973,108.954,108.954
2019-12-03 00:00:00,108.977,109.059,108.964,109.059,108.977,108.991
2019-12-03 01:00:00,109.059,109.059,108.974,109.026,109.059,109.066
2019-12-03 02:00:00,109.025,109.146,108.952,109.105,109.025,109.025
2019-12-03 03:00:00,109.106,109.13,109.045,109.088,109.106,109.106
2019-12-03 04:00:00,109.087,109.166,109.068,109.146,109.087,109.087
2019-12-03 05:00:00,109.146,109.204,109.142,109.18,109.146,109.146
2019-12-03 06:00:00,109.18,109.208,109.17,109.194,109.18,109.18
2019-12-03 07:00:00,109.194,109.199,109.159,109.177,109.194,109.194
2019-12-03 08:00:00,109.177,109.192,109.134,109.138,109.177,109.177
2019-12-03 09:00:00,109.138,109.15,109.06,109.096,109.138,109.138
2019-12-03 10:00:00,109.096,109.152,109.076,109.1,109.096,109.096
2019-12-03 11:00:00,109.1,109.109,108.98,109.032,109.1,109.1
2019-12-03 12:00:00,109.032,109.076,108.827,108.858,109.032,109.032
2019-12-03 13:00:00,108.858,108.916,108.812,108.842,108.858,108.858
2019-12-03 14:00:00,108.842,108.866,108.732,108.768,108.842,108.842
2019-12-03 15:00:00,108.769,108.785,108.693,108.718,108.769,108.769
2019-12-03 16:00:00,108.718,108.734,108.546,108.685,108.718,108.718
2019-12-03 17:00:00,108.685,108.74,108.532,108.544,108.685,108.685
2019-12-03 18:00:00,108.544,108.578,108.498,108.526,108.544,108.544
2019-12-03 19:00:00,108.526,108.561,108.484,108.53,108.526,108.526
2019-12-03 20:00:00,108.531,108.59,108.528,108.554,108.531,108.531
2019-12-03 21:00:00,108.554,108.615,108.552,108.568,108.554,108.554
2019-12-03 22:00:00,108.569,108.642,108.564,108.635,108.569,108.569
2019-12-03 23:00:00,108.636,108.649,108.623,108.637,108.636,108.636
2019-12-04 00:00:00,108.632,108.664,108.608,108.634,108.632,108.638
2019-12-04 01:00:00,108.634,108.668,108.611,108.664,108.634,108.644
2019-12-04 02:00:00,108.664,108.68,108.492,108.543,108.664,108.664
2019-12-04 03:00:00,108.543,108.578,108.487,108.547,108.543,108.543
2019-12-04 04:00:00,108.547,108.582,108.512,108.522,108.547,108.547
2019-12-04 05:00:00,108.522,108.61,108.503,108.573,108.522,108.522
2019-12-04 06:00:00,108.573,108.6,108.537,108.6,108.573,108.573
2019-12-04 07:00:00,108.6,108.626,108.578,108.613,108.6,108.6
2019-12-04 08:00:00,108.612,108.612,108.564,108.582,108.612,108.612
2019-12-04 09:00:00,108.582,108.582,108.428,108.474,108.582,108.582
2019-12-04 10:00:00,108.474,108.521,108.442,108.466,108.474,108.474
2019-12-04 11:00:00,108.466,108.795,108.46,108.742,108.466,108.466
2019-12-04 12:00:00,108.742,108.77,108.662,108.664,108.742,108.742
2019-12-04 13:00:00,108.665,108.696,108.648,108.676,108.665,108.665
2019-12-04 14:00:00,108.676,108.692,108.626,108.672,108.676,108.676
2019-12-04 15:00:00,108.672,108.714,108.548,108.634,108.672,108.672
2019-12-04 16:00:00,108.633,108.754,108.618,108.738,108.633,108.633
2019-12-04 17:00:00,108.738,108.878,108.646,108.806,108.738,108.747
2019-12-04 18:00:00,108.806,108.896,108.788,108.873,108.806,108.806
2019-12-04 19:00:00,108.872,108.884,108.838,108.863,108.872,108.872
2019-12-04 20:00:00,108.863,108.909,108.862,108.904,108.863,108.863
2019-12-04 21:00:00,108.905,108.964,108.904,108.923,108.905,108.905
2019-12-04 22:00:00,108.923,108.929,108.856,108.867,108.923,108.923
2019-12-04 23:00:00,108.868,108.89,108.85,108.869,108.868,108.868
2019-12-05 00:00:00,108.86,108.87,108.823,108.855,108.86,108.869
2019-12-05 01:00:00,108.855,108.864,108.798,108.833,108.855,108.867
2019-12-05 02:00:00,108.833,108.88,108.806,108.859,108.833,108.833
2019-12-05 03:00:00,108.859,108.933,108.809,108.846,108.859,108.859
2019-12-05 04:00:00,108.846,108.932,108.844,108.883,108.846,108.846
2019-12-05 05:00:00,108.883,108.89,108.836,108.856,108.883,108.883
2019-12-05 06:00:00,108.856,108.868,108.838,108.852,108.856,108.856
2019-12-05 07:00:00,108.852,108.856,108.776,108.783,108.852,108.852
2019-12-05 08:00:00,108.783,108.853,108.783,108.822,108.783,108.783
2019-12-05 09:00:00,108.822,108.899,108.806,108.892,108.822,108.823
2019-12-05 10:00:00,108.892,108.931,108.853,108.918,108.892,108.892
2019-12-05 11:00:00,108.918,108.972,108.875,108.948,108.918,108.918
2019-12-05 12:00:00,108.948,109.0,108.936,108.944,108.948,108.948
2019-12-05 13:00:00,108.944,108.955,108.869,108.89,108.944,108.944
2019-12-05 14:00:00,108.89,108.91,108.85,108.864,108.89,108.89
2019-12-05 15:00:00,108.863,108.924,108.78,108.873,108.863,108.863
2019-12-05 16:00:00,108.874,108.918,108.798,108.84,108.874,108.874
2019-12-05 17:00:00,108.84,108.854,108.722,108.754,108.84,108.841
2019-12-05 18:00:00,108.754,108.78,108.664,108.692,108.754,108.754
2019-12-05 19:00:00,108.693,108.72,108.656,108.694,108.693,108.693
2019-12-05 20:00:00,108.694,108.736,108.67,108.732,108.694,108.695
2019-12-05 21:00:00,108.732,108.784,108.672,108.737,108.732,108.732
2019-12-05 22:00:00,108.736,108.789,108.736,108.763,108.736,108.736
2019-12-05 23:00:00,108.763,108.796,108.744,108.758,108.763,108.763
2019-12-06 00:00:00,108.758,108.759,108.714,108.747,108.758,108.765
2019-12-06 01:00:00,108.747,108.764,108.729,108.729,108.747,108.756
2019-12-06 02:00:00,108.729,108.784,108.666,108.776,108.729,108.73
2019-12-06 03:00:00,108.775,108.782,108.696,108.716,108.775,108.775
2019-12-06 04:00:00,108.716,108.734,108.668,108.678,108.716,108.716
2019-12-06 05:00:00,108.678,108.71,108.672,108.682,108.678,108.678
2019-12-06 06:00:00,108.682,108.694,108.663,108.668,108.682,108.682
2019-12-06 07:00:00,108.668,108.676,108.654,108.674,108.668,108.668
2019-12-06 08:00:00,108.674,108.76,108.666,108.689,108.674,108.674
2019-12-06 09:00:00,108.688,108.693,108.659,108.673,108.688,108.688
2019-12-06 10:00:00,108.674,108.683,108.593,108.602,108.674,108.674
2019-12-06 11:00:00,108.601,108.646,108.576,108.606,108.601,108.601
2019-12-06 12:00:00,108.606,108.62,108.566,108.578,108.606,108.606
2019-12-06 13:00:00,108.578,108.596,108.562,108.584,108.578,108.578
2019-12-06 14:00:00,108.584,108.592,108.55,108.567,108.584,108.584
2019-12-06 15:00:00,108.567,108.923,108.532,108.83,108.567,108.567
2019-12-06 16:00:00,108.83,108.877,108.779,108.845,108.83,108.83
2019-12-06 17:00:00,108.845,108.869,108.648,108.666,108.845,108.845
2019-12-06 18:00:00,108.668,108.725,108.651,108.664,108.668,108.668
2019-12-06 19:00:00,108.664,108.675,108.562,108.616,108.664,108.664
2019-12-06 20:00:00,108.616,108.635,108.6,108.607,108.616,108.616
2019-12-06 21:00:00,108.606,108.618,108.548,108.56,108.606,108.607
2019-12-06 22:00:00,108.56,108.605,108.559,108.568,108.56,108.56
2019-12-06 23:00:00,108.568,108.59,108.528,108.574,108.568,108.569
2019-12-09 00:00:00,108.592,108.648,108.583,108.59,108.592,108.654
2019-12-09 01:00:00,108.59,108.662,108.589,108.641,108.59,108.596
2019-12-09 02:00:00,108.641,108.641,108.543,108.582,108.641,108.642
2019-12-09 03:00:00,108.582,108.616,108.547,108.572,108.582,108.582
2019-12-09 04:00:00,108.572,108.63,108.568,108.603,108.572,108.572
2019-12-09 05:00:00,108.604,108.613,108.566,108.579,108.604,108.604
2019-12-09 06:00:00,108.579,108.596,108.568,108.578,108.579,108.579
2019-12-09 07:00:00,108.578,108.584,108.562,108.572,108.578,108.578
2019-12-09 08:00:00,108.572,108.606,108.563,108.596,108.572,108.572
2019-12-09 09:00:00,108.598,108.6,108.552,108.57,108.598,108.598
2019-12-09 10:00:00,108.57,108.57,108.486,108.496,108.57,108.57
2019-12-09 11:00:00,108.496,108.503,108.43,108.5,108.496,108.496
2019-12-09 12:00:00,108.5,108.52,108.448,108.484,108.5,108.5
2019-12-09 13:00:00,108.484,108.496,108.454,108.467,108.484,108.484
2019-12-09 14:00:00,108.466,108.48,108.446,108.453,108.466,108.466
2019-12-09 15:00:00,108.453,108.54,108.438,108.474,108.453,108.453
2019-12-09 16:00:00,108.474,108.554,108.464,108.51,108.474,108.474
2019-12-09 17:00:00,108.51,108.622,108.488,108.6,108.51,108.51
2019-12-09 18:00:00,108.599,108.636,108.59,108.599,108.599,108.599
2019-12-09 19:00:00,108.599,108.67,108.595,108.67,108.599,108.599
2019-12-09 20:00:00,108.67,108.677,108.611,108.616,108.67,108.67
2019-12-09 21:00:00,108.616,108.653,108.592,108.626,108.616,108.616
2019-12-09 22:00:00,108.626,108.646,108.599,108.602,108.626,108.626
2019-12-09 23:00:00,108.603,108.626,108.544,108.547,108.603,108.603
2019-12-10 00:00:00,108.553,108.599,108.55,108.571,108.553,108.559
2019-12-10 01:00:00,108.574,108.62,108.562,108.586,108.574,108.581
2019-12-10 02:00:00,108.586,108.662,108.56,108.61,108.586,108.586
2019-12-10 03:00:00,108.61,108.647,108.584,108.624,108.61,108.61
2019-12-10 04:00:00,108.624,108.652,108.618,108.634,108.624,108.624
2019-12-10 05:00:00,108.634,108.646,108.608,108.63,108.634,108.634
2019-12-10 06:00:00,108.63,108.648,108.618,108.639,108.63,108.63
2019-12-10 07:00:00,108.64,108.642,108.598,108.627,108.64,108.64
2019-12-10 08:00:00,108.627,108.629,108.606,108.62,108.627,108.627
2019-12-10 09:00:00,108.619,108.635,108.566,108.628,108.619,108.619
2019-12-10 10:00:00,108.628,108.658,108.584,108.596,108.628,108.628
2019-12-10 11:00:00,108.596,108.602,108.55,108.59,108.596,108.596
2019-12-10 12:00:00,108.589,108.617,108.56,108.565,108.589,108.592
2019-12-10 13:00:00,108.565,108.586,108.514,108.572,108.565,108.565
2019-12-10 14:00:00,108.572,108.586,108.524,108.566,108.572,108.572
2019-12-10 15:00:00,108.565,108.758,108.542,108.612,108.565,108.565
2019-12-10 16:00:00,108.612,108.652,108.538,108.596,108.612,108.612
2019-12-10 17:00:00,108.595,108.726,108.59,108.702,108.595,108.595
2019-12-10 18:00:00,108.702,108.756,108.624,108.734,108.702,108.702
2019-12-10 19:00:00,108.732,108.766,108.724,108.741,108.732,108.732
2019-12-10 20:00:00,108.74,108.762,108.705,108.721,108.74,108.74
2019-12-10 21:00:00,108.721,108.729,108.698,108.722,108.721,108.721
2019-12-10 22:00:00,108.724,108.767,108.718,108.761,108.724,108.724
2019-12-10 23:00:00,108.76,108.769,108.733,108.745,108.76,108.762
2019-12-11 00:00:00,108.715,108.801,108.698,108.796,108.715,108.723
2019-12-11 01:00:00,108.796,108.856,108.762,108.769,108.796,108.806
2019-12-11 02:00:00,108.77,108.794,108.665,108.768,108.77,108.77
2019-12-11 03:00:00,108.768,108.768,108.71,108.73,108.768,108.768
2019-12-11 04:00:00,108.73,108.75,108.718,108.742,108.73,108.73
2019-12-11 05:00:00,108.742,108.748,108.727,108.742,108.742,108.742
2019-12-11 06:00:00,108.742,108.755,108.735,108.746,108.742,108.742
2019-12-11 07:00:00,108.746,108.768,108.736,108.767,108.746,108.746
2019-12-11 08:00:00,108.768,108.772,108.724,108.748,108.768,108.768
2019-12-11 09:00:00,108.746,108.748,108.7,108.726,108.746,108.746
2019-12-11 10:00:00,108.726,108.798,108.691,108.704,108.726,108.727
2019-12-11 11:00:00,108.703,108.716,108.666,108.688,108.703,108.703
2019-12-11 12:00:00,108.688,108.703,108.655,108.667,108.688,108.688
2019-12-11 13:00:00,108.667,108.702,108.66,108.702,108.667,108.667
2019-12-11 14:00:00,108.702,108.741,108.692,108.736,108.702,108.702
2019-12-11 15:00:00,108.736,108.752,108.67,108.704,108.736,108.736
2019-12-11 16:00:00,108.704,108.725,108.671,108.713,108.704,108.704
2019-12-11 17:00:00,108.714,108.724,108.664,108.703,108.714,108.714
2019-12-11 18:00:00,108.704,108.708,108.637,108.674,108.704,108.704
2019-12-11 19:00:00,108.673,108.701,108.648,108.69,108.673,108.674
2019-12-11 20:00:00,108.69,108.704,108.666,108.673,108.69,108.69
2019-12-11 21:00:00,108.676,108.771,108.464,108.502,108.676,108.708
2019-12-11 22:00:00,108.502,108.568,108.492,108.542,108.502,108.502
2019-12-11 23:00:00,108.544,108.565,108.533,108.555,108.544,108.544
2019-12-12 00:00:00,108.555,108.56,108.522,108.542,108.555,108.565
2019-12-12 01:00:00,108.542,108.562,108.53,108.555,108.542,108.551
2019-12-12 02:00:00,108.554,108.554,108.457,108.492,108.554,108.554
2019-12-12 03:00:00,108.492,108.552,108.464,108.537,108.492,108.492
2019-12-12 04:00:00,108.537,108.582,108.526,108.579,108.537,108.538
2019-12-12 05:00:00,108.579,108.594,108.55,108.568,108.579,108.579
2019-12-12 06:00:00,108.568,108.569,108.55,108.569,108.568,108.568
2019-12-12 07:00:00,108.568,108.604,108.558,108.596,108.568,108.568
2019-12-12 08:00:00,108.596,108.626,108.583,108.619,108.596,108.597
2019-12-12 09:00:00,108.619,108.656,108.608,108.637,108.619,108.619
2019-12-12 10:00:00,108.637,108.653,108.61,108.636,108.637,108.637
2019-12-12 11:00:00,108.636,108.704,108.636,108.68,108.636,108.636
2019-12-12 12:00:00,108.68,108.686,108.638,108.648,108.68,108.68
2019-12-12 13:00:00,108.649,108.698,108.627,108.638,108.649,108.649
2019-12-12 14:00:00,108.638,108.664,108.622,108.646,108.638,108.638
2019-12-12 15:00:00,108.646,108.658,108.56,108.579,108.646,108.646
2019-12-12 16:00:00,108.578,108.952,108.561,108.941,108.578,108.578
2019-12-12 17:00:00,108.942,109.297,108.941,109.297,108.942,108.942
2019-12-12 18:00:00,109.297,109.315,109.144,109.164,109.297,109.297
2019-12-12 19:00:00,109.164,109.278,109.119,109.265,109.164,109.164
2019-12-12 20:00:00,109.265,109.316,109.206,109.253,109.265,109.265
2019-12-12 21:00:00,109.253,109.448,109.233,109.333,109.253,109.254
2019-12-12 22:00:00,109.333,109.375,109.305,109.329,109.333,109.334
2019-12-12 23:00:00,109.33,109.345,109.218,109.302,109.33,109.331
2019-12-13 00:00:00,109.297,109.578,108.886,109.484,109.297,109.407
2019-12-13 01:00:00,109.479,109.55,109.356,109.406,109.479,109.486
2019-12-13 02:00:00,109.404,109.555,109.35,109.548,109.404,109.404
2019-12-13 03:00:00,109.538,109.568,109.46,109.542,109.538,109.538
2019-12-13 04:00:00,109.542,109.564,109.51,109.55,109.542,109.542
2019-12-13 05:00:00,109.55,109.626,109.541,109.583,109.55,109.55
2019-12-13 06:00:00,109.582,109.618,109.564,109.617,109.582,109.582
2019-12-13 07:00:00,109.616,109.628,109.55,109.571,109.616,109.616
2019-12-13 08:00:00,109.57,109.618,109.55,109.608,109.57,109.57
2019-12-13 09:00:00,109.608,109.662,109.584,109.628,109.608,109.608
2019-12-13 10:00:00,109.628,109.659,109.577,109.593,109.628,109.628
2019-12-13 11:00:00,109.593,109.656,109.59,109.641,109.593,109.593
2019-12-13 12:00:00,109.641,109.706,109.638,109.668,109.641,109.641
2019-12-13 13:00:00,109.668,109.685,109.622,109.656,109.668,109.668
2019-12-13 14:00:00,109.656,109.674,109.46,109.522,109.656,109.656
2019-12-13 15:00:00,109.522,109.622,109.487,109.587,109.522,109.522
2019-12-13 16:00:00,109.587,109.592,109.246,109.314,109.587,109.587
2019-12-13 17:00:00,109.315,109.626,109.256,109.28,109.315,109.315
2019-12-13 18:00:00,109.279,109.323,109.206,109.288,109.279,109.279
2019-12-13 19:00:00,109.288,109.328,109.25,109.321,109.288,109.288
2019-12-13 20:00:00,109.321,109.326,109.288,109.321,109.321,109.322
2019-12-13 21:00:00,109.321,109.328,109.284,109.316,109.321,109.321
2019-12-13 22:00:00,109.316,109.358,109.311,109.333,109.316,109.316
2019-12-13 23:00:00,109.333,109.367,109.326,109.346,109.333,109.333
2019-12-16 00:00:00,109.274,109.383,109.274,109.353,109.274,109.313
2019-12-16 01:00:00,109.358,109.446,109.345,109.384,109.358,109.366
2019-12-16 02:00:00,109.384,109.418,109.363,109.376,109.384,109.385
2019-12-16 03:00:00,109.376,109.412,109.356,109.374,109.376,109.376
2019-12-16 04:00:00,109.376,109.402,109.36,109.388,109.376,109.376
2019-12-16 05:00:00,109.388,109.399,109.367,109.398,109.388,109.388
2019-12-16 06:00:00,109.398,109.398,109.376,109.382,109.398,109.398
2019-12-16 07:00:00,109.382,109.403,109.378,109.394,109.382,109.382
2019-12-16 08:00:00,109.394,109.403,109.367,109.38,109.394,109.394
2019-12-16 09:00:00,109.38,109.434,109.376,109.403,109.38,109.38
2019-12-16 10:00:00,109.403,109.503,109.396,109.481,109.403,109.403
2019-12-16 11:00:00,109.482,109.487,109.412,109.412,109.482,109.482
2019-12-16 12:00:00,109.412,109.447,109.408,109.423,109.412,109.412
2019-12-16 13:00:00,109.423,109.458,109.415,109.454,109.423,109.423
2019-12-16 14:00:00,109.454,109.471,109.426,109.428,109.454,109.454
2019-12-16 15:00:00,109.428,109.444,109.394,109.438,109.428,109.428
2019-12-16 16:00:00,109.438,109.474,109.42,109.451,109.438,109.438
2019-12-16 17:00:00,109.451,109.63,109.451,109.627,109.451,109.451
2019-12-16 18:00:00,109.627,109.676,109.613,109.648,109.627,109.627
2019-12-16 19:00:00,109.649,109.661,109.612,109.618,109.649,109.649
2019-12-16 20:00:00,109.618,109.632,109.566,109.595,109.618,109.618
2019-12-16 21:00:00,109.596,109.627,109.583,109.589,109.596,109.596
2019-12-16 22:00:00,109.59,109.6,109.554,109.565,109.59,109.59
2019-12-16 23:00:00,109.565,109.599,109.562,109.565,109.565,109.565
2019-12-17 00:00:00,109.536,109.615,109.522,109.609,109.536,109.548
2019-12-17 01:00:00,109.61,109.63,109.572,109.583,109.61,109.618
2019-12-17 02:00:00,109.583,109.588,109.492,109.533,109.583,109.583
2019-12-17 03:00:00,109.533,109.582,109.528,109.556,109.533,109.533
2019-12-17 04:00:00,109.558,109.564,109.515,109.548,109.558,109.558
2019-12-17 05:00:00,109.548,109.563,109.533,109.543,109.548,109.548
2019-12-17 06:00:00,109.543,109.546,109.526,109.546,109.543,109.544
2019-12-17 07:00:00,109.546,109.582,109.544,109.575,109.546,109.546
2019-12-17 08:00:00,109.575,109.577,109.55,109.562,109.575,109.575
2019-12-17 09:00:00,109.562,109.612,109.554,109.589,109.562,109.562
2019-12-17 10:00:00,109.59,109.612,109.548,109.604,109.59,109.59
2019-12-17 11:00:00,109.604,109.633,109.582,109.618,109.604,109.604
2019-12-17 12:00:00,109.618,109.62,109.548,109.555,109.618,109.618
2019-12-17 13:00:00,109.554,109.592,109.528,109.59,109.554,109.554
2019-12-17 14:00:00,109.59,109.618,109.577,109.578,109.59,109.59
2019-12-17 15:00:00,109.578,109.624,109.551,109.575,109.578,109.578
2019-12-17 16:00:00,109.575,109.62,109.552,109.572,109.575,109.575
2019-12-17 17:00:00,109.572,109.606,109.514,109.528,109.572,109.572
2019-12-17 18:00:00,109.528,109.552,109.466,109.52,109.528,109.528
2019-12-17 19:00:00,109.52,109.53,109.454,109.46,109.52,109.52
2019-12-17 20:00:00,109.46,109.484,109.444,109.476,109.46,109.46
2019-12-17 21:00:00,109.476,109.528,109.458,109.493,109.476,109.476
2019-12-17 22:00:00,109.493,109.536,109.492,109.518,109.493,109.493
2019-12-17 23:00:00,109.518,109.544,109.476,109.495,109.518,109.52
2019-12-18 00:00:00,109.482,109.533,109.466,109.507,109.482,109.489
2019-12-18 01:00:00,109.512,109.537,109.495,109.525,109.512,109.519
2019-12-18 02:00:00,109.525,109.567,109.494,109.524,109.525,109.525
2019-12-18 03:00:00,109.524,109.528,109.453,109.467,109.524,109.524
2019-12-18 04:00:00,109.466,109.48,109.414,109.44,109.466,109.466
2019-12-18 05:00:00,109.44,109.482,109.428,109.465,109.44,109.44
2019-12-18 06:00:00,109.465,109.466,109.427,109.428,109.465,109.465
2019-12-18 07:00:00,109.428,109.482,109.428,109.466,109.428,109.428
2019-12-18 08:00:00,109.466,109.47,109.424,109.458,109.466,109.466
2019-12-18 09:00:00,109.458,109.472,109.427,109.438,109.458,109.459
2019-12-18 10:00:00,109.438,109.486,109.4,109.429,109.438,109.438
2019-12-18 11:00:00,109.43,109.466,109.419,109.432,109.43,109.43
2019-12-18 12:00:00,109.432,109.47,109.428,109.463,109.432,109.434
2019-12-18 13:00:00,109.463,109.516,109.448,109.516,109.463,109.464
2019-12-18 14:00:00,109.516,109.582,109.508,109.576,109.516,109.516
2019-12-18 15:00:00,109.574,109.629,109.562,109.603,109.574,109.574
2019-12-18 16:00:00,109.603,109.604,109.52,109.571,109.603,109.603
2019-12-18 17:00:00,109.57,109.598,109.488,109.588,109.57,109.57
2019-12-18 18:00:00,109.588,109.618,109.567,109.591,109.588,109.588
2019-12-18 19:00:00,109.591,109.614,109.552,109.606,109.591,109.591
2019-12-18 20:00:00,109.606,109.622,109.585,109.59,109.606,109.606
2019-12-18 21:00:00,109.59,109.598,109.569,109.589,109.59,109.59
2019-12-18 22:00:00,109.59,109.594,109.555,109.564,109.59,109.59
2019-12-18 23:00:00,109.564,109.617,109.546,109.577,109.564,109.564
2019-12-19 00:00:00,109.541,109.589,109.526,109.573,109.541,109.56
2019-12-19 01:00:00,109.576,109.584,109.546,109.55,109.576,109.581
2019-12-19 02:00:00,109.55,109.686,109.547,109.657,109.55,109.55
2019-12-19 03:00:00,109.657,109.658,109.559,109.578,109.657,109.658
2019-12-19 04:00:00,109.58,109.608,109.562,109.572,109.58,109.581
2019-12-19 05:00:00,109.572,109.587,109.561,109.576,109.572,109.575
2019-12-19 06:00:00,109.576,109.598,109.564,109.597,109.576,109.576
2019-12-19 07:00:00,109.597,109.597,109.574,109.588,109.597,109.597
2019-12-19 08:00:00,109.588,109.594,109.568,109.57,109.588,109.589
2019-12-19 09:00:00,109.57,109.592,109.561,109.574,109.57,109.57
2019-12-19 10:00:00,109.574,109.594,109.555,109.564,109.574,109.575
2019-12-19 11:00:00,109.564,109.589,109.55,109.556,109.564,109.564
2019-12-19 12:00:00,109.556,109.562,109.512,109.52,109.556,109.556
2019-12-19 13:00:00,109.521,109.547,109.475,109.475,109.521,109.521
2019-12-19 14:00:00,109.475,109.512,109.447,109.496,109.475,109.478
2019-12-19 15:00:00,109.496,109.513,109.358,109.372,109.496,109.496
2019-12-19 16:00:00,109.372,109.404,109.284,109.286,109.372,109.372
2019-12-19 17:00:00,109.285,109.342,109.256,109.303,109.285,109.286
2019-12-19 18:00:00,109.303,109.322,109.218,109.237,109.303,109.303
2019-12-19 19:00:00,109.237,109.26,109.194,109.21,109.237,109.237
2019-12-19 20:00:00,109.21,109.239,109.183,109.214,109.21,109.21
2019-12-19 21:00:00,109.214,109.29,109.21,109.284,109.214,109.214
2019-12-19 22:00:00,109.286,109.309,109.266,109.288,109.286,109.286
2019-12-19 23:00:00,109.288,109.368,109.288,109.354,109.288,109.288
2019-12-20 00:00:00,109.364,109.381,109.306,109.38,109.364,109.379
2019-12-20 01:00:00,109.38,109.403,109.328,109.389,109.38,109.393
2019-12-20 02:00:00,109.389,109.404,109.322,109.352,109.389,109.389
2019-12-20 03:00:00,109.354,109.354,109.303,109.343,109.354,109.354
2019-12-20 04:00:00,109.343,109.348,109.314,109.332,109.343,109.343
2019-12-20 05:00:00,109.332,109.343,109.315,109.335,109.332,109.332
2019-12-20 06:00:00,109.335,109.342,109.307,109.324,109.335,109.335
2019-12-20 07:00:00,109.324,109.334,109.303,109.328,109.324,109.325
2019-12-20 08:00:00,109.329,109.334,109.282,109.283,109.329,109.329
2019-12-20 09:00:00,109.283,109.374,109.256,109.372,109.283,109.284
2019-12-20 10:00:00,109.372,109.405,109.346,109.353,109.372,109.372
2019-12-20 11:00:00,109.353,109.36,109.32,109.333,109.353,109.353
2019-12-20 12:00:00,109.333,109.356,109.33,109.354,109.333,109.333
2019-12-20 13:00:00,109.354,109.396,109.352,109.373,109.354,109.354
2019-12-20 14:00:00,109.373,109.373,109.296,109.308,109.373,109.373
2019-12-20 15:00:00,109.309,109.337,109.286,109.309,109.309,109.309
2019-12-20 16:00:00,109.309,109.399,109.309,109.383,109.309,109.309
2019-12-20 17:00:00,109.385,109.453,109.354,109.448,109.385,109.392
2019-12-20 18:00:00,109.45,109.498,109.441,109.454,109.45,109.45
2019-12-20 19:00:00,109.455,109.522,109.448,109.522,109.455,109.455
2019-12-20 20:00:00,109.522,109.526,109.486,109.52,109.522,109.522
2019-12-20 21:00:00,109.52,109.522,109.454,109.477,109.52,109.52
2019-12-20 22:00:00,109.477,109.486,109.443,109.475,109.477,109.478
2019-12-20 23:00:00,109.475,109.498,109.452,109.455,109.475,109.476
2019-12-23 00:00:00,109.41,109.468,109.394,109.453,109.41,109.51
2019-12-23 01:00:00,109.453,109.538,109.448,109.499,109.453,109.465
2019-12-23 02:00:00,109.499,109.502,109.42,109.435,109.499,109.5
2019-12-23 03:00:00,109.435,109.448,109.396,109.419,109.435,109.435
2019-12-23 04:00:00,109.419,109.451,109.398,109.404,109.419,109.419
2019-12-23 05:00:00,109.404,109.414,109.378,109.402,109.404,109.404
2019-12-23 06:00:00,109.402,109.426,109.388,109.426,109.402,109.402
2019-12-23 07:00:00,109.426,109.441,109.408,109.42,109.426,109.426
2019-12-23 08:00:00,109.42,109.425,109.395,109.408,109.42,109.421
2019-12-23 09:00:00,109.408,109.408,109.366,109.39,109.408,109.408
2019-12-23 10:00:00,109.39,109.396,109.344,109.364,109.39,109.39
2019-12-23 11:00:00,109.364,109.394,109.362,109.376,109.364,109.365
2019-12-23 12:00:00,109.376,109.402,109.374,109.392,109.376,109.376
2019-12-23 13:00:00,109.392,109.412,109.383,109.401,109.392,109.392
2019-12-23 14:00:00,109.401,109.446,109.396,109.436,109.401,109.401
2019-12-23 15:00:00,109.436,109.437,109.366,109.394,109.436,109.436
2019-12-23 16:00:00,109.394,109.416,109.346,109.358,109.394,109.394
2019-12-23 17:00:00,109.358,109.392,109.34,109.373,109.358,109.358
2019-12-23 18:00:00,109.373,109.41,109.35,109.394,109.373,109.373
2019-12-23 19:00:00,109.394,109.411,109.366,109.385,109.394,109.394
2019-12-23 20:00:00,109.385,109.408,109.368,109.396,109.385,109.387
2019-12-23 21:00:00,109.396,109.397,109.351,109.369,109.396,109.396
2019-12-23 22:00:00,109.37,109.387,109.356,109.38,109.37,109.37
2019-12-23 23:00:00,109.382,109.411,109.373,109.388,109.382,109.382
2019-12-24 00:00:00,109.395,109.415,109.356,109.396,109.395,109.41
2019-12-24 01:00:00,109.396,109.405,109.376,109.393,109.396,109.404
2019-12-24 02:00:00,109.392,109.441,109.361,109.42,109.392,109.392
2019-12-24 03:00:00,109.42,109.423,109.387,109.401,109.42,109.42
2019-12-24 04:00:00,109.4,109.42,109.38,109.396,109.4,109.4
2019-12-24 05:00:00,109.399,109.408,109.389,109.402,109.399,109.399
2019-12-24 06:00:00,109.402,109.402,109.382,109.384,109.402,109.402
2019-12-24 07:00:00,109.384,109.42,109.38,109.411,109.384,109.384
2019-12-24 08:00:00,109.41,109.416,109.398,109.409,109.41,109.41
2019-12-24 09:00:00,109.409,109.412,109.367,109.393,109.409,109.41
2019-12-24 10:00:00,109.394,109.403,109.376,109.392,109.394,109.394
2019-12-24 11:00:00,109.392,109.414,109.392,109.408,109.392,109.392
2019-12-24 12:00:00,109.408,109.409,109.392,109.405,109.408,109.408
2019-12-24 13:00:00,109.404,109.406,109.388,109.399,109.404,109.405
2019-12-24 14:00:00,109.4,109.415,109.392,109.41,109.4,109.4
2019-12-24 15:00:00,109.41,109.42,109.402,109.408,109.41,109.41
2019-12-24 16:00:00,109.408,109.413,109.385,109.399,109.408,109.408
2019-12-24 17:00:00,109.399,109.405,109.326,109.341,109.399,109.4
2019-12-24 18:00:00,109.341,109.385,109.328,109.381,109.341,109.341
2019-12-24 19:00:00,109.381,109.41,109.368,109.406,109.381,109.382
2019-12-24 20:00:00,109.406,109.406,109.343,109.363,109.406,109.406
2019-12-26 00:00:00,109.371,109.393,109.338,109.372,109.371,109.42
2019-12-26 01:00:00,109.387,109.406,109.365,109.372,109.387,109.393
2019-12-26 02:00:00,109.372,109.533,109.363,109.528,109.372,109.372
2019-12-26 03:00:00,109.528,109.552,109.502,109.528,109.528,109.528
2019-12-26 04:00:00,109.528,109.573,109.523,109.556,109.528,109.528
2019-12-26 05:00:00,109.556,109.562,109.537,109.545,109.556,109.556
2019-12-26 06:00:00,109.545,109.569,109.539,109.549,109.545,109.545
2019-12-26 07:00:00,109.548,109.561,109.53,109.556,109.548,109.548
2019-12-26 08:00:00,109.556,109.562,109.535,109.544,109.556,109.556
2019-12-26 09:00:00,109.544,109.566,109.544,109.55,109.544,109.544
2019-12-26 10:00:00,109.55,109.562,109.548,109.55,109.55,109.55
2019-12-26 11:00:00,109.55,109.555,109.542,109.548,109.55,109.55
2019-12-26 12:00:00,109.548,109.558,109.538,109.549,109.548,109.548
2019-12-26 13:00:00,109.548,109.59,109.548,109.583,109.548,109.549
2019-12-26 14:00:00,109.583,109.598,109.571,109.594,109.583,109.583
2019-12-26 15:00:00,109.594,109.618,109.585,109.604,109.594,109.594
2019-12-26 16:00:00,109.604,109.619,109.59,109.614,109.604,109.605
2019-12-26 17:00:00,109.614,109.638,109.596,109.636,109.614,109.614
2019-12-26 18:00:00,109.636,109.684,109.632,109.666,109.636,109.636
2019-12-26 19:00:00,109.666,109.666,109.626,109.632,109.666,109.666
2019-12-26 20:00:00,109.632,109.641,109.61,109.625,109.632,109.633
2019-12-26 21:00:00,109.625,109.663,109.619,109.661,109.625,109.626
2019-12-26 22:00:00,109.661,109.661,109.611,109.627,109.661,109.661
2019-12-26 23:00:00,109.627,109.662,109.606,109.637,109.627,109.627
2019-12-27 00:00:00,109.624,109.624,109.498,109.572,109.624,109.639
2019-12-27 01:00:00,109.572,109.582,109.528,109.529,109.572,109.581
2019-12-27 02:00:00,109.529,109.548,109.432,109.506,109.529,109.529
2019-12-27 03:00:00,109.507,109.508,109.436,109.491,109.507,109.507
2019-12-27 04:00:00,109.5,109.508,109.461,109.488,109.5,109.501
2019-12-27 05:00:00,109.488,109.492,109.45,109.456,109.488,109.488
2019-12-27 06:00:00,109.456,109.472,109.447,109.46,109.456,109.456
2019-12-27 07:00:00,109.46,109.503,109.456,109.498,109.46,109.461
2019-12-27 08:00:00,109.498,109.508,109.49,109.505,109.498,109.498
2019-12-27 09:00:00,109.507,109.526,109.492,109.502,109.507,109.507
2019-12-27 10:00:00,109.502,109.51,109.457,109.486,109.502,109.503
2019-12-27 11:00:00,109.486,109.494,109.46,109.482,109.486,109.486
2019-12-27 12:00:00,109.482,109.516,109.469,109.476,109.482,109.482
2019-12-27 13:00:00,109.476,109.51,109.46,109.49,109.476,109.476
2019-12-27 14:00:00,109.49,109.518,109.474,109.508,109.49,109.49
2019-12-27 15:00:00,109.508,109.552,109.498,109.519,109.508,109.508
2019-12-27 16:00:00,109.519,109.533,109.443,109.451,109.519,109.519
2019-12-27 17:00:00,109.452,109.592,109.45,109.584,109.452,109.453
2019-12-27 18:00:00,109.584,109.588,109.466,109.473,109.584,109.584
2019-12-27 19:00:00,109.473,109.497,109.466,109.476,109.473,109.473
2019-12-27 20:00:00,109.478,109.493,109.45,109.451,109.478,109.478
2019-12-27 21:00:00,109.451,109.466,109.394,109.399,109.451,109.451
2019-12-27 22:00:00,109.399,109.437,109.39,109.426,109.399,109.399
2019-12-27 23:00:00,109.426,109.51,109.426,109.455,109.426,109.426
2019-12-30 00:00:00,109.41,109.48,109.41,109.439,109.41,109.51
2019-12-30 01:00:00,109.434,109.464,109.425,109.437,109.434,109.44
2019-12-30 02:00:00,109.436,109.452,109.372,109.43,109.436,109.436
2019-12-30 03:00:00,109.43,109.43,109.312,109.328,109.43,109.43
2019-12-30 04:00:00,109.328,109.334,109.102,109.12,109.328,109.328
2019-12-30 05:00:00,109.12,109.159,109.069,109.154,109.12,109.12
2019-12-30 06:00:00,109.154,109.192,109.139,109.14,109.154,109.154
2019-12-30 07:00:00,109.14,109.164,109.114,109.158,109.14,109.14
2019-12-30 08:00:00,109.158,109.159,109.115,109.148,109.158,109.158
2019-12-30 09:00:00,109.148,109.178,109.108,109.148,109.148,109.149
2019-12-30 10:00:00,109.147,109.182,109.138,109.172,109.147,109.148
2019-12-30 11:00:00,109.172,109.179,109.123,109.124,109.172,109.173
2019-12-30 12:00:00,109.124,109.152,109.113,109.136,109.124,109.124
2019-12-30 13:00:00,109.136,109.161,109.108,109.157,109.136,109.136
2019-12-30 14:00:00,109.156,109.185,109.136,109.172,109.156,109.157
2019-12-30 15:00:00,109.171,109.229,109.16,109.169,109.171,109.171
2019-12-30 16:00:00,109.168,109.179,108.813,108.822,109.168,109.168
2019-12-30 17:00:00,108.822,109.01,108.767,108.992,108.822,108.823
2019-12-30 18:00:00,108.992,108.992,108.826,108.853,108.992,108.992
2019-12-30 19:00:00,108.853,108.927,108.838,108.888,108.853,108.854
2019-12-30 20:00:00,108.888,108.918,108.839,108.853,108.888,108.888
2019-12-30 21:00:00,108.853,108.858,108.82,108.828,108.853,108.854
2019-12-30 22:00:00,108.828,108.854,108.809,108.838,108.828,108.828
2019-12-30 23:00:00,108.838,108.884,108.838,108.877,108.838,108.838
2019-12-31 00:00:00,108.878,108.884,108.844,108.871,108.878,108.887
2019-12-31 01:00:00,108.871,108.879,108.843,108.874,108.871,108.879
2019-12-31 02:00:00,108.876,108.878,108.791,108.8,108.876,108.876
2019-12-31 03:00:00,108.8,108.812,108.66,108.682,108.8,108.801
2019-12-31 04:00:00,108.682,108.685,108.625,108.653,108.682,108.682
2019-12-31 05:00:00,108.652,108.683,108.639,108.68,108.652,108.652
2019-12-31 06:00:00,108.68,108.71,108.68,108.698,108.68,108.68
2019-12-31 07:00:00,108.698,108.706,108.663,108.703,108.698,108.698
2019-12-31 08:00:00,108.703,108.707,108.664,108.671,108.703,108.704
2019-12-31 09:00:00,108.671,108.705,108.648,108.658,108.671,108.672
2019-12-31 10:00:00,108.659,108.678,108.624,108.636,108.659,108.659
2019-12-31 11:00:00,108.636,108.653,108.592,108.605,108.636,108.636
2019-12-31 12:00:00,108.605,108.606,108.53,108.54,108.605,108.605
2019-12-31 13:00:00,108.54,108.568,108.501,108.566,108.54,108.54
2019-12-31 14:00:00,108.566,108.582,108.516,108.528,108.566,108.566
2019-12-31 15:00:00,108.526,108.563,108.5,108.512,108.526,108.526
2019-12-31 16:00:00,108.512,108.674,108.472,108.619,108.512,108.512
2019-12-31 17:00:00,108.62,108.689,108.518,108.667,108.62,108.624
2019-12-31 18:00:00,108.667,108.759,108.653,108.669,108.667,108.667
2019-12-31 19:00:00,108.669,108.68,108.578,108.585,108.669,108.669
2019-12-31 20:00:00,108.585,108.642,108.584,108.624,108.585,108.585
2020-01-02 00:00:00,108.727,108.753,108.578,108.676,108.727,108.78
2020-01-02 01:00:00,108.676,108.726,108.606,108.725,108.676,108.69
2020-01-02 02:00:00,108.722,108.736,108.682,108.702,108.722,108.722
2020-01-02 03:00:00,108.703,108.732,108.638,108.673,108.703,108.703
2020-01-02 04:00:00,108.673,108.69,108.657,108.679,108.673,108.674
2020-01-02 05:00:00,108.679,108.714,108.674,108.707,108.679,108.679
2020-01-02 06:00:00,108.707,108.745,108.7,108.743,108.707,108.708
2020-01-02 07:00:00,108.743,108.758,108.734,108.742,108.743,108.744
2020-01-02 08:00:00,108.744,108.75,108.713,108.713,108.744,108.744
2020-01-02 09:00:00,108.711,108.801,108.694,108.786,108.711,108.711
2020-01-02 10:00:00,108.786,108.82,108.766,108.78,108.786,108.786
2020-01-02 11:00:00,108.782,108.844,108.776,108.839,108.782,108.782
2020-01-02 12:00:00,108.84,108.866,108.793,108.808,108.84,108.84
2020-01-02 13:00:00,108.808,108.814,108.772,108.774,108.808,108.808
2020-01-02 14:00:00,108.774,108.808,108.757,108.788,108.774,108.774
2020-01-02 15:00:00,108.788,108.79,108.658,108.694,108.788,108.788
2020-01-02 16:00:00,108.694,108.75,108.637,108.674,108.694,108.694
2020-01-02 17:00:00,108.674,108.682,108.212,108.272,108.674,108.674
2020-01-02 18:00:00,108.272,108.444,108.262,108.435,108.272,108.272
2020-01-02 19:00:00,108.434,108.554,108.432,108.528,108.434,108.434
2020-01-02 20:00:00,108.528,108.56,108.498,108.522,108.528,108.528
2020-01-02 21:00:00,108.522,108.572,108.512,108.55,108.522,108.522
2020-01-02 22:00:00,108.55,108.562,108.494,108.557,108.55,108.55
2020-01-02 23:00:00,108.557,108.559,108.528,108.557,108.557,108.558
2020-01-03 00:00:00,108.564,108.57,108.505,108.543,108.564,108.575
2020-01-03 01:00:00,108.544,108.632,108.54,108.545,108.544,108.556
2020-01-03 02:00:00,108.545,108.564,108.392,108.407,108.545,108.546
2020-01-03 03:00:00,108.407,108.442,108.166,108.204,108.407,108.407
2020-01-03 04:00:00,108.204,108.243,108.001,108.061,108.204,108.204
2020-01-03 05:00:00,108.061,108.186,108.006,108.184,108.061,108.061
2020-01-03 06:00:00,108.184,108.232,108.126,108.134,108.184,108.184
2020-01-03 07:00:00,108.134,108.166,108.081,108.124,108.134,108.134
2020-01-03 08:00:00,108.124,108.153,108.081,108.142,108.124,108.125
2020-01-03 09:00:00,108.142,108.144,107.916,107.949,108.142,108.143
2020-01-03 10:00:00,107.948,108.074,107.931,107.994,107.948,107.948
2020-01-03 11:00:00,107.994,108.071,107.922,108.069,107.994,107.994
2020-01-03 12:00:00,108.069,108.132,108.017,108.052,108.069,108.069
2020-01-03 13:00:00,108.052,108.117,107.998,108.034,108.052,108.052
2020-01-03 14:00:00,108.034,108.158,108.024,108.086,108.034,108.034
2020-01-03 15:00:00,108.086,108.164,108.086,108.159,108.086,108.086
2020-01-03 16:00:00,108.158,108.268,108.145,108.224,108.158,108.158
2020-01-03 17:00:00,108.224,108.224,107.999,108.04,108.224,108.227
2020-01-03 18:00:00,108.04,108.042,107.917,107.948,108.04,108.04
2020-01-03 19:00:00,107.948,107.989,107.935,107.968,107.948,107.948
2020-01-03 20:00:00,107.968,108.075,107.842,108.051,107.968,107.968
2020-01-03 21:00:00,108.051,108.092,108.012,108.013,108.051,108.053
2020-01-03 22:00:00,108.013,108.121,108.013,108.094,108.013,108.014
2020-01-03 23:00:00,108.094,108.127,108.089,108.117,108.094,108.095
2020-01-06 00:00:00,107.844,107.942,107.8,107.8,107.844,107.923
2020-01-06 01:00:00,107.804,107.982,107.771,107.971,107.804,107.81
2020-01-06 02:00:00,107.971,108.123,107.949,108.068,107.971,107.971
2020-01-06 03:00:00,108.068,108.086,107.915,107.949,108.068,108.068
2020-01-06 04:00:00,107.949,108.058,107.931,108.032,107.949,107.949
2020-01-06 05:00:00,108.03,108.077,108.009,108.059,108.03,108.03
2020-01-06 06:00:00,108.058,108.105,108.034,108.064,108.058,108.058
2020-01-06 07:00:00,108.064,108.073,108.035,108.06,108.064,108.064
2020-01-06 08:00:00,108.06,108.072,107.97,108.053,108.06,108.06
2020-01-06 09:00:00,108.054,108.179,108.028,108.103,108.054,108.054
2020-01-06 10:00:00,108.103,108.136,107.951,107.978,108.103,108.103
2020-01-06 11:00:00,107.978,108.036,107.928,107.986,107.978,107.978
2020-01-06 12:00:00,107.987,108.037,107.982,108.002,107.987,107.987
2020-01-06 13:00:00,108.002,108.082,107.992,108.062,108.002,108.002
2020-01-06 14:00:00,108.062,108.164,108.044,108.16,108.062,108.062
2020-01-06 15:00:00,108.159,108.164,108.074,108.122,108.159,108.159
2020-01-06 16:00:00,108.12,108.154,108.068,108.14,108.12,108.12
2020-01-06 17:00:00,108.14,108.367,108.108,108.322,108.14,108.14
2020-01-06 18:00:00,108.322,108.416,108.294,108.37,108.322,108.322
2020-01-06 19:00:00,108.37,108.4,108.348,108.351,108.37,108.37
2020-01-06 20:00:00,108.348,108.396,108.342,108.368,108.348,108.348
2020-01-06 21:00:00,108.368,108.507,108.356,108.456,108.368,108.368
2020-01-06 22:00:00,108.456,108.462,108.42,108.441,108.456,108.456
2020-01-06 23:00:00,108.441,108.448,108.37,108.373,108.441,108.441
2020-01-07 00:00:00,108.332,108.376,108.28,108.371,108.332,108.382
2020-01-07 01:00:00,108.374,108.422,108.368,108.415,108.374,108.383
2020-01-07 02:00:00,108.415,108.456,108.378,108.428,108.415,108.415
2020-01-07 03:00:00,108.43,108.462,108.378,108.434,108.43,108.43
2020-01-07 04:00:00,108.434,108.483,108.423,108.474,108.434,108.434
2020-01-07 05:00:00,108.474,108.498,108.446,108.473,108.474,108.474
2020-01-07 06:00:00,108.473,108.506,108.461,108.499,108.473,108.473
2020-01-07 07:00:00,108.498,108.506,108.435,108.435,108.498,108.498
2020-01-07 08:00:00,108.436,108.455,108.343,108.445,108.436,108.437
2020-01-07 09:00:00,108.447,108.447,108.262,108.318,108.447,108.447
2020-01-07 10:00:00,108.318,108.502,108.311,108.454,108.318,108.318
2020-01-07 11:00:00,108.454,108.484,108.414,108.468,108.454,108.454
2020-01-07 12:00:00,108.468,108.485,108.368,108.415,108.468,108.468
2020-01-07 13:00:00,108.415,108.427,108.378,108.398,108.415,108.415
2020-01-07 14:00:00,108.398,108.429,108.38,108.424,108.398,108.398
2020-01-07 15:00:00,108.425,108.478,108.418,108.44,108.425,108.425
2020-01-07 16:00:00,108.44,108.483,108.318,108.423,108.44,108.44
2020-01-07 17:00:00,108.423,108.63,108.418,108.608,108.423,108.429
2020-01-07 18:00:00,108.608,108.628,108.528,108.537,108.608,108.608
2020-01-07 19:00:00,108.537,108.556,108.512,108.547,108.537,108.537
2020-01-07 20:00:00,108.547,108.568,108.512,108.542,108.547,108.548
2020-01-07 21:00:00,108.542,108.594,108.523,108.53,108.542,108.542
2020-01-07 22:00:00,108.53,108.557,108.529,108.555,108.53,108.53
2020-01-07 23:00:00,108.555,108.562,108.352,108.458,108.555,108.556
2020-01-08 00:00:00,108.441,108.515,108.403,108.454,108.441,108.457
2020-01-08 01:00:00,108.458,108.47,107.831,107.995,108.458,108.465
2020-01-08 02:00:00,107.998,108.07,107.653,107.867,107.998,107.998
2020-01-08 03:00:00,107.868,108.138,107.81,108.034,107.868,107.868
2020-01-08 04:00:00,108.033,108.462,108.006,108.392,108.033,108.033
2020-01-08 05:00:00,108.392,108.409,108.164,108.363,108.392,108.392
2020-01-08 06:00:00,108.363,108.402,108.277,108.314,108.363,108.363
2020-01-08 07:00:00,108.314,108.383,108.29,108.307,108.314,108.314
2020-01-08 08:00:00,108.307,108.412,108.275,108.379,108.307,108.307
2020-01-08 09:00:00,108.379,108.468,108.378,108.423,108.379,108.38
2020-01-08 10:00:00,108.423,108.49,108.396,108.453,108.423,108.423
2020-01-08 11:00:00,108.454,108.484,108.422,108.448,108.454,108.455
2020-01-08 12:00:00,108.448,108.764,108.425,108.68,108.448,108.448
2020-01-08 13:00:00,108.68,108.774,108.614,108.722,108.68,108.68
2020-01-08 14:00:00,108.722,108.788,108.656,108.76,108.722,108.722
2020-01-08 15:00:00,108.76,108.815,108.671,108.672,108.76,108.76
2020-01-08 16:00:00,108.672,108.744,108.631,108.694,108.672,108.672
2020-01-08 17:00:00,108.694,108.745,108.617,108.624,108.694,108.694
2020-01-08 18:00:00,108.625,109.102,108.624,109.036,108.625,108.625
2020-01-08 19:00:00,109.035,109.135,109.015,109.097,109.035,109.035
2020-01-08 20:00:00,109.098,109.174,109.098,109.137,109.098,109.098
2020-01-08 21:00:00,109.137,109.244,109.137,109.232,109.137,109.137
2020-01-08 22:00:00,109.23,109.231,109.001,109.038,109.23,109.23
2020-01-08 23:00:00,109.041,109.173,109.02,109.13,109.041,109.042
2020-01-09 00:00:00,109.034,109.12,109.034,109.072,109.034,109.134
2020-01-09 01:00:00,109.072,109.125,109.013,109.037,109.072,109.081
2020-01-09 02:00:00,109.038,109.244,109.032,109.186,109.038,109.038
2020-01-09 03:00:00,109.186,109.256,109.182,109.238,109.186,109.187
2020-01-09 04:00:00,109.238,109.239,109.182,109.198,109.238,109.238
2020-01-09 05:00:00,109.197,109.205,109.151,109.192,109.197,109.197
2020-01-09 06:00:00,109.192,109.224,109.186,109.216,109.192,109.192
2020-01-09 07:00:00,109.216,109.285,109.209,109.274,109.216,109.216
2020-01-09 08:00:00,109.276,109.324,109.26,109.284,109.276,109.276
2020-01-09 09:00:00,109.284,109.364,109.252,109.357,109.284,109.284
2020-01-09 10:00:00,109.357,109.374,109.276,109.338,109.357,109.357
2020-01-09 11:00:00,109.339,109.434,109.328,109.432,109.339,109.339
2020-01-09 12:00:00,109.433,109.456,109.402,109.442,109.433,109.433
2020-01-09 13:00:00,109.442,109.489,109.419,109.452,109.442,109.442
2020-01-09 14:00:00,109.452,109.458,109.318,109.354,109.452,109.452
2020-01-09 15:00:00,109.354,109.462,109.352,109.433,109.354,109.354
2020-01-09 16:00:00,109.433,109.518,109.428,109.488,109.433,109.433
2020-01-09 17:00:00,109.488,109.583,109.462,109.542,109.488,109.488
2020-01-09 18:00:00,109.542,109.561,109.471,109.477,109.542,109.542
2020-01-09 19:00:00,109.477,109.515,109.444,109.512,109.477,109.477
2020-01-09 20:00:00,109.512,109.513,109.393,109.454,109.512,109.513
2020-01-09 21:00:00,109.454,109.52,109.453,109.512,109.454,109.455
2020-01-09 22:00:00,109.512,109.539,109.495,109.501,109.512,109.512
2020-01-09 23:00:00,109.501,109.526,109.493,109.523,109.501,109.501
2020-01-10 00:00:00,109.516,109.551,109.452,109.476,109.516,109.525
2020-01-10 01:00:00,109.476,109.528,109.474,109.497,109.476,109.478
2020-01-10 02:00:00,109.497,109.582,109.46,109.489,109.497,109.498
2020-01-10 03:00:00,109.489,109.547,109.478,109.543,109.489,109.489
2020-01-10 04:00:00,109.543,109.549,109.507,109.541,109.543,109.543
2020-01-10 05:00:00,109.54,109.545,109.52,109.53,109.54,109.54
2020-01-10 06:00:00,109.53,109.551,109.53,109.55,109.53,109.53
2020-01-10 07:00:00,109.55,109.606,109.541,109.564,109.55,109.551
2020-01-10 08:00:00,109.564,109.599,109.554,109.568,109.564,109.564
2020-01-10 09:00:00,109.569,109.594,109.564,109.574,109.569,109.569
2020-01-10 10:00:00,109.574,109.594,109.558,109.578,109.574,109.574
2020-01-10 11:00:00,109.578,109.651,109.568,109.641,109.578,109.578
2020-01-10 12:00:00,109.641,109.655,109.612,109.616,109.641,109.641
2020-01-10 13:00:00,109.615,109.645,109.596,109.623,109.615,109.615
2020-01-10 14:00:00,109.624,109.642,109.61,109.637,109.624,109.624
2020-01-10 15:00:00,109.637,109.69,109.499,109.652,109.637,109.638
2020-01-10 16:00:00,109.652,109.69,109.51,109.593,109.652,109.652
2020-01-10 17:00:00,109.594,109.638,109.546,109.562,109.594,109.595
2020-01-10 18:00:00,109.562,109.576,109.448,109.502,109.562,109.562
2020-01-10 19:00:00,109.504,109.504,109.433,109.48,109.504,109.504
2020-01-10 20:00:00,109.48,109.543,109.48,109.536,109.48,109.481
2020-01-10 21:00:00,109.536,109.557,109.514,109.521,109.536,109.536
2020-01-10 22:00:00,109.521,109.534,109.485,109.506,109.521,109.521
2020-01-10 23:00:00,109.506,109.511,109.467,109.49,109.506,109.506
2020-01-13 00:00:00,109.529,109.54,109.503,109.523,109.529,109.613
2020-01-13 01:00:00,109.525,109.594,109.525,109.553,109.525,109.544
2020-01-13 02:00:00,109.553,109.6,109.534,109.589,109.553,109.553
2020-01-13 03:00:00,109.589,109.636,109.588,109.601,109.589,109.589
2020-01-13 04:00:00,109.601,109.636,109.585,109.627,109.601,109.601
2020-01-13 05:00:00,109.627,109.628,109.599,109.614,109.627,109.627
2020-01-13 06:00:00,109.613,109.631,109.611,109.629,109.613,109.614
2020-01-13 07:00:00,109.629,109.648,109.623,109.636,109.629,109.629
2020-01-13 08:00:00,109.636,109.648,109.621,109.624,109.636,109.636
2020-01-13 09:00:00,109.624,109.643,109.619,109.629,109.624,109.624
2020-01-13 10:00:00,109.629,109.698,109.616,109.69,109.629,109.629
2020-01-13 11:00:00,109.69,109.882,109.682,109.849,109.69,109.69
2020-01-13 12:00:00,109.849,109.923,109.834,109.893,109.849,109.849
2020-01-13 13:00:00,109.893,109.904,109.834,109.848,109.893,109.893
2020-01-13 14:00:00,109.849,109.904,109.846,109.888,109.849,109.849
2020-01-13 15:00:00,109.889,109.912,109.826,109.848,109.889,109.889
2020-01-13 16:00:00,109.848,109.906,109.8,109.888,109.848,109.848
2020-01-13 17:00:00,109.888,109.938,109.868,109.922,109.888,109.888
2020-01-13 18:00:00,109.922,109.939,109.846,109.938,109.922,109.922
2020-01-13 19:00:00,109.936,109.944,109.908,109.918,109.936,109.936
2020-01-13 20:00:00,109.918,109.924,109.9,109.918,109.918,109.918
2020-01-13 21:00:00,109.918,109.944,109.905,109.923,109.918,109.919
2020-01-13 22:00:00,109.923,109.928,109.892,109.925,109.923,109.923
2020-01-13 23:00:00,109.926,109.946,109.92,109.94,109.926,109.926
2020-01-14 00:00:00,109.943,109.943,109.903,109.93,109.943,109.948
2020-01-14 01:00:00,109.931,110.03,109.914,110.011,109.931,109.939
2020-01-14 02:00:00,110.011,110.212,110.0,110.156,110.011,110.011
2020-01-14 03:00:00,110.156,110.174,109.997,110.066,110.156,110.156
2020-01-14 04:00:00,110.066,110.106,110.015,110.081,110.066,110.066
2020-01-14 05:00:00,110.081,110.093,110.044,110.078,110.081,110.081
2020-01-14 06:00:00,110.078,110.098,110.044,110.07,110.078,110.078
2020-01-14 07:00:00,110.07,110.109,110.051,110.059,110.07,110.071
2020-01-14 08:00:00,110.059,110.133,110.057,110.117,110.059,110.059
2020-01-14 09:00:00,110.117,110.122,109.966,109.979,110.117,110.117
2020-01-14 10:00:00,109.979,110.029,109.886,109.977,109.979,109.979
2020-01-14 11:00:00,109.976,110.056,109.965,110.02,109.976,109.976
2020-01-14 12:00:00,110.02,110.066,109.996,110.048,110.02,110.02
2020-01-14 13:00:00,110.048,110.052,109.948,109.976,110.048,110.048
2020-01-14 14:00:00,109.976,110.06,109.962,110.056,109.976,109.976
2020-01-14 15:00:00,110.057,110.112,109.971,110.007,110.057,110.057
2020-01-14 16:00:00,110.007,110.074,109.931,109.966,110.007,110.007
2020-01-14 17:00:00,109.966,110.052,109.946,110.048,109.966,109.966
2020-01-14 18:00:00,110.048,110.103,110.022,110.048,110.048,110.048
2020-01-14 19:00:00,110.048,110.11,110.029,110.094,110.048,110.048
2020-01-14 20:00:00,110.094,110.113,109.855,109.958,110.094,110.094
2020-01-14 21:00:00,109.958,110.054,109.918,109.994,109.958,109.958
2020-01-14 22:00:00,109.994,110.004,109.942,109.956,109.994,109.994
2020-01-14 23:00:00,109.956,110.007,109.956,109.998,109.956,109.956
2020-01-15 00:00:00,109.981,110.013,109.944,109.987,109.981,109.992
2020-01-15 01:00:00,109.985,109.99,109.816,109.85,109.985,109.99
2020-01-15 02:00:00,109.85,109.972,109.85,109.911,109.85,109.851
2020-01-15 03:00:00,109.911,109.968,109.901,109.95,109.911,109.911
2020-01-15 04:00:00,109.95,109.962,109.886,109.934,109.95,109.95
2020-01-15 05:00:00,109.934,109.959,109.886,109.9,109.934,109.934
2020-01-15 06:00:00,109.899,109.905,109.867,109.891,109.899,109.899
2020-01-15 07:00:00,109.891,109.932,109.885,109.919,109.891,109.892
2020-01-15 08:00:00,109.919,109.943,109.916,109.94,109.919,109.919
2020-01-15 09:00:00,109.94,109.949,109.906,109.916,109.94,109.94
2020-01-15 10:00:00,109.916,109.948,109.9,109.915,109.916,109.916
2020-01-15 11:00:00,109.915,109.928,109.846,109.868,109.915,109.915
2020-01-15 12:00:00,109.868,109.908,109.85,109.878,109.868,109.868
2020-01-15 13:00:00,109.878,109.886,109.831,109.849,109.878,109.878
2020-01-15 14:00:00,109.849,109.891,109.832,109.87,109.849,109.849
2020-01-15 15:00:00,109.869,109.918,109.822,109.832,109.869,109.869
2020-01-15 16:00:00,109.832,109.948,109.79,109.936,109.832,109.832
2020-01-15 17:00:00,109.936,109.997,109.865,109.986,109.936,109.936
2020-01-15 18:00:00,109.986,110.002,109.923,109.944,109.986,109.986
2020-01-15 19:00:00,109.944,109.966,109.882,109.887,109.944,109.944
2020-01-15 20:00:00,109.887,109.926,109.854,109.886,109.887,109.887
2020-01-15 21:00:00,109.886,109.925,109.882,109.918,109.886,109.886
2020-01-15 22:00:00,109.918,109.927,109.851,109.89,109.918,109.918
2020-01-15 23:00:00,109.89,109.917,109.882,109.902,109.89,109.891
2020-01-16 00:00:00,109.893,109.906,109.855,109.878,109.893,109.903
2020-01-16 01:00:00,109.879,109.912,109.856,109.884,109.879,109.885
2020-01-16 02:00:00,109.884,109.99,109.873,109.925,109.884,109.884
2020-01-16 03:00:00,109.925,109.935,109.896,109.928,109.925,109.925
2020-01-16 04:00:00,109.929,109.948,109.921,109.935,109.929,109.929
2020-01-16 05:00:00,109.935,109.944,109.912,109.936,109.935,109.935
2020-01-16 06:00:00,109.936,109.942,109.918,109.928,109.936,109.936
2020-01-16 07:00:00,109.928,109.948,109.927,109.946,109.928,109.928
2020-01-16 08:00:00,109.946,109.966,109.932,109.965,109.946,109.946
2020-01-16 09:00:00,109.965,109.982,109.952,109.972,109.965,109.965
2020-01-16 10:00:00,109.972,110.067,109.95,110.038,109.972,109.972
2020-01-16 11:00:00,110.038,110.04,109.952,110.001,110.038,110.038
2020-01-16 12:00:00,110.001,110.006,109.956,109.99,110.001,110.001
2020-01-16 13:00:00,109.99,109.992,109.954,109.97,109.99,109.99
2020-01-16 14:00:00,109.97,109.984,109.96,109.968,109.97,109.97
2020-01-16 15:00:00,109.968,110.054,109.927,110.013,109.968,109.968
2020-01-16 16:00:00,110.014,110.146,109.993,110.062,110.014,110.014
2020-01-16 17:00:00,110.062,110.134,109.956,110.116,110.062,110.062
2020-01-16 18:00:00,110.117,110.174,110.113,110.165,110.117,110.117
2020-01-16 19:00:00,110.165,110.178,110.144,110.149,110.165,110.165
2020-01-16 20:00:00,110.148,110.163,110.12,110.132,110.148,110.149
2020-01-16 21:00:00,110.132,110.151,110.122,110.126,110.132,110.132
2020-01-16 22:00:00,110.127,110.173,110.126,110.138,110.127,110.127
2020-01-16 23:00:00,110.139,110.175,110.132,110.163,110.139,110.139
2020-01-17 00:00:00,110.138,110.186,110.105,110.175,110.138,110.141
2020-01-17 01:00:00,110.174,110.236,110.172,110.181,110.174,110.182
2020-01-17 02:00:00,110.181,110.29,110.154,110.262,110.181,110.181
2020-01-17 03:00:00,110.262,110.262,110.153,110.181,110.262,110.262
2020-01-17 04:00:00,110.181,110.224,110.176,110.205,110.181,110.182
2020-01-17 05:00:00,110.205,110.226,110.191,110.217,110.205,110.205
2020-01-17 06:00:00,110.217,110.221,110.182,110.182,110.217,110.217
2020-01-17 07:00:00,110.182,110.212,110.182,110.197,110.182,110.182
2020-01-17 08:00:00,110.197,110.254,110.197,110.242,110.197,110.197
2020-01-17 09:00:00,110.241,110.252,110.197,110.213,110.241,110.241
2020-01-17 10:00:00,110.213,110.242,110.174,110.18,110.213,110.213
2020-01-17 11:00:00,110.18,110.2,110.149,110.177,110.18,110.18
2020-01-17 12:00:00,110.178,110.198,110.109,110.112,110.178,110.178
2020-01-17 13:00:00,110.112,110.16,110.086,110.15,110.112,110.112
2020-01-17 14:00:00,110.15,110.157,110.099,110.101,110.15,110.15
2020-01-17 15:00:00,110.1,110.212,110.092,110.188,110.1,110.1
2020-01-17 16:00:00,110.188,110.214,110.102,110.153,110.188,110.188
2020-01-17 17:00:00,110.153,110.184,110.048,110.166,110.153,110.153
2020-01-17 18:00:00,110.166,110.202,110.13,110.162,110.166,110.166
2020-01-17 19:00:00,110.162,110.178,110.132,110.14,110.162,110.162
2020-01-17 20:00:00,110.14,110.155,110.122,110.138,110.14,110.14
2020-01-17 21:00:00,110.138,110.149,110.112,110.148,110.138,110.138
2020-01-17 22:00:00,110.148,110.172,110.118,110.152,110.148,110.148
2020-01-17 23:00:00,110.153,110.179,110.132,110.163,110.153,110.153
2020-01-20 00:00:00,110.079,110.182,110.079,110.127,110.079,110.108
2020-01-20 01:00:00,110.133,110.194,110.126,110.189,110.133,110.141
2020-01-20 02:00:00,110.189,110.218,110.163,110.179,110.189,110.189
2020-01-20 03:00:00,110.179,110.199,110.154,110.185,110.179,110.18
2020-01-20 04:00:00,110.184,110.212,110.182,110.186,110.184,110.184
2020-01-20 05:00:00,110.186,110.193,110.174,110.187,110.186,110.186
2020-01-20 06:00:00,110.187,110.196,110.171,110.187,110.187,110.187
2020-01-20 07:00:00,110.188,110.2,110.18,110.181,110.188,110.188
2020-01-20 08:00:00,110.182,110.19,110.17,110.18,110.182,110.182
2020-01-20 09:00:00,110.18,110.184,110.116,110.124,110.18,110.181
2020-01-20 10:00:00,110.124,110.174,110.111,110.156,110.124,110.124
2020-01-20 11:00:00,110.156,110.18,110.149,110.168,110.156,110.156
2020-01-20 12:00:00,110.168,110.184,110.159,110.182,110.168,110.168
2020-01-20 13:00:00,110.182,110.192,110.176,110.189,110.182,110.182
2020-01-20 14:00:00,110.189,110.2,110.184,110.188,110.189,110.189
2020-01-20 15:00:00,110.188,110.197,110.174,110.185,110.188,110.188
2020-01-20 16:00:00,110.185,110.193,110.174,110.175,110.185,110.185
2020-01-20 17:00:00,110.175,110.181,110.138,110.155,110.175,110.175
2020-01-20 18:00:00,110.155,110.177,110.153,110.173,110.155,110.155
2020-01-20 19:00:00,110.173,110.185,110.166,110.183,110.173,110.174
2020-01-20 20:00:00,110.183,110.187,110.166,110.175,110.183,110.183
2020-01-20 21:00:00,110.174,110.182,110.153,110.158,110.174,110.175
2020-01-20 22:00:00,110.158,110.174,110.153,110.164,110.158,110.158
2020-01-20 23:00:00,110.165,110.185,110.15,110.184,110.165,110.168
2020-01-21 00:00:00,110.185,110.185,110.167,110.177,110.185,110.191
2020-01-21 01:00:00,110.176,110.186,110.154,110.175,110.176,110.182
2020-01-21 02:00:00,110.179,110.223,110.162,110.214,110.179,110.179
2020-01-21 03:00:00,110.213,110.215,109.904,109.949,110.213,110.213
2020-01-21 04:00:00,109.95,110.021,109.899,109.975,109.95,109.95
2020-01-21 05:00:00,109.975,110.02,109.948,109.972,109.975,109.976
2020-01-21 06:00:00,109.972,109.996,109.935,109.969,109.972,109.972
2020-01-21 07:00:00,109.97,109.999,109.937,109.938,109.97,109.97
2020-01-21 08:00:00,109.938,109.973,109.889,109.906,109.938,109.938
2020-01-21 09:00:00,109.906,110.024,109.902,109.978,109.906,109.906
2020-01-21 10:00:00,109.978,109.99,109.922,109.964,109.978,109.978
2020-01-21 11:00:00,109.966,110.002,109.942,109.956,109.966,109.966
2020-01-21 12:00:00,109.958,110.002,109.956,110.001,109.958,109.958
2020-01-21 13:00:00,110.001,110.078,110.001,110.056,110.001,110.002
2020-01-21 14:00:00,110.056,110.074,110.042,110.042,110.056,110.056
2020-01-21 15:00:00,110.042,110.086,109.999,110.064,110.042,110.043
2020-01-21 16:00:00,110.064,110.122,110.0,110.0,110.064,110.065
2020-01-21 17:00:00,110.0,110.044,109.862,109.908,110.0,110.0
2020-01-21 18:00:00,109.908,109.976,109.883,109.958,109.908,109.908
2020-01-21 19:00:00,109.958,109.975,109.919,109.92,109.958,109.958
2020-01-21 20:00:00,109.92,109.949,109.767,109.799,109.92,109.92
2020-01-21 21:00:00,109.799,109.828,109.762,109.791,109.799,109.8
2020-01-21 22:00:00,109.791,109.848,109.787,109.819,109.791,109.792
2020-01-21 23:00:00,109.817,109.877,109.791,109.876,109.817,109.818
2020-01-22 00:00:00,109.862,109.872,109.829,109.85,109.862,109.872
2020-01-22 01:00:00,109.854,109.932,109.85,109.913,109.854,109.859
2020-01-22 02:00:00,109.913,109.944,109.868,109.902,109.913,109.913
2020-01-22 03:00:00,109.902,109.972,109.866,109.904,109.902,109.902
2020-01-22 04:00:00,109.904,110.1,109.9,110.055,109.904,109.904
2020-01-22 05:00:00,110.055,110.069,110.022,110.032,110.055,110.055
2020-01-22 06:00:00,110.03,110.045,109.99,110.006,110.03,110.03
2020-01-22 07:00:00,110.006,110.049,110.001,110.042,110.006,110.006
2020-01-22 08:00:00,110.042,110.063,110.026,110.044,110.042,110.042
2020-01-22 09:00:00,110.044,110.048,109.976,110.008,110.044,110.044
2020-01-22 10:00:00,110.006,110.008,109.954,109.97,110.006,110.006
2020-01-22 11:00:00,109.969,109.992,109.936,109.964,109.969,109.969
2020-01-22 12:00:00,109.964,109.988,109.951,109.976,109.964,109.964
2020-01-22 13:00:00,109.976,110.006,109.94,109.998,109.976,109.976
2020-01-22 14:00:00,109.998,110.002,109.954,109.973,109.998,109.998
2020-01-22 15:00:00,109.973,109.998,109.946,109.954,109.973,109.973
2020-01-22 16:00:00,109.954,109.966,109.859,109.885,109.954,109.954
2020-01-22 17:00:00,109.881,109.941,109.833,109.91,109.881,109.886
2020-01-22 18:00:00,109.91,109.936,109.852,109.931,109.91,109.91
2020-01-22 19:00:00,109.931,109.938,109.868,109.872,109.931,109.931
2020-01-22 20:00:00,109.871,109.916,109.862,109.884,109.871,109.871
2020-01-22 21:00:00,109.884,109.914,109.877,109.883,109.884,109.885
2020-01-22 22:00:00,109.884,109.89,109.847,109.861,109.884,109.884
2020-01-22 23:00:00,109.861,109.898,109.838,109.838,109.861,109.861
2020-01-23 00:00:00,109.837,109.858,109.808,109.829,109.837,109.842
2020-01-23 01:00:00,109.828,109.841,109.662,109.738,109.828,109.834
2020-01-23 02:00:00,109.739,109.766,109.657,109.673,109.739,109.739
2020-01-23 03:00:00,109.672,109.688,109.596,109.646,109.672,109.672
2020-01-23 04:00:00,109.646,109.683,109.638,109.662,109.646,109.646
2020-01-23 05:00:00,109.662,109.672,109.604,109.61,109.662,109.662
2020-01-23 06:00:00,109.61,109.634,109.577,109.617,109.61,109.61
2020-01-23 07:00:00,109.617,109.622,109.562,109.582,109.617,109.617
2020-01-23 08:00:00,109.582,109.588,109.504,109.552,109.582,109.582
2020-01-23 09:00:00,109.55,109.626,109.534,109.608,109.55,109.55
2020-01-23 10:00:00,109.608,109.615,109.492,109.538,109.608,109.608
2020-01-23 11:00:00,109.538,109.572,109.514,109.532,109.538,109.538
2020-01-23 12:00:00,109.532,109.588,109.522,109.578,109.532,109.532
2020-01-23 13:00:00,109.578,109.642,109.57,109.636,109.578,109.578
2020-01-23 14:00:00,109.635,109.652,109.552,109.596,109.635,109.635
2020-01-23 15:00:00,109.596,109.609,109.501,109.53,109.596,109.597
2020-01-23 16:00:00,109.53,109.577,109.348,109.386,109.53,109.53
2020-01-23 17:00:00,109.384,109.454,109.311,109.374,109.384,109.384
2020-01-23 18:00:00,109.374,109.404,109.267,109.4,109.374,109.374
2020-01-23 19:00:00,109.4,109.412,109.351,109.356,109.4,109.4
2020-01-23 20:00:00,109.356,109.477,109.351,109.474,109.356,109.356
2020-01-23 21:00:00,109.474,109.536,109.464,109.524,109.474,109.474
2020-01-23 22:00:00,109.523,109.528,109.476,109.494,109.523,109.523
2020-01-23 23:00:00,109.494,109.512,109.457,109.493,109.494,109.494
2020-01-24 00:00:00,109.492,109.54,109.478,109.524,109.492,109.497
2020-01-24 01:00:00,109.524,109.572,109.505,109.568,109.524,109.531
2020-01-24 02:00:00,109.568,109.578,109.51,109.535,109.568,109.569
2020-01-24 03:00:00,109.535,109.546,109.44,109.472,109.535,109.535
2020-01-24 04:00:00,109.472,109.491,109.446,109.458,109.472,109.472
2020-01-24 05:00:00,109.458,109.478,109.452,109.477,109.458,109.458
2020-01-24 06:00:00,109.477,109.546,109.47,109.54,109.477,109.477
2020-01-24 07:00:00,109.54,109.55,109.513,109.548,109.54,109.54
2020-01-24 08:00:00,109.547,109.56,109.52,109.529,109.547,109.547
2020-01-24 09:00:00,109.529,109.553,109.509,109.546,109.529,109.53
2020-01-24 10:00:00,109.546,109.654,109.542,109.637,109.546,109.546
2020-01-24 11:00:00,109.638,109.644,109.564,109.572,109.638,109.638
2020-01-24 12:00:00,109.57,109.59,109.522,109.564,109.57,109.57
2020-01-24 13:00:00,109.564,109.63,109.562,109.612,109.564,109.565
2020-01-24 14:00:00,109.612,109.626,109.588,109.619,109.612,109.612
2020-01-24 15:00:00,109.619,109.624,109.522,109.536,109.619,109.619
2020-01-24 16:00:00,109.536,109.562,109.433,109.46,109.536,109.536
2020-01-24 17:00:00,109.46,109.47,109.318,109.44,109.46,109.46
2020-01-24 18:00:00,109.442,109.467,109.32,109.328,109.442,109.442
2020-01-24 19:00:00,109.324,109.354,109.248,109.32,109.324,109.324
2020-01-24 20:00:00,109.32,109.326,109.224,109.258,109.32,109.321
2020-01-24 21:00:00,109.258,109.267,109.174,109.256,109.258,109.259
2020-01-24 22:00:00,109.256,109.327,109.231,109.289,109.256,109.257
2020-01-24 23:00:00,109.289,109.295,109.242,109.281,109.289,109.29
2020-01-27 00:00:00,108.865,109.043,108.865,108.902,108.865,108.96
2020-01-27 01:00:00,108.902,108.946,108.732,108.8,108.902,108.916
2020-01-27 02:00:00,108.8,109.033,108.794,109.027,108.8,108.8
2020-01-27 03:00:00,109.026,109.029,108.938,108.978,109.026,109.027
2020-01-27 04:00:00,108.978,108.98,108.876,108.937,108.978,108.978
2020-01-27 05:00:00,108.937,109.068,108.936,109.036,108.937,108.937
2020-01-27 06:00:00,109.036,109.122,109.012,109.102,109.036,109.036
2020-01-27 07:00:00,109.102,109.113,109.03,109.046,109.102,109.102
2020-01-27 08:00:00,109.047,109.09,109.03,109.065,109.047,109.047
2020-01-27 09:00:00,109.065,109.098,109.01,109.054,109.065,109.065
2020-01-27 10:00:00,109.054,109.138,109.005,109.018,109.054,109.054
2020-01-27 11:00:00,109.018,109.018,108.846,108.894,109.018,109.021
2020-01-27 12:00:00,108.894,108.944,108.861,108.861,108.894,108.894
2020-01-27 13:00:00,108.862,108.958,108.828,108.902,108.862,108.862
2020-01-27 14:00:00,108.902,109.004,108.902,108.956,108.902,108.902
2020-01-27 15:00:00,108.956,109.062,108.921,109.027,108.956,108.956
2020-01-27 16:00:00,109.026,109.098,108.853,108.997,109.026,109.026
2020-01-27 17:00:00,108.998,109.008,108.878,108.911,108.998,108.998
2020-01-27 18:00:00,108.911,109.006,108.872,108.959,108.911,108.911
2020-01-27 19:00:00,108.958,109.06,108.952,109.007,108.958,108.958
2020-01-27 20:00:00,109.008,109.064,108.982,108.997,109.008,109.008
2020-01-27 21:00:00,108.997,109.004,108.92,108.922,108.997,108.997
2020-01-27 22:00:00,108.921,108.963,108.878,108.892,108.921,108.922
2020-01-27 23:00:00,108.892,108.916,108.865,108.903,108.892,108.892
2020-01-28 00:00:00,108.889,108.913,108.878,108.913,108.889,108.899
2020-01-28 01:00:00,108.913,108.963,108.895,108.932,108.913,108.924
2020-01-28 02:00:00,108.931,108.966,108.819,108.85,108.931,108.931
2020-01-28 03:00:00,108.85,109.048,108.838,109.028,108.85,108.85
2020-01-28 04:00:00,109.028,109.034,108.955,109.004,109.028,109.028
2020-01-28 05:00:00,109.004,109.006,108.973,109.003,109.004,109.004
2020-01-28 06:00:00,109.003,109.021,108.97,108.979,109.003,109.003
2020-01-28 07:00:00,108.979,109.043,108.948,109.028,108.979,108.979
2020-01-28 08:00:00,109.028,109.063,109.004,109.062,109.028,109.029
2020-01-28 09:00:00,109.063,109.099,109.042,109.085,109.063,109.063
2020-01-28 10:00:00,109.085,109.085,108.888,108.917,109.085,109.085
2020-01-28 11:00:00,108.917,108.919,108.756,108.825,108.917,108.917
2020-01-28 12:00:00,108.825,108.881,108.816,108.857,108.825,108.825
2020-01-28 13:00:00,108.857,108.916,108.774,108.894,108.857,108.857
2020-01-28 14:00:00,108.894,109.092,108.86,109.06,108.894,108.894
2020-01-28 15:00:00,109.06,109.072,109.0,109.028,109.06,109.061
2020-01-28 16:00:00,109.028,109.032,108.928,109.01,109.028,109.029
2020-01-28 17:00:00,109.01,109.202,109.009,109.144,109.01,109.011
2020-01-28 18:00:00,109.143,109.176,109.088,109.17,109.143,109.143
2020-01-28 19:00:00,109.17,109.196,109.116,109.13,109.17,109.17
2020-01-28 20:00:00,109.13,109.138,109.104,109.131,109.13,109.13
2020-01-28 21:00:00,109.131,109.172,109.124,109.141,109.131,109.132
2020-01-28 22:00:00,109.139,109.154,109.102,109.117,109.139,109.14
2020-01-28 23:00:00,109.117,109.173,109.114,109.147,109.117,109.117
2020-01-29 00:00:00,109.144,109.263,109.059,109.235,109.144,109.153
2020-01-29 01:00:00,109.234,109.237,109.08,109.136,109.234,109.245
2020-01-29 02:00:00,109.136,109.163,109.073,109.112,109.136,109.136
2020-01-29 03:00:00,109.112,109.235,109.077,109.198,109.112,109.112
2020-01-29 04:00:00,109.198,109.223,109.148,109.187,109.198,109.198
2020-01-29 05:00:00,109.187,109.232,109.184,109.206,109.187,109.188
2020-01-29 06:00:00,109.206,109.212,109.181,109.196,109.206,109.206
2020-01-29 07:00:00,109.196,109.201,109.127,109.127,109.196,109.196
2020-01-29 08:00:00,109.127,109.138,109.082,109.104,109.127,109.127
2020-01-29 09:00:00,109.104,109.116,109.035,109.102,109.104,109.104
2020-01-29 10:00:00,109.102,109.156,109.038,109.084,109.102,109.102
2020-01-29 11:00:00,109.083,109.098,109.008,109.027,109.083,109.083
2020-01-29 12:00:00,109.027,109.096,109.027,109.091,109.027,109.027
2020-01-29 13:00:00,109.091,109.117,109.058,109.082,109.091,109.091
2020-01-29 14:00:00,109.082,109.134,109.076,109.115,109.082,109.082
2020-01-29 15:00:00,109.115,109.163,109.092,109.148,109.115,109.115
2020-01-29 16:00:00,109.148,109.186,109.038,109.066,109.148,109.148
2020-01-29 17:00:00,109.066,109.186,108.977,109.156,109.066,109.067
2020-01-29 18:00:00,109.156,109.186,109.132,109.156,109.156,109.156
2020-01-29 19:00:00,109.156,109.179,109.138,109.152,109.156,109.156
2020-01-29 20:00:00,109.152,109.221,109.15,109.18,109.152,109.152
2020-01-29 21:00:00,109.18,109.256,109.033,109.035,109.18,109.209
2020-01-29 22:00:00,109.035,109.1,108.996,109.059,109.035,109.038
2020-01-29 23:00:00,109.059,109.084,109.017,109.02,109.059,109.059
2020-01-30 00:00:00,109.01,109.045,108.978,109.01,109.01,109.018
2020-01-30 01:00:00,109.01,109.064,108.949,108.988,109.01,109.018
2020-01-30 02:00:00,108.988,109.046,108.934,108.967,108.988,108.988
2020-01-30 03:00:00,108.967,108.988,108.9,108.95,108.967,108.968
2020-01-30 04:00:00,108.95,108.956,108.87,108.896,108.95,108.95
2020-01-30 05:00:00,108.896,108.942,108.865,108.878,108.896,108.896
2020-01-30 06:00:00,108.878,108.932,108.844,108.906,108.878,108.878
2020-01-30 07:00:00,108.906,108.922,108.856,108.92,108.906,108.906
2020-01-30 08:00:00,108.92,108.959,108.904,108.904,108.92,108.92
2020-01-30 09:00:00,108.904,108.926,108.808,108.864,108.904,108.904
2020-01-30 10:00:00,108.864,108.909,108.818,108.883,108.864,108.865
2020-01-30 11:00:00,108.883,108.978,108.866,108.902,108.883,108.883
2020-01-30 12:00:00,108.902,108.952,108.888,108.924,108.902,108.902
2020-01-30 13:00:00,108.924,108.927,108.846,108.893,108.924,108.924
2020-01-30 14:00:00,108.893,108.896,108.766,108.782,108.893,108.896
2020-01-30 15:00:00,108.782,108.936,108.773,108.898,108.782,108.782
2020-01-30 16:00:00,108.9,109.01,108.851,108.903,108.9,108.9
2020-01-30 17:00:00,108.903,108.956,108.65,108.672,108.903,108.903
2020-01-30 18:00:00,108.672,108.802,108.66,108.746,108.672,108.672
2020-01-30 19:00:00,108.746,108.782,108.584,108.605,108.746,108.746
2020-01-30 20:00:00,108.605,108.68,108.587,108.636,108.605,108.606
2020-01-30 21:00:00,108.633,108.85,108.61,108.766,108.633,108.633
2020-01-30 22:00:00,108.766,108.919,108.762,108.912,108.766,108.767
2020-01-30 23:00:00,108.912,108.998,108.905,108.934,108.912,108.912
2020-01-31 00:00:00,108.953,109.005,108.918,108.93,108.953,108.971
2020-01-31 01:00:00,108.93,108.941,108.878,108.892,108.93,108.939
2020-01-31 02:00:00,108.892,109.07,108.89,109.052,108.892,108.892
2020-01-31 03:00:00,109.052,109.136,109.012,109.054,109.052,109.052
2020-01-31 04:00:00,109.054,109.109,109.047,109.059,109.054,109.054
2020-01-31 05:00:00,109.059,109.125,109.026,109.076,109.059,109.06
2020-01-31 06:00:00,109.076,109.087,109.046,109.087,109.076,109.076
2020-01-31 07:00:00,109.087,109.103,109.058,109.072,109.087,109.088
2020-01-31 08:00:00,109.072,109.074,109.004,109.037,109.072,109.072
2020-01-31 09:00:00,109.037,109.085,109.023,109.053,109.037,109.037
2020-01-31 10:00:00,109.051,109.07,109.0,109.021,109.051,109.051
2020-01-31 11:00:00,109.021,109.032,108.924,108.968,109.021,109.021
2020-01-31 12:00:00,108.968,108.988,108.889,108.946,108.968,108.969
2020-01-31 13:00:00,108.946,108.982,108.915,108.917,108.946,108.946
2020-01-31 14:00:00,108.917,108.964,108.914,108.963,108.917,108.917
2020-01-31 15:00:00,108.963,108.968,108.826,108.85,108.963,108.963
2020-01-31 16:00:00,108.85,108.888,108.722,108.758,108.85,108.85
2020-01-31 17:00:00,108.758,108.774,108.358,108.398,108.758,108.758
2020-01-31 18:00:00,108.398,108.521,108.311,108.507,108.398,108.398
2020-01-31 19:00:00,108.507,108.525,108.342,108.424,108.507,108.507
2020-01-31 20:00:00,108.424,108.455,108.33,108.415,108.424,108.424
2020-01-31 21:00:00,108.415,108.448,108.33,108.35,108.415,108.415
2020-01-31 22:00:00,108.35,108.423,108.308,108.352,108.35,108.35
2020-01-31 23:00:00,108.352,108.382,108.334,108.361,108.352,108.353
2020-02-03 00:00:00,108.464,108.471,108.309,108.345,108.464,108.504
2020-02-03 01:00:00,108.345,108.416,108.317,108.388,108.345,108.358
2020-02-03 02:00:00,108.388,108.568,108.367,108.489,108.388,108.388
2020-02-03 03:00:00,108.489,108.583,108.418,108.563,108.489,108.489
2020-02-03 04:00:00,108.563,108.572,108.474,108.483,108.563,108.563
2020-02-03 05:00:00,108.483,108.552,108.474,108.548,108.483,108.483
2020-02-03 06:00:00,108.548,108.552,108.474,108.478,108.548,108.548
2020-02-03 07:00:00,108.479,108.534,108.478,108.53,108.479,108.479
2020-02-03 08:00:00,108.53,108.531,108.476,108.525,108.53,108.531
2020-02-03 09:00:00,108.524,108.7,108.496,108.626,108.524,108.524
2020-02-03 10:00:00,108.626,108.652,108.464,108.614,108.626,108.626
2020-02-03 11:00:00,108.614,108.614,108.508,108.508,108.614,108.614
2020-02-03 12:00:00,108.508,108.531,108.42,108.422,108.508,108.508
2020-02-03 13:00:00,108.422,108.541,108.419,108.528,108.422,108.422
2020-02-03 14:00:00,108.528,108.533,108.484,108.514,108.528,108.528
2020-02-03 15:00:00,108.514,108.578,108.508,108.542,108.514,108.514
2020-02-03 16:00:00,108.542,108.673,108.484,108.626,108.542,108.542
2020-02-03 17:00:00,108.626,108.799,108.587,108.712,108.626,108.63
2020-02-03 18:00:00,108.713,108.732,108.522,108.595,108.713,108.713
2020-02-03 19:00:00,108.595,108.68,108.554,108.666,108.595,108.595
2020-02-03 20:00:00,108.666,108.674,108.59,108.672,108.666,108.666
2020-02-03 21:00:00,108.672,108.694,108.632,108.678,108.672,108.673
2020-02-03 22:00:00,108.678,108.745,108.661,108.689,108.678,108.678
2020-02-03 23:00:00,108.689,108.702,108.667,108.67,108.689,108.689
2020-02-04 00:00:00,108.664,108.701,108.646,108.661,108.664,108.694
2020-02-04 01:00:00,108.661,108.67,108.583,108.62,108.661,108.664
2020-02-04 02:00:00,108.622,108.658,108.574,108.593,108.622,108.622
2020-02-04 03:00:00,108.593,108.716,108.55,108.702,108.593,108.594
2020-02-04 04:00:00,108.701,108.701,108.614,108.666,108.701,108.701
2020-02-04 05:00:00,108.666,108.784,108.624,108.695,108.666,108.666
2020-02-04 06:00:00,108.695,108.783,108.695,108.737,108.695,108.695
2020-02-04 07:00:00,108.737,108.856,108.722,108.816,108.737,108.737
2020-02-04 08:00:00,108.816,108.936,108.792,108.915,108.816,108.816
2020-02-04 09:00:00,108.915,108.95,108.829,108.941,108.915,108.915
2020-02-04 10:00:00,108.941,109.088,108.919,109.036,108.941,108.941
2020-02-04 11:00:00,109.036,109.132,109.008,109.086,109.036,109.036
2020-02-04 12:00:00,109.086,109.094,108.982,108.986,109.086,109.086
2020-02-04 13:00:00,108.986,109.065,108.976,109.033,108.986,108.986
2020-02-04 14:00:00,109.033,109.142,109.03,109.136,109.033,109.033
2020-02-04 15:00:00,109.136,109.2,109.07,109.186,109.136,109.136
2020-02-04 16:00:00,109.186,109.274,109.131,109.252,109.186,109.186
2020-02-04 17:00:00,109.252,109.364,109.201,109.336,109.252,109.253
2020-02-04 18:00:00,109.337,109.448,109.294,109.407,109.337,109.337
2020-02-04 19:00:00,109.406,109.47,109.394,109.462,109.406,109.406
2020-02-04 20:00:00,109.462,109.524,109.432,109.48,109.462,109.462
2020-02-04 21:00:00,109.48,109.54,109.472,109.502,109.48,109.48
2020-02-04 22:00:00,109.501,109.545,109.462,109.473,109.501,109.501
2020-02-04 23:00:00,109.473,109.542,109.45,109.524,109.473,109.473
2020-02-05 00:00:00,109.52,109.522,109.441,109.467,109.52,109.525
2020-02-05 01:00:00,109.467,109.498,109.433,109.445,109.467,109.474
2020-02-05 02:00:00,109.444,109.485,109.374,109.42,109.444,109.445
2020-02-05 03:00:00,109.42,109.49,109.368,109.486,109.42,109.42
2020-02-05 04:00:00,109.487,109.492,109.448,109.458,109.487,109.487
2020-02-05 05:00:00,109.458,109.473,109.407,109.448,109.458,109.46
2020-02-05 06:00:00,109.448,109.483,109.439,109.474,109.448,109.448
2020-02-05 07:00:00,109.474,109.48,109.406,109.434,109.474,109.474
2020-02-05 08:00:00,109.434,109.464,109.402,109.414,109.434,109.434
2020-02-05 09:00:00,109.412,109.424,109.318,109.337,109.412,109.412
2020-02-05 10:00:00,109.338,109.722,109.305,109.558,109.338,109.338
2020-02-05 11:00:00,109.558,109.707,109.532,109.698,109.558,109.558
2020-02-05 12:00:00,109.698,109.706,109.621,109.673,109.698,109.698
2020-02-05 13:00:00,109.673,109.726,109.546,109.576,109.673,109.673
2020-02-05 14:00:00,109.574,109.698,109.556,109.69,109.574,109.574
2020-02-05 15:00:00,109.688,109.809,109.676,109.777,109.688,109.688
2020-02-05 16:00:00,109.776,109.836,109.73,109.817,109.776,109.776
2020-02-05 17:00:00,109.817,109.844,109.648,109.758,109.817,109.822
2020-02-05 18:00:00,109.758,109.758,109.668,109.746,109.758,109.758
2020-02-05 19:00:00,109.746,109.765,109.727,109.765,109.746,109.746
2020-02-05 20:00:00,109.765,109.775,109.738,109.765,109.765,109.765
2020-02-05 21:00:00,109.766,109.836,109.754,109.836,109.766,109.766
2020-02-05 22:00:00,109.836,109.838,109.8,109.828,109.836,109.836
2020-02-05 23:00:00,109.829,109.846,109.805,109.831,109.829,109.829
2020-02-06 00:00:00,109.818,109.831,109.699,109.797,109.818,109.826
2020-02-06 01:00:00,109.798,109.824,109.779,109.821,109.798,109.803
2020-02-06 02:00:00,109.821,109.907,109.803,109.844,109.821,109.821
2020-02-06 03:00:00,109.844,109.898,109.809,109.833,109.844,109.845
2020-02-06 04:00:00,109.833,109.896,109.833,109.884,109.833,109.833
2020-02-06 05:00:00,109.884,109.904,109.853,109.896,109.884,109.884
2020-02-06 06:00:00,109.896,109.968,109.887,109.958,109.896,109.896
2020-02-06 07:00:00,109.958,109.982,109.906,109.91,109.958,109.958
2020-02-06 08:00:00,109.91,109.97,109.892,109.902,109.91,109.91
2020-02-06 09:00:00,109.902,109.921,109.852,109.911,109.902,109.902
2020-02-06 10:00:00,109.911,109.958,109.878,109.946,109.911,109.911
2020-02-06 11:00:00,109.947,109.947,109.794,109.851,109.947,109.947
2020-02-06 12:00:00,109.851,109.851,109.782,109.798,109.851,109.851
2020-02-06 13:00:00,109.798,109.932,109.796,109.924,109.798,109.798
2020-02-06 14:00:00,109.924,109.934,109.848,109.856,109.924,109.924
2020-02-06 15:00:00,109.856,109.926,109.824,109.883,109.856,109.856
2020-02-06 16:00:00,109.883,109.933,109.82,109.933,109.883,109.883
2020-02-06 17:00:00,109.933,109.99,109.883,109.972,109.933,109.933
2020-02-06 18:00:00,109.972,109.986,109.894,109.897,109.972,109.972
2020-02-06 19:00:00,109.898,109.976,109.886,109.972,109.898,109.898
2020-02-06 20:00:00,109.972,109.99,109.948,109.978,109.972,109.972
2020-02-06 21:00:00,109.978,110.0,109.97,109.977,109.978,109.978
2020-02-06 22:00:00,109.976,110.004,109.945,109.994,109.976,109.976
2020-02-06 23:00:00,109.994,110.0,109.967,109.998,109.994,109.994
2020-02-07 00:00:00,109.988,110.021,109.976,109.983,109.988,109.994
2020-02-07 01:00:00,109.983,110.017,109.959,109.964,109.983,109.99
2020-02-07 02:00:00,109.965,109.988,109.814,109.873,109.965,109.965
2020-02-07 03:00:00,109.873,109.93,109.84,109.915,109.873,109.873
2020-02-07 04:00:00,109.915,109.938,109.897,109.902,109.915,109.915
2020-02-07 05:00:00,109.901,109.925,109.895,109.91,109.901,109.902
2020-02-07 06:00:00,109.911,109.925,109.897,109.918,109.911,109.911
2020-02-07 07:00:00,109.918,109.926,109.874,109.885,109.918,109.918
2020-02-07 08:00:00,109.885,109.982,109.87,109.972,109.885,109.886
2020-02-07 09:00:00,109.972,109.995,109.883,109.925,109.972,109.972
2020-02-07 10:00:00,109.928,109.95,109.862,109.942,109.928,109.928
2020-02-07 11:00:00,109.942,109.952,109.78,109.784,109.942,109.942
2020-02-07 12:00:00,109.784,109.818,109.672,109.77,109.784,109.784
2020-02-07 13:00:00,109.77,109.848,109.738,109.828,109.77,109.77
2020-02-07 14:00:00,109.828,109.888,109.818,109.874,109.828,109.828
2020-02-07 15:00:00,109.874,109.998,109.744,109.776,109.874,109.874
2020-02-07 16:00:00,109.776,109.844,109.54,109.579,109.776,109.776
2020-02-07 17:00:00,109.581,109.8,109.533,109.776,109.581,109.581
2020-02-07 18:00:00,109.772,109.844,109.722,109.808,109.772,109.772
2020-02-07 19:00:00,109.808,109.837,109.784,109.808,109.808,109.808
2020-02-07 20:00:00,109.808,109.827,109.748,109.748,109.808,109.808
2020-02-07 21:00:00,109.748,109.764,109.702,109.734,109.748,109.749
2020-02-07 22:00:00,109.734,109.778,109.733,109.769,109.734,109.734
2020-02-07 23:00:00,109.769,109.802,109.751,109.763,109.769,109.769
2020-02-10 00:00:00,109.688,109.754,109.673,109.716,109.688,109.714
2020-02-10 01:00:00,109.723,109.779,109.561,109.619,109.723,109.729
2020-02-10 02:00:00,109.619,109.712,109.607,109.654,109.619,109.619
2020-02-10 03:00:00,109.654,109.812,109.632,109.784,109.654,109.654
2020-02-10 04:00:00,109.784,109.878,109.776,109.834,109.784,109.784
2020-02-10 05:00:00,109.834,109.854,109.764,109.767,109.834,109.834
2020-02-10 06:00:00,109.767,109.782,109.728,109.733,109.767,109.767
2020-02-10 07:00:00,109.733,109.799,109.733,109.777,109.733,109.734
2020-02-10 08:00:00,109.776,109.836,109.761,109.822,109.776,109.776
2020-02-10 09:00:00,109.826,109.852,109.759,109.802,109.826,109.826
2020-02-10 10:00:00,109.802,109.846,109.722,109.782,109.802,109.802
2020-02-10 11:00:00,109.782,109.824,109.724,109.726,109.782,109.782
2020-02-10 12:00:00,109.726,109.814,109.706,109.769,109.726,109.726
2020-02-10 13:00:00,109.769,109.812,109.759,109.778,109.769,109.769
2020-02-10 14:00:00,109.778,109.796,109.729,109.748,109.778,109.778
2020-02-10 15:00:00,109.748,109.784,109.704,109.74,109.748,109.748
2020-02-10 16:00:00,109.74,109.772,109.652,109.77,109.74,109.74
2020-02-10 17:00:00,109.77,109.77,109.696,109.732,109.77,109.77
2020-02-10 18:00:00,109.736,109.8,109.728,109.768,109.736,109.736
2020-02-10 19:00:00,109.768,109.769,109.642,109.686,109.768,109.769
2020-02-10 20:00:00,109.686,109.718,109.678,109.683,109.686,109.686
2020-02-10 21:00:00,109.683,109.698,109.662,109.697,109.683,109.683
2020-02-10 22:00:00,109.698,109.756,109.68,109.746,109.698,109.698
2020-02-10 23:00:00,109.744,109.776,109.728,109.776,109.744,109.744
2020-02-11 00:00:00,109.771,109.782,109.723,109.751,109.771,109.778
2020-02-11 01:00:00,109.751,109.782,109.748,109.769,109.751,109.76
2020-02-11 02:00:00,109.769,109.832,109.74,109.815,109.769,109.769
2020-02-11 03:00:00,109.815,109.856,109.803,109.848,109.815,109.816
2020-02-11 04:00:00,109.848,109.9,109.832,109.878,109.848,109.848
2020-02-11 05:00:00,109.877,109.89,109.843,109.875,109.877,109.877
2020-02-11 06:00:00,109.875,109.886,109.86,109.882,109.875,109.875
2020-02-11 07:00:00,109.882,109.907,109.872,109.894,109.882,109.882
2020-02-11 08:00:00,109.895,109.932,109.894,109.898,109.895,109.895
2020-02-11 09:00:00,109.898,109.914,109.851,109.913,109.898,109.898
2020-02-11 10:00:00,109.913,109.946,109.862,109.879,109.913,109.913
2020-02-11 11:00:00,109.879,109.894,109.832,109.864,109.879,109.879
2020-02-11 12:00:00,109.864,109.892,109.834,109.876,109.864,109.864
2020-02-11 13:00:00,109.876,109.88,109.834,109.85,109.876,109.876
2020-02-11 14:00:00,109.851,109.862,109.815,109.847,109.851,109.851
2020-02-11 15:00:00,109.847,109.851,109.75,109.782,109.847,109.847
2020-02-11 16:00:00,109.782,109.825,109.748,109.802,109.782,109.782
2020-02-11 17:00:00,109.802,109.966,109.801,109.906,109.802,109.802
2020-02-11 18:00:00,109.906,109.934,109.754,109.788,109.906,109.906
2020-02-11 19:00:00,109.788,109.824,109.771,109.816,109.788,109.788
2020-02-11 20:00:00,109.814,109.838,109.754,109.784,109.814,109.814
2020-02-11 21:00:00,109.783,109.788,109.734,109.751,109.783,109.783
2020-02-11 22:00:00,109.752,109.788,109.727,109.78,109.752,109.752
2020-02-11 23:00:00,109.78,109.79,109.778,109.789,109.78,109.78
2020-02-12 00:00:00,109.785,109.811,109.766,109.783,109.785,109.791
2020-02-12 01:00:00,109.783,109.851,109.782,109.844,109.783,109.792
2020-02-12 02:00:00,109.844,109.866,109.8,109.844,109.844,109.844
2020-02-12 03:00:00,109.842,109.885,109.828,109.87,109.842,109.842
2020-02-12 04:00:00,109.87,109.892,109.842,109.879,109.87,109.87
2020-02-12 05:00:00,109.878,109.878,109.824,109.826,109.878,109.879
2020-02-12 06:00:00,109.826,109.841,109.818,109.828,109.826,109.826
2020-02-12 07:00:00,109.828,109.868,109.826,109.858,109.828,109.828
2020-02-12 08:00:00,109.858,109.888,109.847,109.87,109.858,109.858
2020-02-12 09:00:00,109.869,109.923,109.846,109.882,109.869,109.869
2020-02-12 10:00:00,109.882,110.134,109.869,110.107,109.882,109.882
2020-02-12 11:00:00,110.108,110.114,109.962,109.992,110.108,110.108
2020-02-12 12:00:00,109.992,110.037,109.918,109.965,109.992,109.992
2020-02-12 13:00:00,109.965,109.996,109.936,109.956,109.965,109.966
2020-02-12 14:00:00,109.956,109.984,109.946,109.956,109.956,109.956
2020-02-12 15:00:00,109.956,110.01,109.948,109.983,109.956,109.956
2020-02-12 16:00:00,109.982,110.058,109.979,110.055,109.982,109.982
2020-02-12 17:00:00,110.055,110.058,109.998,110.014,110.055,110.055
2020-02-12 18:00:00,110.014,110.08,109.984,110.01,110.014,110.014
2020-02-12 19:00:00,110.01,110.042,109.997,110.038,110.01,110.01
2020-02-12 20:00:00,110.037,110.045,109.988,110.041,110.037,110.037
2020-02-12 21:00:00,110.041,110.096,110.031,110.08,110.041,110.042
2020-02-12 22:00:00,110.079,110.112,110.07,110.073,110.079,110.08
2020-02-12 23:00:00,110.073,110.119,110.068,110.097,110.073,110.073
2020-02-13 00:00:00,110.081,110.09,110.061,110.077,110.081,110.094
2020-02-13 01:00:00,110.077,110.088,109.803,109.869,110.077,110.084
2020-02-13 02:00:00,109.87,109.933,109.851,109.882,109.87,109.871
2020-02-13 03:00:00,109.882,109.987,109.872,109.948,109.882,109.882
2020-02-13 04:00:00,109.948,109.98,109.918,109.924,109.948,109.948
2020-02-13 05:00:00,109.924,109.937,109.855,109.86,109.924,109.925
2020-02-13 06:00:00,109.86,109.898,109.854,109.86,109.86,109.86
2020-02-13 07:00:00,109.86,109.888,109.823,109.825,109.86,109.86
2020-02-13 08:00:00,109.825,109.848,109.776,109.812,109.825,109.826
2020-02-13 09:00:00,109.812,109.85,109.717,109.728,109.812,109.812
2020-02-13 10:00:00,109.729,109.793,109.716,109.763,109.729,109.729
2020-02-13 11:00:00,109.763,109.808,109.716,109.737,109.763,109.763
2020-02-13 12:00:00,109.737,109.744,109.618,109.695,109.737,109.737
2020-02-13 13:00:00,109.694,109.727,109.652,109.706,109.694,109.694
2020-02-13 14:00:00,109.706,109.746,109.671,109.72,109.706,109.706
2020-02-13 15:00:00,109.72,109.792,109.684,109.754,109.72,109.72
2020-02-13 16:00:00,109.752,109.852,109.708,109.728,109.752,109.752
2020-02-13 17:00:00,109.728,109.822,109.647,109.801,109.728,109.728
2020-02-13 18:00:00,109.801,109.868,109.772,109.821,109.801,109.801
2020-02-13 19:00:00,109.821,109.832,109.756,109.768,109.821,109.821
2020-02-13 20:00:00,109.768,109.83,109.744,109.816,109.768,109.768
2020-02-13 21:00:00,109.817,109.85,109.774,109.807,109.817,109.817
2020-02-13 22:00:00,109.807,109.825,109.767,109.783,109.807,109.807
2020-02-13 23:00:00,109.782,109.834,109.777,109.828,109.782,109.782
2020-02-14 00:00:00,109.813,109.827,109.771,109.815,109.813,109.826
2020-02-14 01:00:00,109.815,109.818,109.73,109.771,109.815,109.824
2020-02-14 02:00:00,109.771,109.872,109.752,109.86,109.771,109.771
2020-02-14 03:00:00,109.86,109.866,109.763,109.814,109.86,109.86
2020-02-14 04:00:00,109.814,109.866,109.793,109.866,109.814,109.814
2020-02-14 05:00:00,109.866,109.912,109.822,109.841,109.866,109.866
2020-02-14 06:00:00,109.841,109.842,109.78,109.782,109.841,109.841
2020-02-14 07:00:00,109.782,109.816,109.78,109.798,109.782,109.782
2020-02-14 08:00:00,109.798,109.8,109.748,109.782,109.798,109.798
2020-02-14 09:00:00,109.782,109.838,109.752,109.786,109.782,109.785
2020-02-14 10:00:00,109.786,109.83,109.757,109.796,109.786,109.786
2020-02-14 11:00:00,109.796,109.838,109.783,109.803,109.796,109.796
2020-02-14 12:00:00,109.803,109.826,109.79,109.825,109.803,109.803
2020-02-14 13:00:00,109.825,109.831,109.799,109.802,109.825,109.825
2020-02-14 14:00:00,109.802,109.858,109.8,109.853,109.802,109.802
2020-02-14 15:00:00,109.853,109.878,109.737,109.778,109.853,109.853
2020-02-14 16:00:00,109.779,109.815,109.7,109.732,109.779,109.779
2020-02-14 17:00:00,109.732,109.778,109.714,109.761,109.732,109.732
2020-02-14 18:00:00,109.761,109.8,109.757,109.769,109.761,109.761
2020-02-14 19:00:00,109.769,109.779,109.729,109.734,109.769,109.769
2020-02-14 20:00:00,109.734,109.772,109.706,109.727,109.734,109.734
2020-02-14 21:00:00,109.727,109.773,109.699,109.772,109.727,109.727
2020-02-14 22:00:00,109.772,109.797,109.746,109.781,109.772,109.772
2020-02-14 23:00:00,109.781,109.79,109.744,109.775,109.781,109.782
2020-02-17 00:00:00,109.827,109.853,109.749,109.777,109.827,109.875
2020-02-17 01:00:00,109.777,109.836,109.772,109.796,109.777,109.787
2020-02-17 02:00:00,109.795,109.823,109.72,109.773,109.795,109.795
2020-02-17 03:00:00,109.772,109.84,109.755,109.836,109.772,109.772
2020-02-17 04:00:00,109.836,109.854,109.806,109.834,109.836,109.836
2020-02-17 05:00:00,109.834,109.84,109.807,109.817,109.834,109.834
2020-02-17 06:00:00,109.817,109.837,109.803,109.834,109.817,109.817
2020-02-17 07:00:00,109.834,109.844,109.818,109.841,109.834,109.834
2020-02-17 08:00:00,109.842,109.855,109.834,109.853,109.842,109.842
2020-02-17 09:00:00,109.854,109.868,109.843,109.865,109.854,109.854
2020-02-17 10:00:00,109.865,109.87,109.832,109.838,109.865,109.865
2020-02-17 11:00:00,109.838,109.878,109.818,109.872,109.838,109.838
2020-02-17 12:00:00,109.873,109.883,109.86,109.875,109.873,109.873
2020-02-17 13:00:00,109.875,109.891,109.868,109.887,109.875,109.876
2020-02-17 14:00:00,109.887,109.896,109.868,109.88,109.887,109.888
2020-02-17 15:00:00,109.878,109.883,109.866,109.873,109.878,109.878
2020-02-17 16:00:00,109.873,109.932,109.865,109.917,109.873,109.873
2020-02-17 17:00:00,109.918,109.962,109.89,109.944,109.918,109.918
2020-02-17 18:00:00,109.944,109.95,109.907,109.92,109.944,109.944
2020-02-17 19:00:00,109.92,109.928,109.903,109.926,109.92,109.92
2020-02-17 20:00:00,109.925,109.952,109.923,109.94,109.925,109.926
2020-02-17 21:00:00,109.941,109.942,109.932,109.941,109.941,109.941
2020-02-17 22:00:00,109.941,109.943,109.925,109.926,109.941,109.942
2020-02-17 23:00:00,109.923,109.929,109.857,109.872,109.923,109.929
2020-02-18 00:00:00,109.871,109.879,109.8,109.858,109.871,109.887
2020-02-18 01:00:00,109.858,109.87,109.8,109.838,109.858,109.869
2020-02-18 02:00:00,109.838,109.842,109.701,109.755,109.838,109.838
2020-02-18 03:00:00,109.755,109.8,109.716,109.773,109.755,109.756
2020-02-18 04:00:00,109.773,109.798,109.664,109.68,109.773,109.773
2020-02-18 05:00:00,109.68,109.714,109.658,109.708,109.68,109.68
2020-02-18 06:00:00,109.708,109.76,109.702,109.745,109.708,109.708
2020-02-18 07:00:00,109.745,109.765,109.722,109.754,109.745,109.745
2020-02-18 08:00:00,109.754,109.798,109.74,109.77,109.754,109.754
2020-02-18 09:00:00,109.77,109.78,109.676,109.701,109.77,109.771
2020-02-18 10:00:00,109.701,109.772,109.692,109.75,109.701,109.701
2020-02-18 11:00:00,109.75,109.751,109.664,109.724,109.75,109.75
2020-02-18 12:00:00,109.724,109.744,109.686,109.726,109.724,109.724
2020-02-18 13:00:00,109.724,109.734,109.702,109.722,109.724,109.724
2020-02-18 14:00:00,109.723,109.778,109.714,109.772,109.723,109.723
2020-02-18 15:00:00,109.772,109.802,109.735,109.78,109.772,109.772
2020-02-18 16:00:00,109.78,109.948,109.77,109.92,109.78,109.78
2020-02-18 17:00:00,109.92,109.934,109.798,109.808,109.92,109.92
2020-02-18 18:00:00,109.809,109.836,109.776,109.807,109.809,109.809
2020-02-18 19:00:00,109.807,109.89,109.806,109.87,109.807,109.807
2020-02-18 20:00:00,109.87,109.906,109.834,109.853,109.87,109.87
2020-02-18 21:00:00,109.853,109.886,109.84,109.867,109.853,109.853
2020-02-18 22:00:00,109.872,109.886,109.852,109.858,109.872,109.872
2020-02-18 23:00:00,109.858,109.883,109.85,109.872,109.858,109.858
2020-02-19 00:00:00,109.871,109.873,109.849,109.863,109.871,109.88
2020-02-19 01:00:00,109.863,109.934,109.853,109.922,109.863,109.875
2020-02-19 02:00:00,109.922,109.95,109.899,109.913,109.922,109.922
2020-02-19 03:00:00,109.913,109.982,109.864,109.971,109.913,109.913
2020-02-19 04:00:00,109.971,110.114,109.971,110.035,109.971,109.971
2020-02-19 05:00:00,110.035,110.072,110.026,110.058,110.035,110.036
2020-02-19 06:00:00,110.058,110.07,110.008,110.029,110.058,110.058
2020-02-19 07:00:00,110.029,110.066,110.024,110.052,110.029,110.029
2020-02-19 08:00:00,110.052,110.062,110.024,110.045,110.052,110.052
2020-02-19 09:00:00,110.046,110.146,110.039,110.122,110.046,110.046
2020-02-19 10:00:00,110.122,110.19,110.065,110.183,110.122,110.122
2020-02-19 11:00:00,110.183,110.25,110.168,110.237,110.183,110.183
2020-02-19 12:00:00,110.238,110.368,110.217,110.328,110.238,110.238
2020-02-19 13:00:00,110.328,110.449,110.308,110.447,110.328,110.328
2020-02-19 14:00:00,110.447,110.518,110.408,110.488,110.447,110.447
2020-02-19 15:00:00,110.488,110.801,110.474,110.657,110.488,110.488
2020-02-19 16:00:00,110.658,110.891,110.654,110.832,110.658,110.658
2020-02-19 17:00:00,110.832,110.98,110.77,110.947,110.832,110.832
2020-02-19 18:00:00,110.947,111.324,110.922,111.179,110.947,110.947
2020-02-19 19:00:00,111.179,111.258,111.114,111.257,111.179,111.179
2020-02-19 20:00:00,111.257,111.44,111.24,111.356,111.257,111.257
2020-02-19 21:00:00,111.356,111.591,111.344,111.58,111.356,111.365
2020-02-19 22:00:00,111.578,111.593,111.233,111.244,111.578,111.578
2020-02-19 23:00:00,111.243,111.363,111.228,111.351,111.243,111.244
2020-02-20 00:00:00,111.361,111.368,111.239,111.239,111.361,111.372
2020-02-20 01:00:00,111.239,111.302,111.193,111.198,111.239,111.25
2020-02-20 02:00:00,111.198,111.31,111.113,111.209,111.198,111.198
2020-02-20 03:00:00,111.209,111.292,111.136,111.246,111.209,111.209
2020-02-20 04:00:00,111.246,111.346,111.235,111.34,111.246,111.246
2020-02-20 05:00:00,111.34,111.494,111.324,111.365,111.34,111.341
2020-02-20 06:00:00,111.364,111.43,111.345,111.37,111.364,111.364
2020-02-20 07:00:00,111.37,111.423,111.345,111.396,111.37,111.37
2020-02-20 08:00:00,111.396,111.562,111.385,111.549,111.396,111.396
2020-02-20 09:00:00,111.548,111.854,111.514,111.687,111.548,111.548
2020-02-20 10:00:00,111.687,111.768,111.618,111.738,111.687,111.687
2020-02-20 11:00:00,111.738,112.02,111.738,111.975,111.738,111.738
2020-02-20 12:00:00,111.976,112.189,111.923,112.158,111.976,111.976
2020-02-20 13:00:00,112.158,112.177,111.836,111.855,112.158,112.158
2020-02-20 14:00:00,111.855,112.002,111.851,111.97,111.855,111.855
2020-02-20 15:00:00,111.97,112.066,111.88,112.002,111.97,111.97
2020-02-20 16:00:00,112.002,112.228,111.948,112.142,112.002,112.002
2020-02-20 17:00:00,112.142,112.187,111.954,112.094,112.142,112.142
2020-02-20 18:00:00,112.094,112.098,111.702,111.86,112.094,112.094
2020-02-20 19:00:00,111.859,112.038,111.808,112.022,111.859,111.859
2020-02-20 20:00:00,112.022,112.098,111.994,112.014,112.022,112.022
2020-02-20 21:00:00,112.014,112.098,112.009,112.061,112.014,112.014
2020-02-20 22:00:00,112.06,112.099,112.043,112.075,112.06,112.061
2020-02-20 23:00:00,112.074,112.181,112.068,112.116,112.074,112.075
2020-02-21 00:00:00,112.096,112.096,112.036,112.06,112.096,112.105
2020-02-21 01:00:00,112.06,112.084,111.949,111.972,112.06,112.068
2020-02-21 02:00:00,111.972,112.187,111.954,112.114,111.972,111.972
2020-02-21 03:00:00,112.119,112.122,111.981,112.008,112.119,112.12
2020-02-21 04:00:00,112.008,112.07,111.924,112.013,112.008,112.008
2020-02-21 05:00:00,112.012,112.028,111.974,112.018,112.012,112.012
2020-02-21 06:00:00,112.018,112.049,111.973,111.978,112.018,112.018
2020-02-21 07:00:00,111.978,112.012,111.928,111.954,111.978,111.978
2020-02-21 08:00:00,111.954,111.991,111.924,111.984,111.954,111.954
2020-02-21 09:00:00,111.982,111.994,111.684,111.733,111.982,111.982
2020-02-21 10:00:00,111.732,111.749,111.488,111.705,111.732,111.733
2020-02-21 11:00:00,111.704,111.769,111.692,111.7,111.704,111.704
2020-02-21 12:00:00,111.701,111.832,111.7,111.798,111.701,111.701
2020-02-21 13:00:00,111.798,111.892,111.759,111.882,111.798,111.798
2020-02-21 14:00:00,111.882,112.033,111.869,111.998,111.882,111.882
2020-02-21 15:00:00,111.998,112.012,111.833,111.846,111.998,111.998
2020-02-21 16:00:00,111.846,111.938,111.605,111.724,111.846,111.846
2020-02-21 17:00:00,111.724,111.726,111.474,111.712,111.724,111.726
2020-02-21 18:00:00,111.688,111.77,111.676,111.744,111.688,111.688
2020-02-21 19:00:00,111.744,111.768,111.628,111.662,111.744,111.744
2020-02-21 20:00:00,111.662,111.707,111.608,111.626,111.662,111.662
2020-02-21 21:00:00,111.626,111.67,111.596,111.603,111.626,111.626
2020-02-21 22:00:00,111.603,111.62,111.519,111.598,111.603,111.603
2020-02-21 23:00:00,111.598,111.617,111.56,111.561,111.598,111.598
2020-02-24 00:00:00,111.199,111.55,111.195,111.43,111.199,111.289
2020-02-24 01:00:00,111.43,111.598,111.378,111.547,111.43,111.446
2020-02-24 02:00:00,111.547,111.682,111.508,111.583,111.547,111.548
2020-02-24 03:00:00,111.583,111.606,111.494,111.589,111.583,111.583
2020-02-24 04:00:00,111.589,111.593,111.448,111.458,111.589,111.589
2020-02-24 05:00:00,111.458,111.589,111.439,111.554,111.458,111.458
2020-02-24 06:00:00,111.555,111.574,111.532,111.568,111.555,111.555
2020-02-24 07:00:00,111.568,111.633,111.56,111.576,111.568,111.568
2020-02-24 08:00:00,111.576,111.606,111.528,111.576,111.576,111.576
2020-02-24 09:00:00,111.576,111.613,111.502,111.541,111.576,111.576
2020-02-24 10:00:00,111.54,111.544,111.302,111.388,111.54,111.54
2020-02-24 11:00:00,111.388,111.425,111.24,111.316,111.388,111.391
2020-02-24 12:00:00,111.316,111.346,111.282,111.292,111.316,111.316
2020-02-24 13:00:00,111.292,111.336,111.198,111.314,111.292,111.292
2020-02-24 14:00:00,111.314,111.426,111.313,111.332,111.314,111.314
2020-02-24 15:00:00,111.33,111.414,111.278,111.304,111.33,111.33
2020-02-24 16:00:00,111.304,111.308,110.587,110.752,111.304,111.304
2020-02-24 17:00:00,110.752,110.848,110.472,110.658,110.752,110.752
2020-02-24 18:00:00,110.652,110.674,110.52,110.566,110.652,110.652
2020-02-24 19:00:00,110.564,110.582,110.342,110.37,110.564,110.564
2020-02-24 20:00:00,110.368,110.545,110.333,110.538,110.368,110.368
2020-02-24 21:00:00,110.538,110.766,110.521,110.736,110.538,110.538
2020-02-24 22:00:00,110.736,110.818,110.683,110.728,110.736,110.736
2020-02-24 23:00:00,110.726,110.774,110.67,110.729,110.726,110.726
2020-02-25 00:00:00,110.706,110.706,110.664,110.667,110.706,110.72
2020-02-25 01:00:00,110.667,110.875,110.627,110.854,110.667,110.678
2020-02-25 02:00:00,110.855,110.98,110.806,110.897,110.855,110.856
2020-02-25 03:00:00,110.897,111.042,110.873,110.942,110.897,110.897
2020-02-25 04:00:00,110.942,110.957,110.848,110.885,110.942,110.942
2020-02-25 05:00:00,110.885,110.894,110.778,110.842,110.885,110.886
2020-02-25 06:00:00,110.842,110.872,110.792,110.816,110.842,110.842
2020-02-25 07:00:00,110.816,110.856,110.782,110.804,110.816,110.817
2020-02-25 08:00:00,110.804,110.872,110.768,110.838,110.804,110.804
2020-02-25 09:00:00,110.838,110.868,110.646,110.718,110.838,110.838
2020-02-25 10:00:00,110.718,110.741,110.512,110.516,110.718,110.718
2020-02-25 11:00:00,110.516,110.561,110.377,110.384,110.516,110.516
2020-02-25 12:00:00,110.384,110.568,110.35,110.489,110.384,110.384
2020-02-25 13:00:00,110.49,110.616,110.444,110.519,110.49,110.49
2020-02-25 14:00:00,110.519,110.714,110.476,110.673,110.519,110.519
2020-02-25 15:00:00,110.673,110.673,110.53,110.603,110.673,110.673
2020-02-25 16:00:00,110.603,110.618,110.38,110.395,110.603,110.604
2020-02-25 17:00:00,110.397,110.46,110.008,110.136,110.397,110.399
2020-02-25 18:00:00,110.136,110.252,110.034,110.226,110.136,110.136
2020-02-25 19:00:00,110.224,110.255,110.004,110.027,110.224,110.224
2020-02-25 20:00:00,110.024,110.073,110.003,110.01,110.024,110.024
2020-02-25 21:00:00,110.01,110.136,109.891,110.093,110.01,110.011
2020-02-25 22:00:00,110.093,110.178,110.014,110.117,110.093,110.094
2020-02-25 23:00:00,110.116,110.208,110.091,110.205,110.116,110.116
2020-02-26 00:00:00,110.199,110.221,110.154,110.203,110.199,110.206
2020-02-26 01:00:00,110.202,110.306,110.179,110.292,110.202,110.211
2020-02-26 02:00:00,110.292,110.368,110.21,110.21,110.292,110.292
2020-02-26 03:00:00,110.212,110.258,110.134,110.223,110.212,110.212
2020-02-26 04:00:00,110.222,110.509,110.172,110.462,110.222,110.223
2020-02-26 05:00:00,110.462,110.579,110.462,110.496,110.462,110.463
2020-02-26 06:00:00,110.498,110.512,110.424,110.482,110.498,110.498
2020-02-26 07:00:00,110.482,110.485,110.362,110.374,110.482,110.482
2020-02-26 08:00:00,110.374,110.437,110.318,110.356,110.374,110.374
2020-02-26 09:00:00,110.356,110.478,110.334,110.474,110.356,110.356
2020-02-26 10:00:00,110.473,110.522,110.184,110.245,110.473,110.473
2020-02-26 11:00:00,110.245,110.384,110.129,110.3,110.245,110.246
2020-02-26 12:00:00,110.3,110.476,110.299,110.39,110.3,110.3
2020-02-26 13:00:00,110.389,110.598,110.389,110.484,110.389,110.39
2020-02-26 14:00:00,110.484,110.568,110.426,110.476,110.484,110.484
2020-02-26 15:00:00,110.477,110.504,110.419,110.467,110.477,110.477
2020-02-26 16:00:00,110.467,110.702,110.413,110.587,110.467,110.468
2020-02-26 17:00:00,110.588,110.614,110.494,110.567,110.588,110.589
2020-02-26 18:00:00,110.567,110.584,110.328,110.368,110.567,110.567
2020-02-26 19:00:00,110.368,110.46,110.242,110.455,110.368,110.368
2020-02-26 20:00:00,110.456,110.492,110.17,110.29,110.456,110.456
2020-02-26 21:00:00,110.289,110.342,110.19,110.204,110.289,110.29
2020-02-26 22:00:00,110.204,110.461,110.204,110.443,110.204,110.204
2020-02-26 23:00:00,110.447,110.472,110.4,110.42,110.447,110.447
2020-02-27 00:00:00,110.423,110.432,110.352,110.424,110.423,110.434
2020-02-27 01:00:00,110.423,110.457,110.313,110.383,110.423,110.427
2020-02-27 02:00:00,110.385,110.404,110.186,110.328,110.385,110.385
2020-02-27 03:00:00,110.329,110.37,110.271,110.341,110.329,110.329
2020-02-27 04:00:00,110.34,110.344,110.22,110.241,110.34,110.34
2020-02-27 05:00:00,110.241,110.294,110.222,110.232,110.241,110.241
2020-02-27 06:00:00,110.232,110.272,109.994,110.012,110.232,110.232
2020-02-27 07:00:00,110.012,110.161,109.967,110.05,110.012,110.012
2020-02-27 08:00:00,110.05,110.14,109.97,110.125,110.05,110.05
2020-02-27 09:00:00,110.125,110.226,110.054,110.102,110.125,110.125
2020-02-27 10:00:00,110.102,110.152,109.849,110.047,110.102,110.102
2020-02-27 11:00:00,110.047,110.182,110.044,110.164,110.047,110.047
2020-02-27 12:00:00,110.168,110.243,110.054,110.06,110.168,110.168
2020-02-27 13:00:00,110.06,110.128,109.953,109.954,110.06,110.06
2020-02-27 14:00:00,109.955,110.015,109.837,109.867,109.955,109.955
2020-02-27 15:00:00,109.866,109.936,109.768,109.874,109.866,109.866
2020-02-27 16:00:00,109.872,110.04,109.793,109.943,109.872,109.872
2020-02-27 17:00:00,109.943,110.018,109.694,110.01,109.943,109.945
2020-02-27 18:00:00,110.01,110.198,109.968,110.158,110.01,110.01
2020-02-27 19:00:00,110.158,110.346,110.122,110.175,110.158,110.158
2020-02-27 20:00:00,110.174,110.227,109.89,109.94,110.174,110.174
2020-02-27 21:00:00,109.94,110.001,109.862,109.942,109.94,109.94
2020-02-27 22:00:00,109.942,110.057,109.822,109.825,109.942,109.942
2020-02-27 23:00:00,109.825,109.888,109.569,109.585,109.825,109.825
2020-02-28 00:00:00,109.591,109.593,109.324,109.537,109.591,109.607
2020-02-28 01:00:00,109.537,109.682,109.476,109.621,109.537,109.543
2020-02-28 02:00:00,109.621,109.667,109.392,109.478,109.621,109.622
2020-02-28 03:00:00,109.479,109.57,109.34,109.408,109.479,109.479
2020-02-28 04:00:00,109.408,109.447,109.26,109.302,109.408,109.408
2020-02-28 05:00:00,109.302,109.332,108.912,109.146,109.302,109.302
2020-02-28 06:00:00,109.146,109.188,108.916,108.953,109.146,109.146
2020-02-28 07:00:00,108.953,108.995,108.811,108.886,108.953,108.954
2020-02-28 08:00:00,108.887,108.952,108.792,108.951,108.887,108.887
2020-02-28 09:00:00,108.95,109.064,108.814,108.856,108.95,108.951
2020-02-28 10:00:00,108.856,108.98,108.654,108.677,108.856,108.856
2020-02-28 11:00:00,108.679,108.709,108.51,108.681,108.679,108.679
2020-02-28 12:00:00,108.682,108.811,108.634,108.638,108.682,108.682
2020-02-28 13:00:00,108.638,108.764,108.56,108.692,108.638,108.638
2020-02-28 14:00:00,108.691,108.868,108.634,108.68,108.691,108.691
2020-02-28 15:00:00,108.68,108.738,108.456,108.522,108.68,108.682
2020-02-28 16:00:00,108.522,108.691,108.382,108.419,108.522,108.523
2020-02-28 17:00:00,108.419,108.46,107.752,107.951,108.419,108.419
2020-02-28 18:00:00,107.95,108.499,107.801,108.138,107.95,107.95
2020-02-28 19:00:00,108.138,108.234,108.05,108.158,108.138,108.138
2020-02-28 20:00:00,108.158,108.342,108.018,108.062,108.158,108.159
2020-02-28 21:00:00,108.062,108.275,107.76,107.856,108.062,108.062
2020-02-28 22:00:00,107.859,107.883,107.51,107.883,107.859,107.86
2020-02-28 23:00:00,107.884,108.133,107.848,108.088,107.884,107.885
2020-03-02 00:00:00,107.402,107.765,107.363,107.369,107.402,107.469
2020-03-02 01:00:00,107.369,107.772,107.369,107.675,107.369,107.397
2020-03-02 02:00:00,107.674,107.895,107.572,107.574,107.674,107.674
2020-03-02 03:00:00,107.574,108.044,107.536,107.896,107.574,107.574
2020-03-02 04:00:00,107.893,108.268,107.791,108.159,107.893,107.894
2020-03-02 05:00:00,108.159,108.373,108.148,108.229,108.159,108.16
2020-03-02 06:00:00,108.229,108.293,108.061,108.127,108.229,108.23
2020-03-02 07:00:00,108.127,108.275,108.058,108.266,108.127,108.128
2020-03-02 08:00:00,108.267,108.338,108.203,108.293,108.267,108.269
2020-03-02 09:00:00,108.292,108.578,108.244,108.461,108.292,108.292
2020-03-02 10:00:00,108.461,108.472,108.007,108.014,108.461,108.461
2020-03-02 11:00:00,108.014,108.113,107.743,107.837,108.014,108.015
2020-03-02 12:00:00,107.836,107.871,107.701,107.725,107.836,107.836
2020-03-02 13:00:00,107.725,107.737,107.521,107.562,107.725,107.725
2020-03-02 14:00:00,107.562,107.82,107.553,107.794,107.562,107.562
2020-03-02 15:00:00,107.794,107.829,107.54,107.685,107.794,107.794
2020-03-02 16:00:00,107.684,107.848,107.524,107.558,107.684,107.685
2020-03-02 17:00:00,107.562,107.95,107.401,107.913,107.562,107.576
2020-03-02 18:00:00,107.904,108.136,107.787,108.024,107.904,107.904
2020-03-02 19:00:00,108.024,108.049,107.738,107.757,108.024,108.024
2020-03-02 20:00:00,107.757,107.955,107.693,107.935,107.757,107.757
2020-03-02 21:00:00,107.932,108.082,107.788,107.856,107.932,107.933
2020-03-02 22:00:00,107.856,108.474,107.855,108.437,107.856,107.856
2020-03-02 23:00:00,108.435,108.462,108.266,108.352,108.435,108.435
2020-03-03 00:00:00,108.309,108.348,108.244,108.281,108.309,108.354
2020-03-03 01:00:00,108.281,108.538,108.21,108.526,108.281,108.298
2020-03-03 02:00:00,108.527,108.527,108.245,108.324,108.527,108.53
2020-03-03 03:00:00,108.324,108.325,107.996,108.089,108.324,108.324
2020-03-03 04:00:00,108.1,108.192,107.934,107.956,108.1,108.1
2020-03-03 05:00:00,107.957,108.051,107.915,108.008,107.957,107.959
2020-03-03 06:00:00,108.008,108.037,107.663,107.814,108.008,108.008
2020-03-03 07:00:00,107.814,107.887,107.757,107.764,107.814,107.815
2020-03-03 08:00:00,107.762,107.956,107.694,107.933,107.762,107.764
2020-03-03 09:00:00,107.932,108.052,107.84,108.039,107.932,107.932
2020-03-03 10:00:00,108.039,108.138,107.89,108.075,108.039,108.039
2020-03-03 11:00:00,108.076,108.077,107.924,107.978,108.076,108.076
2020-03-03 12:00:00,107.976,108.04,107.897,108.002,107.976,107.976
2020-03-03 13:00:00,108.002,108.008,107.86,107.928,108.002,108.003
2020-03-03 14:00:00,107.929,108.075,107.596,107.727,107.929,107.929
2020-03-03 15:00:00,107.727,107.955,107.646,107.753,107.727,107.728
2020-03-03 16:00:00,107.753,107.876,107.614,107.67,107.753,107.754
2020-03-03 17:00:00,107.67,107.898,107.153,107.54,107.67,107.671
2020-03-03 18:00:00,107.54,107.585,107.195,107.29,107.54,107.543
2020-03-03 19:00:00,107.29,107.468,107.192,107.339,107.29,107.292
2020-03-03 20:00:00,107.339,107.354,106.982,107.049,107.339,107.341
2020-03-03 21:00:00,107.046,107.31,106.93,107.249,107.046,107.048
2020-03-03 22:00:00,107.253,107.347,107.164,107.206,107.253,107.254
2020-03-03 23:00:00,107.209,107.241,107.092,107.123,107.209,107.211
2020-03-04 00:00:00,107.084,107.172,107.078,107.146,107.084,107.127
2020-03-04 01:00:00,107.15,107.154,106.849,107.068,107.15,107.164
2020-03-04 02:00:00,107.065,107.406,107.033,107.342,107.065,107.068
2020-03-04 03:00:00,107.342,107.518,107.241,107.306,107.342,107.342
2020-03-04 04:00:00,107.306,107.385,107.19,107.339,107.306,107.307
2020-03-04 05:00:00,107.34,107.475,107.32,107.422,107.34,107.341
2020-03-04 06:00:00,107.422,107.444,107.357,107.364,107.422,107.422
2020-03-04 07:00:00,107.364,107.436,107.339,107.4,107.364,107.364
2020-03-04 08:00:00,107.4,107.506,107.379,107.422,107.4,107.4
2020-03-04 09:00:00,107.42,107.692,107.418,107.528,107.42,107.42
2020-03-04 10:00:00,107.529,107.53,107.327,107.417,107.529,107.529
2020-03-04 11:00:00,107.417,107.506,107.37,107.421,107.417,107.418
2020-03-04 12:00:00,107.421,107.544,107.417,107.504,107.421,107.422
2020-03-04 13:00:00,107.503,107.56,107.464,107.494,107.503,107.503
2020-03-04 14:00:00,107.493,107.665,107.462,107.54,107.493,107.493
2020-03-04 15:00:00,107.541,107.589,107.459,107.477,107.541,107.542
2020-03-04 16:00:00,107.477,107.492,107.14,107.15,107.477,107.478
2020-03-04 17:00:00,107.151,107.453,107.149,107.271,107.151,107.165
2020-03-04 18:00:00,107.271,107.543,107.236,107.342,107.271,107.271
2020-03-04 19:00:00,107.342,107.434,107.304,107.425,107.342,107.343
2020-03-04 20:00:00,107.425,107.504,107.41,107.461,107.425,107.425
2020-03-04 21:00:00,107.461,107.468,107.3,107.324,107.461,107.462
2020-03-04 22:00:00,107.324,107.526,107.315,107.508,107.324,107.324
2020-03-04 23:00:00,107.508,107.574,107.458,107.533,107.508,107.509
2020-03-05 00:00:00,107.523,107.585,107.507,107.538,107.523,107.542
2020-03-05 01:00:00,107.538,107.742,107.511,107.716,107.538,107.545
2020-03-05 02:00:00,107.718,107.719,107.46,107.521,107.718,107.719
2020-03-05 03:00:00,107.522,107.523,107.386,107.452,107.522,107.523
2020-03-05 04:00:00,107.453,107.457,107.264,107.307,107.453,107.454
2020-03-05 05:00:00,107.308,107.33,107.276,107.323,107.308,107.308
2020-03-05 06:00:00,107.323,107.352,107.276,107.336,107.323,107.323
2020-03-05 07:00:00,107.336,107.44,107.33,107.382,107.336,107.336
2020-03-05 08:00:00,107.382,107.384,107.276,107.326,107.382,107.382
2020-03-05 09:00:00,107.325,107.374,107.192,107.371,107.325,107.325
2020-03-05 10:00:00,107.371,107.387,107.221,107.245,107.371,107.371
2020-03-05 11:00:00,107.245,107.248,106.917,106.947,107.245,107.245
2020-03-05 12:00:00,106.947,106.979,106.796,106.809,106.947,106.947
2020-03-05 13:00:00,106.81,107.034,106.81,106.896,106.81,106.81
2020-03-05 14:00:00,106.899,106.942,106.819,106.913,106.899,106.899
2020-03-05 15:00:00,106.913,106.955,106.811,106.834,106.913,106.914
2020-03-05 16:00:00,106.834,106.894,106.724,106.755,106.834,106.834
2020-03-05 17:00:00,106.753,106.945,106.642,106.664,106.753,106.757
2020-03-05 18:00:00,106.664,106.766,106.512,106.564,106.664,106.664
2020-03-05 19:00:00,106.565,106.574,106.248,106.264,106.565,106.566
2020-03-05 20:00:00,106.263,106.499,106.224,106.447,106.263,106.263
2020-03-05 21:00:00,106.447,106.516,106.374,106.401,106.447,106.448
2020-03-05 22:00:00,106.4,106.475,106.012,106.013,106.4,106.401
2020-03-05 23:00:00,106.013,106.176,105.973,106.166,106.013,106.013
2020-03-06 00:00:00,106.153,106.192,106.04,106.167,106.153,106.162
2020-03-06 01:00:00,106.167,106.271,106.087,106.265,106.167,106.18
2020-03-06 02:00:00,106.265,106.343,106.149,106.264,106.265,106.265
2020-03-06 03:00:00,106.263,106.27,105.91,105.957,106.263,106.265
2020-03-06 04:00:00,105.957,106.014,105.833,105.925,105.957,105.957
2020-03-06 05:00:00,105.923,105.955,105.783,105.81,105.923,105.924
2020-03-06 06:00:00,105.809,105.88,105.756,105.846,105.809,105.809
2020-03-06 07:00:00,105.845,105.863,105.772,105.821,105.845,105.845
2020-03-06 08:00:00,105.82,105.992,105.807,105.922,105.82,105.821
2020-03-06 09:00:00,105.92,106.065,105.777,105.795,105.92,105.92
2020-03-06 10:00:00,105.795,105.94,105.667,105.763,105.795,105.796
2020-03-06 11:00:00,105.763,105.823,105.118,105.178,105.763,105.763
2020-03-06 12:00:00,105.177,105.45,104.994,105.43,105.177,105.178
2020-03-06 13:00:00,105.427,105.488,105.124,105.259,105.427,105.429
2020-03-06 14:00:00,105.259,105.374,105.141,105.186,105.259,105.259
2020-03-06 15:00:00,105.186,105.425,105.011,105.288,105.186,105.186
2020-03-06 16:00:00,105.288,105.295,105.021,105.168,105.288,105.289
2020-03-06 17:00:00,105.168,105.737,105.098,105.363,105.168,105.172
2020-03-06 18:00:00,105.364,105.444,105.143,105.307,105.364,105.366
2020-03-06 19:00:00,105.307,105.638,105.195,105.476,105.307,105.308
2020-03-06 20:00:00,105.476,105.561,105.398,105.478,105.476,105.477
2020-03-06 21:00:00,105.48,105.499,105.183,105.191,105.48,105.482
2020-03-06 22:00:00,105.192,105.558,105.159,105.496,105.192,105.194
2020-03-06 23:00:00,105.495,105.497,105.318,105.321,105.495,105.499
2020-03-09 00:00:00,104.204,104.43,104.203,104.423,104.204,104.267
2020-03-09 01:00:00,104.423,104.59,103.521,103.72,104.423,104.449
2020-03-09 02:00:00,103.72,104.257,103.707,103.935,103.72,103.731
2020-03-09 03:00:00,103.935,104.265,103.931,104.132,103.935,103.941
2020-03-09 04:00:00,104.134,104.21,101.586,102.229,104.134,104.137
2020-03-09 05:00:00,102.228,102.73,101.537,102.651,102.228,102.278
2020-03-09 06:00:00,102.651,103.064,102.251,102.459,102.651,102.661
2020-03-09 07:00:00,102.46,102.858,102.397,102.807,102.46,102.468
2020-03-09 08:00:00,102.81,102.874,102.524,102.589,102.81,102.817
2020-03-09 09:00:00,102.59,102.799,102.56,102.758,102.59,102.591
2020-03-09 10:00:00,102.755,102.759,101.806,102.269,102.755,102.761
2020-03-09 11:00:00,102.262,102.696,102.12,102.45,102.262,102.267
2020-03-09 12:00:00,102.45,102.805,102.383,102.521,102.45,102.455
2020-03-09 13:00:00,102.52,102.524,102.154,102.352,102.52,102.522
2020-03-09 14:00:00,102.351,102.406,102.189,102.275,102.351,102.354
2020-03-09 15:00:00,102.272,102.478,102.225,102.292,102.272,102.274
2020-03-09 16:00:00,102.291,102.659,101.182,102.449,102.291,102.291
2020-03-09 17:00:00,102.45,102.492,102.132,102.292,102.45,102.455
2020-03-09 18:00:00,102.292,102.601,102.14,102.518,102.292,102.294
2020-03-09 19:00:00,102.518,102.6,102.036,102.069,102.518,102.518
2020-03-09 20:00:00,102.07,102.339,101.968,102.168,102.07,102.07
2020-03-09 21:00:00,102.169,102.502,101.968,102.081,102.169,102.17
2020-03-09 22:00:00,102.079,102.457,102.077,102.375,102.079,102.082
2020-03-09 23:00:00,102.37,102.565,102.261,102.369,102.37,102.372
2020-03-10 00:00:00,102.357,102.413,102.146,102.287,102.357,102.373
2020-03-10 01:00:00,102.287,102.475,102.015,102.436,102.287,102.3
2020-03-10 02:00:00,102.434,103.25,102.392,103.08,102.434,102.44
2020-03-10 03:00:00,103.078,103.583,102.7,103.382,103.078,103.087
2020-03-10 04:00:00,103.382,103.678,103.24,103.293,103.382,103.389
2020-03-10 05:00:00,103.293,103.317,103.055,103.241,103.293,103.296
2020-03-10 06:00:00,103.24,103.823,103.21,103.699,103.24,103.241
2020-03-10 07:00:00,103.699,104.255,103.638,104.224,103.699,103.704
2020-03-10 08:00:00,104.223,105.013,104.197,104.706,104.223,104.227
2020-03-10 09:00:00,104.706,104.812,104.303,104.63,104.706,104.706
2020-03-10 10:00:00,104.63,104.63,103.803,103.846,104.63,104.635
2020-03-10 11:00:00,103.848,104.512,103.723,104.472,103.848,103.852
2020-03-10 12:00:00,104.472,104.729,104.253,104.621,104.472,104.475
2020-03-10 13:00:00,104.621,105.216,104.513,104.94,104.621,104.624
2020-03-10 14:00:00,104.938,104.944,104.537,104.662,104.938,104.938
2020-03-10 15:00:00,104.662,104.689,103.831,104.234,104.662,104.663
2020-03-10 16:00:00,104.232,104.66,104.049,104.476,104.232,104.235
2020-03-10 17:00:00,104.476,104.573,103.855,103.892,104.476,104.478
2020-03-10 18:00:00,103.891,104.084,103.215,103.691,103.891,103.894
2020-03-10 19:00:00,103.692,104.414,103.665,104.279,103.692,103.692
2020-03-10 20:00:00,104.279,104.667,104.232,104.381,104.279,104.281
2020-03-10 21:00:00,104.382,105.284,104.236,105.101,104.382,104.383
2020-03-10 22:00:00,105.106,105.92,105.103,105.491,105.106,105.107
2020-03-10 23:00:00,105.491,105.642,105.297,105.637,105.491,105.495
2020-03-11 00:00:00,105.626,105.65,105.218,105.271,105.626,105.65
2020-03-11 01:00:00,105.26,105.379,105.003,105.108,105.26,105.272
2020-03-11 02:00:00,105.106,105.238,104.812,105.04,105.106,105.112
2020-03-11 03:00:00,105.04,105.253,104.777,104.92,105.04,105.045
2020-03-11 04:00:00,104.92,105.06,104.656,104.762,104.92,104.924
2020-03-11 05:00:00,104.762,105.011,104.681,104.861,104.762,104.767
2020-03-11 06:00:00,104.861,105.003,104.609,104.738,104.861,104.862
2020-03-11 07:00:00,104.739,104.754,104.39,104.436,104.739,104.742
2020-03-11 08:00:00,104.437,104.437,104.091,104.154,104.437,104.438
2020-03-11 09:00:00,104.158,104.575,104.158,104.37,104.158,104.162
2020-03-11 10:00:00,104.371,105.059,104.343,105.019,104.371,104.376
2020-03-11 11:00:00,105.019,105.33,104.867,105.254,105.019,105.021
2020-03-11 12:00:00,105.255,105.314,104.933,105.048,105.255,105.257
2020-03-11 13:00:00,105.048,105.109,104.84,104.994,105.048,105.051
2020-03-11 14:00:00,104.994,105.027,104.615,104.738,104.994,104.994
2020-03-11 15:00:00,104.738,104.996,104.37,104.442,104.738,104.74
2020-03-11 16:00:00,104.444,104.853,104.417,104.611,104.444,104.446
2020-03-11 17:00:00,104.611,104.817,104.433,104.61,104.611,104.615
2020-03-11 18:00:00,104.611,105.032,104.541,104.818,104.611,104.613
2020-03-11 19:00:00,104.818,105.134,104.704,104.967,104.818,104.819
2020-03-11 20:00:00,104.965,104.984,104.626,104.746,104.965,104.968
2020-03-11 21:00:00,104.746,104.817,104.523,104.592,104.746,104.748
2020-03-11 22:00:00,104.593,104.81,104.231,104.707,104.593,104.594
2020-03-11 23:00:00,104.708,104.731,104.429,104.477,104.708,104.713
2020-03-12 00:00:00,104.535,104.535,104.326,104.44,104.535,104.564
2020-03-12 01:00:00,104.44,104.764,104.383,104.729,104.44,104.464
2020-03-12 02:00:00,104.729,104.804,104.435,104.534,104.729,104.733
2020-03-12 03:00:00,104.536,104.659,104.359,104.6,104.536,104.54
2020-03-12 04:00:00,104.601,104.72,103.333,103.49,104.601,104.606
2020-03-12 05:00:00,103.489,103.587,103.079,103.385,103.489,103.496
2020-03-12 06:00:00,103.385,103.525,103.217,103.366,103.385,103.39
2020-03-12 07:00:00,103.366,104.282,103.365,104.023,103.366,103.371
2020-03-12 08:00:00,104.022,104.101,103.791,103.831,104.022,104.027
2020-03-12 09:00:00,103.831,103.878,103.601,103.703,103.831,103.836
2020-03-12 10:00:00,103.703,103.94,103.55,103.672,103.703,103.707
2020-03-12 11:00:00,103.674,103.803,103.508,103.756,103.674,103.676
2020-03-12 12:00:00,103.755,104.042,103.564,103.844,103.755,103.756
2020-03-12 13:00:00,103.844,103.916,103.645,103.85,103.844,103.845
2020-03-12 14:00:00,103.85,103.851,103.696,103.725,103.85,103.851
2020-03-12 15:00:00,103.721,104.211,103.514,104.03,103.721,103.724
2020-03-12 16:00:00,104.03,104.721,103.855,104.72,104.03,104.035
2020-03-12 17:00:00,104.72,105.5,104.613,105.063,104.72,104.726
2020-03-12 18:00:00,105.064,105.855,105.045,105.675,105.064,105.067
2020-03-12 19:00:00,105.668,105.719,104.845,105.29,105.668,105.671
2020-03-12 20:00:00,105.289,106.102,105.033,105.386,105.289,105.293
2020-03-12 21:00:00,105.388,105.394,105.021,105.191,105.388,105.394
2020-03-12 22:00:00,105.191,105.498,105.182,105.332,105.191,105.194
2020-03-12 23:00:00,105.333,105.372,104.6,104.618,105.333,105.336
2020-03-13 00:00:00,104.629,104.89,104.613,104.844,104.629,104.643
2020-03-13 01:00:00,104.848,104.878,104.585,104.784,104.848,104.892
2020-03-13 02:00:00,104.784,104.938,104.505,104.666,104.784,104.803
2020-03-13 03:00:00,104.659,105.203,104.654,105.081,104.659,104.672
2020-03-13 04:00:00,105.081,105.133,104.678,105.03,105.081,105.089
2020-03-13 05:00:00,105.03,105.277,104.961,105.019,105.03,105.038
2020-03-13 06:00:00,105.017,105.069,104.894,104.945,105.017,105.028
2020-03-13 07:00:00,104.945,105.659,104.926,105.59,104.945,104.952
2020-03-13 08:00:00,105.59,106.011,105.496,105.564,105.59,105.597
2020-03-13 09:00:00,105.564,105.63,105.32,105.542,105.564,105.57
2020-03-13 10:00:00,105.541,105.984,105.337,105.827,105.541,105.549
2020-03-13 11:00:00,105.829,106.223,105.759,105.846,105.829,105.832
2020-03-13 12:00:00,105.84,106.278,105.76,106.262,105.84,105.846
2020-03-13 13:00:00,106.262,106.566,106.195,106.26,106.262,106.267
2020-03-13 14:00:00,106.261,106.91,106.212,106.892,106.261,106.266
2020-03-13 15:00:00,106.891,107.495,106.737,107.299,106.891,106.897
2020-03-13 16:00:00,107.299,107.372,106.689,106.815,107.299,107.299
2020-03-13 17:00:00,106.816,107.27,106.787,106.989,106.816,106.826
2020-03-13 18:00:00,106.989,107.22,106.736,107.136,106.989,106.993
2020-03-13 19:00:00,107.135,107.939,106.98,107.764,107.135,107.135
2020-03-13 20:00:00,107.761,107.995,107.609,107.658,107.761,107.765
2020-03-13 21:00:00,107.658,108.192,107.382,108.153,107.658,107.66
2020-03-13 22:00:00,108.155,108.502,107.898,108.217,108.155,108.162
2020-03-13 23:00:00,108.216,108.381,107.885,108.004,108.216,108.232
2020-03-16 00:00:00,106.999,107.312,106.414,106.972,106.999,107.099
2020-03-16 01:00:00,107.077,107.086,105.744,106.387,107.077,107.177
2020-03-16 02:00:00,106.385,106.846,105.729,106.496,106.385,106.428
2020-03-16 03:00:00,106.496,107.107,106.297,106.915,106.496,106.507
2020-03-16 04:00:00,106.915,107.359,106.794,107.338,106.915,106.918
2020-03-16 05:00:00,107.344,107.569,106.996,107.152,107.344,107.355
2020-03-16 06:00:00,107.151,107.154,106.735,106.887,107.151,107.163
2020-03-16 07:00:00,106.887,107.274,106.779,106.786,106.887,106.896
2020-03-16 08:00:00,106.786,107.07,106.331,106.479,106.786,106.796
2020-03-16 09:00:00,106.478,106.578,106.155,106.428,106.478,106.485
2020-03-16 10:00:00,106.428,106.739,106.231,106.591,106.428,106.438
2020-03-16 11:00:00,106.591,106.68,106.006,106.034,106.591,106.593
2020-03-16 12:00:00,106.034,106.129,105.792,105.932,106.034,106.038
2020-03-16 13:00:00,105.932,106.053,105.714,105.914,105.932,105.936
2020-03-16 14:00:00,105.914,106.054,105.705,105.705,105.914,105.916
2020-03-16 15:00:00,105.706,105.855,105.147,105.308,105.706,105.708
2020-03-16 16:00:00,105.308,106.023,105.27,105.774,105.308,105.313
2020-03-16 17:00:00,105.774,106.379,105.602,106.263,105.774,105.778
2020-03-16 18:00:00,106.264,106.476,105.584,105.678,106.264,106.267
2020-03-16 19:00:00,105.68,106.01,105.603,105.683,105.68,105.681
2020-03-16 20:00:00,105.683,105.989,105.601,105.957,105.683,105.684
2020-03-16 21:00:00,105.957,106.244,105.854,106.131,105.957,105.961
2020-03-16 22:00:00,106.133,106.444,105.745,105.843,106.133,106.138
2020-03-16 23:00:00,105.844,106.11,105.833,105.891,105.844,105.849
2020-03-17 00:00:00,105.831,106.015,105.814,105.889,105.831,105.908
2020-03-17 01:00:00,105.889,106.307,105.886,106.288,105.889,105.912
2020-03-17 02:00:00,106.288,106.352,106.081,106.218,106.288,106.297
2020-03-17 03:00:00,106.223,106.662,106.077,106.592,106.223,106.226
2020-03-17 04:00:00,106.591,107.19,106.562,106.694,106.591,106.596
2020-03-17 05:00:00,106.697,106.751,106.298,106.337,106.697,106.704
2020-03-17 06:00:00,106.338,106.564,106.162,106.502,106.338,106.339
2020-03-17 07:00:00,106.502,106.672,106.379,106.592,106.502,106.507
2020-03-17 08:00:00,106.592,106.637,106.353,106.422,106.592,106.595
2020-03-17 09:00:00,106.421,106.719,106.23,106.637,106.421,106.427
2020-03-17 10:00:00,106.641,106.903,106.558,106.901,106.641,106.645
2020-03-17 11:00:00,106.87,107.034,106.602,106.837,106.87,106.874
2020-03-17 12:00:00,106.837,106.849,106.295,106.572,106.837,106.84
2020-03-17 13:00:00,106.572,107.045,106.53,107.019,106.572,106.58
2020-03-17 14:00:00,107.022,107.144,106.732,106.746,107.022,107.026
2020-03-17 15:00:00,106.746,107.07,106.714,107.053,106.746,106.749
2020-03-17 16:00:00,107.053,107.146,106.771,106.864,107.053,107.055
2020-03-17 17:00:00,106.866,107.425,106.807,107.297,106.866,106.872
2020-03-17 18:00:00,107.299,107.593,107.142,107.41,107.299,107.301
2020-03-17 19:00:00,107.409,107.573,107.307,107.569,107.409,107.409
2020-03-17 20:00:00,107.569,107.669,107.229,107.396,107.569,107.571
2020-03-17 21:00:00,107.396,107.864,107.379,107.855,107.396,107.399
2020-03-17 22:00:00,107.854,107.855,107.629,107.684,107.854,107.855
2020-03-17 23:00:00,107.685,107.737,107.534,107.619,107.685,107.686
2020-03-18 00:00:00,107.692,107.714,107.482,107.623,107.692,107.697
2020-03-18 01:00:00,107.623,107.684,107.211,107.253,107.623,107.69
2020-03-18 02:00:00,107.26,107.441,107.227,107.384,107.26,107.265
2020-03-18 03:00:00,107.385,107.571,107.277,107.38,107.385,107.39
2020-03-18 04:00:00,107.381,107.41,107.093,107.263,107.381,107.385
2020-03-18 05:00:00,107.26,107.309,107.132,107.255,107.26,107.264
2020-03-18 06:00:00,107.256,107.304,107.061,107.12,107.256,107.259
2020-03-18 07:00:00,107.12,107.246,107.106,107.226,107.12,107.123
2020-03-18 08:00:00,107.226,107.267,106.943,107.036,107.226,107.227
2020-03-18 09:00:00,107.037,107.098,106.754,107.035,107.037,107.044
2020-03-18 10:00:00,107.035,107.418,106.959,107.417,107.035,107.039
2020-03-18 11:00:00,107.417,107.608,107.238,107.555,107.417,107.417
2020-03-18 12:00:00,107.556,107.575,107.288,107.321,107.556,107.557
2020-03-18 13:00:00,107.321,107.353,107.088,107.322,107.321,107.326
2020-03-18 14:00:00,107.322,107.537,107.229,107.278,107.322,107.325
2020-03-18 15:00:00,107.278,107.649,107.278,107.638,107.278,107.281
2020-03-18 16:00:00,107.638,108.095,107.603,107.959,107.638,107.639
2020-03-18 17:00:00,107.956,108.138,107.734,108.076,107.956,107.958
2020-03-18 18:00:00,108.072,108.502,108.012,108.448,108.072,108.075
2020-03-18 19:00:00,108.448,108.548,108.121,108.364,108.448,108.448
2020-03-18 20:00:00,108.364,108.656,108.119,108.437,108.364,108.364
2020-03-18 21:00:00,108.439,108.547,107.748,107.955,108.439,108.443
2020-03-18 22:00:00,107.953,108.331,107.833,108.111,107.953,107.954
2020-03-18 23:00:00,108.112,108.186,107.966,108.026,108.112,108.116
2020-03-19 00:00:00,108.045,108.054,107.867,108.006,108.045,108.118
2020-03-19 01:00:00,108.006,108.243,107.984,108.007,108.006,108.106
2020-03-19 02:00:00,108.007,108.404,107.992,108.361,108.007,108.021
2020-03-19 03:00:00,108.364,108.952,108.195,108.808,108.364,108.367
2020-03-19 04:00:00,108.808,109.061,108.584,108.792,108.808,108.811
2020-03-19 05:00:00,108.792,109.5,108.761,109.069,108.792,108.802
2020-03-19 06:00:00,109.069,109.395,108.975,109.286,109.069,109.075
2020-03-19 07:00:00,109.287,109.557,108.978,109.068,109.287,109.291
2020-03-19 08:00:00,109.072,109.074,108.762,108.841,109.072,109.078
2020-03-19 09:00:00,108.841,108.958,108.455,108.574,108.841,108.846
2020-03-19 10:00:00,108.574,109.234,108.546,109.154,108.574,108.574
2020-03-19 11:00:00,109.155,109.212,108.813,108.915,109.155,109.159
2020-03-19 12:00:00,108.908,109.17,108.819,109.146,108.908,108.918
2020-03-19 13:00:00,109.146,109.481,108.973,109.478,109.146,109.147
2020-03-19 14:00:00,109.478,109.951,109.417,109.903,109.478,109.481
2020-03-19 15:00:00,109.904,110.001,109.522,109.778,109.904,109.907
2020-03-19 16:00:00,109.778,110.006,109.543,109.985,109.778,109.784
2020-03-19 17:00:00,109.986,110.179,109.618,109.761,109.986,109.995
2020-03-19 18:00:00,109.759,110.095,109.64,110.074,109.759,109.763
2020-03-19 19:00:00,110.075,110.207,110.011,110.198,110.075,110.081
2020-03-19 20:00:00,110.196,110.384,110.05,110.38,110.196,110.198
2020-03-19 21:00:00,110.38,110.84,110.324,110.681,110.38,110.382
2020-03-19 22:00:00,110.684,110.955,110.589,110.733,110.684,110.685
2020-03-19 23:00:00,110.734,110.76,110.444,110.702,110.734,110.737
2020-03-20 00:00:00,110.707,110.933,110.672,110.863,110.707,110.731
2020-03-20 01:00:00,110.863,110.959,110.667,110.857,110.863,110.938
2020-03-20 02:00:00,110.857,111.363,110.832,111.313,110.857,110.866
2020-03-20 03:00:00,111.314,111.34,111.046,111.146,111.314,111.317
2020-03-20 04:00:00,111.146,111.199,110.103,110.418,111.146,111.152
2020-03-20 05:00:00,110.416,110.518,109.991,110.169,110.416,110.423
2020-03-20 06:00:00,110.169,110.32,109.992,110.169,110.169,110.176
2020-03-20 07:00:00,110.169,110.237,109.926,109.941,110.169,110.176
2020-03-20 08:00:00,109.941,110.076,109.774,110.028,109.941,109.948
2020-03-20 09:00:00,110.029,110.098,109.637,109.84,110.029,110.033
2020-03-20 10:00:00,109.839,109.961,109.33,109.51,109.839,109.846
2020-03-20 11:00:00,109.509,109.97,109.484,109.908,109.509,109.515
2020-03-20 12:00:00,109.908,110.28,109.805,110.26,109.908,109.908
2020-03-20 13:00:00,110.26,110.26,109.829,109.968,110.26,110.262
2020-03-20 14:00:00,109.968,110.273,109.93,110.105,109.968,109.97
2020-03-20 15:00:00,110.106,110.393,109.914,110.366,110.106,110.109
2020-03-20 16:00:00,110.366,110.994,110.364,110.938,110.366,110.366
2020-03-20 17:00:00,110.938,110.942,110.559,110.896,110.938,110.947
2020-03-20 18:00:00,110.894,111.397,110.792,111.304,110.894,110.898
2020-03-20 19:00:00,111.304,111.479,111.225,111.464,111.304,111.304
2020-03-20 20:00:00,111.464,111.507,110.852,110.947,111.464,111.468
2020-03-20 21:00:00,110.947,111.321,110.946,111.167,110.947,110.949
2020-03-20 22:00:00,111.168,111.501,111.062,111.08,111.168,111.174
2020-03-20 23:00:00,111.08,111.351,110.712,110.749,111.08,111.092
2020-03-23 00:00:00,110.748,110.852,110.746,110.76,110.748,110.844
2020-03-23 01:00:00,110.76,111.251,110.489,111.067,110.76,110.841
2020-03-23 02:00:00,111.067,111.08,110.287,110.389,111.067,111.086
2020-03-23 03:00:00,110.392,110.778,110.258,110.536,110.392,110.401
2020-03-23 04:00:00,110.536,110.73,110.136,110.372,110.536,110.541
2020-03-23 05:00:00,110.372,110.375,109.995,110.074,110.372,110.381
2020-03-23 06:00:00,110.072,110.393,110.011,110.284,110.072,110.079
2020-03-23 07:00:00,110.284,110.284,109.994,110.081,110.284,110.287
2020-03-23 08:00:00,110.083,110.102,109.792,109.884,110.083,110.087
2020-03-23 09:00:00,109.884,110.283,109.668,110.048,109.884,109.892
2020-03-23 10:00:00,110.05,110.292,110.031,110.239,110.05,110.056
2020-03-23 11:00:00,110.24,110.248,110.057,110.179,110.24,110.242
2020-03-23 12:00:00,110.181,110.738,110.179,110.487,110.181,110.183
2020-03-23 13:00:00,110.487,110.72,110.477,110.649,110.487,110.49
2020-03-23 14:00:00,110.649,110.885,110.538,110.805,110.649,110.65
2020-03-23 15:00:00,110.806,110.837,109.818,110.217,110.806,110.81
2020-03-23 16:00:00,110.217,110.855,110.16,110.602,110.217,110.222
2020-03-23 17:00:00,110.602,110.874,110.587,110.789,110.602,110.604
2020-03-23 18:00:00,110.787,111.368,110.717,111.351,110.787,110.792
2020-03-23 19:00:00,111.351,111.596,111.177,111.229,111.351,111.352
2020-03-23 20:00:00,111.225,111.39,111.142,111.225,111.225,111.226
2020-03-23 21:00:00,111.225,111.571,111.134,111.506,111.225,111.227
2020-03-23 22:00:00,111.506,111.506,111.152,111.308,111.506,111.506
2020-03-23 23:00:00,111.311,111.352,111.124,111.273,111.311,111.315
2020-03-24 00:00:00,111.23,111.305,111.027,111.216,111.23,111.247
2020-03-24 01:00:00,111.217,111.25,110.853,110.979,111.217,111.258
2020-03-24 02:00:00,110.979,111.136,110.78,110.816,110.979,110.989
2020-03-24 03:00:00,110.813,110.979,110.445,110.453,110.813,110.821
2020-03-24 04:00:00,110.453,110.517,110.263,110.348,110.453,110.459
2020-03-24 05:00:00,110.347,110.428,110.085,110.352,110.347,110.355
2020-03-24 06:00:00,110.353,110.574,110.243,110.302,110.353,110.361
2020-03-24 07:00:00,110.302,110.424,110.128,110.284,110.302,110.307
2020-03-24 08:00:00,110.283,110.468,110.177,110.39,110.283,110.289
2020-03-24 09:00:00,110.39,110.487,110.235,110.353,110.39,110.395
2020-03-24 10:00:00,110.349,110.694,110.319,110.531,110.349,110.353
2020-03-24 11:00:00,110.531,110.767,110.53,110.704,110.531,110.538
2020-03-24 12:00:00,110.704,110.943,110.362,110.419,110.704,110.712
2020-03-24 13:00:00,110.419,110.637,110.291,110.48,110.419,110.425
2020-03-24 14:00:00,110.48,110.915,110.413,110.847,110.48,110.482
2020-03-24 15:00:00,110.847,111.004,110.729,110.786,110.847,110.85
2020-03-24 16:00:00,110.786,111.185,110.599,111.175,110.786,110.79
2020-03-24 17:00:00,111.176,111.408,111.095,111.403,111.176,111.183
2020-03-24 18:00:00,111.403,111.502,111.163,111.452,111.403,111.403
2020-03-24 19:00:00,111.452,111.626,111.343,111.478,111.452,111.457
2020-03-24 20:00:00,111.48,111.512,111.292,111.463,111.48,111.48
2020-03-24 21:00:00,111.464,111.52,111.302,111.47,111.464,111.466
2020-03-24 22:00:00,111.472,111.713,111.461,111.508,111.472,111.475
2020-03-24 23:00:00,111.506,111.536,111.205,111.215,111.506,111.507
2020-03-25 00:00:00,111.223,111.519,111.129,111.298,111.223,111.242
2020-03-25 01:00:00,111.298,111.366,111.057,111.195,111.298,111.352
2020-03-25 02:00:00,111.199,111.307,111.041,111.125,111.199,111.213
2020-03-25 03:00:00,111.125,111.274,110.934,111.003,111.125,111.127
2020-03-25 04:00:00,111.003,111.014,110.752,110.817,111.003,111.012
2020-03-25 05:00:00,110.817,111.037,110.785,110.868,110.817,110.824
2020-03-25 06:00:00,110.868,111.134,110.867,111.103,110.868,110.873
2020-03-25 07:00:00,111.103,111.346,111.065,111.321,111.103,111.109
2020-03-25 08:00:00,111.32,111.492,111.195,111.233,111.32,111.323
2020-03-25 09:00:00,111.235,111.373,111.131,111.332,111.235,111.241
2020-03-25 10:00:00,111.332,111.48,111.17,111.463,111.332,111.339
2020-03-25 11:00:00,111.463,111.568,111.3,111.309,111.463,111.465
2020-03-25 12:00:00,111.309,111.481,111.272,111.412,111.309,111.31
2020-03-25 13:00:00,111.412,111.446,111.179,111.219,111.412,111.415
2020-03-25 14:00:00,111.22,111.326,111.064,111.261,111.22,111.225
2020-03-25 15:00:00,111.261,111.449,111.231,111.349,111.261,111.263
2020-03-25 16:00:00,111.349,111.646,111.345,111.596,111.349,111.35
2020-03-25 17:00:00,111.597,111.68,111.457,111.585,111.597,111.601
2020-03-25 18:00:00,111.586,111.617,111.398,111.419,111.586,111.586
2020-03-25 19:00:00,111.419,111.597,111.371,111.422,111.419,111.419
2020-03-25 20:00:00,111.422,111.518,111.134,111.16,111.422,111.422
2020-03-25 21:00:00,111.16,111.364,111.085,111.355,111.16,111.16
2020-03-25 22:00:00,111.355,111.364,111.117,111.176,111.355,111.357
2020-03-25 23:00:00,111.175,111.252,111.141,111.205,111.175,111.175
2020-03-26 00:00:00,111.201,111.297,111.071,111.154,111.201,111.213
2020-03-26 01:00:00,111.154,111.242,110.886,111.013,111.154,111.217
2020-03-26 02:00:00,111.014,111.039,110.824,110.838,111.014,111.018
2020-03-26 03:00:00,110.838,110.952,110.594,110.742,110.838,110.84
2020-03-26 04:00:00,110.742,110.777,110.454,110.649,110.742,110.746
2020-03-26 05:00:00,110.649,110.855,110.541,110.721,110.649,110.653
2020-03-26 06:00:00,110.721,110.767,110.57,110.694,110.721,110.726
2020-03-26 07:00:00,110.695,110.854,110.672,110.728,110.695,110.698
2020-03-26 08:00:00,110.729,110.747,110.559,110.622,110.729,110.731
2020-03-26 09:00:00,110.621,110.746,110.526,110.555,110.621,110.621
2020-03-26 10:00:00,110.554,110.632,110.37,110.471,110.554,110.562
2020-03-26 11:00:00,110.47,110.507,110.064,110.103,110.47,110.475
2020-03-26 12:00:00,110.104,110.134,109.813,110.046,110.104,110.106
2020-03-26 13:00:00,110.046,110.169,109.814,109.982,110.046,110.046
2020-03-26 14:00:00,109.981,109.981,109.579,109.727,109.981,109.982
2020-03-26 15:00:00,109.727,109.943,109.552,109.649,109.727,109.736
2020-03-26 16:00:00,109.651,109.87,109.378,109.666,109.651,109.656
2020-03-26 17:00:00,109.666,110.081,109.616,109.844,109.666,109.667
2020-03-26 18:00:00,109.844,109.888,109.35,109.456,109.844,109.85
2020-03-26 19:00:00,109.457,109.764,109.45,109.456,109.457,109.457
2020-03-26 20:00:00,109.456,109.59,109.407,109.505,109.456,109.457
2020-03-26 21:00:00,109.505,109.576,109.206,109.226,109.505,109.506
2020-03-26 22:00:00,109.225,109.486,109.225,109.391,109.225,109.228
2020-03-26 23:00:00,109.392,109.626,109.384,109.609,109.392,109.394
2020-03-27 00:00:00,109.566,109.704,109.402,109.418,109.566,109.666
2020-03-27 01:00:00,109.417,109.471,109.24,109.334,109.417,109.486
2020-03-27 02:00:00,109.338,109.39,109.086,109.132,109.338,109.347
2020-03-27 03:00:00,109.132,109.39,108.888,109.05,109.132,109.14
2020-03-27 04:00:00,109.044,109.08,108.493,108.657,109.044,109.049
2020-03-27 05:00:00,108.657,108.714,108.286,108.377,108.657,108.661
2020-03-27 06:00:00,108.378,108.457,108.259,108.403,108.378,108.382
2020-03-27 07:00:00,108.403,108.601,108.291,108.346,108.403,108.407
2020-03-27 08:00:00,108.347,108.528,108.236,108.448,108.347,108.35
2020-03-27 09:00:00,108.449,108.785,108.321,108.605,108.449,108.452
2020-03-27 10:00:00,108.606,109.001,108.531,108.885,108.606,108.609
2020-03-27 11:00:00,108.883,108.98,108.67,108.916,108.883,108.887
2020-03-27 12:00:00,108.918,109.067,108.725,108.841,108.918,108.919
2020-03-27 13:00:00,108.841,108.95,108.603,108.622,108.841,108.844
2020-03-27 14:00:00,108.622,108.833,108.528,108.822,108.622,108.623
2020-03-27 15:00:00,108.823,108.853,108.641,108.788,108.823,108.825
2020-03-27 16:00:00,108.789,108.9,108.426,108.479,108.789,108.79
2020-03-27 17:00:00,108.477,108.547,108.047,108.09,108.477,108.48
2020-03-27 18:00:00,108.087,108.259,107.868,108.161,108.087,108.087
2020-03-27 19:00:00,108.161,108.199,107.953,107.994,108.161,108.162
2020-03-27 20:00:00,107.994,108.175,107.968,108.002,107.994,107.994
2020-03-27 21:00:00,108.002,108.002,107.756,107.773,108.002,108.003
2020-03-27 22:00:00,107.774,107.952,107.773,107.895,107.774,107.777
2020-03-27 23:00:00,107.895,108.014,107.83,107.96,107.895,107.898
2020-03-30 00:00:00,107.686,107.834,107.61,107.714,107.686,107.786
2020-03-30 01:00:00,107.736,107.972,107.592,107.662,107.736,107.782
2020-03-30 02:00:00,107.661,107.776,107.362,107.459,107.661,107.667
2020-03-30 03:00:00,107.459,107.776,107.404,107.513,107.459,107.461
2020-03-30 04:00:00,107.514,107.572,107.252,107.284,107.514,107.518
2020-03-30 05:00:00,107.284,107.406,107.121,107.315,107.284,107.289
2020-03-30 06:00:00,107.315,107.518,107.232,107.354,107.315,107.318
2020-03-30 07:00:00,107.354,107.707,107.326,107.604,107.354,107.356
2020-03-30 08:00:00,107.602,107.947,107.58,107.733,107.602,107.607
2020-03-30 09:00:00,107.733,108.174,107.654,108.15,107.733,107.737
2020-03-30 10:00:00,108.148,108.246,107.933,107.993,108.148,108.151
2020-03-30 11:00:00,107.992,108.048,107.607,107.632,107.992,107.995
2020-03-30 12:00:00,107.627,107.85,107.495,107.841,107.627,107.631
2020-03-30 13:00:00,107.84,108.036,107.816,107.945,107.84,107.84
2020-03-30 14:00:00,107.945,108.074,107.823,107.99,107.945,107.949
2020-03-30 15:00:00,107.99,108.296,107.979,108.271,107.99,107.992
2020-03-30 16:00:00,108.271,108.287,107.813,107.874,108.271,108.275
2020-03-30 17:00:00,107.875,108.163,107.658,108.068,107.875,107.878
2020-03-30 18:00:00,108.069,108.174,107.905,108.062,108.069,108.07
2020-03-30 19:00:00,108.062,108.084,107.818,107.916,108.062,108.066
2020-03-30 20:00:00,107.916,108.104,107.854,108.024,107.916,107.916
2020-03-30 21:00:00,108.022,108.074,107.835,107.999,108.022,108.024
2020-03-30 22:00:00,107.999,108.047,107.747,107.753,107.999,108.001
2020-03-30 23:00:00,107.753,107.951,107.748,107.814,107.753,107.756
2020-03-31 00:00:00,107.741,107.854,107.693,107.838,107.741,107.822
2020-03-31 01:00:00,107.838,107.988,107.802,107.98,107.838,107.852
2020-03-31 02:00:00,107.978,108.211,107.977,108.077,107.978,107.983
2020-03-31 03:00:00,108.079,108.725,107.925,108.53,108.079,108.08
2020-03-31 04:00:00,108.529,108.705,108.401,108.484,108.529,108.534
2020-03-31 05:00:00,108.484,108.663,108.429,108.544,108.484,108.488
2020-03-31 06:00:00,108.544,108.576,108.32,108.398,108.544,108.545
2020-03-31 07:00:00,108.393,108.487,108.186,108.26,108.393,108.395
2020-03-31 08:00:00,108.26,108.367,108.175,108.218,108.26,108.264
2020-03-31 09:00:00,108.216,108.455,108.098,108.354,108.216,108.217
2020-03-31 10:00:00,108.355,108.612,108.312,108.417,108.355,108.357
2020-03-31 11:00:00,108.417,108.522,108.258,108.515,108.417,108.422
2020-03-31 12:00:00,108.514,108.527,108.33,108.469,108.514,108.516
2020-03-31 13:00:00,108.469,108.619,108.425,108.617,108.469,108.472
2020-03-31 14:00:00,108.616,108.729,108.519,108.568,108.616,108.619
2020-03-31 15:00:00,108.569,108.621,108.257,108.407,108.569,108.57
2020-03-31 16:00:00,108.412,108.486,108.055,108.242,108.412,108.413
2020-03-31 17:00:00,108.244,108.324,107.877,107.935,108.244,108.244
2020-03-31 18:00:00,107.932,108.059,107.463,107.549,107.932,107.934
2020-03-31 19:00:00,107.549,107.912,107.537,107.779,107.549,107.549
2020-03-31 20:00:00,107.776,107.936,107.663,107.699,107.776,107.779
2020-03-31 21:00:00,107.699,107.839,107.586,107.636,107.699,107.701
2020-03-31 22:00:00,107.636,107.739,107.497,107.515,107.636,107.636
2020-03-31 23:00:00,107.514,107.64,107.478,107.559,107.514,107.517
2020-04-01 00:00:00,107.527,107.565,107.497,107.511,107.527,107.611
2020-04-01 01:00:00,107.511,107.766,107.482,107.764,107.511,107.567
2020-04-01 02:00:00,107.765,107.765,107.402,107.511,107.765,107.768
2020-04-01 03:00:00,107.511,107.584,107.254,107.491,107.511,107.516
2020-04-01 04:00:00,107.491,107.738,107.429,107.713,107.491,107.495
2020-04-01 05:00:00,107.713,107.94,107.673,107.694,107.713,107.717
2020-04-01 06:00:00,107.694,107.838,107.628,107.793,107.694,107.697
2020-04-01 07:00:00,107.793,107.832,107.706,107.762,107.793,107.795
2020-04-01 08:00:00,107.762,107.814,107.321,107.383,107.762,107.766
2020-04-01 09:00:00,107.384,107.599,107.284,107.576,107.384,107.384
2020-04-01 10:00:00,107.575,107.694,107.458,107.652,107.575,107.577
2020-04-01 11:00:00,107.651,107.79,107.464,107.474,107.651,107.655
2020-04-01 12:00:00,107.474,107.67,107.428,107.606,107.474,107.477
2020-04-01 13:00:00,107.606,107.656,107.452,107.571,107.606,107.606
2020-04-01 14:00:00,107.572,107.652,107.504,107.522,107.572,107.575
2020-04-01 15:00:00,107.523,107.609,107.297,107.391,107.523,107.524
2020-04-01 16:00:00,107.392,107.474,107.174,107.211,107.392,107.394
2020-04-01 17:00:00,107.21,107.387,107.042,107.118,107.21,107.227
2020-04-01 18:00:00,107.118,107.323,107.017,107.047,107.118,107.12
2020-04-01 19:00:00,107.047,107.209,107.0,107.083,107.047,107.049
2020-04-01 20:00:00,107.083,107.327,107.08,107.262,107.083,107.086
2020-04-01 21:00:00,107.262,107.272,107.101,107.232,107.262,107.264
2020-04-01 22:00:00,107.232,107.234,106.919,107.133,107.232,107.235
2020-04-01 23:00:00,107.132,107.196,107.048,107.172,107.132,107.136
2020-04-02 00:00:00,107.158,107.162,107.042,107.103,107.158,107.17
2020-04-02 01:00:00,107.103,107.233,107.076,107.2,107.103,107.167
2020-04-02 02:00:00,107.202,107.321,107.186,107.296,107.202,107.209
2020-04-02 03:00:00,107.295,107.487,107.145,107.415,107.295,107.299
2020-04-02 04:00:00,107.415,107.572,107.297,107.503,107.415,107.417
2020-04-02 05:00:00,107.503,107.516,107.372,107.49,107.503,107.506
2020-04-02 06:00:00,107.49,107.508,107.394,107.435,107.49,107.49
2020-04-02 07:00:00,107.435,107.532,107.435,107.485,107.435,107.437
2020-04-02 08:00:00,107.485,107.485,107.257,107.281,107.485,107.486
2020-04-02 09:00:00,107.281,107.365,107.145,107.332,107.281,107.284
2020-04-02 10:00:00,107.332,107.364,107.18,107.291,107.332,107.333
2020-04-02 11:00:00,107.291,107.418,107.257,107.309,107.291,107.292
2020-04-02 12:00:00,107.309,107.346,107.254,107.301,107.309,107.31
2020-04-02 13:00:00,107.301,107.446,107.29,107.43,107.301,107.302
2020-04-02 14:00:00,107.43,107.432,107.296,107.329,107.43,107.43
2020-04-02 15:00:00,107.329,107.419,107.016,107.191,107.329,107.33
2020-04-02 16:00:00,107.191,107.378,107.127,107.266,107.191,107.193
2020-04-02 17:00:00,107.263,108.034,107.244,107.939,107.263,107.273
2020-04-02 18:00:00,107.939,108.02,107.621,107.855,107.939,107.942
2020-04-02 19:00:00,107.855,108.096,107.81,107.967,107.855,107.857
2020-04-02 20:00:00,107.967,108.001,107.859,107.927,107.967,107.969
2020-04-02 21:00:00,107.927,107.953,107.828,107.832,107.927,107.927
2020-04-02 22:00:00,107.832,107.966,107.811,107.914,107.832,107.833
2020-04-02 23:00:00,107.913,107.964,107.826,107.881,107.913,107.915
2020-04-03 00:00:00,107.864,107.901,107.81,107.84,107.864,107.917
2020-04-03 01:00:00,107.84,108.13,107.837,108.13,107.84,107.883
2020-04-03 02:00:00,108.13,108.2,107.979,108.033,108.13,108.139
2020-04-03 03:00:00,108.033,108.143,107.907,108.065,108.033,108.037
2020-04-03 04:00:00,108.065,108.122,107.922,107.976,108.065,108.066
2020-04-03 05:00:00,107.976,107.981,107.801,107.91,107.976,107.979
2020-04-03 06:00:00,107.91,108.038,107.894,107.99,107.91,107.912
2020-04-03 07:00:00,107.991,108.034,107.914,107.978,107.991,107.992
2020-04-03 08:00:00,107.978,107.986,107.826,107.926,107.978,107.98
2020-04-03 09:00:00,107.925,108.038,107.861,107.978,107.925,107.926
2020-04-03 10:00:00,107.978,108.294,107.958,108.226,107.978,107.978
2020-04-03 11:00:00,108.224,108.289,108.124,108.264,108.224,108.224
2020-04-03 12:00:00,108.264,108.513,108.263,108.462,108.264,108.264
2020-04-03 13:00:00,108.462,108.546,108.422,108.536,108.462,108.463
2020-04-03 14:00:00,108.536,108.596,108.428,108.492,108.536,108.538
2020-04-03 15:00:00,108.492,108.589,108.243,108.587,108.492,108.495
2020-04-03 16:00:00,108.588,108.677,108.417,108.466,108.588,108.589
2020-04-03 17:00:00,108.467,108.649,108.467,108.503,108.467,108.474
2020-04-03 18:00:00,108.503,108.619,108.412,108.524,108.503,108.506
2020-04-03 19:00:00,108.524,108.543,108.358,108.486,108.524,108.525
2020-04-03 20:00:00,108.486,108.562,108.413,108.431,108.486,108.488
2020-04-03 21:00:00,108.431,108.456,108.186,108.275,108.431,108.433
2020-04-03 22:00:00,108.275,108.425,108.237,108.417,108.275,108.276
2020-04-03 23:00:00,108.418,108.496,108.399,108.45,108.418,108.419
2020-04-06 00:00:00,108.316,108.443,108.316,108.42,108.316,108.41
2020-04-06 01:00:00,108.419,108.585,108.397,108.457,108.419,108.477
2020-04-06 02:00:00,108.457,108.738,108.454,108.712,108.457,108.461
2020-04-06 03:00:00,108.712,109.086,108.669,108.937,108.712,108.718
2020-04-06 04:00:00,108.937,109.05,108.749,108.881,108.937,108.941
2020-04-06 05:00:00,108.881,109.006,108.846,108.934,108.881,108.882
2020-04-06 06:00:00,108.934,108.955,108.815,108.86,108.934,108.937
2020-04-06 07:00:00,108.861,109.027,108.833,108.936,108.861,108.863
2020-04-06 08:00:00,108.936,109.13,108.856,109.025,108.936,108.937
2020-04-06 09:00:00,109.025,109.184,108.942,109.174,109.025,109.028
2020-04-06 10:00:00,109.176,109.382,109.133,109.179,109.176,109.177
2020-04-06 11:00:00,109.178,109.301,109.076,109.192,109.178,109.179
2020-04-06 12:00:00,109.191,109.268,109.126,109.215,109.191,109.191
2020-04-06 13:00:00,109.215,109.255,109.134,109.14,109.215,109.215
2020-04-06 14:00:00,109.139,109.139,108.907,108.928,109.139,109.14
2020-04-06 15:00:00,108.927,109.1,108.844,109.038,108.927,108.928
2020-04-06 16:00:00,109.038,109.106,108.964,109.033,109.038,109.038
2020-04-06 17:00:00,109.032,109.176,109.016,109.119,109.032,109.032
2020-04-06 18:00:00,109.12,109.151,108.989,109.107,109.12,109.12
2020-04-06 19:00:00,109.107,109.195,108.998,109.019,109.107,109.107
2020-04-06 20:00:00,109.019,109.088,108.986,109.029,109.019,109.019
2020-04-06 21:00:00,109.029,109.07,108.931,109.058,109.029,109.03
2020-04-06 22:00:00,109.058,109.25,109.051,109.154,109.058,109.058
2020-04-06 23:00:00,109.156,109.23,109.092,109.23,109.156,109.156
2020-04-07 00:00:00,109.204,109.237,109.185,109.215,109.204,109.221
2020-04-07 01:00:00,109.215,109.28,109.136,109.214,109.215,109.238
2020-04-07 02:00:00,109.214,109.233,109.076,109.129,109.214,109.218
2020-04-07 03:00:00,109.129,109.131,108.937,109.014,109.129,109.131
2020-04-07 04:00:00,109.014,109.086,108.831,108.888,109.014,109.014
2020-04-07 05:00:00,108.888,108.952,108.717,108.923,108.888,108.888
2020-04-07 06:00:00,108.923,108.951,108.737,108.78,108.923,108.926
2020-04-07 07:00:00,108.78,108.842,108.671,108.767,108.78,108.783
2020-04-07 08:00:00,108.767,108.864,108.72,108.834,108.767,108.768
2020-04-07 09:00:00,108.833,108.974,108.774,108.843,108.833,108.835
2020-04-07 10:00:00,108.842,108.952,108.787,108.877,108.842,108.844
2020-04-07 11:00:00,108.877,108.942,108.84,108.872,108.877,108.878
2020-04-07 12:00:00,108.874,109.105,108.872,109.058,108.874,108.875
2020-04-07 13:00:00,109.058,109.146,108.99,109.084,109.058,109.06
2020-04-07 14:00:00,109.084,109.129,108.944,108.958,109.084,109.086
2020-04-07 15:00:00,108.96,109.021,108.822,108.996,108.96,108.96
2020-04-07 16:00:00,108.996,109.076,108.938,109.014,108.996,108.997
2020-04-07 17:00:00,109.015,109.065,108.836,108.982,109.015,109.015
2020-04-07 18:00:00,108.982,109.08,108.919,108.976,108.982,108.982
2020-04-07 19:00:00,108.976,108.999,108.822,108.836,108.976,108.977
2020-04-07 20:00:00,108.836,108.99,108.83,108.929,108.836,108.836
2020-04-07 21:00:00,108.929,108.933,108.772,108.86,108.929,108.929
2020-04-07 22:00:00,108.859,108.898,108.752,108.755,108.859,108.86
2020-04-07 23:00:00,108.755,108.845,108.721,108.78,108.755,108.757
2020-04-08 00:00:00,108.749,108.803,108.696,108.747,108.749,108.763
2020-04-08 01:00:00,108.747,108.838,108.732,108.799,108.747,108.784
2020-04-08 02:00:00,108.799,108.799,108.613,108.675,108.799,108.804
2020-04-08 03:00:00,108.674,108.701,108.504,108.621,108.674,108.679
2020-04-08 04:00:00,108.621,108.872,108.585,108.716,108.621,108.623
2020-04-08 05:00:00,108.716,108.839,108.664,108.833,108.716,108.718
2020-04-08 06:00:00,108.833,108.864,108.749,108.852,108.833,108.835
2020-04-08 07:00:00,108.853,108.965,108.823,108.891,108.853,108.855
2020-04-08 08:00:00,108.891,109.005,108.838,108.866,108.891,108.893
2020-04-08 09:00:00,108.866,108.908,108.745,108.779,108.866,108.867
2020-04-08 10:00:00,108.78,108.883,108.754,108.839,108.78,108.782
2020-04-08 11:00:00,108.839,108.895,108.742,108.88,108.839,108.839
2020-04-08 12:00:00,108.878,108.9,108.791,108.84,108.878,108.878
2020-04-08 13:00:00,108.84,108.869,108.782,108.838,108.84,108.84
2020-04-08 14:00:00,108.838,108.942,108.817,108.899,108.838,108.838
2020-04-08 15:00:00,108.9,108.932,108.845,108.932,108.9,108.9
2020-04-08 16:00:00,108.931,109.102,108.702,108.766,108.931,108.931
2020-04-08 17:00:00,108.766,108.83,108.596,108.722,108.766,108.766
2020-04-08 18:00:00,108.722,108.817,108.65,108.702,108.722,108.722
2020-04-08 19:00:00,108.702,108.765,108.61,108.638,108.702,108.703
2020-04-08 20:00:00,108.638,108.747,108.614,108.732,108.638,108.639
2020-04-08 21:00:00,108.732,108.835,108.7,108.823,108.732,108.748
2020-04-08 22:00:00,108.823,108.882,108.804,108.852,108.823,108.824
2020-04-08 23:00:00,108.853,108.913,108.822,108.822,108.853,108.853
2020-04-09 00:00:00,108.816,108.858,108.785,108.818,108.816,108.848
2020-04-09 01:00:00,108.828,108.9,108.818,108.865,108.828,108.858
2020-04-09 02:00:00,108.865,108.992,108.85,108.933,108.865,108.868
2020-04-09 03:00:00,108.933,109.044,108.833,109.011,108.933,108.937
2020-04-09 04:00:00,109.011,109.063,108.9,108.993,109.011,109.013
2020-04-09 05:00:00,108.993,109.016,108.915,108.929,108.993,108.996
2020-04-09 06:00:00,108.929,108.973,108.905,108.966,108.929,108.93
2020-04-09 07:00:00,108.964,108.995,108.892,108.993,108.964,108.964
2020-04-09 08:00:00,108.993,108.994,108.892,108.892,108.993,108.995
2020-04-09 09:00:00,108.894,109.0,108.882,108.928,108.894,108.894
2020-04-09 10:00:00,108.929,108.971,108.892,108.932,108.929,108.929
2020-04-09 11:00:00,108.932,108.961,108.853,108.892,108.932,108.933
2020-04-09 12:00:00,108.892,108.906,108.798,108.808,108.892,108.892
2020-04-09 13:00:00,108.808,108.839,108.726,108.827,108.808,108.808
2020-04-09 14:00:00,108.827,108.916,108.819,108.885,108.827,108.827
2020-04-09 15:00:00,108.885,108.914,108.809,108.835,108.885,108.885
2020-04-09 16:00:00,108.836,108.854,108.6,108.647,108.836,108.836
2020-04-09 17:00:00,108.645,108.719,108.472,108.523,108.645,108.649
2020-04-09 18:00:00,108.521,108.592,108.355,108.38,108.521,108.524
2020-04-09 20:00:00,108.382,108.382,108.207,108.318,108.382,108.383
2020-04-09 21:00:00,108.32,108.485,108.311,108.48,108.32,108.32
2020-04-09 22:00:00,108.481,108.487,108.378,108.4,108.481,108.481
2020-04-09 23:00:00,108.4,108.51,108.372,108.486,108.4,108.4
2020-04-10 00:00:00,108.455,108.473,108.42,108.462,108.455,108.555
2020-04-10 01:00:00,108.462,108.517,108.424,108.48,108.462,108.519
2020-04-10 02:00:00,108.48,108.582,108.47,108.548,108.48,108.55
2020-04-10 03:00:00,108.55,108.587,108.396,108.561,108.55,108.575
2020-04-10 04:00:00,108.561,108.561,108.484,108.496,108.561,108.563
2020-04-10 05:00:00,108.496,108.55,108.46,108.484,108.496,108.497
2020-04-10 06:00:00,108.483,108.503,108.371,108.371,108.483,108.491
2020-04-10 07:00:00,108.372,108.456,108.322,108.431,108.372,108.385
2020-04-10 08:00:00,108.431,108.452,108.338,108.408,108.431,108.431
2020-04-10 09:00:00,108.408,108.44,108.345,108.365,108.408,108.419
2020-04-10 10:00:00,108.365,108.403,108.328,108.401,108.365,108.375
2020-04-10 11:00:00,108.401,108.401,108.362,108.381,108.401,108.401
2020-04-10 12:00:00,108.38,108.433,108.368,108.432,108.38,108.386
2020-04-10 13:00:00,108.432,108.436,108.4,108.416,108.432,108.442
2020-04-10 14:00:00,108.416,108.48,108.408,108.444,108.416,108.42
2020-04-10 15:00:00,108.446,108.463,108.406,108.459,108.446,108.456
2020-04-10 16:00:00,108.459,108.474,108.405,108.452,108.459,108.461
2020-04-10 17:00:00,108.452,108.452,108.406,108.411,108.452,108.458
2020-04-10 18:00:00,108.411,108.428,108.385,108.397,108.411,108.423
2020-04-10 19:00:00,108.397,108.401,108.345,108.364,108.397,108.399
2020-04-10 20:00:00,108.362,108.423,108.361,108.408,108.362,108.38
2020-04-10 21:00:00,108.408,108.433,108.365,108.37,108.408,108.438
2020-04-10 22:00:00,108.37,108.439,108.367,108.373,108.37,108.399
2020-04-10 23:00:00,108.373,108.44,108.356,108.357,108.373,108.412
2020-04-13 00:00:00,108.353,108.497,108.353,108.43,108.353,108.453
2020-04-13 01:00:00,108.43,108.52,108.266,108.327,108.43,108.476
2020-04-13 02:00:00,108.327,108.39,108.256,108.343,108.327,108.336
2020-04-13 03:00:00,108.346,108.382,108.206,108.219,108.346,108.346
2020-04-13 04:00:00,108.219,108.234,107.995,108.118,108.219,108.221
2020-04-13 05:00:00,108.118,108.178,108.069,108.1,108.118,108.119
2020-04-13 06:00:00,108.099,108.127,108.043,108.059,108.099,108.1
2020-04-13 07:00:00,108.059,108.059,107.855,107.892,108.059,108.061
2020-04-13 08:00:00,107.892,107.953,107.855,107.943,107.892,107.893
2020-04-13 09:00:00,107.943,107.943,107.797,107.842,107.943,107.944
2020-04-13 10:00:00,107.843,107.894,107.793,107.889,107.843,107.844
2020-04-13 11:00:00,107.889,108.027,107.88,107.952,107.889,107.891
2020-04-13 12:00:00,107.953,108.018,107.936,107.951,107.953,107.953
2020-04-13 13:00:00,107.953,108.089,107.952,108.022,107.953,107.956
2020-04-13 14:00:00,108.022,108.072,107.84,107.862,108.022,108.024
2020-04-13 15:00:00,107.862,107.982,107.862,107.904,107.862,107.864
2020-04-13 16:00:00,107.904,107.937,107.818,107.835,107.904,107.905
2020-04-13 17:00:00,107.835,107.862,107.684,107.74,107.835,107.836
2020-04-13 18:00:00,107.74,107.756,107.565,107.596,107.74,107.74
2020-04-13 19:00:00,107.595,107.678,107.556,107.578,107.595,107.596
2020-04-13 20:00:00,107.578,107.613,107.525,107.558,107.578,107.579
2020-04-13 21:00:00,107.558,107.574,107.501,107.514,107.558,107.558
2020-04-13 22:00:00,107.514,107.68,107.514,107.662,107.514,107.514
2020-04-13 23:00:00,107.662,107.763,107.659,107.752,107.662,107.663
2020-04-14 00:00:00,107.764,107.769,107.695,107.721,107.764,107.787
2020-04-14 01:00:00,107.72,107.732,107.683,107.699,107.72,107.736
2020-04-14 02:00:00,107.699,107.713,107.583,107.628,107.699,107.703
2020-04-14 03:00:00,107.627,107.676,107.537,107.603,107.627,107.631
2020-04-14 04:00:00,107.603,107.672,107.559,107.657,107.603,107.606
2020-04-14 05:00:00,107.655,107.676,107.587,107.674,107.655,107.657
2020-04-14 06:00:00,107.674,107.68,107.613,107.621,107.674,107.674
2020-04-14 07:00:00,107.621,107.76,107.62,107.696,107.621,107.621
2020-04-14 08:00:00,107.696,107.738,107.661,107.713,107.696,107.696
2020-04-14 09:00:00,107.714,107.758,107.658,107.683,107.714,107.714
2020-04-14 10:00:00,107.683,107.72,107.656,107.673,107.683,107.684
2020-04-14 11:00:00,107.673,107.673,107.558,107.562,107.673,107.673
2020-04-14 12:00:00,107.563,107.572,107.383,107.452,107.563,107.563
2020-04-14 13:00:00,107.453,107.536,107.429,107.431,107.453,107.453
2020-04-14 14:00:00,107.431,107.443,107.302,107.312,107.431,107.432
2020-04-14 15:00:00,107.312,107.388,107.24,107.37,107.312,107.312
2020-04-14 16:00:00,107.371,107.448,107.259,107.281,107.371,107.372
2020-04-14 17:00:00,107.281,107.326,107.174,107.216,107.281,107.282
2020-04-14 18:00:00,107.216,107.236,107.059,107.085,107.216,107.216
2020-04-14 19:00:00,107.085,107.164,107.047,107.089,107.085,107.085
2020-04-14 20:00:00,107.091,107.125,106.982,106.992,107.091,107.091
2020-04-14 21:00:00,106.992,107.202,106.992,107.172,106.992,106.993
2020-04-14 22:00:00,107.172,107.23,107.134,107.139,107.172,107.172
2020-04-14 23:00:00,107.143,107.234,107.137,107.21,107.143,107.143
2020-04-15 00:00:00,107.211,107.214,107.12,107.12,107.211,107.221
2020-04-15 01:00:00,107.12,107.202,107.12,107.183,107.12,107.143
2020-04-15 02:00:00,107.183,107.189,107.08,107.114,107.183,107.185
2020-04-15 03:00:00,107.113,107.174,106.927,107.125,107.113,107.115
2020-04-15 04:00:00,107.124,107.204,107.009,107.074,107.124,107.126
2020-04-15 05:00:00,107.074,107.136,107.016,107.118,107.074,107.076
2020-04-15 06:00:00,107.118,107.164,107.084,107.104,107.118,107.118
2020-04-15 07:00:00,107.104,107.115,107.064,107.076,107.104,107.104
2020-04-15 08:00:00,107.076,107.103,107.004,107.049,107.076,107.076
2020-04-15 09:00:00,107.05,107.136,106.994,107.066,107.05,107.051
2020-04-15 10:00:00,107.066,107.407,107.004,107.36,107.066,107.067
2020-04-15 11:00:00,107.36,107.514,107.333,107.452,107.36,107.36
2020-04-15 12:00:00,107.452,107.463,107.334,107.371,107.452,107.453
2020-04-15 13:00:00,107.371,107.385,107.267,107.361,107.371,107.373
2020-04-15 14:00:00,107.361,107.424,107.321,107.376,107.361,107.362
2020-04-15 15:00:00,107.377,107.611,107.367,107.552,107.377,107.377
2020-04-15 16:00:00,107.552,107.866,107.549,107.84,107.552,107.552
2020-04-15 17:00:00,107.839,107.839,107.401,107.416,107.839,107.842
2020-04-15 18:00:00,107.416,107.509,107.388,107.426,107.416,107.416
2020-04-15 19:00:00,107.426,107.525,107.347,107.371,107.426,107.427
2020-04-15 20:00:00,107.372,107.495,107.368,107.407,107.372,107.373
2020-04-15 21:00:00,107.406,107.456,107.251,107.454,107.406,107.406
2020-04-15 22:00:00,107.454,107.589,107.393,107.586,107.454,107.454
2020-04-15 23:00:00,107.587,107.594,107.421,107.429,107.587,107.587
2020-04-16 00:00:00,107.419,107.471,107.306,107.352,107.419,107.48
2020-04-16 01:00:00,107.349,107.472,107.344,107.434,107.349,107.449
2020-04-16 02:00:00,107.434,107.629,107.424,107.618,107.434,107.441
2020-04-16 03:00:00,107.618,107.75,107.591,107.698,107.618,107.621
2020-04-16 04:00:00,107.698,107.895,107.697,107.892,107.698,107.699
2020-04-16 05:00:00,107.892,107.916,107.814,107.84,107.892,107.893
2020-04-16 06:00:00,107.841,108.008,107.828,107.964,107.841,107.842
2020-04-16 07:00:00,107.964,108.083,107.921,107.925,107.964,107.965
2020-04-16 08:00:00,107.927,107.978,107.824,107.862,107.927,107.927
2020-04-16 09:00:00,107.862,107.918,107.718,107.796,107.862,107.862
2020-04-16 10:00:00,107.796,107.858,107.731,107.825,107.796,107.796
2020-04-16 11:00:00,107.825,107.834,107.695,107.708,107.825,107.826
2020-04-16 12:00:00,107.709,107.832,107.709,107.758,107.709,107.709
2020-04-16 13:00:00,107.758,107.776,107.612,107.663,107.758,107.758
2020-04-16 14:00:00,107.66,107.725,107.602,107.688,107.66,107.66
2020-04-16 15:00:00,107.688,107.69,107.412,107.508,107.688,107.688
2020-04-16 16:00:00,107.508,107.607,107.437,107.452,107.508,107.508
2020-04-16 17:00:00,107.452,107.598,107.166,107.546,107.452,107.452
2020-04-16 18:00:00,107.545,107.822,107.535,107.724,107.545,107.546
2020-04-16 19:00:00,107.724,107.838,107.657,107.72,107.724,107.725
2020-04-16 20:00:00,107.72,107.742,107.58,107.661,107.72,107.72
2020-04-16 21:00:00,107.661,107.687,107.612,107.635,107.661,107.662
2020-04-16 22:00:00,107.634,107.751,107.62,107.703,107.634,107.635
2020-04-16 23:00:00,107.704,107.9,107.699,107.898,107.704,107.704
2020-04-17 00:00:00,107.912,108.069,107.882,108.028,107.912,107.925
2020-04-17 01:00:00,108.028,108.062,107.885,107.964,108.028,108.049
2020-04-17 02:00:00,107.964,108.082,107.884,107.932,107.964,107.968
2020-04-17 03:00:00,107.932,107.952,107.794,107.858,107.932,107.937
2020-04-17 04:00:00,107.858,107.899,107.65,107.667,107.858,107.859
2020-04-17 05:00:00,107.667,107.741,107.654,107.706,107.667,107.672
2020-04-17 06:00:00,107.706,107.786,107.664,107.782,107.706,107.707
2020-04-17 07:00:00,107.782,107.836,107.69,107.728,107.782,107.782
2020-04-17 08:00:00,107.728,107.788,107.698,107.738,107.728,107.729
2020-04-17 09:00:00,107.739,107.808,107.652,107.686,107.739,107.739
2020-04-17 10:00:00,107.686,107.84,107.628,107.804,107.686,107.687
2020-04-17 11:00:00,107.804,107.882,107.76,107.781,107.804,107.804
2020-04-17 12:00:00,107.781,107.894,107.758,107.86,107.781,107.781
2020-04-17 13:00:00,107.86,107.932,107.776,107.816,107.86,107.861
2020-04-17 14:00:00,107.818,107.837,107.696,107.705,107.818,107.818
2020-04-17 15:00:00,107.706,107.732,107.357,107.44,107.706,107.706
2020-04-17 16:00:00,107.439,107.488,107.301,107.343,107.439,107.439
2020-04-17 17:00:00,107.343,107.563,107.328,107.521,107.343,107.343
2020-04-17 18:00:00,107.522,107.588,107.461,107.523,107.522,107.522
2020-04-17 19:00:00,107.522,107.657,107.503,107.6,107.522,107.522
2020-04-17 20:00:00,107.6,107.618,107.425,107.497,107.6,107.601
2020-04-17 21:00:00,107.497,107.634,107.485,107.593,107.497,107.498
2020-04-17 22:00:00,107.595,107.667,107.579,107.58,107.595,107.596
2020-04-17 23:00:00,107.584,107.614,107.516,107.52,107.584,107.584
2020-04-20 00:00:00,107.49,107.58,107.44,107.54,107.49,107.59
2020-04-20 01:00:00,107.54,107.65,107.483,107.637,107.54,107.635
2020-04-20 02:00:00,107.637,107.704,107.582,107.696,107.637,107.643
2020-04-20 03:00:00,107.696,107.89,107.673,107.86,107.696,107.696
2020-04-20 04:00:00,107.861,107.891,107.765,107.774,107.861,107.861
2020-04-20 05:00:00,107.774,107.871,107.749,107.87,107.774,107.775
2020-04-20 06:00:00,107.87,107.871,107.796,107.844,107.87,107.87
2020-04-20 07:00:00,107.844,107.844,107.78,107.82,107.844,107.846
2020-04-20 08:00:00,107.82,107.87,107.812,107.854,107.82,107.822
2020-04-20 09:00:00,107.853,107.949,107.826,107.878,107.853,107.854
2020-04-20 10:00:00,107.878,107.906,107.687,107.696,107.878,107.88
2020-04-20 11:00:00,107.697,107.796,107.688,107.695,107.697,107.698
2020-04-20 12:00:00,107.694,107.704,107.596,107.654,107.694,107.694
2020-04-20 13:00:00,107.654,107.762,107.653,107.721,107.654,107.654
2020-04-20 14:00:00,107.721,107.828,107.714,107.79,107.721,107.722
2020-04-20 15:00:00,107.79,107.862,107.716,107.746,107.79,107.79
2020-04-20 16:00:00,107.746,107.842,107.696,107.79,107.746,107.746
2020-04-20 17:00:00,107.79,107.802,107.613,107.638,107.79,107.79
2020-04-20 18:00:00,107.638,107.737,107.622,107.699,107.638,107.638
2020-04-20 19:00:00,107.699,107.699,107.614,107.672,107.699,107.7
2020-04-20 20:00:00,107.67,107.713,107.619,107.682,107.67,107.672
2020-04-20 21:00:00,107.682,107.732,107.632,107.649,107.682,107.682
2020-04-20 22:00:00,107.647,107.782,107.635,107.769,107.647,107.649
2020-04-20 23:00:00,107.769,107.797,107.611,107.616,107.769,107.769
2020-04-21 00:00:00,107.605,107.636,107.585,107.621,107.605,107.649
2020-04-21 01:00:00,107.621,107.731,107.615,107.718,107.621,107.668
2020-04-21 02:00:00,107.716,107.763,107.647,107.676,107.716,107.723
2020-04-21 03:00:00,107.676,107.793,107.612,107.736,107.676,107.678
2020-04-21 04:00:00,107.738,107.772,107.676,107.7,107.738,107.738
2020-04-21 05:00:00,107.7,107.743,107.505,107.584,107.7,107.701
2020-04-21 06:00:00,107.584,107.624,107.482,107.551,107.584,107.586
2020-04-21 07:00:00,107.551,107.584,107.499,107.524,107.551,107.552
2020-04-21 08:00:00,107.524,107.546,107.4,107.456,107.524,107.527
2020-04-21 09:00:00,107.457,107.509,107.419,107.458,107.457,107.458
2020-04-21 10:00:00,107.458,107.464,107.306,107.381,107.458,107.458
2020-04-21 11:00:00,107.381,107.432,107.333,107.36,107.381,107.381
2020-04-21 12:00:00,107.36,107.43,107.282,107.42,107.36,107.36
2020-04-21 13:00:00,107.42,107.502,107.382,107.383,107.42,107.42
2020-04-21 14:00:00,107.383,107.443,107.364,107.412,107.383,107.383
2020-04-21 15:00:00,107.412,107.567,107.368,107.547,107.412,107.412
2020-04-21 16:00:00,107.547,107.801,107.532,107.684,107.547,107.547
2020-04-21 17:00:00,107.685,107.827,107.626,107.652,107.685,107.685
2020-04-21 18:00:00,107.651,107.695,107.526,107.687,107.651,107.651
2020-04-21 19:00:00,107.687,107.806,107.652,107.782,107.687,107.687
2020-04-21 20:00:00,107.782,107.892,107.747,107.808,107.782,107.782
2020-04-21 21:00:00,107.807,107.822,107.712,107.768,107.807,107.807
2020-04-21 22:00:00,107.768,107.82,107.724,107.763,107.768,107.769
2020-04-21 23:00:00,107.763,107.774,107.739,107.759,107.763,107.764
2020-04-22 00:00:00,107.757,107.79,107.654,107.758,107.757,107.857
2020-04-22 01:00:00,107.758,107.824,107.728,107.75,107.758,107.781
2020-04-22 02:00:00,107.75,107.764,107.677,107.717,107.75,107.753
2020-04-22 03:00:00,107.717,107.868,107.692,107.824,107.717,107.719
2020-04-22 04:00:00,107.824,107.84,107.752,107.808,107.824,107.825
2020-04-22 05:00:00,107.808,107.809,107.735,107.754,107.808,107.808
2020-04-22 06:00:00,107.754,107.779,107.696,107.721,107.754,107.755
2020-04-22 07:00:00,107.721,107.727,107.569,107.622,107.721,107.721
2020-04-22 08:00:00,107.622,107.648,107.553,107.589,107.622,107.623
2020-04-22 09:00:00,107.589,107.632,107.516,107.628,107.589,107.589
2020-04-22 10:00:00,107.628,107.632,107.515,107.604,107.628,107.63
2020-04-22 11:00:00,107.604,107.696,107.576,107.589,107.604,107.604
2020-04-22 12:00:00,107.589,107.712,107.564,107.7,107.589,107.59
2020-04-22 13:00:00,107.7,107.741,107.631,107.64,107.7,107.7
2020-04-22 14:00:00,107.64,107.697,107.602,107.622,107.64,107.64
2020-04-22 15:00:00,107.62,107.758,107.618,107.724,107.62,107.62
2020-04-22 16:00:00,107.724,107.918,107.717,107.847,107.724,107.724
2020-04-22 17:00:00,107.848,107.938,107.762,107.806,107.848,107.848
2020-04-22 18:00:00,107.806,107.87,107.762,107.808,107.806,107.806
2020-04-22 19:00:00,107.808,107.892,107.79,107.811,107.808,107.808
2020-04-22 20:00:00,107.811,107.826,107.715,107.752,107.811,107.811
2020-04-22 21:00:00,107.752,107.775,107.698,107.712,107.752,107.752
2020-04-22 22:00:00,107.712,107.754,107.7,107.703,107.712,107.712
2020-04-22 23:00:00,107.703,107.749,107.698,107.744,107.703,107.704
2020-04-23 00:00:00,107.728,107.787,107.68,107.732,107.728,107.828
2020-04-23 01:00:00,107.739,107.806,107.731,107.786,107.739,107.767
2020-04-23 02:00:00,107.786,107.858,107.752,107.829,107.786,107.789
2020-04-23 03:00:00,107.829,107.865,107.766,107.783,107.829,107.832
2020-04-23 04:00:00,107.784,107.82,107.706,107.729,107.784,107.785
2020-04-23 05:00:00,107.729,107.753,107.712,107.742,107.729,107.73
2020-04-23 06:00:00,107.742,107.784,107.741,107.782,107.742,107.742
2020-04-23 07:00:00,107.783,107.804,107.757,107.779,107.783,107.784
2020-04-23 08:00:00,107.78,107.791,107.751,107.776,107.78,107.781
2020-04-23 09:00:00,107.776,107.849,107.765,107.799,107.776,107.777
2020-04-23 10:00:00,107.797,107.826,107.633,107.638,107.797,107.799
2020-04-23 11:00:00,107.64,107.673,107.537,107.636,107.64,107.644
2020-04-23 12:00:00,107.636,107.665,107.57,107.6,107.636,107.636
2020-04-23 13:00:00,107.6,107.644,107.548,107.554,107.6,107.6
2020-04-23 14:00:00,107.554,107.561,107.423,107.539,107.554,107.555
2020-04-23 15:00:00,107.538,107.547,107.373,107.407,107.538,107.539
2020-04-23 16:00:00,107.408,108.043,107.347,107.829,107.408,107.408
2020-04-23 17:00:00,107.829,107.836,107.518,107.618,107.829,107.831
2020-04-23 18:00:00,107.616,107.724,107.565,107.672,107.616,107.616
2020-04-23 19:00:00,107.672,107.706,107.489,107.52,107.672,107.672
2020-04-23 20:00:00,107.518,107.666,107.402,107.459,107.518,107.518
2020-04-23 21:00:00,107.458,107.661,107.446,107.613,107.458,107.461
2020-04-23 22:00:00,107.613,107.64,107.512,107.593,107.613,107.614
2020-04-23 23:00:00,107.596,107.656,107.579,107.633,107.596,107.596
2020-04-24 00:00:00,107.543,107.628,107.542,107.549,107.543,107.643
2020-04-24 01:00:00,107.549,107.612,107.537,107.586,107.549,107.649
2020-04-24 02:00:00,107.586,107.703,107.567,107.657,107.586,107.59
2020-04-24 03:00:00,107.657,107.76,107.648,107.722,107.657,107.658
2020-04-24 04:00:00,107.722,107.726,107.57,107.598,107.722,107.723
2020-04-24 05:00:00,107.598,107.7,107.597,107.678,107.598,107.599
2020-04-24 06:00:00,107.678,107.697,107.642,107.669,107.678,107.678
2020-04-24 07:00:00,107.668,107.691,107.626,107.642,107.668,107.668
2020-04-24 08:00:00,107.642,107.674,107.6,107.663,107.642,107.642
2020-04-24 09:00:00,107.663,107.702,107.598,107.699,107.663,107.664
2020-04-24 10:00:00,107.698,107.737,107.65,107.698,107.698,107.698
2020-04-24 11:00:00,107.697,107.729,107.627,107.694,107.697,107.7
2020-04-24 12:00:00,107.694,107.725,107.641,107.658,107.694,107.694
2020-04-24 13:00:00,107.658,107.666,107.578,107.589,107.658,107.658
2020-04-24 14:00:00,107.588,107.625,107.567,107.597,107.588,107.589
2020-04-24 15:00:00,107.598,107.67,107.567,107.607,107.598,107.598
2020-04-24 16:00:00,107.607,107.624,107.491,107.502,107.607,107.608
2020-04-24 17:00:00,107.5,107.568,107.408,107.433,107.5,107.502
2020-04-24 18:00:00,107.433,107.502,107.396,107.444,107.433,107.433
2020-04-24 19:00:00,107.444,107.5,107.413,107.459,107.444,107.444
2020-04-24 20:00:00,107.458,107.467,107.432,107.445,107.458,107.458
2020-04-24 21:00:00,107.444,107.466,107.412,107.437,107.444,107.444
2020-04-24 22:00:00,107.437,107.438,107.38,107.393,107.437,107.438
2020-04-24 23:00:00,107.393,107.514,107.368,107.488,107.393,107.393
2020-04-27 00:00:00,107.532,107.602,107.457,107.525,107.532,107.604
2020-04-27 01:00:00,107.525,107.546,107.441,107.455,107.525,107.568
2020-04-27 02:00:00,107.455,107.536,107.406,107.508,107.455,107.459
2020-04-27 03:00:00,107.508,107.625,107.479,107.575,107.508,107.508
2020-04-27 04:00:00,107.575,107.606,107.516,107.529,107.575,107.576
2020-04-27 05:00:00,107.529,107.546,107.447,107.466,107.529,107.53
2020-04-27 06:00:00,107.466,107.55,107.294,107.357,107.466,107.468
2020-04-27 07:00:00,107.357,107.398,107.211,107.272,107.357,107.357
2020-04-27 08:00:00,107.274,107.308,107.23,107.271,107.274,107.274
2020-04-27 09:00:00,107.269,107.272,107.046,107.145,107.269,107.27
2020-04-27 10:00:00,107.145,107.274,107.113,107.224,107.145,107.145
2020-04-27 11:00:00,107.224,107.268,107.193,107.193,107.224,107.224
2020-04-27 12:00:00,107.193,107.234,107.137,107.178,107.193,107.194
2020-04-27 13:00:00,107.178,107.183,107.052,107.097,107.178,107.178
2020-04-27 14:00:00,107.096,107.172,107.072,107.094,107.096,107.096
2020-04-27 15:00:00,107.096,107.124,107.036,107.083,107.096,107.096
2020-04-27 16:00:00,107.082,107.143,106.995,107.126,107.082,107.082
2020-04-27 17:00:00,107.128,107.356,107.127,107.194,107.128,107.128
2020-04-27 18:00:00,107.194,107.268,107.162,107.223,107.194,107.194
2020-04-27 19:00:00,107.223,107.32,107.222,107.296,107.223,107.223
2020-04-27 20:00:00,107.296,107.301,107.194,107.23,107.296,107.296
2020-04-27 21:00:00,107.23,107.272,107.217,107.248,107.23,107.23
2020-04-27 22:00:00,107.248,107.282,107.227,107.276,107.248,107.249
2020-04-27 23:00:00,107.277,107.286,107.234,107.249,107.277,107.277
2020-04-28 00:00:00,107.218,107.264,107.166,107.246,107.218,107.318
2020-04-28 01:00:00,107.246,107.263,107.225,107.254,107.246,107.274
2020-04-28 02:00:00,107.254,107.297,107.243,107.296,107.254,107.259
2020-04-28 03:00:00,107.296,107.313,107.191,107.295,107.296,107.299
2020-04-28 04:00:00,107.296,107.34,107.257,107.298,107.296,107.296
2020-04-28 05:00:00,107.298,107.318,107.238,107.315,107.298,107.299
2020-04-28 06:00:00,107.316,107.324,107.258,107.281,107.316,107.316
2020-04-28 07:00:00,107.281,107.306,107.262,107.272,107.281,107.282
2020-04-28 08:00:00,107.272,107.292,107.199,107.199,107.272,107.272
2020-04-28 09:00:00,107.199,107.258,107.172,107.231,107.199,107.199
2020-04-28 10:00:00,107.231,107.232,107.044,107.074,107.231,107.231
2020-04-28 11:00:00,107.072,107.084,106.998,107.046,107.072,107.072
2020-04-28 12:00:00,107.046,107.068,106.613,106.741,107.046,107.046
2020-04-28 13:00:00,106.741,106.756,106.658,106.691,106.741,106.743
2020-04-28 14:00:00,106.69,106.71,106.561,106.652,106.69,106.691
2020-04-28 15:00:00,106.652,106.722,106.574,106.64,106.652,106.652
2020-04-28 16:00:00,106.64,106.822,106.619,106.745,106.64,106.64
2020-04-28 17:00:00,106.744,106.974,106.681,106.93,106.744,106.751
2020-04-28 18:00:00,106.932,106.964,106.81,106.846,106.932,106.932
2020-04-28 19:00:00,106.847,106.886,106.821,106.875,106.847,106.848
2020-04-28 20:00:00,106.874,106.892,106.82,106.852,106.874,106.874
2020-04-28 21:00:00,106.852,106.883,106.838,106.856,106.852,106.853
2020-04-28 22:00:00,106.857,106.895,106.843,106.861,106.857,106.858
2020-04-28 23:00:00,106.86,106.884,106.848,106.864,106.86,106.86
2020-04-29 00:00:00,106.861,106.878,106.85,106.852,106.861,106.877
2020-04-29 01:00:00,106.852,106.895,106.823,106.843,106.852,106.862
2020-04-29 02:00:00,106.843,106.843,106.732,106.759,106.843,106.846
2020-04-29 03:00:00,106.759,106.773,106.574,106.587,106.759,106.761
2020-04-29 04:00:00,106.591,106.638,106.512,106.58,106.591,106.592
2020-04-29 05:00:00,106.58,106.584,106.515,106.534,106.58,106.58
2020-04-29 06:00:00,106.534,106.587,106.514,106.531,106.534,106.535
2020-04-29 07:00:00,106.531,106.576,106.531,106.55,106.531,106.532
2020-04-29 08:00:00,106.55,106.56,106.517,106.538,106.55,106.551
2020-04-29 09:00:00,106.536,106.605,106.533,106.553,106.536,106.537
2020-04-29 10:00:00,106.552,106.584,106.387,106.408,106.552,106.553
2020-04-29 11:00:00,106.408,106.541,106.36,106.514,106.408,106.408
2020-04-29 12:00:00,106.514,106.537,106.448,106.507,106.514,106.514
2020-04-29 13:00:00,106.507,106.508,106.449,106.49,106.507,106.507
2020-04-29 14:00:00,106.492,106.512,106.456,106.484,106.492,106.492
2020-04-29 15:00:00,106.484,106.763,106.47,106.658,106.484,106.484
2020-04-29 16:00:00,106.656,106.763,106.532,106.536,106.656,106.656
2020-04-29 17:00:00,106.536,106.695,106.524,106.594,106.536,106.537
2020-04-29 18:00:00,106.594,106.71,106.564,106.675,106.594,106.594
2020-04-29 19:00:00,106.673,106.72,106.653,106.685,106.673,106.673
2020-04-29 20:00:00,106.684,106.754,106.65,106.702,106.684,106.684
2020-04-29 21:00:00,106.707,106.713,106.556,106.59,106.707,106.733
2020-04-29 22:00:00,106.592,106.655,106.575,106.612,106.592,106.592
2020-04-29 23:00:00,106.611,106.653,106.576,106.619,106.611,106.612
2020-04-30 00:00:00,106.628,106.677,106.537,106.602,106.628,106.728
2020-04-30 01:00:00,106.602,106.643,106.573,106.595,106.602,106.661
2020-04-30 02:00:00,106.595,106.625,106.577,106.612,106.595,106.596
2020-04-30 03:00:00,106.611,106.878,106.577,106.788,106.611,106.612
2020-04-30 04:00:00,106.788,106.819,106.686,106.698,106.788,106.79
2020-04-30 05:00:00,106.697,106.721,106.638,106.686,106.697,106.698
2020-04-30 06:00:00,106.686,106.726,106.459,106.548,106.686,106.687
2020-04-30 07:00:00,106.548,106.597,106.509,106.526,106.548,106.55
2020-04-30 08:00:00,106.526,106.548,106.447,106.47,106.526,106.526
2020-04-30 09:00:00,106.469,106.621,106.407,106.574,106.469,106.47
2020-04-30 10:00:00,106.574,106.7,106.542,106.594,106.574,106.574
2020-04-30 11:00:00,106.594,106.73,106.561,106.667,106.594,106.595
2020-04-30 12:00:00,106.667,106.718,106.637,106.683,106.667,106.667
2020-04-30 13:00:00,106.682,106.684,106.586,106.588,106.682,106.683
2020-04-30 14:00:00,106.588,106.604,106.475,106.529,106.588,106.588
2020-04-30 15:00:00,106.528,106.65,106.518,106.608,106.528,106.529
2020-04-30 16:00:00,106.607,106.704,106.542,106.57,106.607,106.607
2020-04-30 17:00:00,106.574,107.222,106.448,106.927,106.574,106.574
2020-04-30 18:00:00,106.924,107.084,106.781,106.955,106.924,106.925
2020-04-30 19:00:00,106.953,107.061,106.896,106.93,106.953,106.953
2020-04-30 20:00:00,106.93,107.037,106.896,106.998,106.93,106.93
2020-04-30 21:00:00,106.998,107.219,106.98,107.217,106.998,106.998
2020-04-30 22:00:00,107.218,107.5,107.178,107.331,107.218,107.218
2020-04-30 23:00:00,107.331,107.333,107.128,107.171,107.331,107.333
2020-05-01 00:00:00,107.147,107.207,107.105,107.15,107.147,107.174
2020-05-01 01:00:00,107.15,107.151,107.023,107.119,107.15,107.176
2020-05-01 02:00:00,107.118,107.305,107.113,107.282,107.118,107.118
2020-05-01 03:00:00,107.282,107.406,107.178,107.203,107.282,107.285
2020-05-01 04:00:00,107.203,107.246,107.083,107.126,107.203,107.205
2020-05-01 05:00:00,107.125,107.194,107.087,107.134,107.125,107.127
2020-05-01 06:00:00,107.134,107.174,107.098,107.109,107.134,107.136
2020-05-01 07:00:00,107.109,107.167,107.092,107.095,107.109,107.111
2020-05-01 08:00:00,107.097,107.13,107.017,107.048,107.097,107.098
2020-05-01 09:00:00,107.048,107.142,107.016,107.092,107.048,107.049
2020-05-01 10:00:00,107.092,107.121,106.931,106.944,107.092,107.093
2020-05-01 11:00:00,106.943,106.96,106.855,106.867,106.943,106.945
2020-05-01 12:00:00,106.867,106.895,106.765,106.783,106.867,106.867
2020-05-01 13:00:00,106.783,106.82,106.737,106.783,106.783,106.784
2020-05-01 14:00:00,106.783,106.818,106.671,106.692,106.783,106.783
2020-05-01 15:00:00,106.694,106.737,106.616,106.647,106.694,106.694
2020-05-01 16:00:00,106.646,106.931,106.606,106.888,106.646,106.647
2020-05-01 17:00:00,106.892,107.078,106.806,106.905,106.892,106.907
2020-05-01 18:00:00,106.906,106.907,106.714,106.768,106.906,106.907
2020-05-01 19:00:00,106.768,106.868,106.76,106.781,106.768,106.77
2020-05-01 20:00:00,106.782,106.863,106.754,106.83,106.782,106.783
2020-05-01 21:00:00,106.83,106.895,106.807,106.862,106.83,106.83
2020-05-01 22:00:00,106.862,106.887,106.789,106.851,106.862,106.862
2020-05-01 23:00:00,106.849,106.935,106.847,106.887,106.849,106.85
2020-05-04 00:00:00,106.861,106.861,106.79,106.815,106.861,106.961
2020-05-04 01:00:00,106.814,106.945,106.803,106.836,106.814,106.884
2020-05-04 02:00:00,106.834,106.89,106.712,106.732,106.834,106.837
2020-05-04 03:00:00,106.732,106.797,106.672,106.733,106.732,106.734
2020-05-04 04:00:00,106.733,106.779,106.72,106.752,106.733,106.735
2020-05-04 05:00:00,106.751,106.755,106.67,106.703,106.751,106.752
2020-05-04 06:00:00,106.703,106.766,106.682,106.766,106.703,106.703
2020-05-04 07:00:00,106.766,106.767,106.707,106.724,106.766,106.767
2020-05-04 08:00:00,106.723,106.79,106.72,106.783,106.723,106.724
2020-05-04 09:00:00,106.784,106.826,106.729,106.801,106.784,106.784
2020-05-04 10:00:00,106.804,106.83,106.736,106.739,106.804,106.804
2020-05-04 11:00:00,106.739,106.782,106.694,106.756,106.739,106.739
2020-05-04 12:00:00,106.756,106.773,106.718,106.756,106.756,106.757
2020-05-04 13:00:00,106.755,106.854,106.745,106.837,106.755,106.755
2020-05-04 14:00:00,106.836,106.866,106.783,106.801,106.836,106.837
2020-05-04 15:00:00,106.801,106.914,106.758,106.871,106.801,106.801
2020-05-04 16:00:00,106.871,106.914,106.814,106.903,106.871,106.871
2020-05-04 17:00:00,106.903,107.07,106.867,106.944,106.903,106.904
2020-05-04 18:00:00,106.944,106.95,106.8,106.818,106.944,106.944
2020-05-04 19:00:00,106.819,106.86,106.794,106.834,106.819,106.819
2020-05-04 20:00:00,106.833,106.863,106.755,106.78,106.833,106.833
2020-05-04 21:00:00,106.78,106.816,106.724,106.729,106.78,106.78
2020-05-04 22:00:00,106.729,106.741,106.636,106.692,106.729,106.73
2020-05-04 23:00:00,106.691,106.737,106.688,106.718,106.691,106.691
2020-05-05 00:00:00,106.693,106.758,106.688,106.75,106.693,106.776
2020-05-05 01:00:00,106.75,106.767,106.643,106.696,106.75,106.769
2020-05-05 02:00:00,106.695,106.708,106.656,106.698,106.695,106.697
2020-05-05 03:00:00,106.698,106.698,106.511,106.553,106.698,106.701
2020-05-05 04:00:00,106.556,106.588,106.515,106.588,106.556,106.558
2020-05-05 05:00:00,106.588,106.624,106.556,106.6,106.588,106.59
2020-05-05 06:00:00,106.6,106.628,106.592,106.623,106.6,106.6
2020-05-05 07:00:00,106.623,106.659,106.607,106.607,106.623,106.624
2020-05-05 08:00:00,106.606,106.645,106.571,106.611,106.606,106.608
2020-05-05 09:00:00,106.61,106.756,106.602,106.733,106.61,106.61
2020-05-05 10:00:00,106.733,106.792,106.688,106.734,106.733,106.733
2020-05-05 11:00:00,106.734,106.815,106.663,106.782,106.734,106.735
2020-05-05 12:00:00,106.782,106.895,106.752,106.855,106.782,106.782
2020-05-05 13:00:00,106.855,106.862,106.699,106.75,106.855,106.855
2020-05-05 14:00:00,106.75,106.778,106.676,106.732,106.75,106.75
2020-05-05 15:00:00,106.732,106.744,106.641,106.693,106.732,106.732
2020-05-05 16:00:00,106.691,106.718,106.516,106.585,106.691,106.692
2020-05-05 17:00:00,106.585,106.673,106.546,106.603,106.585,106.589
2020-05-05 18:00:00,106.604,106.623,106.47,106.518,106.604,106.604
2020-05-05 19:00:00,106.518,106.559,106.487,106.506,106.518,106.518
2020-05-05 20:00:00,106.506,106.576,106.492,106.526,106.506,106.506
2020-05-05 21:00:00,106.526,106.53,106.418,106.5,106.526,106.527
2020-05-05 22:00:00,106.5,106.538,106.44,106.485,106.5,106.5
2020-05-05 23:00:00,106.487,106.553,106.482,106.549,106.487,106.487
2020-05-06 00:00:00,106.516,106.62,106.456,106.52,106.516,106.616
2020-05-06 01:00:00,106.52,106.561,106.455,106.501,106.52,106.577
2020-05-06 02:00:00,106.501,106.509,106.425,106.452,106.501,106.504
2020-05-06 03:00:00,106.452,106.453,106.208,106.271,106.452,106.453
2020-05-06 04:00:00,106.271,106.365,106.242,106.301,106.271,106.271
2020-05-06 05:00:00,106.301,106.341,106.281,106.301,106.301,106.302
2020-05-06 06:00:00,106.301,106.396,106.295,106.369,106.301,106.302
2020-05-06 07:00:00,106.369,106.369,106.326,106.344,106.369,106.37
2020-05-06 08:00:00,106.344,106.39,106.335,106.35,106.344,106.345
2020-05-06 09:00:00,106.351,106.41,106.344,106.39,106.351,106.351
2020-05-06 10:00:00,106.39,106.392,106.238,106.322,106.39,106.39
2020-05-06 11:00:00,106.322,106.434,106.274,106.362,106.322,106.322
2020-05-06 12:00:00,106.362,106.375,106.258,106.302,106.362,106.362
2020-05-06 13:00:00,106.302,106.362,106.236,106.26,106.302,106.302
2020-05-06 14:00:00,106.26,106.26,106.084,106.108,106.26,106.26
2020-05-06 15:00:00,106.108,106.2,106.063,106.183,106.108,106.108
2020-05-06 16:00:00,106.183,106.205,106.047,106.061,106.183,106.183
2020-05-06 17:00:00,106.06,106.204,106.014,106.044,106.06,106.06
2020-05-06 18:00:00,106.043,106.096,106.025,106.076,106.043,106.044
2020-05-06 19:00:00,106.076,106.096,106.009,106.011,106.076,106.076
2020-05-06 20:00:00,106.011,106.094,105.988,106.094,106.011,106.012
2020-05-06 21:00:00,106.094,106.104,106.02,106.068,106.094,106.094
2020-05-06 22:00:00,106.068,106.131,106.062,106.121,106.068,106.068
2020-05-06 23:00:00,106.121,106.15,106.08,106.104,106.121,106.121
2020-05-07 00:00:00,106.077,106.114,106.018,106.075,106.077,106.162
2020-05-07 01:00:00,106.075,106.106,105.991,106.041,106.075,106.112
2020-05-07 02:00:00,106.041,106.249,106.033,106.217,106.041,106.041
2020-05-07 03:00:00,106.217,106.28,106.144,106.219,106.217,106.218
2020-05-07 04:00:00,106.219,106.297,106.216,106.264,106.219,106.221
2020-05-07 05:00:00,106.264,106.264,106.149,106.167,106.264,106.265
2020-05-07 06:00:00,106.167,106.214,106.164,106.178,106.167,106.168
2020-05-07 07:00:00,106.179,106.269,106.138,106.229,106.179,106.179
2020-05-07 08:00:00,106.229,106.326,106.228,106.29,106.229,106.23
2020-05-07 09:00:00,106.29,106.345,106.235,106.236,106.29,106.294
2020-05-07 10:00:00,106.236,106.414,106.202,106.357,106.236,106.236
2020-05-07 11:00:00,106.357,106.426,106.333,106.397,106.357,106.358
2020-05-07 12:00:00,106.397,106.524,106.359,106.451,106.397,106.397
2020-05-07 13:00:00,106.451,106.596,106.427,106.522,106.451,106.452
2020-05-07 14:00:00,106.522,106.611,106.511,106.593,106.522,106.522
2020-05-07 15:00:00,106.593,106.593,106.464,106.481,106.593,106.593
2020-05-07 16:00:00,106.482,106.655,106.43,106.606,106.482,106.483
2020-05-07 17:00:00,106.606,106.656,106.521,106.559,106.606,106.606
2020-05-07 18:00:00,106.56,106.569,106.342,106.369,106.56,106.56
2020-05-07 19:00:00,106.369,106.414,106.251,106.316,106.369,106.369
2020-05-07 20:00:00,106.315,106.322,106.223,106.233,106.315,106.315
2020-05-07 21:00:00,106.233,106.338,106.219,106.29,106.233,106.234
2020-05-07 22:00:00,106.29,106.321,106.267,106.291,106.29,106.29
2020-05-07 23:00:00,106.292,106.297,106.239,106.268,106.292,106.292
2020-05-08 00:00:00,106.278,106.332,106.21,106.287,106.278,106.295
2020-05-08 01:00:00,106.286,106.348,106.271,106.302,106.286,106.316
2020-05-08 02:00:00,106.302,106.395,106.281,106.371,106.302,106.302
2020-05-08 03:00:00,106.372,106.459,106.292,106.32,106.372,106.373
2020-05-08 04:00:00,106.32,106.328,106.222,106.302,106.32,106.322
2020-05-08 05:00:00,106.302,106.345,106.276,106.328,106.302,106.304
2020-05-08 06:00:00,106.328,106.414,106.319,106.371,106.328,106.328
2020-05-08 07:00:00,106.371,106.45,106.348,106.424,106.371,106.372
2020-05-08 08:00:00,106.424,106.463,106.396,106.42,106.424,106.425
2020-05-08 09:00:00,106.42,106.423,106.346,106.39,106.42,106.421
2020-05-08 10:00:00,106.39,106.433,106.34,106.371,106.39,106.39
2020-05-08 11:00:00,106.371,106.378,106.302,106.356,106.371,106.371
2020-05-08 12:00:00,106.356,106.411,106.325,106.36,106.356,106.357
2020-05-08 13:00:00,106.36,106.368,106.327,106.353,106.36,106.36
2020-05-08 14:00:00,106.354,106.383,106.346,106.366,106.354,106.354
2020-05-08 15:00:00,106.366,106.695,106.272,106.667,106.366,106.367
2020-05-08 16:00:00,106.667,106.724,106.552,106.624,106.667,106.668
2020-05-08 17:00:00,106.624,106.665,106.413,106.434,106.624,106.626
2020-05-08 18:00:00,106.434,106.544,106.391,106.514,106.434,106.434
2020-05-08 19:00:00,106.514,106.627,106.514,106.614,106.514,106.514
2020-05-08 20:00:00,106.614,106.639,106.557,106.61,106.614,106.615
2020-05-08 21:00:00,106.61,106.668,106.575,106.667,106.61,106.611
2020-05-08 22:00:00,106.667,106.721,106.646,106.712,106.667,106.668
2020-05-08 23:00:00,106.711,106.748,106.632,106.639,106.711,106.711
2020-05-11 00:00:00,106.49,106.696,106.484,106.657,106.49,106.59
2020-05-11 01:00:00,106.657,106.899,106.593,106.874,106.657,106.706
2020-05-11 02:00:00,106.874,106.957,106.772,106.922,106.874,106.877
2020-05-11 03:00:00,106.922,107.004,106.897,106.975,106.922,106.924
2020-05-11 04:00:00,106.975,107.013,106.866,106.871,106.975,106.977
2020-05-11 05:00:00,106.871,106.894,106.777,106.791,106.871,106.871
2020-05-11 06:00:00,106.791,106.922,106.776,106.913,106.791,106.792
2020-05-11 07:00:00,106.913,106.992,106.912,106.95,106.913,106.914
2020-05-11 08:00:00,106.946,106.978,106.905,106.915,106.946,106.946
2020-05-11 09:00:00,106.915,107.18,106.885,107.123,106.915,106.917
2020-05-11 10:00:00,107.123,107.248,107.087,107.18,107.123,107.124
2020-05-11 11:00:00,107.181,107.282,107.15,107.23,107.181,107.181
2020-05-11 12:00:00,107.231,107.278,107.196,107.216,107.231,107.231
2020-05-11 13:00:00,107.215,107.313,107.201,107.238,107.215,107.216
2020-05-11 14:00:00,107.238,107.359,107.238,107.305,107.238,107.238
2020-05-11 15:00:00,107.304,107.418,107.239,107.406,107.304,107.305
2020-05-11 16:00:00,107.406,107.514,107.349,107.478,107.406,107.407
2020-05-11 17:00:00,107.476,107.573,107.432,107.507,107.476,107.476
2020-05-11 18:00:00,107.506,107.728,107.495,107.702,107.506,107.506
2020-05-11 19:00:00,107.701,107.732,107.605,107.674,107.701,107.701
2020-05-11 20:00:00,107.674,107.745,107.625,107.712,107.674,107.674
2020-05-11 21:00:00,107.712,107.768,107.703,107.752,107.712,107.713
2020-05-11 22:00:00,107.753,107.76,107.608,107.623,107.753,107.753
2020-05-11 23:00:00,107.624,107.682,107.615,107.654,107.624,107.624
2020-05-12 00:00:00,107.623,107.692,107.596,107.635,107.623,107.723
2020-05-12 01:00:00,107.626,107.692,107.626,107.642,107.626,107.664
2020-05-12 02:00:00,107.642,107.657,107.554,107.596,107.642,107.646
2020-05-12 03:00:00,107.594,107.686,107.454,107.471,107.594,107.595
2020-05-12 04:00:00,107.471,107.549,107.451,107.507,107.471,107.472
2020-05-12 05:00:00,107.5,107.54,107.408,107.415,107.5,107.5
2020-05-12 06:00:00,107.414,107.433,107.348,107.401,107.414,107.414
2020-05-12 07:00:00,107.401,107.449,107.372,107.404,107.401,107.402
2020-05-12 08:00:00,107.405,107.441,107.366,107.427,107.405,107.407
2020-05-12 09:00:00,107.428,107.591,107.405,107.578,107.428,107.429
2020-05-12 10:00:00,107.578,107.633,107.536,107.562,107.578,107.579
2020-05-12 11:00:00,107.562,107.563,107.447,107.546,107.562,107.562
2020-05-12 12:00:00,107.546,107.564,107.482,107.503,107.546,107.546
2020-05-12 13:00:00,107.503,107.518,107.419,107.434,107.503,107.503
2020-05-12 14:00:00,107.435,107.452,107.306,107.331,107.435,107.435
2020-05-12 15:00:00,107.332,107.451,107.319,107.43,107.332,107.332
2020-05-12 16:00:00,107.431,107.439,107.315,107.337,107.431,107.431
2020-05-12 17:00:00,107.336,107.397,107.218,107.242,107.336,107.336
2020-05-12 18:00:00,107.242,107.334,107.217,107.329,107.242,107.242
2020-05-12 19:00:00,107.329,107.425,107.311,107.365,107.329,107.329
2020-05-12 20:00:00,107.365,107.366,107.249,107.293,107.365,107.365
2020-05-12 21:00:00,107.292,107.303,107.256,107.257,107.292,107.292
2020-05-12 22:00:00,107.257,107.281,107.165,107.197,107.257,107.257
2020-05-12 23:00:00,107.197,107.204,107.122,107.149,107.197,107.197
2020-05-13 00:00:00,107.099,107.202,107.099,107.191,107.099,107.151
2020-05-13 01:00:00,107.191,107.276,107.157,107.251,107.191,107.199
2020-05-13 02:00:00,107.25,107.26,107.132,107.17,107.25,107.253
2020-05-13 03:00:00,107.17,107.197,107.089,107.143,107.17,107.171
2020-05-13 04:00:00,107.143,107.231,107.13,107.197,107.143,107.144
2020-05-13 05:00:00,107.197,107.266,107.188,107.202,107.197,107.2
2020-05-13 06:00:00,107.202,107.228,107.197,107.217,107.202,107.203
2020-05-13 07:00:00,107.217,107.237,107.168,107.172,107.217,107.218
2020-05-13 08:00:00,107.172,107.22,107.106,107.125,107.172,107.173
2020-05-13 09:00:00,107.125,107.187,107.108,107.166,107.125,107.13
2020-05-13 10:00:00,107.166,107.188,107.002,107.054,107.166,107.166
2020-05-13 11:00:00,107.054,107.06,106.964,107.052,107.054,107.055
2020-05-13 12:00:00,107.052,107.086,107.0,107.079,107.052,107.052
2020-05-13 13:00:00,107.079,107.093,106.972,106.972,107.079,107.079
2020-05-13 14:00:00,106.972,106.998,106.898,106.95,106.972,106.972
2020-05-13 15:00:00,106.95,106.96,106.827,106.9,106.95,106.95
2020-05-13 16:00:00,106.9,107.087,106.744,107.034,106.9,106.9
2020-05-13 17:00:00,107.034,107.15,107.025,107.125,107.034,107.035
2020-05-13 18:00:00,107.124,107.14,106.885,106.927,107.124,107.124
2020-05-13 19:00:00,106.926,107.051,106.917,107.006,106.926,106.927
2020-05-13 20:00:00,107.004,107.046,106.965,107.01,107.004,107.004
2020-05-13 21:00:00,107.01,107.013,106.979,106.987,107.01,107.01
2020-05-13 22:00:00,106.989,107.052,106.98,107.031,106.989,106.989
2020-05-13 23:00:00,107.031,107.056,107.014,107.027,107.031,107.031
2020-05-14 00:00:00,107.021,107.072,107.011,107.043,107.021,107.04
2020-05-14 01:00:00,107.04,107.054,106.997,107.023,107.04,107.082
2020-05-14 02:00:00,107.022,107.043,106.92,106.933,107.022,107.025
2020-05-14 03:00:00,106.934,106.934,106.82,106.874,106.934,106.936
2020-05-14 04:00:00,106.872,106.952,106.856,106.88,106.872,106.872
2020-05-14 05:00:00,106.88,106.91,106.844,106.889,106.88,106.88
2020-05-14 06:00:00,106.889,106.93,106.886,106.905,106.889,106.889
2020-05-14 07:00:00,106.906,106.951,106.873,106.899,106.906,106.906
2020-05-14 08:00:00,106.899,106.899,106.823,106.828,106.899,106.9
2020-05-14 09:00:00,106.828,106.884,106.776,106.884,106.828,106.828
2020-05-14 10:00:00,106.884,106.902,106.796,106.863,106.884,106.884
2020-05-14 11:00:00,106.863,106.871,106.808,106.836,106.863,106.864
2020-05-14 12:00:00,106.836,106.877,106.814,106.867,106.836,106.836
2020-05-14 13:00:00,106.867,107.075,106.865,107.048,106.867,106.867
2020-05-14 14:00:00,107.048,107.104,106.997,107.07,107.048,107.049
2020-05-14 15:00:00,107.07,107.103,106.964,107.012,107.07,107.071
2020-05-14 16:00:00,107.012,107.04,106.879,106.894,107.012,107.012
2020-05-14 17:00:00,106.894,107.06,106.857,107.042,106.894,106.895
2020-05-14 18:00:00,107.041,107.178,107.021,107.102,107.041,107.042
2020-05-14 19:00:00,107.102,107.216,107.063,107.195,107.102,107.102
2020-05-14 20:00:00,107.195,107.328,107.141,107.258,107.195,107.195
2020-05-14 21:00:00,107.258,107.308,107.22,107.227,107.258,107.258
2020-05-14 22:00:00,107.231,107.364,107.227,107.339,107.231,107.231
2020-05-14 23:00:00,107.338,107.346,107.22,107.226,107.338,107.338
2020-05-15 00:00:00,107.245,107.261,107.207,107.219,107.245,107.267
2020-05-15 01:00:00,107.219,107.287,107.215,107.243,107.219,107.236
2020-05-15 02:00:00,107.243,107.374,107.242,107.356,107.243,107.244
2020-05-15 03:00:00,107.356,107.434,107.338,107.371,107.356,107.356
2020-05-15 04:00:00,107.372,107.38,107.248,107.281,107.372,107.374
2020-05-15 05:00:00,107.281,107.344,107.242,107.316,107.281,107.283
2020-05-15 06:00:00,107.316,107.335,107.186,107.225,107.316,107.316
2020-05-15 07:00:00,107.225,107.271,107.203,107.217,107.225,107.227
2020-05-15 08:00:00,107.217,107.266,107.216,107.238,107.217,107.218
2020-05-15 09:00:00,107.238,107.238,107.138,107.21,107.238,107.239
2020-05-15 10:00:00,107.21,107.224,107.078,107.097,107.21,107.21
2020-05-15 11:00:00,107.097,107.113,107.027,107.061,107.097,107.1
2020-05-15 12:00:00,107.061,107.098,107.014,107.066,107.061,107.062
2020-05-15 13:00:00,107.066,107.078,106.993,106.999,107.066,107.066
2020-05-15 14:00:00,106.998,107.043,106.9,106.994,106.998,106.999
2020-05-15 15:00:00,106.996,107.046,106.855,106.917,106.996,106.996
2020-05-15 16:00:00,106.917,107.084,106.893,107.084,106.917,106.918
2020-05-15 17:00:00,107.084,107.343,107.067,107.288,107.084,107.087
2020-05-15 18:00:00,107.288,107.346,107.205,107.276,107.288,107.288
2020-05-15 19:00:00,107.276,107.346,107.251,107.292,107.276,107.277
2020-05-15 20:00:00,107.292,107.373,107.281,107.3,107.292,107.293
2020-05-15 21:00:00,107.299,107.353,107.272,107.284,107.299,107.299
2020-05-15 22:00:00,107.284,107.319,107.223,107.232,107.284,107.284
2020-05-15 23:00:00,107.232,107.233,107.079,107.092,107.232,107.234
2020-05-18 00:00:00,107.083,107.116,107.069,107.114,107.083,107.119
2020-05-18 01:00:00,107.114,107.283,107.087,107.272,107.114,107.127
2020-05-18 02:00:00,107.271,107.274,107.165,107.213,107.271,107.275
2020-05-18 03:00:00,107.213,107.275,107.152,107.195,107.213,107.216
2020-05-18 04:00:00,107.196,107.212,107.096,107.109,107.196,107.196
2020-05-18 05:00:00,107.109,107.14,107.07,107.108,107.109,107.109
2020-05-18 06:00:00,107.11,107.14,107.101,107.137,107.11,107.11
2020-05-18 07:00:00,107.137,107.14,107.091,107.131,107.137,107.138
2020-05-18 08:00:00,107.131,107.174,107.129,107.158,107.131,107.132
2020-05-18 09:00:00,107.158,107.22,107.145,107.22,107.158,107.159
2020-05-18 10:00:00,107.22,107.232,107.148,107.186,107.22,107.22
2020-05-18 11:00:00,107.186,107.32,107.173,107.29,107.186,107.186
2020-05-18 12:00:00,107.29,107.318,107.257,107.295,107.29,107.291
2020-05-18 13:00:00,107.295,107.312,107.235,107.297,107.295,107.296
2020-05-18 14:00:00,107.298,107.314,107.239,107.277,107.298,107.298
2020-05-18 15:00:00,107.278,107.453,107.262,107.453,107.278,107.278
2020-05-18 16:00:00,107.453,107.499,107.324,107.486,107.453,107.454
2020-05-18 17:00:00,107.482,107.506,107.38,107.418,107.482,107.482
2020-05-18 18:00:00,107.416,107.439,107.236,107.258,107.416,107.416
2020-05-18 19:00:00,107.258,107.315,107.205,107.272,107.258,107.258
2020-05-18 20:00:00,107.271,107.35,107.238,107.341,107.271,107.272
2020-05-18 21:00:00,107.341,107.407,107.341,107.403,107.341,107.342
2020-05-18 22:00:00,107.403,107.403,107.334,107.334,107.403,107.403
2020-05-18 23:00:00,107.334,107.35,107.296,107.33,107.334,107.334
2020-05-19 00:00:00,107.3,107.339,107.259,107.3,107.3,107.4
2020-05-19 01:00:00,107.3,107.34,107.292,107.306,107.3,107.326
2020-05-19 02:00:00,107.305,107.397,107.305,107.385,107.305,107.308
2020-05-19 03:00:00,107.385,107.458,107.304,107.314,107.385,107.387
2020-05-19 04:00:00,107.318,107.444,107.307,107.418,107.318,107.318
2020-05-19 05:00:00,107.418,107.443,107.391,107.42,107.418,107.419
2020-05-19 06:00:00,107.42,107.421,107.336,107.366,107.42,107.421
2020-05-19 07:00:00,107.366,107.448,107.355,107.446,107.366,107.368
2020-05-19 08:00:00,107.446,107.448,107.369,107.384,107.446,107.447
2020-05-19 09:00:00,107.386,107.524,107.378,107.512,107.386,107.39
2020-05-19 10:00:00,107.512,107.512,107.406,107.421,107.512,107.512
2020-05-19 11:00:00,107.421,107.593,107.348,107.472,107.421,107.421
2020-05-19 12:00:00,107.472,107.585,107.441,107.556,107.472,107.472
2020-05-19 13:00:00,107.556,107.644,107.526,107.627,107.556,107.556
2020-05-19 14:00:00,107.628,107.759,107.628,107.744,107.628,107.628
2020-05-19 15:00:00,107.745,107.949,107.736,107.911,107.745,107.745
2020-05-19 16:00:00,107.911,108.088,107.807,107.869,107.911,107.911
2020-05-19 17:00:00,107.869,108.004,107.815,107.941,107.869,107.87
2020-05-19 18:00:00,107.94,107.986,107.846,107.887,107.94,107.94
2020-05-19 19:00:00,107.887,107.898,107.815,107.83,107.887,107.887
2020-05-19 20:00:00,107.83,107.848,107.761,107.798,107.83,107.83
2020-05-19 21:00:00,107.798,107.814,107.722,107.743,107.798,107.798
2020-05-19 22:00:00,107.744,107.773,107.687,107.716,107.744,107.744
2020-05-19 23:00:00,107.716,107.752,107.684,107.702,107.716,107.716
2020-05-20 00:00:00,107.7,107.755,107.627,107.728,107.7,107.72
2020-05-20 01:00:00,107.728,107.86,107.684,107.83,107.728,107.746
2020-05-20 02:00:00,107.829,107.886,107.81,107.824,107.829,107.829
2020-05-20 03:00:00,107.824,107.985,107.819,107.904,107.824,107.826
2020-05-20 04:00:00,107.904,107.908,107.787,107.791,107.904,107.904
2020-05-20 05:00:00,107.791,107.815,107.753,107.757,107.791,107.793
2020-05-20 06:00:00,107.756,107.812,107.71,107.79,107.756,107.757
2020-05-20 07:00:00,107.79,107.819,107.754,107.758,107.79,107.79
2020-05-20 08:00:00,107.758,107.803,107.716,107.748,107.758,107.759
2020-05-20 09:00:00,107.749,107.803,107.74,107.768,107.749,107.752
2020-05-20 10:00:00,107.768,107.769,107.626,107.653,107.768,107.768
2020-05-20 11:00:00,107.654,107.709,107.607,107.636,107.654,107.654
2020-05-20 12:00:00,107.635,107.686,107.6,107.684,107.635,107.635
2020-05-20 13:00:00,107.683,107.736,107.598,107.6,107.683,107.683
2020-05-20 14:00:00,107.6,107.646,107.548,107.594,107.6,107.6
2020-05-20 15:00:00,107.595,107.701,107.569,107.617,107.595,107.595
2020-05-20 16:00:00,107.617,107.623,107.508,107.551,107.617,107.618
2020-05-20 17:00:00,107.551,107.557,107.395,107.43,107.551,107.551
2020-05-20 18:00:00,107.428,107.473,107.337,107.458,107.428,107.429
2020-05-20 19:00:00,107.459,107.553,107.456,107.536,107.459,107.459
2020-05-20 20:00:00,107.536,107.567,107.419,107.523,107.536,107.536
2020-05-20 21:00:00,107.524,107.537,107.444,107.482,107.524,107.536
2020-05-20 22:00:00,107.482,107.548,107.482,107.543,107.482,107.482
2020-05-20 23:00:00,107.543,107.568,107.512,107.515,107.543,107.544
2020-05-21 00:00:00,107.494,107.563,107.469,107.544,107.494,107.577
2020-05-21 01:00:00,107.544,107.645,107.519,107.621,107.544,107.575
2020-05-21 02:00:00,107.623,107.631,107.55,107.595,107.623,107.625
2020-05-21 03:00:00,107.595,107.755,107.573,107.733,107.595,107.595
2020-05-21 04:00:00,107.733,107.756,107.639,107.663,107.733,107.734
2020-05-21 05:00:00,107.663,107.675,107.622,107.649,107.663,107.664
2020-05-21 06:00:00,107.647,107.672,107.615,107.646,107.647,107.648
2020-05-21 07:00:00,107.646,107.655,107.595,107.626,107.646,107.648
2020-05-21 08:00:00,107.626,107.718,107.622,107.671,107.626,107.628
2020-05-21 09:00:00,107.671,107.802,107.657,107.735,107.671,107.671
2020-05-21 10:00:00,107.735,107.85,107.723,107.773,107.735,107.736
2020-05-21 11:00:00,107.773,107.806,107.701,107.767,107.773,107.773
2020-05-21 12:00:00,107.766,107.847,107.738,107.794,107.766,107.767
2020-05-21 13:00:00,107.794,107.801,107.717,107.723,107.794,107.794
2020-05-21 14:00:00,107.723,107.762,107.691,107.698,107.723,107.724
2020-05-21 15:00:00,107.698,107.745,107.638,107.719,107.698,107.698
2020-05-21 16:00:00,107.719,107.778,107.646,107.727,107.719,107.719
2020-05-21 17:00:00,107.726,107.832,107.693,107.827,107.726,107.729
2020-05-21 18:00:00,107.827,107.834,107.661,107.696,107.827,107.828
2020-05-21 19:00:00,107.696,107.73,107.575,107.653,107.696,107.698
2020-05-21 20:00:00,107.652,107.705,107.642,107.666,107.652,107.653
2020-05-21 21:00:00,107.666,107.69,107.58,107.591,107.666,107.667
2020-05-21 22:00:00,107.591,107.595,107.55,107.563,107.591,107.591
2020-05-21 23:00:00,107.563,107.615,107.562,107.606,107.563,107.563
2020-05-22 00:00:00,107.604,107.679,107.603,107.659,107.604,107.609
2020-05-22 01:00:00,107.659,107.661,107.585,107.608,107.659,107.666
2020-05-22 02:00:00,107.608,107.65,107.582,107.645,107.608,107.609
2020-05-22 03:00:00,107.645,107.764,107.604,107.725,107.645,107.646
2020-05-22 04:00:00,107.725,107.725,107.557,107.591,107.725,107.726
2020-05-22 05:00:00,107.591,107.641,107.553,107.594,107.591,107.591
2020-05-22 06:00:00,107.594,107.611,107.498,107.558,107.594,107.596
2020-05-22 07:00:00,107.559,107.559,107.414,107.433,107.559,107.56
2020-05-22 08:00:00,107.433,107.472,107.41,107.466,107.433,107.433
2020-05-22 09:00:00,107.465,107.474,107.373,107.384,107.465,107.469
2020-05-22 10:00:00,107.384,107.464,107.324,107.45,107.384,107.385
2020-05-22 11:00:00,107.45,107.541,107.433,107.538,107.45,107.45
2020-05-22 12:00:00,107.538,107.539,107.428,107.482,107.538,107.539
2020-05-22 13:00:00,107.482,107.521,107.454,107.462,107.482,107.482
2020-05-22 14:00:00,107.462,107.518,107.423,107.503,107.462,107.463
2020-05-22 15:00:00,107.504,107.591,107.499,107.582,107.504,107.504
2020-05-22 16:00:00,107.582,107.652,107.539,107.625,107.582,107.583
2020-05-22 17:00:00,107.626,107.629,107.462,107.468,107.626,107.627
2020-05-22 18:00:00,107.468,107.528,107.464,107.513,107.468,107.468
2020-05-22 19:00:00,107.513,107.567,107.502,107.566,107.513,107.514
2020-05-22 20:00:00,107.567,107.596,107.551,107.582,107.567,107.568
2020-05-22 21:00:00,107.582,107.602,107.558,107.581,107.582,107.584
2020-05-22 22:00:00,107.582,107.61,107.551,107.601,107.582,107.583
2020-05-22 23:00:00,107.6,107.627,107.584,107.6,107.6,107.6
2020-05-25 00:00:00,107.558,107.617,107.541,107.587,107.558,107.658
2020-05-25 01:00:00,107.586,107.707,107.571,107.695,107.586,107.634
2020-05-25 02:00:00,107.695,107.78,107.67,107.75,107.695,107.698
2020-05-25 03:00:00,107.75,107.78,107.648,107.673,107.75,107.75
2020-05-25 04:00:00,107.672,107.683,107.628,107.643,107.672,107.672
2020-05-25 05:00:00,107.643,107.701,107.638,107.697,107.643,107.645
2020-05-25 06:00:00,107.698,107.74,107.682,107.723,107.698,107.698
2020-05-25 07:00:00,107.724,107.731,107.66,107.666,107.724,107.725
2020-05-25 08:00:00,107.666,107.72,107.652,107.711,107.666,107.666
2020-05-25 09:00:00,107.711,107.728,107.675,107.697,107.711,107.712
2020-05-25 10:00:00,107.698,107.754,107.671,107.752,107.698,107.7
2020-05-25 11:00:00,107.749,107.752,107.714,107.735,107.749,107.751
2020-05-25 12:00:00,107.735,107.751,107.71,107.72,107.735,107.736
2020-05-25 13:00:00,107.72,107.724,107.678,107.697,107.72,107.721
2020-05-25 14:00:00,107.697,107.71,107.682,107.684,107.697,107.697
2020-05-25 15:00:00,107.682,107.711,107.66,107.689,107.682,107.682
2020-05-25 16:00:00,107.689,107.712,107.676,107.702,107.689,107.69
2020-05-25 17:00:00,107.702,107.713,107.669,107.695,107.702,107.703
2020-05-25 18:00:00,107.695,107.716,107.685,107.7,107.695,107.695
2020-05-25 19:00:00,107.7,107.711,107.689,107.697,107.7,107.701
2020-05-25 20:00:00,107.696,107.718,107.696,107.716,107.696,107.697
2020-05-25 21:00:00,107.716,107.724,107.707,107.716,107.716,107.717
2020-05-25 22:00:00,107.716,107.726,107.707,107.719,107.716,107.718
2020-05-25 23:00:00,107.719,107.74,107.7,107.706,107.719,107.724
2020-05-26 00:00:00,107.672,107.731,107.626,107.724,107.672,107.751
2020-05-26 01:00:00,107.724,107.748,107.713,107.737,107.724,107.743
2020-05-26 02:00:00,107.737,107.748,107.685,107.69,107.737,107.738
2020-05-26 03:00:00,107.689,107.775,107.681,107.749,107.689,107.689
2020-05-26 04:00:00,107.749,107.922,107.743,107.878,107.749,107.751
2020-05-26 05:00:00,107.879,107.88,107.821,107.855,107.879,107.879
2020-05-26 06:00:00,107.855,107.87,107.814,107.822,107.855,107.856
2020-05-26 07:00:00,107.823,107.853,107.785,107.832,107.823,107.824
2020-05-26 08:00:00,107.832,107.869,107.818,107.848,107.832,107.832
2020-05-26 09:00:00,107.848,107.896,107.818,107.872,107.848,107.848
2020-05-26 10:00:00,107.872,107.886,107.806,107.817,107.872,107.872
2020-05-26 11:00:00,107.817,107.841,107.727,107.737,107.817,107.818
2020-05-26 12:00:00,107.737,107.784,107.658,107.672,107.737,107.737
2020-05-26 13:00:00,107.671,107.693,107.642,107.648,107.671,107.671
2020-05-26 14:00:00,107.648,107.649,107.462,107.472,107.648,107.648
2020-05-26 15:00:00,107.472,107.49,107.402,107.447,107.472,107.472
2020-05-26 16:00:00,107.451,107.657,107.444,107.621,107.451,107.451
2020-05-26 17:00:00,107.62,107.648,107.556,107.583,107.62,107.628
2020-05-26 18:00:00,107.583,107.692,107.562,107.633,107.583,107.583
2020-05-26 19:00:00,107.633,107.663,107.542,107.566,107.633,107.633
2020-05-26 20:00:00,107.564,107.612,107.537,107.596,107.564,107.564
2020-05-26 21:00:00,107.596,107.623,107.527,107.529,107.596,107.596
2020-05-26 22:00:00,107.53,107.554,107.472,107.474,107.53,107.531
2020-05-26 23:00:00,107.474,107.563,107.458,107.532,107.474,107.474
2020-05-27 00:00:00,107.522,107.591,107.487,107.529,107.522,107.542
2020-05-27 01:00:00,107.53,107.546,107.486,107.506,107.53,107.558
2020-05-27 02:00:00,107.506,107.522,107.466,107.497,107.506,107.506
2020-05-27 03:00:00,107.497,107.544,107.366,107.532,107.497,107.498
2020-05-27 04:00:00,107.532,107.616,107.476,107.499,107.532,107.534
2020-05-27 05:00:00,107.5,107.539,107.436,107.506,107.5,107.501
2020-05-27 06:00:00,107.506,107.533,107.461,107.524,107.506,107.507
2020-05-27 07:00:00,107.525,107.567,107.46,107.466,107.525,107.525
2020-05-27 08:00:00,107.467,107.544,107.46,107.522,107.467,107.468
2020-05-27 09:00:00,107.522,107.576,107.508,107.548,107.522,107.522
2020-05-27 10:00:00,107.548,107.564,107.476,107.525,107.548,107.548
2020-05-27 11:00:00,107.525,107.603,107.496,107.602,107.525,107.526
2020-05-27 12:00:00,107.602,107.732,107.602,107.66,107.602,107.602
2020-05-27 13:00:00,107.66,107.73,107.647,107.718,107.66,107.66
2020-05-27 14:00:00,107.718,107.831,107.712,107.812,107.718,107.718
2020-05-27 15:00:00,107.812,107.914,107.808,107.889,107.812,107.812
2020-05-27 16:00:00,107.889,107.947,107.72,107.767,107.889,107.89
2020-05-27 17:00:00,107.767,107.844,107.684,107.834,107.767,107.767
2020-05-27 18:00:00,107.836,107.872,107.765,107.798,107.836,107.836
2020-05-27 19:00:00,107.797,107.799,107.7,107.741,107.797,107.798
2020-05-27 20:00:00,107.741,107.741,107.65,107.678,107.741,107.742
2020-05-27 21:00:00,107.678,107.74,107.655,107.704,107.678,107.679
2020-05-27 22:00:00,107.704,107.763,107.689,107.762,107.704,107.704
2020-05-27 23:00:00,107.762,107.807,107.711,107.716,107.762,107.763
2020-05-28 00:00:00,107.717,107.735,107.685,107.706,107.717,107.732
2020-05-28 01:00:00,107.706,107.779,107.704,107.757,107.706,107.735
2020-05-28 02:00:00,107.758,107.818,107.737,107.808,107.758,107.759
2020-05-28 03:00:00,107.808,107.902,107.793,107.865,107.808,107.81
2020-05-28 04:00:00,107.865,107.87,107.758,107.789,107.865,107.87
2020-05-28 05:00:00,107.789,107.876,107.786,107.852,107.789,107.789
2020-05-28 06:00:00,107.852,107.854,107.766,107.788,107.852,107.852
2020-05-28 07:00:00,107.788,107.839,107.765,107.818,107.788,107.789
2020-05-28 08:00:00,107.818,107.868,107.805,107.848,107.818,107.818
2020-05-28 09:00:00,107.847,107.889,107.803,107.807,107.847,107.847
2020-05-28 10:00:00,107.807,107.872,107.782,107.82,107.807,107.807
2020-05-28 11:00:00,107.822,107.856,107.804,107.822,107.822,107.823
2020-05-28 12:00:00,107.821,107.822,107.696,107.724,107.821,107.821
2020-05-28 13:00:00,107.724,107.787,107.72,107.759,107.724,107.724
2020-05-28 14:00:00,107.759,107.775,107.716,107.75,107.759,107.759
2020-05-28 15:00:00,107.752,107.815,107.721,107.762,107.752,107.752
2020-05-28 16:00:00,107.762,107.783,107.698,107.742,107.762,107.762
2020-05-28 17:00:00,107.742,107.787,107.571,107.621,107.742,107.742
2020-05-28 18:00:00,107.622,107.694,107.594,107.676,107.622,107.622
2020-05-28 19:00:00,107.676,107.679,107.611,107.62,107.676,107.676
2020-05-28 20:00:00,107.62,107.694,107.612,107.652,107.62,107.62
2020-05-28 21:00:00,107.652,107.715,107.628,107.644,107.652,107.652
2020-05-28 22:00:00,107.643,107.663,107.602,107.619,107.643,107.645
2020-05-28 23:00:00,107.62,107.65,107.582,107.624,107.62,107.62
2020-05-29 00:00:00,107.634,107.65,107.576,107.614,107.634,107.654
2020-05-29 01:00:00,107.616,107.711,107.601,107.679,107.616,107.64
2020-05-29 02:00:00,107.679,107.716,107.635,107.643,107.679,107.682
2020-05-29 03:00:00,107.643,107.672,107.432,107.484,107.643,107.644
2020-05-29 04:00:00,107.485,107.513,107.406,107.419,107.485,107.485
2020-05-29 05:00:00,107.419,107.443,107.383,107.4,107.419,107.42
2020-05-29 06:00:00,107.4,107.412,107.376,107.394,107.4,107.403
2020-05-29 07:00:00,107.394,107.394,107.096,107.139,107.394,107.394
2020-05-29 08:00:00,107.14,107.228,107.081,107.11,107.14,107.142
2020-05-29 09:00:00,107.113,107.242,107.1,107.145,107.113,107.115
2020-05-29 10:00:00,107.146,107.23,107.09,107.203,107.146,107.147
2020-05-29 11:00:00,107.204,107.316,107.16,107.227,107.204,107.204
2020-05-29 12:00:00,107.227,107.253,107.194,107.198,107.227,107.227
2020-05-29 13:00:00,107.198,107.227,107.125,107.212,107.198,107.198
2020-05-29 14:00:00,107.212,107.252,107.135,107.148,107.212,107.212
2020-05-29 15:00:00,107.147,107.212,107.084,107.17,107.147,107.147
2020-05-29 16:00:00,107.171,107.6,107.17,107.542,107.171,107.171
2020-05-29 17:00:00,107.542,107.759,107.465,107.652,107.542,107.545
2020-05-29 18:00:00,107.653,107.816,107.653,107.767,107.653,107.654
2020-05-29 19:00:00,107.767,107.851,107.76,107.806,107.767,107.768
2020-05-29 20:00:00,107.806,107.889,107.794,107.85,107.806,107.806
2020-05-29 21:00:00,107.851,107.89,107.746,107.803,107.851,107.852
2020-05-29 22:00:00,107.807,107.841,107.754,107.838,107.807,107.807
2020-05-29 23:00:00,107.84,107.896,107.757,107.775,107.84,107.841
2020-06-01 00:00:00,107.66,107.734,107.66,107.7,107.66,107.76
2020-06-01 01:00:00,107.7,107.816,107.692,107.737,107.7,107.73
2020-06-01 02:00:00,107.737,107.743,107.647,107.711,107.737,107.737
2020-06-01 03:00:00,107.711,107.858,107.669,107.769,107.711,107.712
2020-06-01 04:00:00,107.769,107.778,107.637,107.686,107.769,107.769
2020-06-01 05:00:00,107.687,107.725,107.65,107.68,107.687,107.687
2020-06-01 06:00:00,107.68,107.692,107.618,107.634,107.68,107.68
2020-06-01 07:00:00,107.635,107.658,107.52,107.53,107.635,107.636
2020-06-01 08:00:00,107.53,107.574,107.522,107.548,107.53,107.532
2020-06-01 09:00:00,107.548,107.647,107.488,107.626,107.548,107.55
2020-06-01 10:00:00,107.626,107.629,107.508,107.528,107.626,107.626
2020-06-01 11:00:00,107.528,107.54,107.377,107.408,107.528,107.528
2020-06-01 12:00:00,107.408,107.622,107.405,107.596,107.408,107.408
2020-06-01 13:00:00,107.596,107.746,107.594,107.721,107.596,107.596
2020-06-01 14:00:00,107.721,107.765,107.703,107.732,107.721,107.721
2020-06-01 15:00:00,107.732,107.746,107.651,107.709,107.732,107.732
2020-06-01 16:00:00,107.709,107.758,107.652,107.655,107.709,107.711
2020-06-01 17:00:00,107.655,107.707,107.548,107.56,107.655,107.668
2020-06-01 18:00:00,107.56,107.64,107.532,107.571,107.56,107.56
2020-06-01 19:00:00,107.571,107.618,107.565,107.58,107.571,107.572
2020-06-01 20:00:00,107.58,107.629,107.576,107.609,107.58,107.58
2020-06-01 21:00:00,107.609,107.648,107.6,107.604,107.609,107.61
2020-06-01 22:00:00,107.606,107.606,107.567,107.58,107.606,107.606
2020-06-01 23:00:00,107.58,107.6,107.574,107.59,107.58,107.58
2020-06-02 00:00:00,107.588,107.652,107.515,107.648,107.588,107.594
2020-06-02 01:00:00,107.648,107.658,107.555,107.558,107.648,107.672
2020-06-02 02:00:00,107.56,107.577,107.514,107.561,107.56,107.562
2020-06-02 03:00:00,107.561,107.627,107.52,107.568,107.561,107.562
2020-06-02 04:00:00,107.57,107.669,107.57,107.666,107.57,107.57
2020-06-02 05:00:00,107.667,107.699,107.635,107.692,107.667,107.667
2020-06-02 06:00:00,107.692,107.738,107.692,107.724,107.692,107.693
2020-06-02 07:00:00,107.724,107.743,107.683,107.7,107.724,107.724
2020-06-02 08:00:00,107.7,107.755,107.694,107.697,107.7,107.7
2020-06-02 09:00:00,107.697,107.783,107.689,107.782,107.697,107.697
2020-06-02 10:00:00,107.782,107.836,107.744,107.784,107.782,107.782
2020-06-02 11:00:00,107.786,107.799,107.699,107.77,107.786,107.786
2020-06-02 12:00:00,107.77,107.785,107.682,107.714,107.77,107.77
2020-06-02 13:00:00,107.714,107.791,107.714,107.768,107.714,107.714
2020-06-02 14:00:00,107.768,107.938,107.766,107.905,107.768,107.769
2020-06-02 15:00:00,107.906,108.47,107.898,108.302,107.906,107.906
2020-06-02 16:00:00,108.305,108.473,108.305,108.338,108.305,108.305
2020-06-02 17:00:00,108.338,108.664,108.282,108.577,108.338,108.338
2020-06-02 18:00:00,108.576,108.613,108.449,108.597,108.576,108.576
2020-06-02 19:00:00,108.595,108.699,108.588,108.69,108.595,108.596
2020-06-02 20:00:00,108.69,108.766,108.661,108.766,108.69,108.692
2020-06-02 21:00:00,108.765,108.773,108.69,108.709,108.765,108.766
2020-06-02 22:00:00,108.711,108.744,108.643,108.709,108.711,108.712
2020-06-02 23:00:00,108.71,108.724,108.658,108.677,108.71,108.71
2020-06-03 00:00:00,108.665,108.677,108.615,108.633,108.665,108.692
2020-06-03 01:00:00,108.633,108.677,108.58,108.617,108.633,108.649
2020-06-03 02:00:00,108.617,108.837,108.615,108.832,108.617,108.619
2020-06-03 03:00:00,108.832,108.85,108.674,108.7,108.832,108.833
2020-06-03 04:00:00,108.7,108.7,108.423,108.465,108.7,108.7
2020-06-03 05:00:00,108.465,108.543,108.426,108.54,108.465,108.465
2020-06-03 06:00:00,108.54,108.662,108.536,108.582,108.54,108.54
2020-06-03 07:00:00,108.582,108.6,108.508,108.516,108.582,108.583
2020-06-03 08:00:00,108.516,108.59,108.473,108.587,108.516,108.516
2020-06-03 09:00:00,108.587,108.74,108.568,108.684,108.587,108.589
2020-06-03 10:00:00,108.684,108.787,108.603,108.742,108.684,108.684
2020-06-03 11:00:00,108.742,108.795,108.702,108.793,108.742,108.742
2020-06-03 12:00:00,108.793,108.802,108.708,108.768,108.793,108.793
2020-06-03 13:00:00,108.768,108.823,108.71,108.711,108.768,108.768
2020-06-03 14:00:00,108.711,108.741,108.485,108.585,108.711,108.711
2020-06-03 15:00:00,108.586,108.666,108.496,108.652,108.586,108.586
2020-06-03 16:00:00,108.652,108.742,108.618,108.683,108.652,108.653
2020-06-03 17:00:00,108.683,108.806,108.668,108.798,108.683,108.685
2020-06-03 18:00:00,108.796,108.984,108.786,108.882,108.796,108.796
2020-06-03 19:00:00,108.882,108.943,108.86,108.907,108.882,108.882
2020-06-03 20:00:00,108.907,108.929,108.861,108.891,108.907,108.908
2020-06-03 21:00:00,108.891,108.962,108.889,108.935,108.891,108.892
2020-06-03 22:00:00,108.935,108.952,108.9,108.911,108.935,108.936
2020-06-03 23:00:00,108.911,108.949,108.887,108.902,108.911,108.911
2020-06-04 00:00:00,108.884,108.922,108.852,108.901,108.884,108.912
2020-06-04 01:00:00,108.901,108.995,108.899,108.982,108.901,108.916
2020-06-04 02:00:00,108.982,109.04,108.963,109.002,108.982,108.985
2020-06-04 03:00:00,109.002,109.002,108.804,108.902,109.002,109.003
2020-06-04 04:00:00,108.902,108.97,108.872,108.922,108.902,108.903
2020-06-04 05:00:00,108.922,108.936,108.835,108.838,108.922,108.923
2020-06-04 06:00:00,108.838,108.922,108.838,108.914,108.838,108.838
2020-06-04 07:00:00,108.914,109.054,108.914,109.023,108.914,108.916
2020-06-04 08:00:00,109.023,109.103,109.022,109.043,109.023,109.023
2020-06-04 09:00:00,109.043,109.149,109.035,109.044,109.043,109.044
2020-06-04 10:00:00,109.044,109.104,109.008,109.07,109.044,109.044
2020-06-04 11:00:00,109.07,109.164,109.056,109.062,109.07,109.07
2020-06-04 12:00:00,109.062,109.076,108.918,108.953,109.062,109.062
2020-06-04 13:00:00,108.953,108.97,108.87,108.926,108.953,108.954
2020-06-04 14:00:00,108.926,108.948,108.832,108.894,108.926,108.928
2020-06-04 15:00:00,108.895,108.93,108.617,108.72,108.895,108.895
2020-06-04 16:00:00,108.72,108.861,108.67,108.698,108.72,108.722
2020-06-04 17:00:00,108.698,109.034,108.681,109.002,108.698,108.698
2020-06-04 18:00:00,109.002,109.092,108.938,109.001,109.002,109.004
2020-06-04 19:00:00,109.001,109.01,108.864,108.966,109.001,109.001
2020-06-04 20:00:00,108.966,109.074,108.915,109.066,108.966,108.966
2020-06-04 21:00:00,109.066,109.142,109.059,109.139,109.066,109.067
2020-06-04 22:00:00,109.139,109.179,109.057,109.175,109.139,109.139
2020-06-04 23:00:00,109.175,109.198,109.147,109.157,109.175,109.176
2020-06-05 00:00:00,109.128,109.152,109.028,109.107,109.128,109.153
2020-06-05 01:00:00,109.107,109.198,109.104,109.153,109.107,109.124
2020-06-05 02:00:00,109.153,109.203,109.119,109.147,109.153,109.155
2020-06-05 03:00:00,109.147,109.238,109.046,109.058,109.147,109.149
2020-06-05 04:00:00,109.058,109.129,109.046,109.108,109.058,109.059
2020-06-05 05:00:00,109.108,109.146,109.065,109.117,109.108,109.108
2020-06-05 06:00:00,109.117,109.225,109.117,109.211,109.117,109.118
2020-06-05 07:00:00,109.21,109.224,109.09,109.15,109.21,109.211
2020-06-05 08:00:00,109.15,109.317,109.123,109.277,109.15,109.152
2020-06-05 09:00:00,109.278,109.381,109.237,109.339,109.278,109.28
2020-06-05 10:00:00,109.339,109.429,109.29,109.372,109.339,109.339
2020-06-05 11:00:00,109.372,109.414,109.172,109.244,109.372,109.374
2020-06-05 12:00:00,109.245,109.312,109.23,109.266,109.245,109.245
2020-06-05 13:00:00,109.266,109.295,109.222,109.255,109.266,109.267
2020-06-05 14:00:00,109.255,109.293,109.229,109.233,109.255,109.257
2020-06-05 15:00:00,109.233,109.674,109.168,109.583,109.233,109.234
2020-06-05 16:00:00,109.583,109.7,109.564,109.693,109.583,109.584
2020-06-05 17:00:00,109.693,109.851,109.691,109.745,109.693,109.693
2020-06-05 18:00:00,109.744,109.773,109.639,109.685,109.744,109.744
2020-06-05 19:00:00,109.685,109.762,109.668,109.754,109.685,109.686
2020-06-05 20:00:00,109.754,109.757,109.668,109.685,109.754,109.757
2020-06-05 21:00:00,109.686,109.686,109.603,109.61,109.686,109.686
2020-06-05 22:00:00,109.61,109.658,109.578,109.644,109.61,109.61
2020-06-05 23:00:00,109.644,109.676,109.584,109.584,109.644,109.645
2020-06-08 00:00:00,109.548,109.607,109.538,109.595,109.548,109.63
2020-06-08 01:00:00,109.595,109.692,109.575,109.584,109.595,109.62
2020-06-08 02:00:00,109.584,109.672,109.562,109.622,109.584,109.586
2020-06-08 03:00:00,109.622,109.624,109.418,109.463,109.622,109.623
2020-06-08 04:00:00,109.463,109.525,109.379,109.453,109.463,109.465
2020-06-08 05:00:00,109.462,109.549,109.437,109.547,109.462,109.462
2020-06-08 06:00:00,109.546,109.546,109.458,109.515,109.546,109.547
2020-06-08 07:00:00,109.515,109.519,109.403,109.452,109.515,109.516
2020-06-08 08:00:00,109.452,109.524,109.408,109.523,109.452,109.452
2020-06-08 09:00:00,109.523,109.565,109.451,109.458,109.523,109.523
2020-06-08 10:00:00,109.459,109.584,109.436,109.491,109.459,109.459
2020-06-08 11:00:00,109.491,109.542,109.468,109.492,109.491,109.491
2020-06-08 12:00:00,109.492,109.512,109.412,109.424,109.492,109.493
2020-06-08 13:00:00,109.424,109.448,109.269,109.381,109.424,109.424
2020-06-08 14:00:00,109.381,109.461,109.337,109.416,109.381,109.382
2020-06-08 15:00:00,109.418,109.419,109.199,109.234,109.418,109.418
2020-06-08 16:00:00,109.234,109.244,108.893,108.933,109.234,109.235
2020-06-08 17:00:00,108.933,108.95,108.409,108.571,108.933,108.934
2020-06-08 18:00:00,108.571,108.659,108.412,108.464,108.571,108.572
2020-06-08 19:00:00,108.468,108.471,108.265,108.27,108.468,108.469
2020-06-08 20:00:00,108.268,108.411,108.234,108.342,108.268,108.269
2020-06-08 21:00:00,108.342,108.346,108.256,108.327,108.342,108.343
2020-06-08 22:00:00,108.327,108.402,108.315,108.392,108.327,108.329
2020-06-08 23:00:00,108.391,108.447,108.342,108.427,108.391,108.392
2020-06-09 00:00:00,108.424,108.457,108.302,108.412,108.424,108.431
2020-06-09 01:00:00,108.41,108.543,108.363,108.53,108.41,108.437
2020-06-09 02:00:00,108.53,108.53,108.386,108.42,108.53,108.532
2020-06-09 03:00:00,108.42,108.42,107.99,108.036,108.42,108.421
2020-06-09 04:00:00,108.036,108.18,107.918,108.161,108.036,108.038
2020-06-09 05:00:00,108.161,108.21,108.12,108.173,108.161,108.162
2020-06-09 06:00:00,108.173,108.174,108.075,108.103,108.173,108.174
2020-06-09 07:00:00,108.103,108.103,107.943,107.966,108.103,108.104
2020-06-09 08:00:00,107.966,108.075,107.916,108.043,107.966,107.967
2020-06-09 09:00:00,108.042,108.07,107.849,108.01,108.042,108.042
2020-06-09 10:00:00,108.008,108.125,107.788,107.919,108.008,108.009
2020-06-09 11:00:00,107.92,108.014,107.88,107.89,107.92,107.92
2020-06-09 12:00:00,107.89,107.932,107.814,107.893,107.89,107.89
2020-06-09 13:00:00,107.89,108.072,107.842,108.059,107.89,107.892
2020-06-09 14:00:00,108.059,108.247,108.025,108.136,108.059,108.06
2020-06-09 15:00:00,108.136,108.196,107.891,107.913,108.136,108.137
2020-06-09 16:00:00,107.913,108.0,107.669,107.706,107.913,107.914
2020-06-09 17:00:00,107.704,107.861,107.663,107.719,107.704,107.705
2020-06-09 18:00:00,107.718,107.795,107.648,107.663,107.718,107.718
2020-06-09 19:00:00,107.662,107.752,107.621,107.716,107.662,107.664
2020-06-09 20:00:00,107.716,107.806,107.698,107.698,107.716,107.717
2020-06-09 21:00:00,107.698,107.745,107.666,107.745,107.698,107.698
2020-06-09 22:00:00,107.746,107.778,107.724,107.767,107.746,107.746
2020-06-09 23:00:00,107.767,107.793,107.726,107.752,107.767,107.768
2020-06-10 00:00:00,107.749,107.76,107.665,107.693,107.749,107.801
2020-06-10 01:00:00,107.691,107.82,107.691,107.818,107.691,107.744
2020-06-10 02:00:00,107.818,107.857,107.731,107.798,107.818,107.82
2020-06-10 03:00:00,107.798,107.874,107.745,107.782,107.798,107.799
2020-06-10 04:00:00,107.783,107.791,107.678,107.777,107.783,107.784
2020-06-10 05:00:00,107.777,107.787,107.659,107.669,107.777,107.778
2020-06-10 06:00:00,107.668,107.698,107.616,107.688,107.668,107.668
2020-06-10 07:00:00,107.688,107.688,107.525,107.549,107.688,107.688
2020-06-10 08:00:00,107.549,107.568,107.388,107.471,107.549,107.55
2020-06-10 09:00:00,107.472,107.502,107.338,107.364,107.472,107.473
2020-06-10 10:00:00,107.362,107.454,107.287,107.347,107.362,107.362
2020-06-10 11:00:00,107.347,107.37,107.282,107.316,107.347,107.348
2020-06-10 12:00:00,107.316,107.384,107.274,107.367,107.316,107.316
2020-06-10 13:00:00,107.367,107.407,107.321,107.36,107.367,107.367
2020-06-10 14:00:00,107.36,107.362,107.26,107.36,107.36,107.36
2020-06-10 15:00:00,107.36,107.448,107.311,107.34,107.36,107.36
2020-06-10 16:00:00,107.34,107.364,107.249,107.269,107.34,107.341
2020-06-10 17:00:00,107.269,107.367,107.164,107.263,107.269,107.269
2020-06-10 18:00:00,107.263,107.29,107.179,107.248,107.263,107.263
2020-06-10 19:00:00,107.248,107.303,107.196,107.225,107.248,107.249
2020-06-10 20:00:00,107.225,107.272,107.212,107.232,107.225,107.225
2020-06-10 21:00:00,107.232,107.463,106.988,107.14,107.232,107.274
2020-06-10 22:00:00,107.138,107.329,107.048,107.125,107.138,107.138
2020-06-10 23:00:00,107.126,107.186,107.117,107.128,107.126,107.126
2020-06-11 00:00:00,107.117,107.14,107.052,107.109,107.117,107.13
2020-06-11 01:00:00,107.109,107.125,106.922,106.929,107.109,107.126
2020-06-11 02:00:00,106.929,107.041,106.896,107.001,106.929,106.931
2020-06-11 03:00:00,107.0,107.097,106.936,106.999,107.0,107.002
2020-06-11 04:00:00,106.999,107.045,106.911,106.928,106.999,107.001
2020-06-11 05:00:00,106.928,107.011,106.924,106.939,106.928,106.929
2020-06-11 06:00:00,106.939,106.998,106.898,106.981,106.939,106.939
2020-06-11 07:00:00,106.981,107.127,106.897,107.082,106.981,106.982
2020-06-11 08:00:00,107.082,107.235,107.079,107.15,107.082,107.082
2020-06-11 09:00:00,107.151,107.174,107.004,107.019,107.151,107.151
2020-06-11 10:00:00,107.018,107.019,106.908,106.94,107.018,107.019
2020-06-11 11:00:00,106.94,107.047,106.797,106.826,106.94,106.941
2020-06-11 12:00:00,106.826,107.002,106.804,106.95,106.826,106.828
2020-06-11 13:00:00,106.95,107.04,106.922,107.033,106.95,106.95
2020-06-11 14:00:00,107.033,107.139,107.003,107.083,107.033,107.033
2020-06-11 15:00:00,107.083,107.1,106.837,106.86,107.083,107.086
2020-06-11 16:00:00,106.86,106.976,106.781,106.819,106.86,106.861
2020-06-11 17:00:00,106.819,106.834,106.596,106.66,106.819,106.819
2020-06-11 18:00:00,106.658,106.716,106.571,106.674,106.658,106.658
2020-06-11 19:00:00,106.674,106.703,106.6,106.676,106.674,106.676
2020-06-11 20:00:00,106.674,106.884,106.674,106.842,106.674,106.674
2020-06-11 21:00:00,106.843,106.886,106.801,106.803,106.843,106.843
2020-06-11 22:00:00,106.802,106.907,106.802,106.896,106.802,106.802
2020-06-11 23:00:00,106.896,106.918,106.842,106.86,106.896,106.896
2020-06-12 00:00:00,106.855,106.881,106.763,106.813,106.855,106.879
2020-06-12 01:00:00,106.813,106.836,106.696,106.793,106.813,106.833
2020-06-12 02:00:00,106.793,106.847,106.737,106.805,106.793,106.794
2020-06-12 03:00:00,106.805,106.845,106.585,106.669,106.805,106.808
2020-06-12 04:00:00,106.67,106.848,106.629,106.836,106.67,106.671
2020-06-12 05:00:00,106.836,106.868,106.788,106.842,106.836,106.837
2020-06-12 06:00:00,106.842,107.118,106.78,107.067,106.842,106.842
2020-06-12 07:00:00,107.067,107.275,107.065,107.143,107.067,107.068
2020-06-12 08:00:00,107.143,107.331,107.098,107.247,107.143,107.143
2020-06-12 09:00:00,107.247,107.265,107.104,107.131,107.247,107.254
2020-06-12 10:00:00,107.132,107.24,107.064,107.204,107.132,107.132
2020-06-12 11:00:00,107.205,107.344,107.138,107.295,107.205,107.205
2020-06-12 12:00:00,107.295,107.53,107.278,107.516,107.295,107.296
2020-06-12 13:00:00,107.515,107.554,107.332,107.428,107.515,107.515
2020-06-12 14:00:00,107.428,107.51,107.33,107.36,107.428,107.429
2020-06-12 15:00:00,107.36,107.415,107.222,107.392,107.36,107.36
2020-06-12 16:00:00,107.392,107.448,107.216,107.351,107.392,107.393
2020-06-12 17:00:00,107.351,107.456,107.288,107.335,107.351,107.354
2020-06-12 18:00:00,107.335,107.399,107.252,107.369,107.335,107.335
2020-06-12 19:00:00,107.369,107.508,107.354,107.498,107.369,107.371
2020-06-12 20:00:00,107.499,107.523,107.399,107.454,107.499,107.499
2020-06-12 21:00:00,107.454,107.515,107.427,107.442,107.454,107.455
2020-06-12 22:00:00,107.442,107.459,107.378,107.382,107.442,107.442
2020-06-12 23:00:00,107.381,107.42,107.315,107.353,107.381,107.382
2020-06-15 00:00:00,107.318,107.398,107.272,107.372,107.318,107.418
2020-06-15 01:00:00,107.372,107.569,107.33,107.459,107.372,107.433
2020-06-15 02:00:00,107.459,107.472,107.289,107.325,107.459,107.467
2020-06-15 03:00:00,107.326,107.346,107.147,107.215,107.326,107.326
2020-06-15 04:00:00,107.216,107.328,107.173,107.241,107.216,107.216
2020-06-15 05:00:00,107.243,107.27,107.164,107.181,107.243,107.244
2020-06-15 06:00:00,107.181,107.242,107.163,107.172,107.181,107.182
2020-06-15 07:00:00,107.172,107.182,107.028,107.074,107.172,107.172
2020-06-15 08:00:00,107.074,107.157,107.0,107.13,107.074,107.074
2020-06-15 09:00:00,107.13,107.296,107.127,107.285,107.13,107.132
2020-06-15 10:00:00,107.286,107.438,107.251,107.35,107.286,107.287
2020-06-15 11:00:00,107.35,107.442,107.26,107.306,107.35,107.351
2020-06-15 12:00:00,107.305,107.37,107.261,107.311,107.305,107.306
2020-06-15 13:00:00,107.311,107.386,107.236,107.288,107.311,107.311
2020-06-15 14:00:00,107.286,107.394,107.273,107.365,107.286,107.286
2020-06-15 15:00:00,107.366,107.449,107.309,107.42,107.366,107.366
2020-06-15 16:00:00,107.42,107.495,107.359,107.39,107.42,107.42
2020-06-15 17:00:00,107.39,107.418,107.206,107.401,107.39,107.39
2020-06-15 18:00:00,107.401,107.454,107.332,107.336,107.401,107.401
2020-06-15 19:00:00,107.336,107.358,107.223,107.239,107.336,107.337
2020-06-15 20:00:00,107.239,107.3,107.213,107.296,107.239,107.24
2020-06-15 21:00:00,107.296,107.386,107.284,107.319,107.296,107.296
2020-06-15 22:00:00,107.32,107.38,107.318,107.336,107.32,107.32
2020-06-15 23:00:00,107.336,107.39,107.318,107.329,107.336,107.337
2020-06-16 00:00:00,107.333,107.411,107.275,107.368,107.333,107.342
2020-06-16 01:00:00,107.368,107.451,107.323,107.427,107.368,107.392
2020-06-16 02:00:00,107.427,107.5,107.371,107.486,107.427,107.43
2020-06-16 03:00:00,107.486,107.498,107.27,107.321,107.486,107.488
2020-06-16 04:00:00,107.32,107.356,107.232,107.34,107.32,107.322
2020-06-16 05:00:00,107.339,107.641,107.308,107.619,107.339,107.339
2020-06-16 06:00:00,107.617,107.632,107.434,107.45,107.617,107.619
2020-06-16 07:00:00,107.45,107.533,107.395,107.486,107.45,107.45
2020-06-16 08:00:00,107.486,107.532,107.442,107.495,107.486,107.487
2020-06-16 09:00:00,107.495,107.568,107.302,107.422,107.495,107.498
2020-06-16 10:00:00,107.424,107.435,107.302,107.328,107.424,107.425
2020-06-16 11:00:00,107.328,107.46,107.284,107.458,107.328,107.329
2020-06-16 12:00:00,107.459,107.472,107.357,107.362,107.459,107.459
2020-06-16 13:00:00,107.362,107.394,107.282,107.31,107.362,107.362
2020-06-16 14:00:00,107.31,107.332,107.258,107.324,107.31,107.311
2020-06-16 15:00:00,107.324,107.431,107.276,107.404,107.324,107.324
2020-06-16 16:00:00,107.404,107.511,107.373,107.426,107.404,107.404
2020-06-16 17:00:00,107.426,107.626,107.318,107.337,107.426,107.428
2020-06-16 18:00:00,107.333,107.398,107.291,107.358,107.333,107.333
2020-06-16 19:00:00,107.358,107.359,107.213,107.335,107.358,107.358
2020-06-16 20:00:00,107.335,107.368,107.244,107.298,107.335,107.335
2020-06-16 21:00:00,107.298,107.332,107.268,107.282,107.298,107.298
2020-06-16 22:00:00,107.283,107.318,107.253,107.3,107.283,107.283
2020-06-16 23:00:00,107.3,107.352,107.29,107.316,107.3,107.3
2020-06-17 00:00:00,107.318,107.356,107.271,107.308,107.318,107.324
2020-06-17 01:00:00,107.308,107.386,107.303,107.371,107.308,107.332
2020-06-17 02:00:00,107.371,107.436,107.348,107.399,107.371,107.373
2020-06-17 03:00:00,107.399,107.406,107.168,107.332,107.399,107.401
2020-06-17 04:00:00,107.332,107.373,107.217,107.246,107.332,107.334
2020-06-17 05:00:00,107.248,107.286,107.195,107.232,107.248,107.248
2020-06-17 06:00:00,107.232,107.283,107.204,107.269,107.232,107.232
2020-06-17 07:00:00,107.27,107.322,107.212,107.224,107.27,107.27
2020-06-17 08:00:00,107.224,107.262,107.188,107.246,107.224,107.224
2020-06-17 09:00:00,107.246,107.313,107.239,107.268,107.246,107.247
2020-06-17 10:00:00,107.268,107.36,107.26,107.351,107.268,107.269
2020-06-17 11:00:00,107.352,107.443,107.336,107.429,107.352,107.352
2020-06-17 12:00:00,107.43,107.438,107.342,107.364,107.43,107.431
2020-06-17 13:00:00,107.364,107.39,107.346,107.371,107.364,107.364
2020-06-17 14:00:00,107.371,107.384,107.337,107.373,107.371,107.372
2020-06-17 15:00:00,107.373,107.435,107.354,107.384,107.373,107.375
2020-06-17 16:00:00,107.384,107.384,107.261,107.286,107.384,107.384
2020-06-17 17:00:00,107.286,107.305,107.139,107.235,107.286,107.286
2020-06-17 18:00:00,107.235,107.294,107.2,107.271,107.235,107.235
2020-06-17 19:00:00,107.272,107.305,107.253,107.286,107.272,107.272
2020-06-17 20:00:00,107.286,107.287,107.17,107.19,107.286,107.286
2020-06-17 21:00:00,107.19,107.232,107.085,107.101,107.19,107.191
2020-06-17 22:00:00,107.102,107.111,106.954,107.023,107.102,107.103
2020-06-17 23:00:00,107.023,107.059,106.959,107.006,107.023,107.023
2020-06-18 00:00:00,107.001,107.017,106.959,107.0,107.001,107.008
2020-06-18 01:00:00,107.0,107.055,106.977,107.053,107.0,107.017
2020-06-18 02:00:00,107.051,107.051,106.866,106.878,107.051,107.056
2020-06-18 03:00:00,106.878,106.884,106.724,106.796,106.878,106.878
2020-06-18 04:00:00,106.796,106.844,106.703,106.791,106.796,106.797
2020-06-18 05:00:00,106.791,106.898,106.721,106.891,106.791,106.792
2020-06-18 06:00:00,106.892,106.941,106.857,106.863,106.892,106.893
2020-06-18 07:00:00,106.862,106.875,106.754,106.834,106.862,106.862
2020-06-18 08:00:00,106.834,106.903,106.807,106.898,106.834,106.835
2020-06-18 09:00:00,106.898,106.98,106.851,106.928,106.898,106.899
2020-06-18 10:00:00,106.928,106.981,106.853,106.974,106.928,106.929
2020-06-18 11:00:00,106.972,107.077,106.969,107.036,106.972,106.972
2020-06-18 12:00:00,107.036,107.054,106.948,107.025,107.036,107.036
2020-06-18 13:00:00,107.025,107.129,106.998,107.001,107.025,107.025
2020-06-18 14:00:00,106.999,107.033,106.857,106.906,106.999,107.001
2020-06-18 15:00:00,106.905,106.963,106.792,106.796,106.905,106.905
2020-06-18 16:00:00,106.796,106.837,106.747,106.766,106.796,106.798
2020-06-18 17:00:00,106.766,107.021,106.726,106.765,106.766,106.767
2020-06-18 18:00:00,106.765,106.82,106.67,106.791,106.765,106.765
2020-06-18 19:00:00,106.791,106.893,106.774,106.884,106.791,106.792
2020-06-18 20:00:00,106.884,106.952,106.858,106.879,106.884,106.884
2020-06-18 21:00:00,106.879,106.912,106.828,106.83,106.879,106.879
2020-06-18 22:00:00,106.83,107.035,106.815,107.01,106.83,106.83
2020-06-18 23:00:00,107.01,107.098,106.939,106.971,107.01,107.011
2020-06-19 00:00:00,106.963,107.012,106.908,106.948,106.963,106.99
2020-06-19 01:00:00,106.947,107.002,106.908,106.929,106.947,106.98
2020-06-19 02:00:00,106.929,107.058,106.922,107.004,106.929,106.93
2020-06-19 03:00:00,107.005,107.007,106.868,106.928,107.005,107.005
2020-06-19 04:00:00,106.928,106.949,106.882,106.914,106.928,106.928
2020-06-19 05:00:00,106.914,106.959,106.901,106.929,106.914,106.914
2020-06-19 06:00:00,106.929,106.936,106.887,106.91,106.929,106.93
2020-06-19 07:00:00,106.91,106.916,106.832,106.854,106.91,106.91
2020-06-19 08:00:00,106.854,106.875,106.794,106.843,106.854,106.855
2020-06-19 09:00:00,106.843,107.002,106.842,106.903,106.843,106.844
2020-06-19 10:00:00,106.903,107.0,106.875,106.971,106.903,106.904
2020-06-19 11:00:00,106.97,106.982,106.916,106.927,106.97,106.97
2020-06-19 12:00:00,106.927,106.976,106.902,106.932,106.927,106.928
2020-06-19 13:00:00,106.931,106.976,106.897,106.924,106.931,106.931
2020-06-19 14:00:00,106.925,106.928,106.841,106.862,106.925,106.926
2020-06-19 15:00:00,106.861,106.891,106.768,106.872,106.861,106.862
2020-06-19 16:00:00,106.871,106.912,106.796,106.837,106.871,106.872
2020-06-19 17:00:00,106.836,107.048,106.821,106.989,106.836,106.836
2020-06-19 18:00:00,106.988,106.996,106.86,106.899,106.988,106.989
2020-06-19 19:00:00,106.9,106.906,106.818,106.845,106.9,106.901
2020-06-19 20:00:00,106.845,106.892,106.821,106.869,106.845,106.845
2020-06-19 21:00:00,106.869,106.9,106.847,106.873,106.869,106.87
2020-06-19 22:00:00,106.873,106.9,106.801,106.803,106.873,106.873
2020-06-19 23:00:00,106.803,106.894,106.796,106.876,106.803,106.803
2020-06-22 00:00:00,106.763,106.818,106.727,106.78,106.763,106.851
2020-06-22 01:00:00,106.78,106.879,106.755,106.831,106.78,106.817
2020-06-22 02:00:00,106.83,106.886,106.799,106.838,106.83,106.834
2020-06-22 03:00:00,106.838,106.904,106.768,106.821,106.838,106.84
2020-06-22 04:00:00,106.821,106.945,106.821,106.882,106.821,106.821
2020-06-22 05:00:00,106.879,106.936,106.876,106.89,106.879,106.879
2020-06-22 06:00:00,106.89,106.9,106.859,106.885,106.89,106.891
2020-06-22 07:00:00,106.886,106.931,106.877,106.911,106.886,106.888
2020-06-22 08:00:00,106.911,106.927,106.865,106.878,106.911,106.913
2020-06-22 09:00:00,106.878,106.952,106.855,106.943,106.878,106.878
2020-06-22 10:00:00,106.943,107.011,106.912,106.958,106.943,106.944
2020-06-22 11:00:00,106.958,106.967,106.894,106.902,106.958,106.958
2020-06-22 12:00:00,106.903,106.959,106.9,106.922,106.903,106.903
2020-06-22 13:00:00,106.922,106.928,106.856,106.896,106.922,106.922
2020-06-22 14:00:00,106.896,106.95,106.884,106.939,106.896,106.896
2020-06-22 15:00:00,106.938,106.943,106.856,106.876,106.938,106.938
2020-06-22 16:00:00,106.878,106.922,106.807,106.853,106.878,106.878
2020-06-22 17:00:00,106.852,106.904,106.792,106.89,106.852,106.853
2020-06-22 18:00:00,106.89,106.908,106.815,106.847,106.89,106.89
2020-06-22 19:00:00,106.847,106.895,106.846,106.867,106.847,106.848
2020-06-22 20:00:00,106.87,106.96,106.87,106.939,106.87,106.87
2020-06-22 21:00:00,106.939,106.955,106.897,106.934,106.939,106.94
2020-06-22 22:00:00,106.934,106.95,106.913,106.947,106.934,106.935
2020-06-22 23:00:00,106.947,106.956,106.863,106.9,106.947,106.949
2020-06-23 00:00:00,106.898,106.921,106.829,106.902,106.898,106.907
2020-06-23 01:00:00,106.902,106.926,106.879,106.906,106.902,106.927
2020-06-23 02:00:00,106.906,106.951,106.892,106.897,106.906,106.909
2020-06-23 03:00:00,106.897,106.961,106.874,106.952,106.897,106.899
2020-06-23 04:00:00,106.952,106.952,106.739,106.95,106.952,106.952
2020-06-23 05:00:00,106.956,107.201,106.927,107.167,106.956,106.956
2020-06-23 06:00:00,107.167,107.219,107.125,107.173,107.167,107.169
2020-06-23 07:00:00,107.173,107.222,107.134,107.136,107.173,107.173
2020-06-23 08:00:00,107.135,107.17,107.096,107.113,107.135,107.136
2020-06-23 09:00:00,107.112,107.218,107.088,107.158,107.112,107.112
2020-06-23 10:00:00,107.157,107.195,107.1,107.1,107.157,107.157
2020-06-23 11:00:00,107.098,107.128,107.036,107.042,107.098,107.098
2020-06-23 12:00:00,107.042,107.116,107.016,107.096,107.042,107.042
2020-06-23 13:00:00,107.096,107.105,107.052,107.061,107.096,107.096
2020-06-23 14:00:00,107.061,107.073,106.987,106.995,107.061,107.061
2020-06-23 15:00:00,106.995,107.002,106.52,106.621,106.995,106.995
2020-06-23 16:00:00,106.621,106.637,106.244,106.266,106.621,106.622
2020-06-23 17:00:00,106.266,106.301,106.073,106.238,106.266,106.267
2020-06-23 18:00:00,106.238,106.488,106.215,106.445,106.238,106.238
2020-06-23 19:00:00,106.445,106.5,106.403,106.464,106.445,106.445
2020-06-23 20:00:00,106.465,106.498,106.424,106.465,106.465,106.465
2020-06-23 21:00:00,106.465,106.547,106.46,106.47,106.465,106.465
2020-06-23 22:00:00,106.47,106.537,106.47,106.536,106.47,106.47
2020-06-23 23:00:00,106.536,106.55,106.495,106.534,106.536,106.536
2020-06-24 00:00:00,106.517,106.517,106.417,106.478,106.517,106.525
2020-06-24 01:00:00,106.478,106.544,106.454,106.463,106.478,106.496
2020-06-24 02:00:00,106.464,106.487,106.411,106.426,106.464,106.467
2020-06-24 03:00:00,106.427,106.637,106.384,106.547,106.427,106.428
2020-06-24 04:00:00,106.547,106.592,106.443,106.492,106.547,106.548
2020-06-24 05:00:00,106.492,106.55,106.423,106.531,106.492,106.495
2020-06-24 06:00:00,106.531,106.578,106.496,106.525,106.531,106.532
2020-06-24 07:00:00,106.525,106.579,106.515,106.573,106.525,106.525
2020-06-24 08:00:00,106.572,106.601,106.536,106.56,106.572,106.573
2020-06-24 09:00:00,106.56,106.611,106.542,106.592,106.56,106.56
2020-06-24 10:00:00,106.592,106.645,106.573,106.602,106.592,106.592
2020-06-24 11:00:00,106.601,106.602,106.477,106.524,106.601,106.602
2020-06-24 12:00:00,106.524,106.554,106.462,106.508,106.524,106.524
2020-06-24 13:00:00,106.508,106.552,106.48,106.53,106.508,106.509
2020-06-24 14:00:00,106.53,106.601,106.504,106.594,106.53,106.53
2020-06-24 15:00:00,106.594,106.804,106.569,106.757,106.594,106.594
2020-06-24 16:00:00,106.757,106.904,106.711,106.855,106.757,106.758
2020-06-24 17:00:00,106.853,106.964,106.821,106.896,106.853,106.853
2020-06-24 18:00:00,106.896,106.984,106.786,106.826,106.896,106.896
2020-06-24 19:00:00,106.826,106.901,106.816,106.829,106.826,106.826
2020-06-24 20:00:00,106.829,106.921,106.817,106.917,106.829,106.83
2020-06-24 21:00:00,106.917,106.948,106.895,106.94,106.917,106.918
2020-06-24 22:00:00,106.94,107.029,106.936,107.026,106.94,106.94
2020-06-24 23:00:00,107.024,107.072,107.002,107.056,107.024,107.024
2020-06-25 00:00:00,107.04,107.055,106.932,107.02,107.04,107.049
2020-06-25 01:00:00,107.02,107.146,107.012,107.05,107.02,107.046
2020-06-25 02:00:00,107.048,107.077,107.009,107.028,107.048,107.052
2020-06-25 03:00:00,107.03,107.147,107.019,107.069,107.03,107.032
2020-06-25 04:00:00,107.069,107.114,107.044,107.092,107.069,107.07
2020-06-25 05:00:00,107.091,107.259,107.075,107.196,107.091,107.093
2020-06-25 06:00:00,107.197,107.252,107.171,107.245,107.197,107.199
2020-06-25 07:00:00,107.245,107.258,107.13,107.135,107.245,107.245
2020-06-25 08:00:00,107.135,107.172,107.134,107.171,107.135,107.135
2020-06-25 09:00:00,107.173,107.2,107.113,107.174,107.173,107.173
2020-06-25 10:00:00,107.174,107.206,107.048,107.108,107.174,107.175
2020-06-25 11:00:00,107.108,107.223,107.094,107.208,107.108,107.108
2020-06-25 12:00:00,107.209,107.278,107.17,107.188,107.209,107.209
2020-06-25 13:00:00,107.189,107.285,107.17,107.279,107.189,107.189
2020-06-25 14:00:00,107.279,107.407,107.234,107.404,107.279,107.28
2020-06-25 15:00:00,107.404,107.452,107.292,107.3,107.404,107.404
2020-06-25 16:00:00,107.3,107.327,107.168,107.178,107.3,107.3
2020-06-25 17:00:00,107.178,107.259,107.138,107.191,107.178,107.178
2020-06-25 18:00:00,107.19,107.235,107.139,107.214,107.19,107.19
2020-06-25 19:00:00,107.214,107.215,107.134,107.188,107.214,107.215
2020-06-25 20:00:00,107.19,107.22,107.177,107.214,107.19,107.19
2020-06-25 21:00:00,107.214,107.242,107.202,107.213,107.214,107.214
2020-06-25 22:00:00,107.213,107.238,107.146,107.148,107.213,107.213
2020-06-25 23:00:00,107.15,107.197,107.111,107.196,107.15,107.15
2020-06-26 00:00:00,107.19,107.235,107.13,107.177,107.19,107.199
2020-06-26 01:00:00,107.177,107.189,107.147,107.161,107.177,107.213
2020-06-26 02:00:00,107.161,107.189,107.152,107.16,107.161,107.165
2020-06-26 03:00:00,107.16,107.228,107.085,107.183,107.16,107.161
2020-06-26 04:00:00,107.183,107.217,107.166,107.195,107.183,107.184
2020-06-26 05:00:00,107.195,107.212,107.155,107.16,107.195,107.197
2020-06-26 06:00:00,107.16,107.167,107.133,107.161,107.16,107.16
2020-06-26 07:00:00,107.161,107.176,107.074,107.082,107.161,107.161
2020-06-26 08:00:00,107.082,107.11,107.045,107.052,107.082,107.083
2020-06-26 09:00:00,107.052,107.147,107.038,107.138,107.052,107.053
2020-06-26 10:00:00,107.138,107.143,106.939,106.989,107.138,107.139
2020-06-26 11:00:00,106.988,106.991,106.863,106.864,106.988,106.989
2020-06-26 12:00:00,106.864,106.917,106.863,106.913,106.864,106.864
2020-06-26 13:00:00,106.914,106.959,106.863,106.879,106.914,106.914
2020-06-26 14:00:00,106.88,106.994,106.799,106.992,106.88,106.88
2020-06-26 15:00:00,106.992,107.057,106.907,107.044,106.992,106.992
2020-06-26 16:00:00,107.045,107.193,107.019,107.158,107.045,107.045
2020-06-26 17:00:00,107.157,107.354,107.115,107.331,107.157,107.161
2020-06-26 18:00:00,107.33,107.358,107.18,107.192,107.33,107.33
2020-06-26 19:00:00,107.192,107.203,107.11,107.142,107.192,107.192
2020-06-26 20:00:00,107.144,107.173,107.103,107.149,107.144,107.144
2020-06-26 21:00:00,107.148,107.206,107.138,107.189,107.148,107.149
2020-06-26 22:00:00,107.189,107.21,107.174,107.187,107.189,107.189
2020-06-26 23:00:00,107.187,107.227,107.158,107.19,107.187,107.188
2020-06-29 00:00:00,107.075,107.192,107.072,107.116,107.075,107.175
2020-06-29 01:00:00,107.118,107.215,107.113,107.167,107.118,107.159
2020-06-29 02:00:00,107.166,107.237,107.14,107.232,107.166,107.168
2020-06-29 03:00:00,107.232,107.272,107.156,107.272,107.232,107.232
2020-06-29 04:00:00,107.271,107.375,107.245,107.268,107.271,107.271
2020-06-29 05:00:00,107.268,107.286,107.159,107.17,107.268,107.269
2020-06-29 06:00:00,107.17,107.203,107.124,107.145,107.17,107.171
2020-06-29 07:00:00,107.145,107.165,107.042,107.086,107.145,107.146
2020-06-29 08:00:00,107.086,107.145,107.085,107.108,107.086,107.086
2020-06-29 09:00:00,107.107,107.147,107.052,107.114,107.107,107.107
2020-06-29 10:00:00,107.114,107.202,107.108,107.195,107.114,107.114
2020-06-29 11:00:00,107.195,107.222,107.162,107.202,107.195,107.195
2020-06-29 12:00:00,107.2,107.257,107.182,107.211,107.2,107.2
2020-06-29 13:00:00,107.211,107.216,107.168,107.207,107.211,107.211
2020-06-29 14:00:00,107.206,107.286,107.184,107.262,107.206,107.206
2020-06-29 15:00:00,107.262,107.376,107.249,107.334,107.262,107.262
2020-06-29 16:00:00,107.334,107.598,107.325,107.531,107.334,107.334
2020-06-29 17:00:00,107.531,107.886,107.531,107.715,107.531,107.532
2020-06-29 18:00:00,107.716,107.764,107.631,107.713,107.716,107.716
2020-06-29 19:00:00,107.713,107.777,107.696,107.774,107.713,107.713
2020-06-29 20:00:00,107.774,107.824,107.717,107.766,107.774,107.774
2020-06-29 21:00:00,107.766,107.777,107.671,107.69,107.766,107.767
2020-06-29 22:00:00,107.69,107.726,107.589,107.618,107.69,107.69
2020-06-29 23:00:00,107.618,107.625,107.552,107.573,107.618,107.618
2020-06-30 00:00:00,107.56,107.592,107.527,107.56,107.56,107.584
2020-06-30 01:00:00,107.56,107.619,107.544,107.561,107.56,107.586
2020-06-30 02:00:00,107.56,107.623,107.56,107.584,107.56,107.562
2020-06-30 03:00:00,107.584,107.736,107.543,107.698,107.584,107.586
2020-06-30 04:00:00,107.699,107.776,107.673,107.693,107.699,107.7
2020-06-30 05:00:00,107.693,107.789,107.685,107.783,107.693,107.695
2020-06-30 06:00:00,107.783,107.788,107.719,107.728,107.783,107.783
2020-06-30 07:00:00,107.728,107.762,107.699,107.716,107.728,107.729
2020-06-30 08:00:00,107.716,107.776,107.701,107.729,107.716,107.718
2020-06-30 09:00:00,107.729,107.784,107.641,107.647,107.729,107.73
2020-06-30 10:00:00,107.647,107.727,107.643,107.723,107.647,107.647
2020-06-30 11:00:00,107.723,107.737,107.658,107.688,107.723,107.723
2020-06-30 12:00:00,107.686,107.797,107.684,107.787,107.686,107.686
2020-06-30 13:00:00,107.787,107.79,107.702,107.732,107.787,107.788
2020-06-30 14:00:00,107.732,107.776,107.713,107.76,107.732,107.733
2020-06-30 15:00:00,107.76,107.762,107.708,107.726,107.76,107.76
2020-06-30 16:00:00,107.725,107.764,107.522,107.678,107.725,107.726
2020-06-30 17:00:00,107.679,107.898,107.612,107.873,107.679,107.682
2020-06-30 18:00:00,107.871,107.945,107.742,107.78,107.871,107.871
2020-06-30 19:00:00,107.78,107.844,107.768,107.826,107.78,107.78
2020-06-30 20:00:00,107.826,107.892,107.804,107.892,107.826,107.826
2020-06-30 21:00:00,107.892,107.976,107.865,107.975,107.892,107.893
2020-06-30 22:00:00,107.978,107.98,107.92,107.976,107.978,107.978
2020-06-30 23:00:00,107.977,107.983,107.919,107.931,107.977,107.978
2020-07-01 00:00:00,107.924,107.979,107.863,107.957,107.924,107.932
2020-07-01 01:00:00,107.957,107.994,107.903,107.951,107.957,107.967
2020-07-01 02:00:00,107.951,107.996,107.945,107.995,107.951,107.954
2020-07-01 03:00:00,107.995,108.165,107.97,108.091,107.995,107.997
2020-07-01 04:00:00,108.092,108.092,107.794,107.83,108.092,108.092
2020-07-01 05:00:00,107.83,107.831,107.672,107.694,107.83,107.83
2020-07-01 06:00:00,107.694,107.749,107.676,107.684,107.694,107.694
2020-07-01 07:00:00,107.684,107.7,107.586,107.657,107.684,107.684
2020-07-01 08:00:00,107.657,107.668,107.572,107.598,107.657,107.658
2020-07-01 09:00:00,107.597,107.696,107.597,107.692,107.597,107.598
2020-07-01 10:00:00,107.692,107.71,107.563,107.574,107.692,107.692
2020-07-01 11:00:00,107.574,107.587,107.47,107.532,107.574,107.574
2020-07-01 12:00:00,107.532,107.559,107.5,107.531,107.532,107.532
2020-07-01 13:00:00,107.531,107.558,107.472,107.495,107.531,107.531
2020-07-01 14:00:00,107.495,107.534,107.455,107.46,107.495,107.496
2020-07-01 15:00:00,107.462,107.488,107.361,107.444,107.462,107.462
2020-07-01 16:00:00,107.444,107.593,107.428,107.555,107.444,107.444
2020-07-01 17:00:00,107.555,107.603,107.37,107.526,107.555,107.562
2020-07-01 18:00:00,107.526,107.533,107.425,107.512,107.526,107.526
2020-07-01 19:00:00,107.512,107.555,107.423,107.423,107.512,107.512
2020-07-01 20:00:00,107.423,107.476,107.412,107.468,107.423,107.423
2020-07-01 21:00:00,107.468,107.492,107.434,107.485,107.468,107.475
2020-07-01 22:00:00,107.486,107.507,107.448,107.475,107.486,107.488
2020-07-01 23:00:00,107.476,107.489,107.446,107.469,107.476,107.476
2020-07-02 00:00:00,107.466,107.47,107.42,107.455,107.466,107.477
2020-07-02 01:00:00,107.455,107.467,107.413,107.453,107.455,107.474
2020-07-02 02:00:00,107.452,107.455,107.337,107.373,107.452,107.455
2020-07-02 03:00:00,107.373,107.486,107.333,107.473,107.373,107.376
2020-07-02 04:00:00,107.473,107.492,107.417,107.472,107.473,107.476
2020-07-02 05:00:00,107.473,107.558,107.449,107.545,107.473,107.473
2020-07-02 06:00:00,107.545,107.555,107.465,107.468,107.545,107.546
2020-07-02 07:00:00,107.468,107.47,107.418,107.433,107.468,107.468
2020-07-02 08:00:00,107.433,107.465,107.426,107.464,107.433,107.433
2020-07-02 09:00:00,107.463,107.508,107.449,107.508,107.463,107.465
2020-07-02 10:00:00,107.508,107.554,107.468,107.481,107.508,107.508
2020-07-02 11:00:00,107.481,107.486,107.351,107.374,107.481,107.481
2020-07-02 12:00:00,107.374,107.45,107.346,107.441,107.374,107.374
2020-07-02 13:00:00,107.441,107.504,107.408,107.502,107.441,107.441
2020-07-02 14:00:00,107.502,107.524,107.44,107.452,107.502,107.502
2020-07-02 15:00:00,107.451,107.594,107.404,107.592,107.451,107.451
2020-07-02 16:00:00,107.592,107.725,107.534,107.552,107.592,107.592
2020-07-02 17:00:00,107.553,107.639,107.451,107.622,107.553,107.555
2020-07-02 18:00:00,107.622,107.624,107.518,107.546,107.622,107.622
2020-07-02 19:00:00,107.546,107.6,107.533,107.586,107.546,107.546
2020-07-02 20:00:00,107.586,107.592,107.54,107.562,107.586,107.586
2020-07-02 21:00:00,107.562,107.581,107.553,107.56,107.562,107.562
2020-07-02 22:00:00,107.56,107.561,107.528,107.539,107.56,107.56
2020-07-02 23:00:00,107.539,107.548,107.48,107.497,107.539,107.54
2020-07-03 00:00:00,107.503,107.536,107.47,107.514,107.503,107.507
2020-07-03 01:00:00,107.514,107.536,107.489,107.529,107.514,107.54
2020-07-03 02:00:00,107.529,107.544,107.484,107.5,107.529,107.532
2020-07-03 03:00:00,107.5,107.564,107.436,107.51,107.5,107.5
2020-07-03 04:00:00,107.51,107.548,107.493,107.543,107.51,107.511
2020-07-03 05:00:00,107.543,107.568,107.501,107.52,107.543,107.544
2020-07-03 06:00:00,107.52,107.533,107.484,107.494,107.52,107.52
2020-07-03 07:00:00,107.494,107.539,107.473,107.516,107.494,107.495
2020-07-03 08:00:00,107.516,107.537,107.488,107.5,107.516,107.517
2020-07-03 09:00:00,107.5,107.534,107.478,107.497,107.5,107.5
2020-07-03 10:00:00,107.497,107.513,107.471,107.482,107.497,107.497
2020-07-03 11:00:00,107.482,107.494,107.448,107.465,107.482,107.482
2020-07-03 12:00:00,107.465,107.492,107.459,107.481,107.465,107.465
2020-07-03 13:00:00,107.481,107.53,107.473,107.496,107.481,107.481
2020-07-03 14:00:00,107.496,107.529,107.476,107.528,107.496,107.496
2020-07-03 15:00:00,107.528,107.534,107.504,107.516,107.528,107.528
2020-07-03 16:00:00,107.516,107.517,107.498,107.504,107.516,107.516
2020-07-03 17:00:00,107.504,107.534,107.491,107.53,107.504,107.505
2020-07-03 18:00:00,107.53,107.536,107.507,107.524,107.53,107.53
2020-07-03 19:00:00,107.524,107.537,107.507,107.509,107.524,107.524
2020-07-03 20:00:00,107.509,107.517,107.501,107.507,107.509,107.51
2020-07-03 21:00:00,107.508,107.517,107.496,107.498,107.508,107.512
2020-07-03 22:00:00,107.498,107.498,107.481,107.484,107.498,107.501
2020-07-03 23:00:00,107.485,107.517,107.474,107.49,107.485,107.491
2020-07-06 00:00:00,107.448,107.501,107.437,107.494,107.448,107.548
2020-07-06 01:00:00,107.494,107.563,107.48,107.542,107.494,107.542
2020-07-06 02:00:00,107.542,107.595,107.54,107.584,107.542,107.544
2020-07-06 03:00:00,107.584,107.678,107.573,107.662,107.584,107.587
2020-07-06 04:00:00,107.662,107.742,107.659,107.722,107.662,107.664
2020-07-06 05:00:00,107.722,107.773,107.681,107.696,107.722,107.722
2020-07-06 06:00:00,107.696,107.724,107.662,107.686,107.696,107.697
2020-07-06 07:00:00,107.687,107.72,107.645,107.649,107.687,107.687
2020-07-06 08:00:00,107.649,107.706,107.649,107.69,107.649,107.65
2020-07-06 09:00:00,107.689,107.705,107.601,107.619,107.689,107.69
2020-07-06 10:00:00,107.619,107.633,107.548,107.593,107.619,107.619
2020-07-06 11:00:00,107.592,107.612,107.543,107.573,107.592,107.592
2020-07-06 12:00:00,107.573,107.585,107.522,107.54,107.573,107.574
2020-07-06 13:00:00,107.54,107.598,107.536,107.564,107.54,107.54
2020-07-06 14:00:00,107.564,107.564,107.5,107.524,107.564,107.564
2020-07-06 15:00:00,107.524,107.539,107.456,107.49,107.524,107.524
2020-07-06 16:00:00,107.492,107.534,107.436,107.53,107.492,107.492
2020-07-06 17:00:00,107.527,107.594,107.448,107.462,107.527,107.542
2020-07-06 18:00:00,107.466,107.518,107.448,107.503,107.466,107.466
2020-07-06 19:00:00,107.504,107.506,107.437,107.438,107.504,107.505
2020-07-06 20:00:00,107.438,107.441,107.375,107.402,107.438,107.438
2020-07-06 21:00:00,107.402,107.402,107.256,107.292,107.402,107.402
2020-07-06 22:00:00,107.292,107.377,107.285,107.375,107.292,107.292
2020-07-06 23:00:00,107.375,107.401,107.357,107.393,107.375,107.376
2020-07-07 00:00:00,107.282,107.374,107.254,107.36,107.282,107.367
2020-07-07 01:00:00,107.36,107.397,107.352,107.373,107.36,107.381
2020-07-07 02:00:00,107.372,107.379,107.34,107.36,107.372,107.373
2020-07-07 03:00:00,107.36,107.368,107.259,107.288,107.36,107.361
2020-07-07 04:00:00,107.289,107.353,107.246,107.35,107.289,107.289
2020-07-07 05:00:00,107.35,107.409,107.341,107.393,107.35,107.35
2020-07-07 06:00:00,107.394,107.411,107.357,107.396,107.394,107.394
2020-07-07 07:00:00,107.396,107.396,107.353,107.363,107.396,107.396
2020-07-07 08:00:00,107.363,107.532,107.36,107.524,107.363,107.363
2020-07-07 09:00:00,107.524,107.578,107.5,107.574,107.524,107.524
2020-07-07 10:00:00,107.574,107.639,107.535,107.631,107.574,107.575
2020-07-07 11:00:00,107.632,107.692,107.6,107.685,107.632,107.632
2020-07-07 12:00:00,107.685,107.791,107.682,107.736,107.685,107.686
2020-07-07 13:00:00,107.736,107.741,107.664,107.705,107.736,107.736
2020-07-07 14:00:00,107.706,107.718,107.672,107.714,107.706,107.706
2020-07-07 15:00:00,107.714,107.717,107.598,107.611,107.714,107.714
2020-07-07 16:00:00,107.61,107.674,107.597,107.656,107.61,107.61
2020-07-07 17:00:00,107.656,107.658,107.499,107.55,107.656,107.658
2020-07-07 18:00:00,107.55,107.59,107.511,107.532,107.55,107.55
2020-07-07 19:00:00,107.532,107.534,107.498,107.516,107.532,107.532
2020-07-07 20:00:00,107.516,107.551,107.505,107.541,107.516,107.517
2020-07-07 21:00:00,107.541,107.568,107.504,107.52,107.541,107.541
2020-07-07 22:00:00,107.518,107.564,107.51,107.559,107.518,107.52
2020-07-07 23:00:00,107.56,107.561,107.515,107.525,107.56,107.561
2020-07-08 00:00:00,107.536,107.571,107.501,107.532,107.536,107.636
2020-07-08 01:00:00,107.532,107.561,107.519,107.555,107.532,107.56
2020-07-08 02:00:00,107.555,107.604,107.555,107.574,107.555,107.558
2020-07-08 03:00:00,107.576,107.711,107.571,107.7,107.576,107.576
2020-07-08 04:00:00,107.701,107.707,107.642,107.667,107.701,107.701
2020-07-08 05:00:00,107.667,107.671,107.625,107.627,107.667,107.668
2020-07-08 06:00:00,107.628,107.641,107.608,107.618,107.628,107.628
2020-07-08 07:00:00,107.618,107.62,107.512,107.521,107.618,107.618
2020-07-08 08:00:00,107.521,107.57,107.518,107.566,107.521,107.521
2020-07-08 09:00:00,107.566,107.57,107.517,107.544,107.566,107.566
2020-07-08 10:00:00,107.544,107.545,107.427,107.483,107.544,107.544
2020-07-08 11:00:00,107.483,107.581,107.472,107.574,107.483,107.483
2020-07-08 12:00:00,107.574,107.602,107.544,107.566,107.574,107.575
2020-07-08 13:00:00,107.566,107.592,107.529,107.563,107.566,107.566
2020-07-08 14:00:00,107.563,107.575,107.5,107.517,107.563,107.564
2020-07-08 15:00:00,107.517,107.598,107.501,107.55,107.517,107.517
2020-07-08 16:00:00,107.549,107.566,107.455,107.494,107.549,107.55
2020-07-08 17:00:00,107.494,107.528,107.423,107.508,107.494,107.494
2020-07-08 18:00:00,107.507,107.532,107.386,107.391,107.507,107.507
2020-07-08 19:00:00,107.391,107.404,107.288,107.297,107.391,107.392
2020-07-08 20:00:00,107.297,107.329,107.227,107.248,107.297,107.298
2020-07-08 21:00:00,107.248,107.262,107.205,107.207,107.248,107.249
2020-07-08 22:00:00,107.207,107.264,107.202,107.225,107.207,107.207
2020-07-08 23:00:00,107.225,107.268,107.223,107.26,107.225,107.227
2020-07-09 00:00:00,107.261,107.31,107.203,107.278,107.261,107.361
2020-07-09 01:00:00,107.265,107.294,107.253,107.286,107.265,107.328
2020-07-09 02:00:00,107.286,107.319,107.271,107.285,107.286,107.288
2020-07-09 03:00:00,107.285,107.302,107.181,107.29,107.285,107.286
2020-07-09 04:00:00,107.29,107.364,107.28,107.316,107.29,107.29
2020-07-09 05:00:00,107.316,107.34,107.285,107.312,107.316,107.316
2020-07-09 06:00:00,107.312,107.314,107.241,107.246,107.312,107.312
2020-07-09 07:00:00,107.246,107.278,107.228,107.275,107.246,107.246
2020-07-09 08:00:00,107.275,107.313,107.258,107.271,107.275,107.276
2020-07-09 09:00:00,107.271,107.275,107.207,107.265,107.271,107.271
2020-07-09 10:00:00,107.265,107.32,107.223,107.246,107.265,107.265
2020-07-09 11:00:00,107.246,107.286,107.196,107.286,107.246,107.246
2020-07-09 12:00:00,107.286,107.337,107.266,107.296,107.286,107.286
2020-07-09 13:00:00,107.296,107.397,107.289,107.356,107.296,107.296
2020-07-09 14:00:00,107.356,107.358,107.281,107.29,107.356,107.356
2020-07-09 15:00:00,107.29,107.294,107.2,107.21,107.29,107.29
2020-07-09 16:00:00,107.21,107.282,107.098,107.126,107.21,107.211
2020-07-09 17:00:00,107.128,107.31,107.098,107.268,107.128,107.129
2020-07-09 18:00:00,107.268,107.362,107.22,107.264,107.268,107.268
2020-07-09 19:00:00,107.264,107.31,107.24,107.307,107.264,107.264
2020-07-09 20:00:00,107.308,107.316,107.235,107.242,107.308,107.308
2020-07-09 21:00:00,107.242,107.277,107.192,107.198,107.242,107.242
2020-07-09 22:00:00,107.199,107.237,107.182,107.186,107.199,107.199
2020-07-09 23:00:00,107.186,107.218,107.173,107.201,107.186,107.186
2020-07-10 00:00:00,107.201,107.239,107.149,107.212,107.201,107.208
2020-07-10 01:00:00,107.212,107.212,107.181,107.198,107.212,107.234
2020-07-10 02:00:00,107.198,107.242,107.196,107.236,107.198,107.199
2020-07-10 03:00:00,107.237,107.264,107.068,107.074,107.237,107.238
2020-07-10 04:00:00,107.074,107.106,107.007,107.024,107.074,107.076
2020-07-10 05:00:00,107.024,107.093,107.006,107.065,107.024,107.025
2020-07-10 06:00:00,107.063,107.065,107.001,107.014,107.063,107.065
2020-07-10 07:00:00,107.014,107.044,106.924,106.944,107.014,107.015
2020-07-10 08:00:00,106.944,106.962,106.882,106.896,106.944,106.946
2020-07-10 09:00:00,106.897,106.928,106.834,106.843,106.897,106.897
2020-07-10 10:00:00,106.844,106.892,106.806,106.842,106.844,106.844
2020-07-10 11:00:00,106.842,106.844,106.752,106.76,106.842,106.842
2020-07-10 12:00:00,106.761,106.803,106.711,106.791,106.761,106.761
2020-07-10 13:00:00,106.792,106.829,106.739,106.792,106.792,106.792
2020-07-10 14:00:00,106.792,106.868,106.78,106.858,106.792,106.792
2020-07-10 15:00:00,106.856,106.884,106.76,106.794,106.856,106.857
2020-07-10 16:00:00,106.794,106.796,106.688,106.715,106.794,106.794
2020-07-10 17:00:00,106.715,106.778,106.638,106.746,106.715,106.716
2020-07-10 18:00:00,106.746,106.792,106.734,106.772,106.746,106.746
2020-07-10 19:00:00,106.772,106.951,106.772,106.905,106.772,106.772
2020-07-10 20:00:00,106.906,106.95,106.89,106.894,106.906,106.906
2020-07-10 21:00:00,106.894,106.944,106.89,106.936,106.894,106.895
2020-07-10 22:00:00,106.936,106.95,106.917,106.93,106.936,106.937
2020-07-10 23:00:00,106.93,106.945,106.908,106.913,106.93,106.931
2020-07-13 00:00:00,106.886,106.916,106.869,106.916,106.886,106.942
2020-07-13 01:00:00,106.911,106.934,106.889,106.891,106.911,106.928
2020-07-13 02:00:00,106.891,106.922,106.855,106.916,106.891,106.893
2020-07-13 03:00:00,106.916,106.945,106.841,106.855,106.916,106.918
2020-07-13 04:00:00,106.854,106.872,106.794,106.834,106.854,106.855
2020-07-13 05:00:00,106.834,106.846,106.794,106.799,106.834,106.834
2020-07-13 06:00:00,106.799,106.84,106.788,106.83,106.799,106.8
2020-07-13 07:00:00,106.83,106.883,106.823,106.872,106.83,106.83
2020-07-13 08:00:00,106.871,106.931,106.859,106.911,106.871,106.872
2020-07-13 09:00:00,106.911,106.942,106.898,106.932,106.911,106.912
2020-07-13 10:00:00,106.932,106.996,106.925,106.993,106.932,106.933
2020-07-13 11:00:00,106.993,107.098,106.989,107.062,106.993,106.993
2020-07-13 12:00:00,107.062,107.093,107.042,107.092,107.062,107.063
2020-07-13 13:00:00,107.092,107.105,107.05,107.068,107.092,107.092
2020-07-13 14:00:00,107.068,107.106,107.042,107.095,107.068,107.07
2020-07-13 15:00:00,107.092,107.228,107.091,107.198,107.092,107.092
2020-07-13 16:00:00,107.199,107.29,107.194,107.265,107.199,107.199
2020-07-13 17:00:00,107.265,107.292,107.184,107.263,107.265,107.266
2020-07-13 18:00:00,107.261,107.318,107.212,107.222,107.261,107.261
2020-07-13 19:00:00,107.222,107.253,107.15,107.173,107.222,107.222
2020-07-13 20:00:00,107.174,107.241,107.172,107.24,107.174,107.175
2020-07-13 21:00:00,107.24,107.308,107.238,107.279,107.24,107.24
2020-07-13 22:00:00,107.279,107.32,107.228,107.234,107.279,107.279
2020-07-13 23:00:00,107.233,107.295,107.214,107.287,107.233,107.233
2020-07-14 00:00:00,107.29,107.291,107.22,107.253,107.29,107.297
2020-07-14 01:00:00,107.254,107.31,107.254,107.298,107.254,107.28
2020-07-14 02:00:00,107.298,107.318,107.264,107.282,107.298,107.3
2020-07-14 03:00:00,107.282,107.368,107.228,107.249,107.282,107.284
2020-07-14 04:00:00,107.249,107.254,107.151,107.201,107.249,107.25
2020-07-14 05:00:00,107.201,107.222,107.166,107.19,107.201,107.202
2020-07-14 06:00:00,107.192,107.194,107.118,107.16,107.192,107.192
2020-07-14 07:00:00,107.158,107.24,107.144,107.24,107.158,107.158
2020-07-14 08:00:00,107.239,107.267,107.219,107.233,107.239,107.241
2020-07-14 09:00:00,107.233,107.328,107.228,107.311,107.233,107.233
2020-07-14 10:00:00,107.311,107.318,107.244,107.274,107.311,107.313
2020-07-14 11:00:00,107.274,107.325,107.254,107.316,107.274,107.274
2020-07-14 12:00:00,107.316,107.354,107.306,107.33,107.316,107.316
2020-07-14 13:00:00,107.329,107.402,107.324,107.399,107.329,107.33
2020-07-14 14:00:00,107.398,107.417,107.35,107.367,107.398,107.398
2020-07-14 15:00:00,107.368,107.433,107.319,107.353,107.368,107.368
2020-07-14 16:00:00,107.353,107.376,107.275,107.308,107.353,107.353
2020-07-14 17:00:00,107.309,107.314,107.216,107.236,107.309,107.31
2020-07-14 18:00:00,107.235,107.277,107.196,107.204,107.235,107.236
2020-07-14 19:00:00,107.204,107.229,107.188,107.198,107.204,107.204
2020-07-14 20:00:00,107.198,107.215,107.186,107.209,107.198,107.198
2020-07-14 21:00:00,107.209,107.216,107.16,107.202,107.209,107.209
2020-07-14 22:00:00,107.202,107.274,107.202,107.274,107.202,107.202
2020-07-14 23:00:00,107.273,107.29,107.23,107.23,107.273,107.274
2020-07-15 00:00:00,107.231,107.251,107.157,107.239,107.231,107.24
2020-07-15 01:00:00,107.24,107.298,107.238,107.27,107.24,107.264
2020-07-15 02:00:00,107.27,107.288,107.223,107.247,107.27,107.27
2020-07-15 03:00:00,107.247,107.306,107.189,107.3,107.247,107.249
2020-07-15 04:00:00,107.299,107.309,107.21,107.24,107.299,107.299
2020-07-15 05:00:00,107.241,107.282,107.233,107.278,107.241,107.243
2020-07-15 06:00:00,107.278,107.304,107.248,107.288,107.278,107.278
2020-07-15 07:00:00,107.289,107.296,107.237,107.262,107.289,107.289
2020-07-15 08:00:00,107.262,107.282,107.247,107.261,107.262,107.263
2020-07-15 09:00:00,107.261,107.297,107.168,107.173,107.261,107.261
2020-07-15 10:00:00,107.173,107.173,106.936,107.02,107.173,107.173
2020-07-15 11:00:00,107.02,107.03,106.899,106.904,107.02,107.02
2020-07-15 12:00:00,106.904,106.952,106.89,106.935,106.904,106.904
2020-07-15 13:00:00,106.936,106.937,106.87,106.9,106.936,106.936
2020-07-15 14:00:00,106.9,106.992,106.882,106.889,106.9,106.9
2020-07-15 15:00:00,106.889,106.894,106.755,106.818,106.889,106.889
2020-07-15 16:00:00,106.818,106.818,106.706,106.753,106.818,106.818
2020-07-15 17:00:00,106.753,106.864,106.667,106.832,106.753,106.753
2020-07-15 18:00:00,106.832,106.938,106.805,106.926,106.832,106.832
2020-07-15 19:00:00,106.926,106.975,106.905,106.94,106.926,106.927
2020-07-15 20:00:00,106.941,106.96,106.898,106.956,106.941,106.941
2020-07-15 21:00:00,106.956,106.97,106.908,106.956,106.956,106.956
2020-07-15 22:00:00,106.956,106.974,106.92,106.938,106.956,106.956
2020-07-15 23:00:00,106.938,106.949,106.919,106.944,106.938,106.938
2020-07-16 00:00:00,106.894,106.94,106.885,106.94,106.894,106.984
2020-07-16 01:00:00,106.94,106.959,106.915,106.918,106.94,106.961
2020-07-16 02:00:00,106.918,106.927,106.887,106.901,106.918,106.921
2020-07-16 03:00:00,106.901,106.988,106.834,106.966,106.901,106.902
2020-07-16 04:00:00,106.966,107.034,106.933,106.961,106.966,106.966
2020-07-16 05:00:00,106.961,107.0,106.918,106.958,106.961,106.965
2020-07-16 06:00:00,106.958,106.979,106.946,106.968,106.958,106.959
2020-07-16 07:00:00,106.968,106.977,106.864,106.875,106.968,106.968
2020-07-16 08:00:00,106.875,106.962,106.865,106.942,106.875,106.876
2020-07-16 09:00:00,106.941,106.966,106.904,106.95,106.941,106.943
2020-07-16 10:00:00,106.95,107.006,106.933,106.958,106.95,106.95
2020-07-16 11:00:00,106.958,107.079,106.918,107.046,106.958,106.958
2020-07-16 12:00:00,107.046,107.151,107.011,107.151,107.046,107.047
2020-07-16 13:00:00,107.151,107.192,107.118,107.131,107.151,107.151
2020-07-16 14:00:00,107.132,107.178,107.08,107.094,107.132,107.132
2020-07-16 15:00:00,107.094,107.192,107.087,107.164,107.094,107.094
2020-07-16 16:00:00,107.165,107.202,107.1,107.135,107.165,107.165
2020-07-16 17:00:00,107.133,107.154,107.045,107.112,107.133,107.135
2020-07-16 18:00:00,107.112,107.145,107.05,107.057,107.112,107.112
2020-07-16 19:00:00,107.057,107.194,107.048,107.193,107.057,107.057
2020-07-16 20:00:00,107.193,107.318,107.18,107.31,107.193,107.193
2020-07-16 21:00:00,107.31,107.392,107.31,107.371,107.31,107.31
2020-07-16 22:00:00,107.371,107.401,107.326,107.341,107.371,107.371
2020-07-16 23:00:00,107.341,107.342,107.267,107.277,107.341,107.341
2020-07-17 00:00:00,107.203,107.312,107.203,107.257,107.203,107.303
2020-07-17 01:00:00,107.256,107.32,107.254,107.317,107.256,107.282
2020-07-17 02:00:00,107.317,107.337,107.262,107.286,107.317,107.319
2020-07-17 03:00:00,107.288,107.363,107.244,107.273,107.288,107.289
2020-07-17 04:00:00,107.272,107.302,107.228,107.258,107.272,107.272
2020-07-17 05:00:00,107.258,107.282,107.238,107.253,107.258,107.26
2020-07-17 06:00:00,107.253,107.257,107.222,107.233,107.253,107.253
2020-07-17 07:00:00,107.233,107.237,107.167,107.193,107.233,107.233
2020-07-17 08:00:00,107.192,107.22,107.168,107.217,107.192,107.193
2020-07-17 09:00:00,107.217,107.243,107.178,107.198,107.217,107.218
2020-07-17 10:00:00,107.198,107.202,107.104,107.116,107.198,107.198
2020-07-17 11:00:00,107.116,107.18,107.099,107.139,107.116,107.116
2020-07-17 12:00:00,107.139,107.19,107.138,107.158,107.139,107.139
2020-07-17 13:00:00,107.158,107.171,107.119,107.137,107.158,107.158
2020-07-17 14:00:00,107.137,107.218,107.122,107.216,107.137,107.137
2020-07-17 15:00:00,107.216,107.28,107.191,107.242,107.216,107.216
2020-07-17 16:00:00,107.242,107.266,107.162,107.169,107.242,107.242
2020-07-17 17:00:00,107.168,107.186,107.084,107.148,107.168,107.169
2020-07-17 18:00:00,107.148,107.154,107.064,107.07,107.148,107.148
2020-07-17 19:00:00,107.07,107.078,107.007,107.028,107.07,107.07
2020-07-17 20:00:00,107.028,107.038,106.997,107.006,107.028,107.028
2020-07-17 21:00:00,107.007,107.014,106.948,106.958,107.007,107.007
2020-07-17 22:00:00,106.959,106.976,106.942,106.943,106.959,106.959
2020-07-17 23:00:00,106.943,107.04,106.941,107.028,106.943,106.944
2020-07-20 00:00:00,107.106,107.106,107.034,107.059,107.106,107.206
2020-07-20 01:00:00,107.059,107.093,107.013,107.029,107.059,107.128
2020-07-20 02:00:00,107.029,107.106,107.019,107.104,107.029,107.03
2020-07-20 03:00:00,107.103,107.54,107.06,107.386,107.103,107.104
2020-07-20 04:00:00,107.386,107.426,107.335,107.336,107.386,107.386
2020-07-20 05:00:00,107.336,107.409,107.335,107.385,107.336,107.336
2020-07-20 06:00:00,107.385,107.387,107.33,107.361,107.385,107.386
2020-07-20 07:00:00,107.361,107.384,107.265,107.265,107.361,107.361
2020-07-20 08:00:00,107.265,107.3,107.249,107.296,107.265,107.265
2020-07-20 09:00:00,107.296,107.296,107.222,107.248,107.296,107.296
2020-07-20 10:00:00,107.248,107.285,107.152,107.164,107.248,107.248
2020-07-20 11:00:00,107.164,107.204,107.139,107.197,107.164,107.164
2020-07-20 12:00:00,107.197,107.241,107.159,107.241,107.197,107.198
2020-07-20 13:00:00,107.241,107.268,107.14,107.14,107.241,107.241
2020-07-20 14:00:00,107.139,107.148,107.072,107.097,107.139,107.139
2020-07-20 15:00:00,107.097,107.178,107.066,107.171,107.097,107.097
2020-07-20 16:00:00,107.171,107.234,107.088,107.158,107.171,107.171
2020-07-20 17:00:00,107.159,107.208,107.035,107.18,107.159,107.159
2020-07-20 18:00:00,107.181,107.256,107.161,107.206,107.181,107.181
2020-07-20 19:00:00,107.206,107.283,107.182,107.271,107.206,107.206
2020-07-20 20:00:00,107.271,107.325,107.264,107.317,107.271,107.271
2020-07-20 21:00:00,107.318,107.336,107.28,107.302,107.318,107.318
2020-07-20 22:00:00,107.302,107.335,107.292,107.3,107.302,107.302
2020-07-20 23:00:00,107.3,107.321,107.266,107.271,107.3,107.301
2020-07-21 00:00:00,107.249,107.283,107.13,107.243,107.249,107.269
2020-07-21 01:00:00,107.243,107.277,107.243,107.251,107.243,107.259
2020-07-21 02:00:00,107.254,107.258,107.185,107.19,107.254,107.254
2020-07-21 03:00:00,107.19,107.24,107.127,107.205,107.19,107.191
2020-07-21 04:00:00,107.205,107.227,107.165,107.196,107.205,107.206
2020-07-21 05:00:00,107.196,107.207,107.151,107.203,107.196,107.196
2020-07-21 06:00:00,107.202,107.241,107.145,107.218,107.202,107.202
2020-07-21 07:00:00,107.218,107.347,107.211,107.324,107.218,107.218
2020-07-21 08:00:00,107.324,107.356,107.292,107.333,107.324,107.324
2020-07-21 09:00:00,107.333,107.367,107.276,107.3,107.333,107.333
2020-07-21 10:00:00,107.3,107.358,107.272,107.325,107.3,107.3
2020-07-21 11:00:00,107.325,107.326,107.245,107.291,107.325,107.325
2020-07-21 12:00:00,107.291,107.312,107.227,107.244,107.291,107.291
2020-07-21 13:00:00,107.244,107.28,107.206,107.279,107.244,107.245
2020-07-21 14:00:00,107.279,107.317,107.236,107.244,107.279,107.279
2020-07-21 15:00:00,107.244,107.25,107.124,107.182,107.244,107.244
2020-07-21 16:00:00,107.182,107.198,106.977,107.002,107.182,107.182
2020-07-21 17:00:00,107.002,107.04,106.807,106.907,107.002,107.003
2020-07-21 18:00:00,106.906,106.958,106.802,106.824,106.906,106.906
2020-07-21 19:00:00,106.824,106.842,106.731,106.742,106.824,106.824
2020-07-21 20:00:00,106.742,106.762,106.683,106.716,106.742,106.742
2020-07-21 21:00:00,106.716,106.782,106.698,106.776,106.716,106.716
2020-07-21 22:00:00,106.776,106.811,106.743,106.79,106.776,106.776
2020-07-21 23:00:00,106.792,106.82,106.785,106.794,106.792,106.792
2020-07-22 00:00:00,106.795,106.81,106.71,106.782,106.795,106.806
2020-07-22 01:00:00,106.781,106.875,106.781,106.869,106.781,106.8
2020-07-22 02:00:00,106.869,106.879,106.804,106.826,106.869,106.87
2020-07-22 03:00:00,106.826,106.892,106.763,106.835,106.826,106.827
2020-07-22 04:00:00,106.835,106.866,106.752,106.756,106.835,106.836
2020-07-22 05:00:00,106.756,106.785,106.711,106.754,106.756,106.756
2020-07-22 06:00:00,106.754,106.822,106.751,106.821,106.754,106.754
2020-07-22 07:00:00,106.821,106.875,106.812,106.868,106.821,106.821
2020-07-22 08:00:00,106.868,106.872,106.8,106.826,106.868,106.868
2020-07-22 09:00:00,106.826,106.875,106.816,106.848,106.826,106.827
2020-07-22 10:00:00,106.848,106.943,106.756,106.909,106.848,106.848
2020-07-22 11:00:00,106.909,107.064,106.878,107.025,106.909,106.909
2020-07-22 12:00:00,107.024,107.056,106.978,107.0,107.024,107.024
2020-07-22 13:00:00,107.0,107.018,106.872,106.998,107.0,107.0
2020-07-22 14:00:00,106.998,107.036,106.958,106.976,106.998,106.998
2020-07-22 15:00:00,106.976,107.064,106.974,107.06,106.976,106.976
2020-07-22 16:00:00,107.06,107.178,107.057,107.169,107.06,107.06
2020-07-22 17:00:00,107.17,107.195,107.092,107.167,107.17,107.17
2020-07-22 18:00:00,107.169,107.209,107.139,107.18,107.169,107.169
2020-07-22 19:00:00,107.18,107.213,107.148,107.186,107.18,107.18
2020-07-22 20:00:00,107.187,107.222,107.163,107.206,107.187,107.187
2020-07-22 21:00:00,107.206,107.288,107.206,107.234,107.206,107.206
2020-07-22 22:00:00,107.234,107.242,107.164,107.18,107.234,107.234
2020-07-22 23:00:00,107.18,107.203,107.152,107.16,107.18,107.18
2020-07-23 00:00:00,107.154,107.181,107.119,107.131,107.154,107.159
2020-07-23 01:00:00,107.131,107.19,107.131,107.162,107.131,107.159
2020-07-23 02:00:00,107.162,107.195,107.157,107.174,107.162,107.162
2020-07-23 03:00:00,107.174,107.19,107.145,107.156,107.174,107.175
2020-07-23 04:00:00,107.156,107.166,107.106,107.128,107.156,107.156
2020-07-23 05:00:00,107.128,107.165,107.127,107.156,107.128,107.128
2020-07-23 06:00:00,107.156,107.157,107.111,107.126,107.156,107.156
2020-07-23 07:00:00,107.126,107.178,107.123,107.157,107.126,107.126
2020-07-23 08:00:00,107.157,107.177,107.146,107.15,107.157,107.157
2020-07-23 09:00:00,107.15,107.16,107.094,107.117,107.15,107.151
2020-07-23 10:00:00,107.117,107.174,107.072,107.161,107.117,107.117
2020-07-23 11:00:00,107.161,107.178,107.1,107.135,107.161,107.161
2020-07-23 12:00:00,107.135,107.176,107.134,107.154,107.135,107.135
2020-07-23 13:00:00,107.154,107.176,107.146,107.153,107.154,107.154
2020-07-23 14:00:00,107.152,107.196,107.152,107.174,107.152,107.153
2020-07-23 15:00:00,107.174,107.196,107.086,107.194,107.174,107.174
2020-07-23 16:00:00,107.194,107.23,107.082,107.091,107.194,107.194
2020-07-23 17:00:00,107.091,107.156,106.951,106.985,107.091,107.092
2020-07-23 18:00:00,106.984,107.032,106.83,106.839,106.984,106.984
2020-07-23 19:00:00,106.839,106.913,106.822,106.824,106.839,106.839
2020-07-23 20:00:00,106.824,106.867,106.8,106.818,106.824,106.824
2020-07-23 21:00:00,106.818,106.828,106.73,106.735,106.818,106.818
2020-07-23 22:00:00,106.735,106.838,106.712,106.83,106.735,106.735
2020-07-23 23:00:00,106.83,106.88,106.83,106.847,106.83,106.831
2020-07-24 00:00:00,106.859,106.901,106.779,106.833,106.859,106.872
2020-07-24 01:00:00,106.833,106.88,106.824,106.829,106.833,106.855
2020-07-24 02:00:00,106.829,106.851,106.817,106.846,106.829,106.831
2020-07-24 03:00:00,106.846,106.85,106.513,106.53,106.846,106.846
2020-07-24 04:00:00,106.53,106.602,106.467,106.509,106.53,106.53
2020-07-24 05:00:00,106.509,106.577,106.502,106.515,106.509,106.51
2020-07-24 06:00:00,106.515,106.525,106.362,106.387,106.515,106.515
2020-07-24 07:00:00,106.386,106.457,106.365,106.415,106.386,106.386
2020-07-24 08:00:00,106.415,106.463,106.39,106.418,106.415,106.416
2020-07-24 09:00:00,106.418,106.488,106.309,106.312,106.418,106.418
2020-07-24 10:00:00,106.313,106.348,106.172,106.216,106.313,106.313
2020-07-24 11:00:00,106.216,106.435,106.174,106.415,106.216,106.216
2020-07-24 12:00:00,106.415,106.434,106.319,106.348,106.415,106.416
2020-07-24 13:00:00,106.348,106.428,106.285,106.419,106.348,106.348
2020-07-24 14:00:00,106.419,106.422,106.216,106.217,106.419,106.419
2020-07-24 15:00:00,106.217,106.298,106.121,106.127,106.217,106.217
2020-07-24 16:00:00,106.127,106.157,105.766,105.797,106.127,106.127
2020-07-24 17:00:00,105.797,105.94,105.762,105.842,105.797,105.797
2020-07-24 18:00:00,105.841,105.927,105.782,105.793,105.841,105.841
2020-07-24 19:00:00,105.793,105.832,105.684,105.699,105.793,105.793
2020-07-24 20:00:00,105.699,105.88,105.683,105.835,105.699,105.699
2020-07-24 21:00:00,105.835,106.024,105.831,106.005,105.835,105.836
2020-07-24 22:00:00,106.005,106.016,105.948,105.971,106.005,106.006
2020-07-24 23:00:00,105.971,106.161,105.963,106.121,105.971,105.971
2020-07-27 00:00:00,106.022,106.099,106.0,106.047,106.022,106.092
2020-07-27 01:00:00,106.047,106.052,105.876,105.983,106.047,106.05
2020-07-27 02:00:00,105.983,106.054,105.966,105.995,105.983,105.985
2020-07-27 03:00:00,105.995,106.052,105.797,105.8,105.995,105.995
2020-07-27 04:00:00,105.802,105.852,105.648,105.7,105.802,105.802
2020-07-27 05:00:00,105.7,105.704,105.552,105.568,105.7,105.7
2020-07-27 06:00:00,105.568,105.584,105.451,105.565,105.568,105.568
2020-07-27 07:00:00,105.565,105.665,105.556,105.598,105.565,105.565
2020-07-27 08:00:00,105.598,105.668,105.578,105.63,105.598,105.598
2020-07-27 09:00:00,105.631,105.664,105.383,105.476,105.631,105.631
2020-07-27 10:00:00,105.476,105.619,105.447,105.571,105.476,105.476
2020-07-27 11:00:00,105.572,105.582,105.418,105.524,105.572,105.572
2020-07-27 12:00:00,105.524,105.543,105.3,105.338,105.524,105.524
2020-07-27 13:00:00,105.338,105.348,105.247,105.275,105.338,105.339
2020-07-27 14:00:00,105.275,105.387,105.245,105.306,105.275,105.275
2020-07-27 15:00:00,105.306,105.476,105.289,105.421,105.306,105.306
2020-07-27 16:00:00,105.421,105.476,105.172,105.185,105.421,105.421
2020-07-27 17:00:00,105.185,105.279,105.117,105.14,105.185,105.185
2020-07-27 18:00:00,105.14,105.325,105.121,105.298,105.14,105.14
2020-07-27 19:00:00,105.298,105.336,105.24,105.3,105.298,105.298
2020-07-27 20:00:00,105.3,105.322,105.272,105.302,105.3,105.3
2020-07-27 21:00:00,105.302,105.393,105.296,105.382,105.302,105.302
2020-07-27 22:00:00,105.383,105.454,105.378,105.433,105.383,105.383
2020-07-27 23:00:00,105.434,105.447,105.371,105.382,105.434,105.434
2020-07-28 00:00:00,105.37,105.42,105.342,105.374,105.37,105.376
2020-07-28 01:00:00,105.374,105.381,105.296,105.321,105.374,105.414
2020-07-28 02:00:00,105.321,105.388,105.263,105.278,105.321,105.322
2020-07-28 03:00:00,105.281,105.339,105.222,105.329,105.281,105.281
2020-07-28 04:00:00,105.329,105.37,105.262,105.362,105.329,105.33
2020-07-28 05:00:00,105.362,105.478,105.308,105.456,105.362,105.363
2020-07-28 06:00:00,105.456,105.614,105.438,105.586,105.456,105.456
2020-07-28 07:00:00,105.586,105.687,105.542,105.579,105.586,105.586
2020-07-28 08:00:00,105.579,105.64,105.542,105.551,105.579,105.579
2020-07-28 09:00:00,105.551,105.606,105.503,105.563,105.551,105.551
2020-07-28 10:00:00,105.563,105.666,105.472,105.625,105.563,105.563
2020-07-28 11:00:00,105.625,105.636,105.391,105.405,105.625,105.625
2020-07-28 12:00:00,105.405,105.413,105.244,105.257,105.405,105.405
2020-07-28 13:00:00,105.258,105.284,105.154,105.214,105.258,105.258
2020-07-28 14:00:00,105.214,105.374,105.087,105.357,105.214,105.214
2020-07-28 15:00:00,105.357,105.372,105.089,105.091,105.357,105.357
2020-07-28 16:00:00,105.091,105.24,105.026,105.058,105.091,105.091
2020-07-28 17:00:00,105.058,105.11,104.958,104.964,105.058,105.063
2020-07-28 18:00:00,104.964,105.142,104.962,105.04,104.964,104.964
2020-07-28 19:00:00,105.039,105.138,105.028,105.064,105.039,105.039
2020-07-28 20:00:00,105.064,105.112,104.996,105.108,105.064,105.064
2020-07-28 21:00:00,105.108,105.188,105.089,105.105,105.108,105.108
2020-07-28 22:00:00,105.105,105.158,105.06,105.1,105.105,105.105
2020-07-28 23:00:00,105.1,105.111,105.066,105.078,105.1,105.1
2020-07-29 00:00:00,105.092,105.13,105.006,105.057,105.092,105.105
2020-07-29 01:00:00,105.057,105.103,105.024,105.096,105.057,105.083
2020-07-29 02:00:00,105.096,105.116,105.066,105.112,105.096,105.096
2020-07-29 03:00:00,105.112,105.152,104.959,105.126,105.112,105.112
2020-07-29 04:00:00,105.126,105.244,105.084,105.098,105.126,105.126
2020-07-29 05:00:00,105.098,105.118,105.03,105.051,105.098,105.098
2020-07-29 06:00:00,105.051,105.114,105.009,105.056,105.051,105.051
2020-07-29 07:00:00,105.056,105.095,105.031,105.085,105.056,105.056
2020-07-29 08:00:00,105.085,105.094,105.03,105.076,105.085,105.085
2020-07-29 09:00:00,105.076,105.076,104.94,104.97,105.076,105.076
2020-07-29 10:00:00,104.97,105.011,104.81,104.826,104.97,104.97
2020-07-29 11:00:00,104.826,104.925,104.802,104.913,104.826,104.826
2020-07-29 12:00:00,104.913,104.97,104.887,104.936,104.913,104.913
2020-07-29 13:00:00,104.936,105.034,104.911,105.0,104.936,104.936
2020-07-29 14:00:00,105.0,105.151,104.934,105.138,105.0,105.0
2020-07-29 15:00:00,105.138,105.196,104.996,105.036,105.138,105.138
2020-07-29 16:00:00,105.035,105.093,104.967,105.006,105.035,105.035
2020-07-29 17:00:00,105.005,105.113,104.895,105.098,105.005,105.005
2020-07-29 18:00:00,105.098,105.146,105.0,105.063,105.098,105.098
2020-07-29 19:00:00,105.063,105.07,104.965,105.001,105.063,105.063
2020-07-29 20:00:00,105.0,105.025,104.93,104.951,105.0,105.0
2020-07-29 21:00:00,104.951,105.086,104.774,105.041,104.951,104.978
2020-07-29 22:00:00,105.039,105.156,104.9,105.024,105.039,105.039
2020-07-29 23:00:00,105.024,105.027,104.91,104.925,105.024,105.025
2020-07-30 00:00:00,104.918,104.977,104.874,104.929,104.918,104.925
2020-07-30 01:00:00,104.929,104.976,104.907,104.965,104.929,104.943
2020-07-30 02:00:00,104.965,105.06,104.952,105.049,104.965,104.965
2020-07-30 03:00:00,105.049,105.156,104.987,105.017,105.049,105.049
2020-07-30 04:00:00,105.018,105.098,104.984,105.08,105.018,105.018
2020-07-30 05:00:00,105.08,105.106,105.047,105.064,105.08,105.08
2020-07-30 06:00:00,105.064,105.069,105.008,105.045,105.064,105.064
2020-07-30 07:00:00,105.045,105.12,105.024,105.106,105.045,105.045
2020-07-30 08:00:00,105.106,105.294,105.103,105.277,105.106,105.107
2020-07-30 09:00:00,105.278,105.295,105.196,105.205,105.278,105.278
2020-07-30 10:00:00,105.205,105.205,105.012,105.074,105.205,105.207
2020-07-30 11:00:00,105.074,105.134,105.037,105.084,105.074,105.074
2020-07-30 12:00:00,105.084,105.166,104.999,105.016,105.084,105.084
2020-07-30 13:00:00,105.016,105.132,105.016,105.101,105.016,105.016
2020-07-30 14:00:00,105.101,105.19,105.094,105.184,105.101,105.101
2020-07-30 15:00:00,105.184,105.28,105.043,105.053,105.184,105.184
2020-07-30 16:00:00,105.053,105.132,104.907,105.078,105.053,105.053
2020-07-30 17:00:00,105.078,105.189,104.996,105.024,105.078,105.078
2020-07-30 18:00:00,105.023,105.14,105.017,105.053,105.023,105.023
2020-07-30 19:00:00,105.053,105.055,104.941,104.953,105.053,105.053
2020-07-30 20:00:00,104.953,104.958,104.803,104.896,104.953,104.954
2020-07-30 21:00:00,104.896,104.918,104.827,104.829,104.896,104.896
2020-07-30 22:00:00,104.829,104.872,104.748,104.755,104.829,104.829
2020-07-30 23:00:00,104.755,104.772,104.681,104.736,104.755,104.755
2020-07-31 00:00:00,104.727,104.79,104.652,104.776,104.727,104.732
2020-07-31 01:00:00,104.776,104.815,104.702,104.722,104.776,104.802
2020-07-31 02:00:00,104.722,104.776,104.659,104.689,104.722,104.722
2020-07-31 03:00:00,104.689,104.702,104.478,104.548,104.689,104.69
2020-07-31 04:00:00,104.55,104.594,104.233,104.25,104.55,104.554
2020-07-31 05:00:00,104.25,104.264,104.189,104.259,104.25,104.25
2020-07-31 06:00:00,104.259,104.431,104.259,104.32,104.259,104.259
2020-07-31 07:00:00,104.32,104.32,104.209,104.312,104.32,104.32
2020-07-31 08:00:00,104.312,104.369,104.244,104.361,104.312,104.312
2020-07-31 09:00:00,104.363,104.393,104.312,104.339,104.363,104.363
2020-07-31 10:00:00,104.339,104.482,104.292,104.448,104.339,104.339
2020-07-31 11:00:00,104.448,104.714,104.405,104.69,104.448,104.448
2020-07-31 12:00:00,104.69,104.862,104.632,104.652,104.69,104.691
2020-07-31 13:00:00,104.652,104.696,104.548,104.686,104.652,104.652
2020-07-31 14:00:00,104.685,105.004,104.683,104.904,104.685,104.685
2020-07-31 15:00:00,104.904,105.198,104.846,105.138,104.904,104.904
2020-07-31 16:00:00,105.136,105.801,105.115,105.682,105.136,105.136
2020-07-31 17:00:00,105.682,105.761,105.487,105.718,105.682,105.684
2020-07-31 18:00:00,105.719,105.834,105.64,105.766,105.719,105.719
2020-07-31 19:00:00,105.766,106.057,105.766,105.841,105.766,105.766
2020-07-31 20:00:00,105.839,105.866,105.746,105.824,105.839,105.839
2020-07-31 21:00:00,105.824,105.841,105.744,105.762,105.824,105.824
2020-07-31 22:00:00,105.762,105.873,105.748,105.865,105.762,105.763
2020-07-31 23:00:00,105.865,105.971,105.811,105.835,105.865,105.865
2020-08-03 00:00:00,105.772,105.839,105.766,105.812,105.772,105.802
2020-08-03 01:00:00,105.808,105.865,105.709,105.786,105.808,105.828
2020-08-03 02:00:00,105.787,105.904,105.782,105.87,105.787,105.788
2020-08-03 03:00:00,105.87,106.434,105.792,106.161,105.87,105.871
2020-08-03 04:00:00,106.161,106.239,105.885,105.914,106.161,106.162
2020-08-03 05:00:00,105.914,105.93,105.81,105.874,105.914,105.914
2020-08-03 06:00:00,105.874,105.915,105.822,105.825,105.874,105.874
2020-08-03 07:00:00,105.826,105.858,105.777,105.822,105.826,105.826
2020-08-03 08:00:00,105.822,105.887,105.788,105.855,105.822,105.823
2020-08-03 09:00:00,105.854,105.995,105.816,105.977,105.854,105.854
2020-08-03 10:00:00,105.977,105.998,105.859,105.894,105.977,105.978
2020-08-03 11:00:00,105.894,105.923,105.582,105.596,105.894,105.894
2020-08-03 12:00:00,105.596,105.775,105.586,105.747,105.596,105.596
2020-08-03 13:00:00,105.747,106.146,105.729,106.108,105.747,105.748
2020-08-03 14:00:00,106.108,106.212,106.013,106.212,106.108,106.108
2020-08-03 15:00:00,106.212,106.299,106.123,106.273,106.212,106.212
2020-08-03 16:00:00,106.275,106.474,106.226,106.37,106.275,106.275
2020-08-03 17:00:00,106.369,106.409,106.064,106.097,106.369,106.377
2020-08-03 18:00:00,106.096,106.196,106.065,106.106,106.096,106.096
2020-08-03 19:00:00,106.106,106.161,106.065,106.095,106.106,106.106
2020-08-03 20:00:00,106.095,106.122,106.039,106.078,106.095,106.095
2020-08-03 21:00:00,106.078,106.1,105.98,105.989,106.078,106.078
2020-08-03 22:00:00,105.989,106.028,105.916,105.952,105.989,105.989
2020-08-03 23:00:00,105.952,105.974,105.908,105.95,105.952,105.952
2020-08-04 00:00:00,105.943,105.983,105.916,105.97,105.943,105.955
2020-08-04 01:00:00,105.97,106.046,105.931,106.032,105.97,106.039
2020-08-04 02:00:00,106.032,106.058,106.005,106.034,106.032,106.033
2020-08-04 03:00:00,106.034,106.148,106.017,106.125,106.034,106.036
2020-08-04 04:00:00,106.125,106.193,106.088,106.162,106.125,106.126
2020-08-04 05:00:00,106.162,106.19,106.061,106.1,106.162,106.162
2020-08-04 06:00:00,106.1,106.128,106.057,106.115,106.1,106.1
2020-08-04 07:00:00,106.115,106.124,106.046,106.047,106.115,106.115
2020-08-04 08:00:00,106.047,106.132,106.022,106.077,106.047,106.047
2020-08-04 09:00:00,106.077,106.12,106.008,106.018,106.077,106.077
2020-08-04 10:00:00,106.017,106.023,105.838,105.925,106.017,106.017
2020-08-04 11:00:00,105.925,106.051,105.873,105.951,105.925,105.925
2020-08-04 12:00:00,105.95,105.985,105.876,105.978,105.95,105.95
2020-08-04 13:00:00,105.978,106.141,105.949,106.118,105.978,105.979
2020-08-04 14:00:00,106.118,106.14,106.062,106.119,106.118,106.118
2020-08-04 15:00:00,106.119,106.196,106.031,106.169,106.119,106.12
2020-08-04 16:00:00,106.169,106.181,106.023,106.026,106.169,106.169
2020-08-04 17:00:00,106.025,106.028,105.728,105.923,106.025,106.027
2020-08-04 18:00:00,105.922,105.95,105.832,105.878,105.922,105.922
2020-08-04 19:00:00,105.878,105.883,105.755,105.756,105.878,105.878
2020-08-04 20:00:00,105.756,105.817,105.738,105.817,105.756,105.756
2020-08-04 21:00:00,105.817,105.82,105.718,105.77,105.817,105.817
2020-08-04 22:00:00,105.769,105.77,105.639,105.658,105.769,105.769
2020-08-04 23:00:00,105.658,105.749,105.655,105.717,105.658,105.659
2020-08-05 00:00:00,105.715,105.764,105.664,105.697,105.715,105.72
2020-08-05 01:00:00,105.698,105.797,105.698,105.781,105.698,105.755
2020-08-05 02:00:00,105.78,105.784,105.616,105.631,105.78,105.78
2020-08-05 03:00:00,105.631,105.784,105.559,105.594,105.631,105.631
2020-08-05 04:00:00,105.593,105.638,105.513,105.566,105.593,105.594
2020-08-05 05:00:00,105.566,105.604,105.541,105.576,105.566,105.566
2020-08-05 06:00:00,105.576,105.652,105.558,105.591,105.576,105.576
2020-08-05 07:00:00,105.591,105.618,105.543,105.575,105.591,105.591
2020-08-05 08:00:00,105.575,105.681,105.556,105.675,105.575,105.575
2020-08-05 09:00:00,105.675,105.753,105.573,105.617,105.675,105.675
2020-08-05 10:00:00,105.617,105.748,105.615,105.679,105.617,105.617
2020-08-05 11:00:00,105.679,105.797,105.621,105.687,105.679,105.679
2020-08-05 12:00:00,105.686,105.753,105.648,105.704,105.686,105.686
2020-08-05 13:00:00,105.705,105.82,105.702,105.819,105.705,105.705
2020-08-05 14:00:00,105.819,105.874,105.701,105.731,105.819,105.819
2020-08-05 15:00:00,105.731,105.798,105.501,105.502,105.731,105.731
2020-08-05 16:00:00,105.502,105.594,105.322,105.375,105.502,105.503
2020-08-05 17:00:00,105.375,105.6,105.34,105.567,105.375,105.379
2020-08-05 18:00:00,105.566,105.574,105.403,105.446,105.566,105.566
2020-08-05 19:00:00,105.446,105.629,105.404,105.542,105.446,105.446
2020-08-05 20:00:00,105.542,105.606,105.479,105.595,105.542,105.543
2020-08-05 21:00:00,105.595,105.678,105.571,105.621,105.595,105.595
2020-08-05 22:00:00,105.621,105.649,105.581,105.631,105.621,105.621
2020-08-05 23:00:00,105.631,105.648,105.571,105.597,105.631,105.631
2020-08-06 00:00:00,105.596,105.623,105.52,105.583,105.596,105.606
2020-08-06 01:00:00,105.583,105.606,105.556,105.602,105.583,105.609
2020-08-06 02:00:00,105.602,105.619,105.545,105.564,105.602,105.604
2020-08-06 03:00:00,105.564,105.613,105.46,105.535,105.564,105.565
2020-08-06 04:00:00,105.535,105.575,105.486,105.57,105.535,105.537
2020-08-06 05:00:00,105.569,105.612,105.522,105.531,105.569,105.569
2020-08-06 06:00:00,105.531,105.542,105.503,105.535,105.531,105.534
2020-08-06 07:00:00,105.535,105.537,105.513,105.524,105.535,105.535
2020-08-06 08:00:00,105.524,105.554,105.444,105.456,105.524,105.524
2020-08-06 09:00:00,105.456,105.544,105.391,105.472,105.456,105.457
2020-08-06 10:00:00,105.472,105.648,105.472,105.632,105.472,105.472
2020-08-06 11:00:00,105.632,105.699,105.567,105.675,105.632,105.632
2020-08-06 12:00:00,105.675,105.693,105.57,105.583,105.675,105.675
2020-08-06 13:00:00,105.583,105.615,105.506,105.538,105.583,105.583
2020-08-06 14:00:00,105.538,105.543,105.395,105.407,105.538,105.538
2020-08-06 15:00:00,105.407,105.584,105.403,105.567,105.407,105.407
2020-08-06 16:00:00,105.567,105.573,105.302,105.389,105.567,105.567
2020-08-06 17:00:00,105.39,105.602,105.363,105.509,105.39,105.39
2020-08-06 18:00:00,105.509,105.583,105.459,105.527,105.509,105.509
2020-08-06 19:00:00,105.527,105.531,105.394,105.478,105.527,105.528
2020-08-06 20:00:00,105.478,105.508,105.405,105.472,105.478,105.478
2020-08-06 21:00:00,105.473,105.646,105.458,105.58,105.473,105.473
2020-08-06 22:00:00,105.58,105.643,105.542,105.546,105.58,105.58
2020-08-06 23:00:00,105.546,105.562,105.523,105.548,105.546,105.547
2020-08-07 00:00:00,105.546,105.546,105.48,105.504,105.546,105.552
2020-08-07 01:00:00,105.504,105.54,105.492,105.509,105.504,105.526
2020-08-07 02:00:00,105.509,105.59,105.505,105.583,105.509,105.509
2020-08-07 03:00:00,105.583,105.595,105.522,105.563,105.583,105.584
2020-08-07 04:00:00,105.563,105.586,105.524,105.557,105.563,105.563
2020-08-07 05:00:00,105.557,105.598,105.541,105.584,105.557,105.557
2020-08-07 06:00:00,105.583,105.643,105.542,105.596,105.583,105.583
2020-08-07 07:00:00,105.596,105.638,105.556,105.558,105.596,105.597
2020-08-07 08:00:00,105.559,105.598,105.529,105.535,105.559,105.559
2020-08-07 09:00:00,105.536,105.594,105.482,105.59,105.536,105.536
2020-08-07 10:00:00,105.59,105.625,105.535,105.598,105.59,105.59
2020-08-07 11:00:00,105.598,105.686,105.574,105.597,105.598,105.598
2020-08-07 12:00:00,105.597,105.686,105.572,105.648,105.597,105.597
2020-08-07 13:00:00,105.648,105.736,105.638,105.663,105.648,105.648
2020-08-07 14:00:00,105.663,105.67,105.61,105.636,105.663,105.663
2020-08-07 15:00:00,105.636,105.872,105.555,105.608,105.636,105.636
2020-08-07 16:00:00,105.608,105.881,105.564,105.82,105.608,105.608
2020-08-07 17:00:00,105.82,106.057,105.799,105.877,105.82,105.82
2020-08-07 18:00:00,105.876,105.941,105.781,105.923,105.876,105.876
2020-08-07 19:00:00,105.923,106.027,105.864,106.021,105.923,105.923
2020-08-07 20:00:00,106.021,106.022,105.905,105.942,106.021,106.022
2020-08-07 21:00:00,105.943,105.954,105.891,105.942,105.943,105.943
2020-08-07 22:00:00,105.942,105.964,105.918,105.924,105.942,105.943
2020-08-07 23:00:00,105.924,105.996,105.906,105.915,105.924,105.924
2020-08-10 00:00:00,105.812,105.917,105.768,105.891,105.812,105.912
2020-08-10 01:00:00,105.891,105.945,105.868,105.914,105.891,105.955
2020-08-10 02:00:00,105.914,105.914,105.848,105.857,105.914,105.917
2020-08-10 03:00:00,105.857,105.871,105.744,105.75,105.857,105.858
2020-08-10 04:00:00,105.751,105.793,105.723,105.784,105.751,105.751
2020-08-10 05:00:00,105.784,105.796,105.768,105.786,105.784,105.785
2020-08-10 06:00:00,105.786,105.804,105.786,105.794,105.786,105.788
2020-08-10 07:00:00,105.794,105.799,105.766,105.775,105.794,105.795
2020-08-10 08:00:00,105.775,105.782,105.751,105.777,105.775,105.776
2020-08-10 09:00:00,105.777,105.925,105.759,105.915,105.777,105.777
2020-08-10 10:00:00,105.915,106.047,105.898,105.99,105.915,105.916
2020-08-10 11:00:00,105.99,106.037,105.94,105.946,105.99,105.99
2020-08-10 12:00:00,105.946,106.012,105.91,106.0,105.946,105.946
2020-08-10 13:00:00,106.0,106.176,105.971,106.159,106.0,106.001
2020-08-10 14:00:00,106.159,106.203,106.1,106.133,106.159,106.16
2020-08-10 15:00:00,106.134,106.136,105.973,105.994,106.134,106.134
2020-08-10 16:00:00,105.994,106.002,105.77,105.778,105.994,105.995
2020-08-10 17:00:00,105.778,105.874,105.754,105.775,105.778,105.778
2020-08-10 18:00:00,105.774,105.869,105.709,105.856,105.774,105.774
2020-08-10 19:00:00,105.856,105.916,105.806,105.852,105.856,105.856
2020-08-10 20:00:00,105.852,105.92,105.836,105.918,105.852,105.852
2020-08-10 21:00:00,105.918,105.952,105.906,105.943,105.918,105.92
2020-08-10 22:00:00,105.943,105.975,105.917,105.95,105.943,105.944
2020-08-10 23:00:00,105.95,105.969,105.936,105.96,105.95,105.951
2020-08-11 00:00:00,105.957,105.958,105.875,105.928,105.957,105.968
2020-08-11 01:00:00,105.928,105.97,105.917,105.949,105.928,105.94
2020-08-11 02:00:00,105.95,106.02,105.946,105.994,105.95,105.951
2020-08-11 03:00:00,105.994,106.178,105.993,106.154,105.994,105.995
2020-08-11 04:00:00,106.154,106.176,105.975,106.004,106.154,106.154
2020-08-11 05:00:00,106.004,106.086,105.982,106.052,106.004,106.004
2020-08-11 06:00:00,106.052,106.086,106.023,106.035,106.052,106.052
2020-08-11 07:00:00,106.036,106.092,106.027,106.078,106.036,106.036
2020-08-11 08:00:00,106.078,106.162,106.078,106.122,106.078,106.078
2020-08-11 09:00:00,106.122,106.222,106.088,106.169,106.122,106.122
2020-08-11 10:00:00,106.169,106.241,106.112,106.129,106.169,106.169
2020-08-11 11:00:00,106.129,106.163,106.056,106.101,106.129,106.129
2020-08-11 12:00:00,106.101,106.124,106.025,106.076,106.101,106.101
2020-08-11 13:00:00,106.076,106.142,106.037,106.122,106.076,106.076
2020-08-11 14:00:00,106.122,106.159,105.979,106.03,106.122,106.122
2020-08-11 15:00:00,106.03,106.068,105.929,105.971,106.03,106.03
2020-08-11 16:00:00,105.971,106.378,105.968,106.36,105.971,105.972
2020-08-11 17:00:00,106.36,106.466,106.34,106.442,106.36,106.36
2020-08-11 18:00:00,106.442,106.576,106.414,106.562,106.442,106.442
2020-08-11 19:00:00,106.562,106.576,106.48,106.544,106.562,106.562
2020-08-11 20:00:00,106.544,106.598,106.525,106.587,106.544,106.544
2020-08-11 21:00:00,106.588,106.683,106.575,106.66,106.588,106.588
2020-08-11 22:00:00,106.66,106.678,106.502,106.516,106.66,106.66
2020-08-11 23:00:00,106.516,106.544,106.428,106.494,106.516,106.516
2020-08-12 00:00:00,106.489,106.528,106.477,106.514,106.489,106.495
2020-08-12 01:00:00,106.514,106.52,106.441,106.476,106.514,106.531
2020-08-12 02:00:00,106.476,106.54,106.474,106.491,106.476,106.478
2020-08-12 03:00:00,106.491,106.671,106.457,106.547,106.491,106.492
2020-08-12 04:00:00,106.547,106.668,106.512,106.63,106.547,106.547
2020-08-12 05:00:00,106.63,106.737,106.622,106.714,106.63,106.633
2020-08-12 06:00:00,106.714,106.768,106.673,106.749,106.714,106.715
2020-08-12 07:00:00,106.749,106.798,106.721,106.769,106.749,106.749
2020-08-12 08:00:00,106.769,106.785,106.675,106.715,106.769,106.769
2020-08-12 09:00:00,106.715,106.791,106.693,106.784,106.715,106.717
2020-08-12 10:00:00,106.784,106.818,106.744,106.79,106.784,106.784
2020-08-12 11:00:00,106.79,106.828,106.74,106.806,106.79,106.79
2020-08-12 12:00:00,106.806,106.825,106.745,106.789,106.806,106.806
2020-08-12 13:00:00,106.789,106.89,106.788,106.852,106.789,106.789
2020-08-12 14:00:00,106.852,106.981,106.84,106.947,106.852,106.852
2020-08-12 15:00:00,106.947,107.015,106.76,106.785,106.947,106.947
2020-08-12 16:00:00,106.785,106.824,106.687,106.823,106.785,106.785
2020-08-12 17:00:00,106.824,106.96,106.783,106.892,106.824,106.824
2020-08-12 18:00:00,106.891,106.978,106.85,106.854,106.891,106.891
2020-08-12 19:00:00,106.854,106.917,106.814,106.827,106.854,106.854
2020-08-12 20:00:00,106.827,106.839,106.78,106.817,106.827,106.827
2020-08-12 21:00:00,106.817,106.875,106.804,106.862,106.817,106.817
2020-08-12 22:00:00,106.862,106.908,106.845,106.878,106.862,106.862
2020-08-12 23:00:00,106.878,106.904,106.819,106.876,106.878,106.878
2020-08-13 00:00:00,106.905,106.905,106.802,106.87,106.905,106.924
2020-08-13 01:00:00,106.87,106.887,106.846,106.876,106.87,106.881
2020-08-13 02:00:00,106.877,106.884,106.791,106.843,106.877,106.878
2020-08-13 03:00:00,106.843,106.844,106.677,106.693,106.843,106.845
2020-08-13 04:00:00,106.693,106.726,106.603,106.725,106.693,106.693
2020-08-13 05:00:00,106.725,106.776,106.699,106.716,106.725,106.726
2020-08-13 06:00:00,106.716,106.719,106.635,106.715,106.716,106.716
2020-08-13 07:00:00,106.715,106.792,106.698,106.788,106.715,106.715
2020-08-13 08:00:00,106.789,106.792,106.657,106.665,106.789,106.789
2020-08-13 09:00:00,106.665,106.702,106.566,106.692,106.665,106.665
2020-08-13 10:00:00,106.692,106.752,106.617,106.644,106.692,106.692
2020-08-13 11:00:00,106.643,106.791,106.614,106.745,106.643,106.643
2020-08-13 12:00:00,106.745,106.868,106.732,106.868,106.745,106.745
2020-08-13 13:00:00,106.868,106.869,106.755,106.836,106.868,106.869
2020-08-13 14:00:00,106.836,106.97,106.809,106.962,106.836,106.837
2020-08-13 15:00:00,106.962,106.995,106.879,106.922,106.962,106.962
2020-08-13 16:00:00,106.922,106.985,106.814,106.848,106.922,106.922
2020-08-13 17:00:00,106.849,106.89,106.739,106.872,106.849,106.849
2020-08-13 18:00:00,106.872,106.915,106.824,106.894,106.872,106.872
2020-08-13 19:00:00,106.895,106.907,106.854,106.877,106.895,106.895
2020-08-13 20:00:00,106.877,106.992,106.864,106.982,106.877,106.877
2020-08-13 21:00:00,106.982,107.05,106.899,106.918,106.982,106.982
2020-08-13 22:00:00,106.918,106.988,106.912,106.925,106.918,106.918
2020-08-13 23:00:00,106.925,106.95,106.882,106.925,106.925,106.925
2020-08-14 00:00:00,106.925,106.937,106.868,106.926,106.925,106.938
2020-08-14 01:00:00,106.926,106.966,106.913,106.962,106.926,106.949
2020-08-14 02:00:00,106.962,107.008,106.948,106.98,106.962,106.962
2020-08-14 03:00:00,106.98,107.039,106.921,106.955,106.98,106.981
2020-08-14 04:00:00,106.955,107.0,106.923,106.95,106.955,106.956
2020-08-14 05:00:00,106.95,106.976,106.925,106.945,106.95,106.951
2020-08-14 06:00:00,106.946,106.961,106.919,106.926,106.946,106.946
2020-08-14 07:00:00,106.926,106.932,106.859,106.88,106.926,106.926
2020-08-14 08:00:00,106.879,106.895,106.835,106.838,106.879,106.879
2020-08-14 09:00:00,106.839,106.875,106.797,106.842,106.839,106.839
2020-08-14 10:00:00,106.842,106.848,106.727,106.752,106.842,106.842
2020-08-14 11:00:00,106.752,106.802,106.668,106.716,106.752,106.752
2020-08-14 12:00:00,106.716,106.757,106.675,106.736,106.716,106.716
2020-08-14 13:00:00,106.737,106.737,106.681,106.692,106.737,106.737
2020-08-14 14:00:00,106.692,106.717,106.626,106.674,106.692,106.693
2020-08-14 15:00:00,106.675,106.695,106.558,106.569,106.675,106.675
2020-08-14 16:00:00,106.569,106.584,106.469,106.49,106.569,106.569
2020-08-14 17:00:00,106.49,106.652,106.44,106.449,106.49,106.492
2020-08-14 18:00:00,106.448,106.509,106.436,106.493,106.448,106.448
2020-08-14 19:00:00,106.493,106.546,106.453,106.475,106.493,106.493
2020-08-14 20:00:00,106.475,106.614,106.463,106.603,106.475,106.475
2020-08-14 21:00:00,106.603,106.613,106.529,106.557,106.603,106.603
2020-08-14 22:00:00,106.557,106.61,106.551,106.589,106.557,106.557
2020-08-14 23:00:00,106.589,106.628,106.559,106.581,106.589,106.591
2020-08-17 00:00:00,106.562,106.639,106.562,106.591,106.562,106.662
2020-08-17 01:00:00,106.591,106.635,106.552,106.601,106.591,106.634
2020-08-17 02:00:00,106.601,106.61,106.54,106.56,106.601,106.605
2020-08-17 03:00:00,106.56,106.655,106.486,106.524,106.56,106.561
2020-08-17 04:00:00,106.523,106.539,106.46,106.493,106.523,106.524
2020-08-17 05:00:00,106.494,106.57,106.494,106.548,106.494,106.495
2020-08-17 06:00:00,106.548,106.567,106.491,106.523,106.548,106.548
2020-08-17 07:00:00,106.523,106.622,106.522,106.596,106.523,106.523
2020-08-17 08:00:00,106.596,106.619,106.556,106.572,106.596,106.596
2020-08-17 09:00:00,106.571,106.571,106.469,106.484,106.571,106.571
2020-08-17 10:00:00,106.484,106.5,106.403,106.487,106.484,106.484
2020-08-17 11:00:00,106.487,106.535,106.442,106.482,106.487,106.487
2020-08-17 12:00:00,106.482,106.49,106.317,106.358,106.482,106.482
2020-08-17 13:00:00,106.358,106.385,106.31,106.36,106.358,106.358
2020-08-17 14:00:00,106.36,106.389,106.269,106.283,106.36,106.36
2020-08-17 15:00:00,106.283,106.34,106.191,106.262,106.283,106.283
2020-08-17 16:00:00,106.262,106.268,106.122,106.151,106.262,106.263
2020-08-17 17:00:00,106.151,106.165,105.99,106.058,106.151,106.151
2020-08-17 18:00:00,106.058,106.087,105.946,105.97,106.058,106.058
2020-08-17 19:00:00,105.97,106.028,105.968,105.988,105.97,105.97
2020-08-17 20:00:00,105.988,106.042,105.944,106.03,105.988,105.988
2020-08-17 21:00:00,106.03,106.06,106.008,106.032,106.03,106.03
2020-08-17 22:00:00,106.032,106.038,105.955,105.987,106.032,106.032
2020-08-17 23:00:00,105.988,106.01,105.983,105.999,105.988,105.988
2020-08-18 00:00:00,106.002,106.043,105.946,106.017,106.002,106.007
2020-08-18 01:00:00,106.017,106.038,105.995,106.032,106.017,106.051
2020-08-18 02:00:00,106.032,106.053,105.992,106.004,106.032,106.032
2020-08-18 03:00:00,106.004,106.007,105.751,105.763,106.004,106.005
2020-08-18 04:00:00,105.763,105.829,105.704,105.732,105.763,105.763
2020-08-18 05:00:00,105.732,105.742,105.635,105.648,105.732,105.732
2020-08-18 06:00:00,105.648,105.68,105.57,105.643,105.648,105.648
2020-08-18 07:00:00,105.643,105.68,105.605,105.642,105.643,105.643
2020-08-18 08:00:00,105.642,105.642,105.582,105.624,105.642,105.642
2020-08-18 09:00:00,105.624,105.632,105.463,105.525,105.624,105.625
2020-08-18 10:00:00,105.526,105.535,105.404,105.528,105.526,105.526
2020-08-18 11:00:00,105.528,105.66,105.509,105.563,105.528,105.528
2020-08-18 12:00:00,105.564,105.63,105.494,105.618,105.564,105.564
2020-08-18 13:00:00,105.618,105.642,105.503,105.552,105.618,105.618
2020-08-18 14:00:00,105.552,105.577,105.452,105.464,105.552,105.552
2020-08-18 15:00:00,105.464,105.492,105.365,105.477,105.464,105.465
2020-08-18 16:00:00,105.476,105.57,105.284,105.333,105.476,105.476
2020-08-18 17:00:00,105.333,105.525,105.308,105.458,105.333,105.333
2020-08-18 18:00:00,105.457,105.479,105.394,105.418,105.457,105.457
2020-08-18 19:00:00,105.418,105.474,105.33,105.339,105.418,105.418
2020-08-18 20:00:00,105.339,105.424,105.339,105.419,105.339,105.339
2020-08-18 21:00:00,105.419,105.462,105.404,105.406,105.419,105.42
2020-08-18 22:00:00,105.406,105.441,105.367,105.381,105.406,105.406
2020-08-18 23:00:00,105.382,105.414,105.376,105.407,105.382,105.382
2020-08-19 00:00:00,105.394,105.454,105.373,105.405,105.394,105.484
2020-08-19 01:00:00,105.403,105.426,105.353,105.355,105.403,105.431
2020-08-19 02:00:00,105.355,105.394,105.204,105.236,105.355,105.356
2020-08-19 03:00:00,105.236,105.253,105.103,105.17,105.236,105.236
2020-08-19 04:00:00,105.172,105.418,105.137,105.401,105.172,105.172
2020-08-19 05:00:00,105.402,105.535,105.375,105.505,105.402,105.402
2020-08-19 06:00:00,105.506,105.594,105.438,105.576,105.506,105.506
2020-08-19 07:00:00,105.576,105.587,105.521,105.561,105.576,105.578
2020-08-19 08:00:00,105.563,105.606,105.531,105.572,105.563,105.563
2020-08-19 09:00:00,105.572,105.583,105.487,105.545,105.572,105.572
2020-08-19 10:00:00,105.545,105.585,105.418,105.429,105.545,105.546
2020-08-19 11:00:00,105.43,105.471,105.369,105.386,105.43,105.43
2020-08-19 12:00:00,105.386,105.443,105.313,105.359,105.386,105.387
2020-08-19 13:00:00,105.358,105.376,105.238,105.282,105.358,105.359
2020-08-19 14:00:00,105.282,105.287,105.174,105.265,105.282,105.282
2020-08-19 15:00:00,105.265,105.46,105.262,105.448,105.265,105.265
2020-08-19 16:00:00,105.448,105.493,105.346,105.422,105.448,105.448
2020-08-19 17:00:00,105.422,105.73,105.387,105.628,105.422,105.422
2020-08-19 18:00:00,105.627,105.765,105.616,105.713,105.627,105.627
2020-08-19 19:00:00,105.714,105.798,105.709,105.733,105.714,105.714
2020-08-19 20:00:00,105.733,105.758,105.679,105.699,105.733,105.733
2020-08-19 21:00:00,105.698,106.021,105.646,105.902,105.698,105.7
2020-08-19 22:00:00,105.903,106.088,105.901,106.069,105.903,105.903
2020-08-19 23:00:00,106.069,106.154,106.055,106.113,106.069,106.069
2020-08-20 00:00:00,106.097,106.131,105.963,106.041,106.097,106.135
2020-08-20 01:00:00,106.041,106.08,105.975,105.978,106.041,106.071
2020-08-20 02:00:00,105.978,106.098,105.973,106.086,105.978,105.979
2020-08-20 03:00:00,106.086,106.155,106.021,106.088,106.086,106.088
2020-08-20 04:00:00,106.088,106.218,106.058,106.069,106.088,106.088
2020-08-20 05:00:00,106.071,106.131,106.043,106.084,106.071,106.071
2020-08-20 06:00:00,106.084,106.103,106.037,106.042,106.084,106.084
2020-08-20 07:00:00,106.042,106.046,105.982,106.028,106.042,106.042
2020-08-20 08:00:00,106.028,106.106,106.025,106.085,106.028,106.028
2020-08-20 09:00:00,106.085,106.131,106.049,106.113,106.085,106.085
2020-08-20 10:00:00,106.113,106.125,105.957,106.019,106.113,106.113
2020-08-20 11:00:00,106.019,106.082,105.914,105.943,106.019,106.019
2020-08-20 12:00:00,105.943,106.046,105.88,105.945,105.943,105.943
2020-08-20 13:00:00,105.945,106.045,105.904,105.955,105.945,105.945
2020-08-20 14:00:00,105.955,105.989,105.842,105.878,105.955,105.955
2020-08-20 15:00:00,105.878,105.931,105.772,105.922,105.878,105.878
2020-08-20 16:00:00,105.922,106.049,105.893,105.968,105.922,105.923
2020-08-20 17:00:00,105.968,106.016,105.904,105.947,105.968,105.968
2020-08-20 18:00:00,105.947,105.959,105.822,105.823,105.947,105.947
2020-08-20 19:00:00,105.823,105.855,105.769,105.851,105.823,105.823
2020-08-20 20:00:00,105.851,105.916,105.825,105.887,105.851,105.851
2020-08-20 21:00:00,105.888,105.917,105.745,105.755,105.888,105.888
2020-08-20 22:00:00,105.755,105.814,105.749,105.766,105.755,105.755
2020-08-20 23:00:00,105.766,105.798,105.753,105.796,105.766,105.767
2020-08-21 00:00:00,105.796,105.8,105.739,105.794,105.796,105.808
2020-08-21 01:00:00,105.794,105.8,105.742,105.749,105.794,105.808
2020-08-21 02:00:00,105.749,105.755,105.655,105.678,105.749,105.752
2020-08-21 03:00:00,105.678,105.757,105.624,105.686,105.678,105.68
2020-08-21 04:00:00,105.686,105.754,105.65,105.7,105.686,105.687
2020-08-21 05:00:00,105.7,105.712,105.652,105.658,105.7,105.7
2020-08-21 06:00:00,105.658,105.683,105.651,105.673,105.658,105.658
2020-08-21 07:00:00,105.673,105.703,105.622,105.627,105.673,105.673
2020-08-21 08:00:00,105.628,105.639,105.556,105.604,105.628,105.628
2020-08-21 09:00:00,105.604,105.623,105.559,105.561,105.604,105.604
2020-08-21 10:00:00,105.562,105.586,105.46,105.512,105.562,105.562
2020-08-21 11:00:00,105.512,105.566,105.442,105.522,105.512,105.512
2020-08-21 12:00:00,105.522,105.633,105.494,105.606,105.522,105.523
2020-08-21 13:00:00,105.606,105.744,105.561,105.673,105.606,105.606
2020-08-21 14:00:00,105.673,105.775,105.639,105.753,105.673,105.673
2020-08-21 15:00:00,105.753,105.873,105.71,105.726,105.753,105.753
2020-08-21 16:00:00,105.726,106.018,105.652,106.016,105.726,105.726
2020-08-21 17:00:00,106.016,106.073,105.911,105.954,106.016,106.016
2020-08-21 18:00:00,105.953,106.011,105.869,105.878,105.953,105.953
2020-08-21 19:00:00,105.878,105.923,105.861,105.876,105.878,105.878
2020-08-21 20:00:00,105.876,105.916,105.817,105.821,105.876,105.877
2020-08-21 21:00:00,105.821,105.872,105.799,105.821,105.821,105.822
2020-08-21 22:00:00,105.821,105.872,105.818,105.823,105.821,105.821
2020-08-21 23:00:00,105.823,105.85,105.791,105.807,105.823,105.823
2020-08-24 00:00:00,105.763,105.84,105.736,105.746,105.763,105.794
2020-08-24 01:00:00,105.746,105.924,105.746,105.883,105.746,105.766
2020-08-24 02:00:00,105.883,105.89,105.829,105.877,105.883,105.886
2020-08-24 03:00:00,105.877,105.942,105.754,105.775,105.877,105.877
2020-08-24 04:00:00,105.775,105.795,105.689,105.757,105.775,105.776
2020-08-24 05:00:00,105.758,105.834,105.742,105.809,105.758,105.758
2020-08-24 06:00:00,105.809,105.848,105.79,105.825,105.809,105.81
2020-08-24 07:00:00,105.825,105.878,105.824,105.854,105.825,105.825
2020-08-24 08:00:00,105.854,105.922,105.819,105.82,105.854,105.854
2020-08-24 09:00:00,105.82,105.875,105.78,105.826,105.82,105.82
2020-08-24 10:00:00,105.825,105.872,105.813,105.863,105.825,105.825
2020-08-24 11:00:00,105.863,105.88,105.78,105.829,105.863,105.863
2020-08-24 12:00:00,105.829,105.847,105.712,105.712,105.829,105.829
2020-08-24 13:00:00,105.712,105.77,105.702,105.736,105.712,105.712
2020-08-24 14:00:00,105.736,105.777,105.699,105.747,105.736,105.737
2020-08-24 15:00:00,105.747,105.842,105.7,105.789,105.747,105.747
2020-08-24 16:00:00,105.789,105.84,105.723,105.794,105.789,105.79
2020-08-24 17:00:00,105.795,105.869,105.756,105.852,105.795,105.795
2020-08-24 18:00:00,105.852,105.948,105.851,105.902,105.852,105.852
2020-08-24 19:00:00,105.903,105.938,105.865,105.888,105.903,105.903
2020-08-24 20:00:00,105.888,105.95,105.871,105.944,105.888,105.888
2020-08-24 21:00:00,105.945,105.979,105.925,105.96,105.945,105.945
2020-08-24 22:00:00,105.96,105.997,105.959,105.976,105.96,105.96
2020-08-24 23:00:00,105.976,105.997,105.965,105.981,105.976,105.977
2020-08-25 00:00:00,105.973,105.996,105.968,105.973,105.973,105.979
2020-08-25 01:00:00,105.973,105.981,105.96,105.96,105.973,105.987
2020-08-25 02:00:00,105.96,106.008,105.958,105.999,105.96,105.962
2020-08-25 03:00:00,106.0,106.053,105.933,105.995,106.0,106.0
2020-08-25 04:00:00,105.995,106.043,105.916,105.924,105.995,105.997
2020-08-25 05:00:00,105.924,105.925,105.873,105.92,105.924,105.925
2020-08-25 06:00:00,105.92,105.987,105.916,105.974,105.92,105.92
2020-08-25 07:00:00,105.974,106.006,105.936,105.988,105.974,105.974
2020-08-25 08:00:00,105.987,106.012,105.98,106.003,105.987,105.987
2020-08-25 09:00:00,106.003,106.147,105.998,106.128,106.003,106.003
2020-08-25 10:00:00,106.127,106.198,106.093,106.186,106.127,106.128
2020-08-25 11:00:00,106.186,106.373,106.178,106.334,106.186,106.186
2020-08-25 12:00:00,106.334,106.363,106.245,106.357,106.334,106.334
2020-08-25 13:00:00,106.356,106.498,106.325,106.467,106.356,106.357
2020-08-25 14:00:00,106.467,106.496,106.388,106.421,106.467,106.467
2020-08-25 15:00:00,106.423,106.468,106.251,106.422,106.423,106.423
2020-08-25 16:00:00,106.422,106.497,106.283,106.483,106.422,106.422
2020-08-25 17:00:00,106.483,106.552,106.416,106.532,106.483,106.488
2020-08-25 18:00:00,106.532,106.578,106.378,106.407,106.532,106.532
2020-08-25 19:00:00,106.407,106.456,106.382,106.443,106.407,106.407
2020-08-25 20:00:00,106.442,106.466,106.4,106.432,106.442,106.442
2020-08-25 21:00:00,106.432,106.442,106.299,106.34,106.432,106.432
2020-08-25 22:00:00,106.34,106.404,106.339,106.404,106.34,106.34
2020-08-25 23:00:00,106.404,106.414,106.348,106.39,106.404,106.404
2020-08-26 00:00:00,106.384,106.385,106.33,106.384,106.384,106.395
2020-08-26 01:00:00,106.384,106.397,106.344,106.361,106.384,106.414
2020-08-26 02:00:00,106.361,106.409,106.338,106.396,106.361,106.362
2020-08-26 03:00:00,106.396,106.556,106.39,106.467,106.396,106.397
2020-08-26 04:00:00,106.467,106.523,106.434,106.514,106.467,106.467
2020-08-26 05:00:00,106.514,106.523,106.407,106.478,106.514,106.514
2020-08-26 06:00:00,106.478,106.503,106.408,106.444,106.478,106.478
2020-08-26 07:00:00,106.444,106.467,106.378,106.391,106.444,106.444
2020-08-26 08:00:00,106.392,106.427,106.344,106.396,106.392,106.392
2020-08-26 09:00:00,106.396,106.43,106.317,106.333,106.396,106.397
2020-08-26 10:00:00,106.333,106.387,106.251,106.306,106.333,106.333
2020-08-26 11:00:00,106.306,106.316,106.159,106.224,106.306,106.306
2020-08-26 12:00:00,106.224,106.323,106.221,106.271,106.224,106.224
2020-08-26 13:00:00,106.271,106.291,106.188,106.262,106.271,106.272
2020-08-26 14:00:00,106.262,106.321,106.221,106.314,106.262,106.262
2020-08-26 15:00:00,106.315,106.464,106.272,106.4,106.315,106.315
2020-08-26 16:00:00,106.4,106.426,106.205,106.267,106.4,106.4
2020-08-26 17:00:00,106.267,106.298,106.106,106.142,106.267,106.267
2020-08-26 18:00:00,106.141,106.182,106.059,106.128,106.141,106.141
2020-08-26 19:00:00,106.128,106.131,106.0,106.008,106.128,106.128
2020-08-26 20:00:00,106.008,106.056,105.964,106.001,106.008,106.008
2020-08-26 21:00:00,106.001,106.042,105.963,106.019,106.001,106.001
2020-08-26 22:00:00,106.019,106.046,105.977,105.983,106.019,106.019
2020-08-26 23:00:00,105.983,106.006,105.956,105.986,105.983,105.983
2020-08-27 00:00:00,105.982,106.024,105.959,105.985,105.982,105.989
2020-08-27 01:00:00,105.985,105.993,105.839,105.886,105.985,106.016
2020-08-27 02:00:00,105.886,105.936,105.84,105.873,105.886,105.887
2020-08-27 03:00:00,105.871,105.932,105.803,105.93,105.871,105.871
2020-08-27 04:00:00,105.929,106.043,105.912,106.015,105.929,105.929
2020-08-27 05:00:00,106.015,106.076,106.007,106.007,106.015,106.015
2020-08-27 06:00:00,106.007,106.022,105.958,105.979,106.007,106.007
2020-08-27 07:00:00,105.979,106.011,105.926,105.945,105.979,105.979
2020-08-27 08:00:00,105.945,106.058,105.945,106.047,105.945,105.945
2020-08-27 09:00:00,106.047,106.056,105.982,106.014,106.047,106.047
2020-08-27 10:00:00,106.014,106.039,105.982,106.004,106.014,106.014
2020-08-27 11:00:00,106.004,106.207,105.926,106.05,106.004,106.004
2020-08-27 12:00:00,106.05,106.064,105.994,106.002,106.05,106.052
2020-08-27 13:00:00,106.002,106.097,105.986,106.084,106.002,106.002
2020-08-27 14:00:00,106.084,106.158,106.011,106.083,106.084,106.084
2020-08-27 15:00:00,106.083,106.173,106.033,106.09,106.083,106.083
2020-08-27 16:00:00,106.091,106.308,105.604,106.228,106.091,106.091
2020-08-27 17:00:00,106.228,106.49,106.221,106.441,106.228,106.229
2020-08-27 18:00:00,106.441,106.577,106.358,106.42,106.441,106.441
2020-08-27 19:00:00,106.419,106.7,106.384,106.682,106.419,106.419
2020-08-27 20:00:00,106.682,106.688,106.569,106.585,106.682,106.683
2020-08-27 21:00:00,106.585,106.615,106.542,106.614,106.585,106.585
2020-08-27 22:00:00,106.614,106.624,106.557,106.613,106.614,106.616
2020-08-27 23:00:00,106.613,106.616,106.536,106.571,106.613,106.613
2020-08-28 00:00:00,106.558,106.563,106.494,106.537,106.558,106.567
2020-08-28 01:00:00,106.537,106.613,106.529,106.611,106.537,106.557
2020-08-28 02:00:00,106.61,106.683,106.566,106.653,106.61,106.61
2020-08-28 03:00:00,106.654,106.791,106.631,106.653,106.654,106.655
2020-08-28 04:00:00,106.653,106.78,106.605,106.767,106.653,106.654
2020-08-28 05:00:00,106.767,106.837,106.74,106.797,106.767,106.769
2020-08-28 06:00:00,106.797,106.947,106.79,106.875,106.797,106.797
2020-08-28 07:00:00,106.876,106.884,106.701,106.702,106.876,106.876
2020-08-28 08:00:00,106.702,106.738,106.103,106.271,106.702,106.702
2020-08-28 09:00:00,106.271,106.346,106.162,106.191,106.271,106.273
2020-08-28 10:00:00,106.191,106.223,106.0,106.066,106.191,106.192
2020-08-28 11:00:00,106.067,106.127,105.848,105.861,106.067,106.068
2020-08-28 12:00:00,105.861,105.88,105.498,105.675,105.861,105.861
2020-08-28 13:00:00,105.675,105.757,105.323,105.35,105.675,105.676
2020-08-28 14:00:00,105.35,105.415,105.314,105.356,105.35,105.352
2020-08-28 15:00:00,105.356,105.564,105.202,105.539,105.356,105.357
2020-08-28 16:00:00,105.539,105.735,105.364,105.466,105.539,105.54
2020-08-28 17:00:00,105.467,105.53,105.25,105.312,105.467,105.468
2020-08-28 18:00:00,105.312,105.401,105.238,105.297,105.312,105.312
2020-08-28 19:00:00,105.298,105.43,105.272,105.402,105.298,105.298
2020-08-28 20:00:00,105.402,105.477,105.384,105.465,105.402,105.402
2020-08-28 21:00:00,105.465,105.475,105.385,105.407,105.465,105.465
2020-08-28 22:00:00,105.408,105.463,105.378,105.398,105.408,105.408
2020-08-28 23:00:00,105.398,105.415,105.335,105.35,105.398,105.398
2020-08-31 00:00:00,105.431,105.45,105.317,105.437,105.431,105.467
2020-08-31 01:00:00,105.437,105.806,105.365,105.655,105.437,105.445
2020-08-31 02:00:00,105.655,105.655,105.476,105.538,105.655,105.659
2020-08-31 03:00:00,105.538,105.538,105.293,105.407,105.538,105.541
2020-08-31 04:00:00,105.408,105.612,105.346,105.509,105.408,105.408
2020-08-31 05:00:00,105.506,105.548,105.436,105.514,105.506,105.506
2020-08-31 06:00:00,105.514,105.545,105.428,105.508,105.514,105.514
2020-08-31 07:00:00,105.509,105.693,105.498,105.672,105.509,105.509
2020-08-31 08:00:00,105.672,105.683,105.558,105.577,105.672,105.672
2020-08-31 09:00:00,105.577,105.699,105.563,105.649,105.577,105.577
2020-08-31 10:00:00,105.65,105.83,105.649,105.813,105.65,105.65
2020-08-31 11:00:00,105.815,105.925,105.779,105.887,105.815,105.815
2020-08-31 12:00:00,105.887,105.969,105.789,105.91,105.887,105.887
2020-08-31 13:00:00,105.91,105.96,105.872,105.923,105.91,105.91
2020-08-31 14:00:00,105.923,105.972,105.903,105.938,105.923,105.924
2020-08-31 15:00:00,105.937,105.994,105.904,105.993,105.937,105.937
2020-08-31 16:00:00,105.993,106.098,105.962,106.08,105.993,105.993
2020-08-31 17:00:00,106.079,106.086,105.949,106.03,106.079,106.079
2020-08-31 18:00:00,106.031,106.073,105.784,105.847,106.031,106.031
2020-08-31 19:00:00,105.848,105.877,105.799,105.821,105.848,105.848
2020-08-31 20:00:00,105.821,105.884,105.788,105.857,105.821,105.821
2020-08-31 21:00:00,105.857,105.9,105.826,105.879,105.857,105.857
2020-08-31 22:00:00,105.88,105.923,105.857,105.907,105.88,105.88
2020-08-31 23:00:00,105.907,105.926,105.89,105.905,105.907,105.909
2020-09-01 00:00:00,105.9,105.926,105.83,105.872,105.9,105.911
2020-09-01 01:00:00,105.872,105.901,105.851,105.883,105.872,105.898
2020-09-01 02:00:00,105.883,106.015,105.877,105.998,105.883,105.883
2020-09-01 03:00:00,105.999,106.033,105.815,105.823,105.999,106.0
2020-09-01 04:00:00,105.823,105.833,105.697,105.714,105.823,105.825
2020-09-01 05:00:00,105.713,105.74,105.594,105.616,105.713,105.716
2020-09-01 06:00:00,105.616,105.693,105.614,105.678,105.616,105.617
2020-09-01 07:00:00,105.678,105.768,105.651,105.766,105.678,105.678
2020-09-01 08:00:00,105.766,105.786,105.623,105.638,105.766,105.766
2020-09-01 09:00:00,105.638,105.763,105.627,105.713,105.638,105.638
2020-09-01 10:00:00,105.713,105.79,105.593,105.654,105.713,105.714
2020-09-01 11:00:00,105.654,105.795,105.609,105.739,105.654,105.655
2020-09-01 12:00:00,105.739,105.798,105.704,105.738,105.739,105.74
2020-09-01 13:00:00,105.738,105.907,105.738,105.824,105.738,105.738
2020-09-01 14:00:00,105.824,105.897,105.806,105.888,105.824,105.824
2020-09-01 15:00:00,105.888,105.967,105.829,105.857,105.888,105.888
2020-09-01 16:00:00,105.857,105.989,105.781,105.882,105.857,105.857
2020-09-01 17:00:00,105.883,106.155,105.883,106.009,105.883,105.892
2020-09-01 18:00:00,106.009,106.009,105.919,105.996,106.009,106.009
2020-09-01 19:00:00,105.996,106.029,105.932,106.019,105.996,105.996
2020-09-01 20:00:00,106.019,106.089,105.907,105.958,106.019,106.02
2020-09-01 21:00:00,105.958,106.0,105.918,105.964,105.958,105.96
2020-09-01 22:00:00,105.964,105.998,105.943,105.944,105.964,105.965
2020-09-01 23:00:00,105.944,105.967,105.921,105.959,105.944,105.944
2020-09-02 00:00:00,105.953,105.976,105.928,105.939,105.953,105.957
2020-09-02 01:00:00,105.946,105.987,105.932,105.933,105.946,105.964
2020-09-02 02:00:00,105.933,105.944,105.852,105.899,105.933,105.936
2020-09-02 03:00:00,105.899,106.056,105.854,106.039,105.899,105.899
2020-09-02 04:00:00,106.039,106.13,105.991,106.062,106.039,106.039
2020-09-02 05:00:00,106.062,106.092,106.003,106.036,106.062,106.063
2020-09-02 06:00:00,106.035,106.092,106.032,106.057,106.035,106.035
2020-09-02 07:00:00,106.057,106.082,106.023,106.039,106.057,106.058
2020-09-02 08:00:00,106.04,106.074,105.993,106.049,106.04,106.04
2020-09-02 09:00:00,106.048,106.072,106.013,106.027,106.048,106.048
2020-09-02 10:00:00,106.027,106.119,105.964,106.069,106.027,106.028
2020-09-02 11:00:00,106.069,106.23,106.046,106.194,106.069,106.069
2020-09-02 12:00:00,106.194,106.199,106.119,106.119,106.194,106.194
2020-09-02 13:00:00,106.119,106.231,106.088,106.193,106.119,106.119
2020-09-02 14:00:00,106.193,106.287,106.166,106.273,106.193,106.193
2020-09-02 15:00:00,106.274,106.277,106.107,106.15,106.274,106.274
2020-09-02 16:00:00,106.148,106.299,106.126,106.208,106.148,106.148
2020-09-02 17:00:00,106.208,106.239,106.132,106.15,106.208,106.21
2020-09-02 18:00:00,106.15,106.186,106.107,106.149,106.15,106.15
2020-09-02 19:00:00,106.149,106.206,106.149,106.173,106.149,106.149
2020-09-02 20:00:00,106.173,106.236,106.173,106.223,106.173,106.173
2020-09-02 21:00:00,106.223,106.302,106.218,106.297,106.223,106.224
2020-09-02 22:00:00,106.297,106.3,106.177,106.177,106.297,106.297
2020-09-02 23:00:00,106.177,106.206,106.165,106.188,106.177,106.177
2020-09-03 00:00:00,106.186,106.186,106.099,106.168,106.186,106.191
2020-09-03 01:00:00,106.168,106.224,106.149,106.212,106.168,106.184
2020-09-03 02:00:00,106.212,106.245,106.193,106.21,106.212,106.213
2020-09-03 03:00:00,106.21,106.266,106.183,106.231,106.21,106.211
2020-09-03 04:00:00,106.231,106.247,106.191,106.233,106.231,106.231
2020-09-03 05:00:00,106.234,106.259,106.229,106.238,106.234,106.235
2020-09-03 06:00:00,106.238,106.278,106.224,106.268,106.238,106.238
2020-09-03 07:00:00,106.268,106.314,106.246,106.292,106.268,106.268
2020-09-03 08:00:00,106.292,106.344,106.275,106.294,106.292,106.292
2020-09-03 09:00:00,106.293,106.314,106.228,106.27,106.293,106.293
2020-09-03 10:00:00,106.27,106.278,106.179,106.215,106.27,106.27
2020-09-03 11:00:00,106.215,106.29,106.208,106.256,106.215,106.215
2020-09-03 12:00:00,106.256,106.392,106.234,106.384,106.256,106.256
2020-09-03 13:00:00,106.384,106.475,106.356,106.464,106.384,106.385
2020-09-03 14:00:00,106.464,106.498,106.417,106.46,106.464,106.465
2020-09-03 15:00:00,106.46,106.552,106.383,106.389,106.46,106.46
2020-09-03 16:00:00,106.389,106.433,106.319,106.355,106.389,106.389
2020-09-03 17:00:00,106.355,106.437,106.127,106.234,106.355,106.36
2020-09-03 18:00:00,106.235,106.254,106.024,106.146,106.235,106.235
2020-09-03 19:00:00,106.146,106.146,106.064,106.11,106.146,106.146
2020-09-03 20:00:00,106.11,106.11,106.036,106.038,106.11,106.11
2020-09-03 21:00:00,106.038,106.109,106.004,106.065,106.038,106.038
2020-09-03 22:00:00,106.065,106.155,106.039,106.14,106.065,106.066
2020-09-03 23:00:00,106.14,106.193,106.132,106.186,106.14,106.14
2020-09-04 00:00:00,106.184,106.184,106.115,106.148,106.184,106.19
2020-09-04 01:00:00,106.148,106.191,106.141,106.167,106.148,106.168
2020-09-04 02:00:00,106.166,106.166,106.057,106.09,106.166,106.166
2020-09-04 03:00:00,106.09,106.215,106.064,106.133,106.09,106.092
2020-09-04 04:00:00,106.133,106.214,106.107,106.181,106.133,106.133
2020-09-04 05:00:00,106.182,106.224,106.138,106.22,106.182,106.182
2020-09-04 06:00:00,106.22,106.224,106.174,106.183,106.22,106.22
2020-09-04 07:00:00,106.183,106.196,106.139,106.139,106.183,106.184
2020-09-04 08:00:00,106.139,106.196,106.129,106.161,106.139,106.139
2020-09-04 09:00:00,106.161,106.185,106.134,106.136,106.161,106.161
2020-09-04 10:00:00,106.136,106.202,106.1,106.17,106.136,106.136
2020-09-04 11:00:00,106.171,106.249,106.153,106.208,106.171,106.171
2020-09-04 12:00:00,106.208,106.228,106.17,106.206,106.208,106.209
2020-09-04 13:00:00,106.205,106.223,106.154,106.182,106.205,106.205
2020-09-04 14:00:00,106.182,106.216,106.154,106.191,106.182,106.183
2020-09-04 15:00:00,106.191,106.467,106.182,106.43,106.191,106.191
2020-09-04 16:00:00,106.431,106.492,106.386,106.454,106.431,106.431
2020-09-04 17:00:00,106.454,106.507,106.295,106.312,106.454,106.454
2020-09-04 18:00:00,106.312,106.378,106.305,106.349,106.312,106.312
2020-09-04 19:00:00,106.349,106.375,106.233,106.258,106.349,106.35
2020-09-04 20:00:00,106.258,106.274,106.194,106.197,106.258,106.258
2020-09-04 21:00:00,106.198,106.242,106.178,106.208,106.198,106.198
2020-09-04 22:00:00,106.208,106.258,106.194,106.229,106.208,106.208
2020-09-04 23:00:00,106.229,106.269,106.212,106.239,106.229,106.229
2020-09-07 00:00:00,106.236,106.273,106.207,106.242,106.236,106.3
2020-09-07 01:00:00,106.242,106.276,106.217,106.273,106.242,106.29
2020-09-07 02:00:00,106.273,106.32,106.24,106.315,106.273,106.273
2020-09-07 03:00:00,106.316,106.386,106.262,106.36,106.316,106.316
2020-09-07 04:00:00,106.36,106.366,106.268,106.271,106.36,106.36
2020-09-07 05:00:00,106.271,106.285,106.219,106.272,106.271,106.271
2020-09-07 06:00:00,106.272,106.3,106.272,106.285,106.272,106.272
2020-09-07 07:00:00,106.286,106.295,106.237,106.249,106.286,106.286
2020-09-07 08:00:00,106.249,106.319,106.249,106.295,106.249,106.25
2020-09-07 09:00:00,106.295,106.308,106.249,106.253,106.295,106.295
2020-09-07 10:00:00,106.253,106.276,106.153,106.192,106.253,106.253
2020-09-07 11:00:00,106.192,106.209,106.134,106.202,106.192,106.193
2020-09-07 12:00:00,106.2,106.222,106.168,106.211,106.2,106.2
2020-09-07 13:00:00,106.211,106.271,106.2,106.241,106.211,106.211
2020-09-07 14:00:00,106.241,106.253,106.198,106.248,106.241,106.241
2020-09-07 15:00:00,106.249,106.252,106.188,106.208,106.249,106.249
2020-09-07 16:00:00,106.209,106.248,106.203,106.222,106.209,106.209
2020-09-07 17:00:00,106.222,106.289,106.208,106.282,106.222,106.222
2020-09-07 18:00:00,106.279,106.296,106.257,106.295,106.279,106.279
2020-09-07 19:00:00,106.295,106.326,106.28,106.298,106.295,106.296
2020-09-07 20:00:00,106.298,106.304,106.271,106.285,106.298,106.298
2020-09-07 21:00:00,106.285,106.301,106.285,106.296,106.285,106.288
2020-09-07 22:00:00,106.297,106.301,106.274,106.277,106.297,106.299
2020-09-07 23:00:00,106.277,106.303,106.257,106.258,106.277,106.282
2020-09-08 00:00:00,106.224,106.297,106.208,106.272,106.224,106.312
2020-09-08 01:00:00,106.272,106.312,106.272,106.308,106.272,106.296
2020-09-08 02:00:00,106.308,106.312,106.288,106.305,106.308,106.308
2020-09-08 03:00:00,106.306,106.316,106.242,106.284,106.306,106.306
2020-09-08 04:00:00,106.284,106.314,106.25,106.313,106.284,106.285
2020-09-08 05:00:00,106.313,106.313,106.259,106.272,106.313,106.313
2020-09-08 06:00:00,106.272,106.296,106.272,106.287,106.272,106.273
2020-09-08 07:00:00,106.287,106.29,106.25,106.273,106.287,106.289
2020-09-08 08:00:00,106.273,106.288,106.245,106.264,106.273,106.273
2020-09-08 09:00:00,106.264,106.28,106.21,106.217,106.264,106.264
2020-09-08 10:00:00,106.217,106.276,106.203,106.262,106.217,106.218
2020-09-08 11:00:00,106.263,106.297,106.251,106.294,106.263,106.263
2020-09-08 12:00:00,106.294,106.367,106.273,106.353,106.294,106.294
2020-09-08 13:00:00,106.353,106.383,106.249,106.311,106.353,106.353
2020-09-08 14:00:00,106.311,106.319,106.212,106.27,106.311,106.311
2020-09-08 15:00:00,106.27,106.284,105.902,105.989,106.27,106.27
2020-09-08 16:00:00,105.989,106.046,105.921,105.994,105.989,105.99
2020-09-08 17:00:00,105.995,106.016,105.9,105.942,105.995,105.995
2020-09-08 18:00:00,105.941,106.013,105.911,105.99,105.941,105.941
2020-09-08 19:00:00,105.99,105.991,105.863,105.931,105.99,105.99
2020-09-08 20:00:00,105.931,106.012,105.915,105.995,105.931,105.932
2020-09-08 21:00:00,105.995,106.055,105.988,106.055,105.995,105.995
2020-09-08 22:00:00,106.055,106.075,106.024,106.067,106.055,106.055
2020-09-08 23:00:00,106.067,106.076,106.016,106.028,106.067,106.068
2020-09-09 00:00:00,106.021,106.06,105.885,105.943,106.021,106.04
2020-09-09 01:00:00,105.943,105.994,105.831,105.985,105.943,105.956
2020-09-09 02:00:00,105.986,106.053,105.962,105.972,105.986,105.988
2020-09-09 03:00:00,105.971,105.993,105.87,105.985,105.971,105.973
2020-09-09 04:00:00,105.984,105.988,105.901,105.944,105.984,105.985
2020-09-09 05:00:00,105.945,105.948,105.909,105.941,105.945,105.945
2020-09-09 06:00:00,105.941,105.958,105.923,105.958,105.941,105.941
2020-09-09 07:00:00,105.958,105.959,105.883,105.902,105.958,105.958
2020-09-09 08:00:00,105.902,105.946,105.901,105.939,105.902,105.904
2020-09-09 09:00:00,105.939,105.946,105.792,105.822,105.939,105.939
2020-09-09 10:00:00,105.822,105.952,105.822,105.932,105.822,105.823
2020-09-09 11:00:00,105.932,106.048,105.932,105.99,105.932,105.932
2020-09-09 12:00:00,105.991,106.069,105.974,106.052,105.991,105.991
2020-09-09 13:00:00,106.052,106.17,106.052,106.135,106.052,106.052
2020-09-09 14:00:00,106.135,106.198,106.087,106.175,106.135,106.135
2020-09-09 15:00:00,106.175,106.25,106.135,106.157,106.175,106.175
2020-09-09 16:00:00,106.157,106.24,106.132,106.176,106.157,106.157
2020-09-09 17:00:00,106.176,106.24,106.141,106.234,106.176,106.179
2020-09-09 18:00:00,106.234,106.262,106.22,106.241,106.234,106.234
2020-09-09 19:00:00,106.241,106.274,106.225,106.251,106.241,106.241
2020-09-09 20:00:00,106.252,106.274,106.2,106.208,106.252,106.252
2020-09-09 21:00:00,106.208,106.248,106.19,106.21,106.208,106.208
2020-09-09 22:00:00,106.21,106.228,106.158,106.188,106.21,106.21
2020-09-09 23:00:00,106.188,106.192,106.155,106.178,106.188,106.188
2020-09-10 00:00:00,106.176,106.22,106.159,106.166,106.176,106.183
2020-09-10 01:00:00,106.166,106.223,106.161,106.196,106.166,106.179
2020-09-10 02:00:00,106.196,106.242,106.181,106.237,106.196,106.197
2020-09-10 03:00:00,106.237,106.305,106.177,106.185,106.237,106.238
2020-09-10 04:00:00,106.184,106.234,106.142,106.16,106.184,106.185
2020-09-10 05:00:00,106.16,106.208,106.137,106.137,106.16,106.16
2020-09-10 06:00:00,106.137,106.145,106.088,106.11,106.137,106.138
2020-09-10 07:00:00,106.11,106.111,106.058,106.106,106.11,106.11
2020-09-10 08:00:00,106.106,106.16,106.105,106.124,106.106,106.106
2020-09-10 09:00:00,106.125,106.161,106.076,106.093,106.125,106.126
2020-09-10 10:00:00,106.093,106.117,106.026,106.061,106.093,106.094
2020-09-10 11:00:00,106.061,106.063,106.008,106.059,106.061,106.061
2020-09-10 12:00:00,106.059,106.115,106.044,106.114,106.059,106.059
2020-09-10 13:00:00,106.114,106.127,106.076,106.09,106.114,106.114
2020-09-10 14:00:00,106.09,106.16,106.088,106.119,106.09,106.09
2020-09-10 15:00:00,106.118,106.141,105.984,106.035,106.118,106.12
2020-09-10 16:00:00,106.035,106.148,106.023,106.132,106.035,106.035
2020-09-10 17:00:00,106.132,106.211,106.132,106.17,106.132,106.132
2020-09-10 18:00:00,106.17,106.221,106.167,106.19,106.17,106.17
2020-09-10 19:00:00,106.19,106.217,106.154,106.176,106.19,106.19
2020-09-10 20:00:00,106.176,106.188,106.132,106.183,106.176,106.176
2020-09-10 21:00:00,106.183,106.238,106.11,106.117,106.183,106.184
2020-09-10 22:00:00,106.117,106.154,106.093,106.106,106.117,106.117
2020-09-10 23:00:00,106.106,106.142,106.106,106.132,106.106,106.106
2020-09-11 00:00:00,106.126,106.153,106.09,106.141,106.126,106.135
2020-09-11 01:00:00,106.141,106.19,106.137,106.17,106.141,106.157
2020-09-11 02:00:00,106.17,106.187,106.134,106.15,106.17,106.171
2020-09-11 03:00:00,106.15,106.156,106.079,106.135,106.15,106.15
2020-09-11 04:00:00,106.135,106.209,106.126,106.182,106.135,106.135
2020-09-11 05:00:00,106.182,106.194,106.141,106.189,106.182,106.182
2020-09-11 06:00:00,106.191,106.194,106.139,106.172,106.191,106.191
2020-09-11 07:00:00,106.172,106.194,106.15,106.166,106.172,106.172
2020-09-11 08:00:00,106.167,106.189,106.156,106.185,106.167,106.168
2020-09-11 09:00:00,106.185,106.196,106.162,106.174,106.185,106.185
2020-09-11 10:00:00,106.174,106.266,106.152,106.232,106.174,106.174
2020-09-11 11:00:00,106.232,106.25,106.168,106.234,106.232,106.232
2020-09-11 12:00:00,106.234,106.252,106.186,106.214,106.234,106.234
2020-09-11 13:00:00,106.214,106.228,106.184,106.194,106.214,106.214
2020-09-11 14:00:00,106.194,106.196,106.152,106.163,106.194,106.194
2020-09-11 15:00:00,106.164,106.198,106.132,106.154,106.164,106.164
2020-09-11 16:00:00,106.154,106.174,106.087,106.112,106.154,106.154
2020-09-11 17:00:00,106.114,106.214,106.108,106.2,106.114,106.114
2020-09-11 18:00:00,106.2,106.208,106.165,106.172,106.2,106.2
2020-09-11 19:00:00,106.172,106.178,106.125,106.161,106.172,106.173
2020-09-11 20:00:00,106.161,106.199,106.114,106.115,106.161,106.161
2020-09-11 21:00:00,106.115,106.118,106.059,106.11,106.115,106.115
2020-09-11 22:00:00,106.111,106.117,106.072,106.083,106.111,106.111
2020-09-11 23:00:00,106.083,106.158,106.076,106.147,106.083,106.083
2020-09-14 00:00:00,106.078,106.102,106.059,106.1,106.078,106.178
2020-09-14 01:00:00,106.1,106.139,106.086,106.116,106.1,106.113
2020-09-14 02:00:00,106.116,106.157,106.11,106.152,106.116,106.116
2020-09-14 03:00:00,106.152,106.165,106.107,106.141,106.152,106.152
2020-09-14 04:00:00,106.141,106.156,106.108,106.12,106.141,106.141
2020-09-14 05:00:00,106.119,106.158,106.098,106.104,106.119,106.119
2020-09-14 06:00:00,106.104,106.104,106.06,106.084,106.104,106.105
2020-09-14 07:00:00,106.084,106.085,106.012,106.05,106.084,106.084
2020-09-14 08:00:00,106.05,106.066,106.01,106.063,106.05,106.05
2020-09-14 09:00:00,106.063,106.113,106.011,106.045,106.063,106.063
2020-09-14 10:00:00,106.045,106.045,105.947,105.975,106.045,106.045
2020-09-14 11:00:00,105.975,106.008,105.91,105.998,105.975,105.975
2020-09-14 12:00:00,105.998,106.049,105.97,106.026,105.998,105.999
2020-09-14 13:00:00,106.026,106.027,105.915,105.937,106.026,106.026
2020-09-14 14:00:00,105.938,106.032,105.928,106.011,105.938,105.938
2020-09-14 15:00:00,106.012,106.013,105.923,105.932,106.012,106.012
2020-09-14 16:00:00,105.932,105.933,105.631,105.686,105.932,105.933
2020-09-14 17:00:00,105.686,105.71,105.549,105.65,105.686,105.686
2020-09-14 18:00:00,105.65,105.692,105.628,105.688,105.65,105.65
2020-09-14 19:00:00,105.688,105.702,105.633,105.652,105.688,105.688
2020-09-14 20:00:00,105.652,105.7,105.631,105.695,105.652,105.652
2020-09-14 21:00:00,105.695,105.717,105.682,105.704,105.695,105.695
2020-09-14 22:00:00,105.704,105.716,105.681,105.712,105.704,105.704
2020-09-14 23:00:00,105.712,105.74,105.677,105.733,105.712,105.712
2020-09-15 00:00:00,105.722,105.722,105.671,105.701,105.722,105.727
2020-09-15 01:00:00,105.701,105.743,105.681,105.727,105.701,105.721
2020-09-15 02:00:00,105.727,105.743,105.717,105.729,105.727,105.727
2020-09-15 03:00:00,105.729,105.749,105.66,105.71,105.729,105.729
2020-09-15 04:00:00,105.71,105.717,105.638,105.651,105.71,105.71
2020-09-15 05:00:00,105.651,105.686,105.606,105.68,105.651,105.655
2020-09-15 06:00:00,105.68,105.702,105.646,105.694,105.68,105.68
2020-09-15 07:00:00,105.694,105.697,105.605,105.683,105.694,105.694
2020-09-15 08:00:00,105.683,105.694,105.634,105.656,105.683,105.683
2020-09-15 09:00:00,105.656,105.732,105.63,105.722,105.656,105.656
2020-09-15 10:00:00,105.722,105.761,105.666,105.739,105.722,105.722
2020-09-15 11:00:00,105.739,105.794,105.705,105.792,105.739,105.739
2020-09-15 12:00:00,105.792,105.815,105.7,105.707,105.792,105.793
2020-09-15 13:00:00,105.708,105.726,105.601,105.602,105.708,105.708
2020-09-15 14:00:00,105.602,105.607,105.491,105.529,105.602,105.602
2020-09-15 15:00:00,105.528,105.528,105.387,105.405,105.528,105.528
2020-09-15 16:00:00,105.405,105.422,105.302,105.358,105.405,105.405
2020-09-15 17:00:00,105.358,105.489,105.341,105.467,105.358,105.358
2020-09-15 18:00:00,105.467,105.514,105.457,105.512,105.467,105.467
2020-09-15 19:00:00,105.512,105.512,105.432,105.458,105.512,105.512
2020-09-15 20:00:00,105.458,105.542,105.424,105.536,105.458,105.458
2020-09-15 21:00:00,105.536,105.539,105.441,105.462,105.536,105.536
2020-09-15 22:00:00,105.462,105.47,105.393,105.434,105.462,105.462
2020-09-15 23:00:00,105.434,105.462,105.43,105.443,105.434,105.434
2020-09-16 00:00:00,105.438,105.439,105.34,105.415,105.438,105.444
2020-09-16 01:00:00,105.415,105.432,105.403,105.421,105.415,105.425
2020-09-16 02:00:00,105.421,105.43,105.367,105.401,105.421,105.422
2020-09-16 03:00:00,105.4,105.403,105.262,105.349,105.4,105.401
2020-09-16 04:00:00,105.349,105.375,105.259,105.278,105.349,105.349
2020-09-16 05:00:00,105.278,105.33,105.256,105.29,105.278,105.278
2020-09-16 06:00:00,105.29,105.308,105.272,105.274,105.29,105.29
2020-09-16 07:00:00,105.274,105.3,105.252,105.299,105.274,105.274
2020-09-16 08:00:00,105.299,105.396,105.272,105.353,105.299,105.299
2020-09-16 09:00:00,105.353,105.391,105.315,105.382,105.353,105.354
2020-09-16 10:00:00,105.382,105.4,105.231,105.247,105.382,105.382
2020-09-16 11:00:00,105.247,105.264,105.164,105.195,105.247,105.247
2020-09-16 12:00:00,105.195,105.222,105.138,105.216,105.195,105.195
2020-09-16 13:00:00,105.216,105.22,105.0,105.034,105.216,105.216
2020-09-16 14:00:00,105.034,105.148,104.995,105.086,105.034,105.035
2020-09-16 15:00:00,105.086,105.104,104.854,104.883,105.086,105.086
2020-09-16 16:00:00,104.883,104.962,104.808,104.836,104.883,104.883
2020-09-16 17:00:00,104.836,104.958,104.814,104.826,104.836,104.838
2020-09-16 18:00:00,104.826,104.946,104.819,104.94,104.826,104.826
2020-09-16 19:00:00,104.94,104.952,104.898,104.904,104.94,104.94
2020-09-16 20:00:00,104.904,105.045,104.894,104.953,104.904,104.904
2020-09-16 21:00:00,104.953,105.146,104.801,105.006,104.953,104.994
2020-09-16 22:00:00,105.007,105.058,104.918,105.001,105.007,105.007
2020-09-16 23:00:00,105.001,105.05,104.944,104.944,105.001,105.004
2020-09-17 00:00:00,104.943,104.97,104.869,104.938,104.943,104.952
2020-09-17 01:00:00,104.938,105.004,104.927,104.994,104.938,104.955
2020-09-17 02:00:00,104.993,105.072,104.984,105.062,104.993,104.993
2020-09-17 03:00:00,105.062,105.066,104.877,105.053,105.062,105.062
2020-09-17 04:00:00,105.053,105.174,105.008,105.14,105.053,105.053
2020-09-17 05:00:00,105.14,105.141,105.036,105.045,105.14,105.14
2020-09-17 06:00:00,105.045,105.08,105.028,105.056,105.045,105.047
2020-09-17 07:00:00,105.055,105.105,105.031,105.074,105.055,105.055
2020-09-17 08:00:00,105.074,105.085,104.974,104.979,105.074,105.074
2020-09-17 09:00:00,104.979,105.04,104.788,104.855,104.979,104.979
2020-09-17 10:00:00,104.855,104.863,104.691,104.769,104.855,104.855
2020-09-17 11:00:00,104.769,104.868,104.718,104.741,104.769,104.769
2020-09-17 12:00:00,104.741,104.83,104.678,104.759,104.741,104.741
2020-09-17 13:00:00,104.759,104.814,104.692,104.728,104.759,104.759
2020-09-17 14:00:00,104.728,104.768,104.524,104.539,104.728,104.733
2020-09-17 15:00:00,104.54,104.639,104.534,104.551,104.54,104.54
2020-09-17 16:00:00,104.551,104.784,104.531,104.707,104.551,104.551
2020-09-17 17:00:00,104.707,104.775,104.57,104.705,104.707,104.707
2020-09-17 18:00:00,104.705,104.824,104.687,104.77,104.705,104.705
2020-09-17 19:00:00,104.77,104.843,104.747,104.828,104.77,104.77
2020-09-17 20:00:00,104.829,104.844,104.756,104.759,104.829,104.829
2020-09-17 21:00:00,104.759,104.787,104.683,104.692,104.759,104.759
2020-09-17 22:00:00,104.692,104.727,104.665,104.666,104.692,104.692
2020-09-17 23:00:00,104.667,104.749,104.665,104.738,104.667,104.667
2020-09-18 00:00:00,104.743,104.756,104.681,104.754,104.743,104.745
2020-09-18 01:00:00,104.757,104.761,104.708,104.727,104.757,104.789
2020-09-18 02:00:00,104.727,104.738,104.69,104.695,104.727,104.728
2020-09-18 03:00:00,104.695,104.824,104.678,104.749,104.695,104.695
2020-09-18 04:00:00,104.749,104.815,104.705,104.804,104.749,104.749
2020-09-18 05:00:00,104.804,104.872,104.78,104.855,104.804,104.804
2020-09-18 06:00:00,104.857,104.86,104.803,104.816,104.857,104.857
2020-09-18 07:00:00,104.816,104.838,104.776,104.803,104.816,104.816
2020-09-18 08:00:00,104.804,104.828,104.767,104.786,104.804,104.804
2020-09-18 09:00:00,104.786,104.828,104.684,104.699,104.786,104.786
2020-09-18 10:00:00,104.699,104.7,104.555,104.577,104.699,104.699
2020-09-18 11:00:00,104.577,104.612,104.408,104.474,104.577,104.578
2020-09-18 12:00:00,104.474,104.522,104.299,104.31,104.474,104.474
2020-09-18 13:00:00,104.31,104.371,104.273,104.324,104.31,104.31
2020-09-18 14:00:00,104.325,104.454,104.314,104.376,104.325,104.325
2020-09-18 15:00:00,104.376,104.42,104.32,104.39,104.376,104.376
2020-09-18 16:00:00,104.39,104.48,104.362,104.402,104.39,104.39
2020-09-18 17:00:00,104.402,104.423,104.288,104.312,104.402,104.403
2020-09-18 18:00:00,104.312,104.446,104.311,104.446,104.312,104.312
2020-09-18 19:00:00,104.445,104.446,104.372,104.377,104.445,104.445
2020-09-18 20:00:00,104.377,104.496,104.375,104.486,104.377,104.377
2020-09-18 21:00:00,104.486,104.554,104.452,104.548,104.486,104.486
2020-09-18 22:00:00,104.548,104.636,104.547,104.597,104.548,104.548
2020-09-18 23:00:00,104.597,104.61,104.552,104.559,104.597,104.598
2020-09-21 00:00:00,104.495,104.568,104.477,104.553,104.495,104.588
2020-09-21 01:00:00,104.553,104.553,104.433,104.499,104.553,104.57
2020-09-21 02:00:00,104.5,104.542,104.491,104.534,104.5,104.502
2020-09-21 03:00:00,104.535,104.573,104.437,104.447,104.535,104.536
2020-09-21 04:00:00,104.447,104.455,104.359,104.367,104.447,104.447
2020-09-21 05:00:00,104.367,104.381,104.324,104.328,104.367,104.368
2020-09-21 06:00:00,104.328,104.332,104.274,104.282,104.328,104.328
2020-09-21 07:00:00,104.286,104.33,104.28,104.296,104.286,104.286
2020-09-21 08:00:00,104.299,104.333,104.293,104.333,104.299,104.301
2020-09-21 09:00:00,104.333,104.378,104.288,104.32,104.333,104.333
2020-09-21 10:00:00,104.32,104.337,104.068,104.19,104.32,104.32
2020-09-21 11:00:00,104.19,104.217,104.002,104.121,104.19,104.191
2020-09-21 12:00:00,104.123,104.237,104.073,104.161,104.123,104.123
2020-09-21 13:00:00,104.16,104.166,104.035,104.044,104.16,104.16
2020-09-21 14:00:00,104.044,104.149,104.007,104.095,104.044,104.044
2020-09-21 15:00:00,104.095,104.195,104.06,104.164,104.095,104.095
2020-09-21 16:00:00,104.164,104.885,104.128,104.597,104.164,104.164
2020-09-21 17:00:00,104.597,104.604,104.454,104.538,104.597,104.598
2020-09-21 18:00:00,104.538,104.739,104.52,104.696,104.538,104.538
2020-09-21 19:00:00,104.696,104.754,104.679,104.742,104.696,104.697
2020-09-21 20:00:00,104.742,104.818,104.72,104.788,104.742,104.742
2020-09-21 21:00:00,104.788,104.841,104.772,104.793,104.788,104.788
2020-09-21 22:00:00,104.794,104.794,104.676,104.73,104.794,104.794
2020-09-21 23:00:00,104.73,104.738,104.641,104.645,104.73,104.73
2020-09-22 00:00:00,104.644,104.702,104.638,104.658,104.644,104.656
2020-09-22 01:00:00,104.658,104.7,104.652,104.667,104.658,104.686
2020-09-22 02:00:00,104.703,104.715,104.669,104.693,104.703,104.704
2020-09-22 03:00:00,104.693,104.753,104.648,104.65,104.693,104.694
2020-09-22 04:00:00,104.666,104.666,104.495,104.512,104.666,104.666
2020-09-22 05:00:00,104.512,104.557,104.462,104.517,104.512,104.513
2020-09-22 06:00:00,104.517,104.579,104.511,104.537,104.517,104.517
2020-09-22 07:00:00,104.537,104.54,104.49,104.536,104.537,104.538
2020-09-22 08:00:00,104.536,104.556,104.517,104.556,104.536,104.536
2020-09-22 09:00:00,104.556,104.65,104.535,104.588,104.556,104.556
2020-09-22 10:00:00,104.588,104.684,104.55,104.677,104.588,104.588
2020-09-22 11:00:00,104.677,104.738,104.509,104.553,104.677,104.677
2020-09-22 12:00:00,104.554,104.618,104.534,104.562,104.554,104.554
2020-09-22 13:00:00,104.562,104.565,104.406,104.443,104.562,104.562
2020-09-22 14:00:00,104.443,104.54,104.443,104.508,104.443,104.444
2020-09-22 15:00:00,104.508,104.638,104.481,104.549,104.508,104.508
2020-09-22 16:00:00,104.549,104.833,104.539,104.772,104.549,104.55
2020-09-22 17:00:00,104.772,104.998,104.732,104.959,104.772,104.773
2020-09-22 18:00:00,104.959,105.078,104.936,105.054,104.959,104.959
2020-09-22 19:00:00,105.054,105.062,104.99,105.026,105.054,105.054
2020-09-22 20:00:00,105.026,105.043,104.918,104.993,105.026,105.026
2020-09-22 21:00:00,104.993,105.025,104.925,104.935,104.993,104.993
2020-09-22 22:00:00,104.936,104.986,104.928,104.929,104.936,104.936
2020-09-22 23:00:00,104.929,104.967,104.913,104.947,104.929,104.929
2020-09-23 00:00:00,104.924,104.958,104.836,104.925,104.924,104.93
2020-09-23 01:00:00,104.925,105.014,104.922,104.96,104.925,104.948
2020-09-23 02:00:00,104.96,105.059,104.954,105.057,104.96,104.96
2020-09-23 03:00:00,105.057,105.178,105.013,105.111,105.057,105.059
2020-09-23 04:00:00,105.111,105.199,105.094,105.191,105.111,105.111
2020-09-23 05:00:00,105.191,105.194,105.057,105.083,105.191,105.193
2020-09-23 06:00:00,105.084,105.123,105.061,105.106,105.084,105.084
2020-09-23 07:00:00,105.1,105.1,105.055,105.07,105.1,105.101
2020-09-23 08:00:00,105.07,105.154,105.043,105.108,105.07,105.07
2020-09-23 09:00:00,105.108,105.156,105.091,105.108,105.108,105.108
2020-09-23 10:00:00,105.108,105.11,104.93,104.967,105.108,105.108
2020-09-23 11:00:00,104.967,105.101,104.958,105.08,104.967,104.967
2020-09-23 12:00:00,105.08,105.088,104.959,104.996,105.08,105.08
2020-09-23 13:00:00,104.996,105.046,104.929,105.022,104.996,104.996
2020-09-23 14:00:00,105.022,105.131,105.0,105.131,105.022,105.023
2020-09-23 15:00:00,105.131,105.228,105.087,105.176,105.131,105.131
2020-09-23 16:00:00,105.176,105.239,105.093,105.14,105.176,105.176
2020-09-23 17:00:00,105.14,105.354,105.139,105.308,105.14,105.14
2020-09-23 18:00:00,105.308,105.376,105.258,105.349,105.308,105.308
2020-09-23 19:00:00,105.349,105.428,105.318,105.42,105.349,105.349
2020-09-23 20:00:00,105.42,105.433,105.329,105.363,105.42,105.42
2020-09-23 21:00:00,105.363,105.424,105.346,105.42,105.363,105.363
2020-09-23 22:00:00,105.42,105.497,105.369,105.374,105.42,105.42
2020-09-23 23:00:00,105.374,105.423,105.359,105.361,105.374,105.374
2020-09-24 00:00:00,105.363,105.41,105.285,105.324,105.363,105.427
2020-09-24 01:00:00,105.324,105.378,105.317,105.346,105.324,105.363
2020-09-24 02:00:00,105.367,105.406,105.285,105.311,105.367,105.367
2020-09-24 03:00:00,105.311,105.456,105.296,105.4,105.311,105.313
2020-09-24 04:00:00,105.4,105.478,105.358,105.473,105.4,105.4
2020-09-24 05:00:00,105.473,105.473,105.408,105.416,105.473,105.473
2020-09-24 06:00:00,105.416,105.446,105.395,105.441,105.416,105.416
2020-09-24 07:00:00,105.441,105.458,105.419,105.449,105.441,105.441
2020-09-24 08:00:00,105.449,105.472,105.31,105.313,105.449,105.449
2020-09-24 09:00:00,105.313,105.347,105.253,105.262,105.313,105.313
2020-09-24 10:00:00,105.262,105.314,105.207,105.302,105.262,105.262
2020-09-24 11:00:00,105.302,105.387,105.298,105.347,105.302,105.302
2020-09-24 12:00:00,105.347,105.438,105.302,105.383,105.347,105.347
2020-09-24 13:00:00,105.383,105.478,105.354,105.472,105.383,105.384
2020-09-24 14:00:00,105.473,105.532,105.413,105.429,105.473,105.473
2020-09-24 15:00:00,105.429,105.438,105.321,105.411,105.429,105.429
2020-09-24 16:00:00,105.411,105.487,105.354,105.468,105.411,105.411
2020-09-24 17:00:00,105.468,105.485,105.35,105.482,105.468,105.468
2020-09-24 18:00:00,105.482,105.525,105.408,105.42,105.482,105.482
2020-09-24 19:00:00,105.422,105.468,105.394,105.461,105.422,105.422
2020-09-24 20:00:00,105.461,105.464,105.37,105.406,105.461,105.461
2020-09-24 21:00:00,105.406,105.438,105.4,105.417,105.406,105.406
2020-09-24 22:00:00,105.417,105.451,105.399,105.424,105.417,105.417
2020-09-24 23:00:00,105.424,105.436,105.367,105.413,105.424,105.424
2020-09-25 00:00:00,105.4,105.412,105.384,105.405,105.4,105.421
2020-09-25 01:00:00,105.405,105.436,105.394,105.42,105.405,105.427
2020-09-25 02:00:00,105.419,105.448,105.399,105.44,105.419,105.42
2020-09-25 03:00:00,105.44,105.544,105.437,105.511,105.44,105.44
2020-09-25 04:00:00,105.511,105.537,105.446,105.502,105.511,105.511
2020-09-25 05:00:00,105.502,105.526,105.462,105.462,105.502,105.502
2020-09-25 06:00:00,105.463,105.484,105.394,105.418,105.463,105.463
2020-09-25 07:00:00,105.424,105.44,105.403,105.404,105.424,105.425
2020-09-25 08:00:00,105.393,105.409,105.333,105.352,105.393,105.394
2020-09-25 09:00:00,105.352,105.356,105.241,105.25,105.352,105.352
2020-09-25 10:00:00,105.25,105.404,105.248,105.386,105.25,105.25
2020-09-25 11:00:00,105.386,105.455,105.363,105.439,105.386,105.386
2020-09-25 12:00:00,105.439,105.477,105.388,105.459,105.439,105.439
2020-09-25 13:00:00,105.459,105.486,105.438,105.447,105.459,105.46
2020-09-25 14:00:00,105.447,105.494,105.407,105.483,105.447,105.447
2020-09-25 15:00:00,105.483,105.533,105.462,105.5,105.483,105.483
2020-09-25 16:00:00,105.5,105.618,105.464,105.601,105.5,105.5
2020-09-25 17:00:00,105.601,105.701,105.578,105.648,105.601,105.601
2020-09-25 18:00:00,105.648,105.662,105.581,105.594,105.648,105.648
2020-09-25 19:00:00,105.594,105.618,105.55,105.615,105.594,105.594
2020-09-25 20:00:00,105.615,105.642,105.568,105.596,105.615,105.615
2020-09-25 21:00:00,105.596,105.634,105.586,105.595,105.596,105.596
2020-09-25 22:00:00,105.595,105.619,105.592,105.605,105.595,105.595
2020-09-25 23:00:00,105.605,105.617,105.548,105.562,105.605,105.606
2020-09-28 00:00:00,105.472,105.646,105.44,105.645,105.472,105.572
2020-09-28 01:00:00,105.674,105.69,105.543,105.567,105.674,105.674
2020-09-28 02:00:00,105.574,105.595,105.555,105.582,105.574,105.577
2020-09-28 03:00:00,105.583,105.593,105.359,105.392,105.583,105.584
2020-09-28 04:00:00,105.392,105.518,105.378,105.451,105.392,105.394
2020-09-28 05:00:00,105.451,105.472,105.323,105.331,105.451,105.451
2020-09-28 06:00:00,105.331,105.37,105.327,105.352,105.331,105.332
2020-09-28 07:00:00,105.352,105.354,105.296,105.302,105.352,105.352
2020-09-28 08:00:00,105.302,105.328,105.264,105.29,105.302,105.302
2020-09-28 09:00:00,105.29,105.392,105.265,105.383,105.29,105.29
2020-09-28 10:00:00,105.384,105.424,105.344,105.351,105.384,105.384
2020-09-28 11:00:00,105.351,105.451,105.326,105.333,105.351,105.351
2020-09-28 12:00:00,105.333,105.353,105.289,105.343,105.333,105.333
2020-09-28 13:00:00,105.342,105.37,105.3,105.339,105.342,105.342
2020-09-28 14:00:00,105.34,105.412,105.32,105.384,105.34,105.34
2020-09-28 15:00:00,105.384,105.492,105.373,105.489,105.384,105.384
2020-09-28 16:00:00,105.489,105.534,105.428,105.515,105.489,105.489
2020-09-28 17:00:00,105.516,105.626,105.441,105.622,105.516,105.516
2020-09-28 18:00:00,105.622,105.666,105.504,105.511,105.622,105.622
2020-09-28 19:00:00,105.511,105.595,105.506,105.558,105.511,105.511
2020-09-28 20:00:00,105.558,105.57,105.507,105.533,105.558,105.558
2020-09-28 21:00:00,105.533,105.56,105.504,105.516,105.533,105.533
2020-09-28 22:00:00,105.516,105.54,105.461,105.462,105.516,105.516
2020-09-28 23:00:00,105.462,105.546,105.462,105.487,105.462,105.462
2020-09-29 00:00:00,105.461,105.522,105.46,105.502,105.461,105.55
2020-09-29 01:00:00,105.502,105.546,105.502,105.541,105.502,105.53
2020-09-29 02:00:00,105.524,105.535,105.429,105.444,105.524,105.525
2020-09-29 03:00:00,105.444,105.458,105.342,105.388,105.444,105.445
2020-09-29 04:00:00,105.388,105.505,105.378,105.465,105.388,105.39
2020-09-29 05:00:00,105.472,105.548,105.444,105.516,105.472,105.472
2020-09-29 06:00:00,105.516,105.524,105.457,105.486,105.516,105.517
2020-09-29 07:00:00,105.486,105.566,105.478,105.564,105.486,105.487
2020-09-29 08:00:00,105.564,105.592,105.557,105.575,105.564,105.564
2020-09-29 09:00:00,105.575,105.705,105.573,105.652,105.575,105.575
2020-09-29 10:00:00,105.653,105.708,105.55,105.561,105.653,105.653
2020-09-29 11:00:00,105.561,105.734,105.54,105.676,105.561,105.561
2020-09-29 12:00:00,105.676,105.681,105.55,105.587,105.676,105.676
2020-09-29 13:00:00,105.587,105.658,105.587,105.597,105.587,105.587
2020-09-29 14:00:00,105.597,105.656,105.586,105.624,105.597,105.597
2020-09-29 15:00:00,105.624,105.68,105.598,105.644,105.624,105.624
2020-09-29 16:00:00,105.644,105.677,105.537,105.557,105.644,105.644
2020-09-29 17:00:00,105.557,105.701,105.532,105.683,105.557,105.558
2020-09-29 18:00:00,105.683,105.703,105.6,105.685,105.683,105.683
2020-09-29 19:00:00,105.685,105.706,105.646,105.66,105.685,105.685
2020-09-29 20:00:00,105.66,105.68,105.633,105.668,105.66,105.66
2020-09-29 21:00:00,105.668,105.7,105.655,105.68,105.668,105.668
2020-09-29 22:00:00,105.68,105.694,105.65,105.656,105.68,105.68
2020-09-29 23:00:00,105.657,105.689,105.628,105.679,105.657,105.657
2020-09-30 00:00:00,105.644,105.655,105.606,105.652,105.644,105.67
2020-09-30 01:00:00,105.653,105.672,105.642,105.643,105.653,105.664
2020-09-30 02:00:00,105.65,105.682,105.65,105.677,105.65,105.653
2020-09-30 03:00:00,105.678,105.796,105.648,105.792,105.678,105.678
2020-09-30 04:00:00,105.792,105.804,105.672,105.695,105.792,105.795
2020-09-30 05:00:00,105.694,105.73,105.582,105.632,105.694,105.695
2020-09-30 06:00:00,105.632,105.644,105.583,105.608,105.632,105.632
2020-09-30 07:00:00,105.608,105.623,105.5,105.5,105.608,105.608
2020-09-30 08:00:00,105.499,105.529,105.469,105.491,105.499,105.499
2020-09-30 09:00:00,105.491,105.585,105.434,105.58,105.491,105.492
2020-09-30 10:00:00,105.58,105.658,105.557,105.61,105.58,105.58
2020-09-30 11:00:00,105.61,105.7,105.565,105.658,105.61,105.61
2020-09-30 12:00:00,105.658,105.698,105.64,105.685,105.658,105.658
2020-09-30 13:00:00,105.685,105.708,105.636,105.703,105.685,105.685
2020-09-30 14:00:00,105.703,105.736,105.687,105.717,105.703,105.703
2020-09-30 15:00:00,105.716,105.728,105.641,105.661,105.716,105.716
2020-09-30 16:00:00,105.661,105.747,105.61,105.71,105.661,105.661
2020-09-30 17:00:00,105.71,105.737,105.518,105.525,105.71,105.71
2020-09-30 18:00:00,105.525,105.596,105.402,105.589,105.525,105.525
2020-09-30 19:00:00,105.589,105.636,105.522,105.527,105.589,105.589
2020-09-30 20:00:00,105.527,105.571,105.488,105.513,105.527,105.527
2020-09-30 21:00:00,105.514,105.534,105.429,105.492,105.514,105.514
2020-09-30 22:00:00,105.492,105.502,105.418,105.484,105.492,105.492
2020-09-30 23:00:00,105.484,105.495,105.428,105.439,105.484,105.485
2020-10-01 00:00:00,105.466,105.497,105.421,105.434,105.466,105.513
2020-10-01 01:00:00,105.434,105.452,105.403,105.418,105.434,105.448
2020-10-01 02:00:00,105.419,105.457,105.416,105.451,105.419,105.421
2020-10-01 03:00:00,105.451,105.546,105.44,105.502,105.451,105.452
2020-10-01 04:00:00,105.502,105.55,105.476,105.513,105.502,105.503
2020-10-01 05:00:00,105.513,105.532,105.453,105.462,105.513,105.514
2020-10-01 06:00:00,105.462,105.486,105.448,105.461,105.462,105.462
2020-10-01 07:00:00,105.46,105.476,105.417,105.444,105.46,105.462
2020-10-01 08:00:00,105.444,105.532,105.439,105.51,105.444,105.444
2020-10-01 09:00:00,105.51,105.526,105.477,105.486,105.51,105.51
2020-10-01 10:00:00,105.487,105.546,105.463,105.535,105.487,105.487
2020-10-01 11:00:00,105.535,105.604,105.512,105.591,105.535,105.535
2020-10-01 12:00:00,105.591,105.622,105.542,105.543,105.591,105.592
2020-10-01 13:00:00,105.544,105.602,105.541,105.593,105.544,105.544
2020-10-01 14:00:00,105.593,105.608,105.442,105.467,105.593,105.593
2020-10-01 15:00:00,105.467,105.598,105.453,105.576,105.467,105.467
2020-10-01 16:00:00,105.576,105.728,105.574,105.712,105.576,105.577
2020-10-01 17:00:00,105.711,105.712,105.624,105.641,105.711,105.718
2020-10-01 18:00:00,105.642,105.642,105.518,105.535,105.642,105.642
2020-10-01 19:00:00,105.535,105.588,105.529,105.554,105.535,105.535
2020-10-01 20:00:00,105.554,105.594,105.543,105.584,105.554,105.554
2020-10-01 21:00:00,105.584,105.609,105.552,105.555,105.584,105.584
2020-10-01 22:00:00,105.555,105.569,105.528,105.539,105.555,105.555
2020-10-01 23:00:00,105.539,105.564,105.532,105.546,105.539,105.539
2020-10-02 00:00:00,105.518,105.573,105.5,105.534,105.518,105.533
2020-10-02 01:00:00,105.534,105.582,105.53,105.56,105.534,105.549
2020-10-02 02:00:00,105.56,105.575,105.541,105.55,105.56,105.562
2020-10-02 03:00:00,105.55,105.581,105.512,105.548,105.55,105.552
2020-10-02 04:00:00,105.548,105.594,105.533,105.589,105.548,105.548
2020-10-02 05:00:00,105.589,105.634,105.584,105.627,105.589,105.589
2020-10-02 06:00:00,105.627,105.648,105.613,105.647,105.627,105.628
2020-10-02 07:00:00,105.647,105.666,105.543,105.552,105.647,105.647
2020-10-02 08:00:00,105.552,105.555,104.942,105.096,105.552,105.552
2020-10-02 09:00:00,105.096,105.222,104.956,105.073,105.096,105.096
2020-10-02 10:00:00,105.073,105.27,105.035,105.172,105.073,105.074
2020-10-02 11:00:00,105.172,105.225,105.133,105.205,105.172,105.173
2020-10-02 12:00:00,105.205,105.222,105.068,105.136,105.205,105.206
2020-10-02 13:00:00,105.135,105.191,105.125,105.182,105.135,105.135
2020-10-02 14:00:00,105.182,105.223,105.134,105.171,105.182,105.183
2020-10-02 15:00:00,105.17,105.341,105.12,105.206,105.17,105.171
2020-10-02 16:00:00,105.206,105.342,105.168,105.257,105.206,105.207
2020-10-02 17:00:00,105.257,105.394,105.252,105.356,105.257,105.258
2020-10-02 18:00:00,105.356,105.378,105.322,105.361,105.356,105.356
2020-10-02 19:00:00,105.361,105.384,105.328,105.374,105.361,105.361
2020-10-02 20:00:00,105.374,105.392,105.338,105.372,105.374,105.375
2020-10-02 21:00:00,105.372,105.395,105.344,105.391,105.372,105.373
2020-10-02 22:00:00,105.391,105.395,105.361,105.384,105.391,105.391
2020-10-02 23:00:00,105.385,105.394,105.328,105.375,105.385,105.385
2020-10-05 00:00:00,105.277,105.56,105.234,105.488,105.277,105.311
2020-10-05 01:00:00,105.488,105.553,105.406,105.512,105.488,105.538
2020-10-05 02:00:00,105.512,105.594,105.479,105.515,105.512,105.515
2020-10-05 03:00:00,105.516,105.586,105.495,105.554,105.516,105.519
2020-10-05 04:00:00,105.554,105.607,105.504,105.516,105.554,105.554
2020-10-05 05:00:00,105.516,105.564,105.506,105.554,105.516,105.517
2020-10-05 06:00:00,105.554,105.56,105.512,105.53,105.554,105.554
2020-10-05 07:00:00,105.53,105.566,105.522,105.561,105.53,105.53
2020-10-05 08:00:00,105.561,105.586,105.549,105.571,105.561,105.562
2020-10-05 09:00:00,105.57,105.625,105.567,105.623,105.57,105.57
2020-10-05 10:00:00,105.624,105.639,105.563,105.608,105.624,105.624
2020-10-05 11:00:00,105.608,105.679,105.588,105.639,105.608,105.608
2020-10-05 12:00:00,105.638,105.664,105.596,105.612,105.638,105.638
2020-10-05 13:00:00,105.613,105.661,105.605,105.65,105.613,105.613
2020-10-05 14:00:00,105.65,105.662,105.594,105.616,105.65,105.651
2020-10-05 15:00:00,105.616,105.644,105.569,105.585,105.616,105.616
2020-10-05 16:00:00,105.586,105.59,105.539,105.544,105.586,105.586
2020-10-05 17:00:00,105.544,105.673,105.544,105.638,105.544,105.544
2020-10-05 18:00:00,105.638,105.758,105.638,105.714,105.638,105.638
2020-10-05 19:00:00,105.715,105.796,105.705,105.756,105.715,105.716
2020-10-05 20:00:00,105.756,105.773,105.7,105.714,105.756,105.756
2020-10-05 21:00:00,105.715,105.748,105.691,105.724,105.715,105.715
2020-10-05 22:00:00,105.724,105.782,105.717,105.769,105.724,105.725
2020-10-05 23:00:00,105.769,105.777,105.714,105.74,105.769,105.769
2020-10-06 00:00:00,105.749,105.749,105.699,105.715,105.749,105.755
2020-10-06 01:00:00,105.715,105.78,105.715,105.778,105.715,105.738
2020-10-06 02:00:00,105.778,105.785,105.716,105.723,105.778,105.778
2020-10-06 03:00:00,105.729,105.729,105.616,105.686,105.729,105.73
2020-10-06 04:00:00,105.686,105.747,105.651,105.674,105.686,105.688
2020-10-06 05:00:00,105.674,105.707,105.668,105.679,105.674,105.674
2020-10-06 06:00:00,105.679,105.687,105.643,105.665,105.679,105.679
2020-10-06 07:00:00,105.665,105.675,105.618,105.622,105.665,105.665
2020-10-06 08:00:00,105.622,105.678,105.618,105.672,105.622,105.622
2020-10-06 09:00:00,105.672,105.697,105.65,105.693,105.672,105.672
2020-10-06 10:00:00,105.694,105.706,105.622,105.654,105.694,105.694
2020-10-06 11:00:00,105.654,105.655,105.519,105.542,105.654,105.654
2020-10-06 12:00:00,105.542,105.593,105.527,105.584,105.542,105.542
2020-10-06 13:00:00,105.584,105.656,105.558,105.655,105.584,105.584
2020-10-06 14:00:00,105.655,105.663,105.603,105.613,105.655,105.655
2020-10-06 15:00:00,105.614,105.674,105.588,105.666,105.614,105.614
2020-10-06 16:00:00,105.666,105.708,105.632,105.662,105.666,105.666
2020-10-06 17:00:00,105.662,105.676,105.59,105.618,105.662,105.662
2020-10-06 18:00:00,105.618,105.648,105.584,105.645,105.618,105.618
2020-10-06 19:00:00,105.644,105.658,105.603,105.619,105.644,105.644
2020-10-06 20:00:00,105.619,105.653,105.618,105.635,105.619,105.619
2020-10-06 21:00:00,105.635,105.659,105.502,105.559,105.635,105.635
2020-10-06 22:00:00,105.559,105.604,105.471,105.573,105.559,105.56
2020-10-06 23:00:00,105.573,105.693,105.568,105.636,105.573,105.573
2020-10-07 00:00:00,105.628,105.629,105.6,105.619,105.628,105.652
2020-10-07 01:00:00,105.631,105.657,105.607,105.621,105.631,105.637
2020-10-07 02:00:00,105.62,105.661,105.61,105.644,105.62,105.622
2020-10-07 03:00:00,105.644,105.696,105.629,105.66,105.644,105.645
2020-10-07 04:00:00,105.66,105.671,105.635,105.663,105.66,105.66
2020-10-07 05:00:00,105.663,105.689,105.653,105.659,105.663,105.663
2020-10-07 06:00:00,105.659,105.697,105.658,105.695,105.659,105.659
2020-10-07 07:00:00,105.695,105.744,105.679,105.728,105.695,105.695
2020-10-07 08:00:00,105.728,105.774,105.71,105.749,105.728,105.728
2020-10-07 09:00:00,105.748,105.768,105.726,105.732,105.748,105.748
2020-10-07 10:00:00,105.733,105.945,105.718,105.863,105.733,105.733
2020-10-07 11:00:00,105.863,105.992,105.85,105.989,105.863,105.864
2020-10-07 12:00:00,105.989,106.109,105.979,106.078,105.989,105.989
2020-10-07 13:00:00,106.079,106.104,106.054,106.08,106.079,106.079
2020-10-07 14:00:00,106.08,106.091,106.02,106.023,106.08,106.08
2020-10-07 15:00:00,106.023,106.036,105.894,105.899,106.023,106.024
2020-10-07 16:00:00,105.899,105.996,105.854,105.99,105.899,105.899
2020-10-07 17:00:00,105.99,106.04,105.956,106.024,105.99,105.99
2020-10-07 18:00:00,106.024,106.04,105.94,105.981,106.024,106.024
2020-10-07 19:00:00,105.981,106.018,105.942,105.961,105.981,105.981
2020-10-07 20:00:00,105.962,105.99,105.948,105.988,105.962,105.962
2020-10-07 21:00:00,105.988,106.048,105.968,106.035,105.988,105.991
2020-10-07 22:00:00,106.035,106.087,106.02,106.033,106.035,106.035
2020-10-07 23:00:00,106.034,106.04,105.929,105.967,106.034,106.034
2020-10-08 00:00:00,105.967,105.987,105.948,105.978,105.967,105.978
2020-10-08 01:00:00,105.978,105.987,105.933,105.965,105.978,106.017
2020-10-08 02:00:00,105.965,105.989,105.958,105.969,105.965,105.965
2020-10-08 03:00:00,105.98,106.108,105.951,106.046,105.98,105.981
2020-10-08 04:00:00,106.047,106.058,105.984,106.031,106.047,106.047
2020-10-08 05:00:00,106.031,106.037,105.977,105.995,106.031,106.031
2020-10-08 06:00:00,105.995,106.009,105.98,105.993,105.995,105.996
2020-10-08 07:00:00,105.993,106.045,105.942,105.977,105.993,105.993
2020-10-08 08:00:00,105.977,105.982,105.943,105.977,105.977,105.977
2020-10-08 09:00:00,105.977,106.033,105.965,106.0,105.977,105.977
2020-10-08 10:00:00,106.0,106.006,105.952,105.986,106.0,106.0
2020-10-08 11:00:00,105.986,105.986,105.926,105.979,105.986,105.986
2020-10-08 12:00:00,105.979,105.993,105.95,105.981,105.979,105.979
2020-10-08 13:00:00,105.981,106.034,105.977,106.03,105.981,105.981
2020-10-08 14:00:00,106.03,106.032,105.978,106.004,106.03,106.03
2020-10-08 15:00:00,106.004,106.012,105.959,105.988,106.004,106.004
2020-10-08 16:00:00,105.987,106.016,105.939,105.968,105.987,105.988
2020-10-08 17:00:00,105.968,106.027,105.961,106.025,105.968,105.968
2020-10-08 18:00:00,106.025,106.046,105.977,105.984,106.025,106.025
2020-10-08 19:00:00,105.984,106.022,105.974,106.014,105.984,105.984
2020-10-08 20:00:00,106.014,106.034,105.98,105.99,106.014,106.014
2020-10-08 21:00:00,105.99,106.032,105.984,106.017,105.99,105.991
2020-10-08 22:00:00,106.017,106.029,105.994,105.996,106.017,106.018
2020-10-08 23:00:00,105.996,106.043,105.996,106.03,105.996,105.996
2020-10-09 00:00:00,106.024,106.036,105.96,106.007,106.024,106.035
2020-10-09 01:00:00,106.009,106.033,106.004,106.017,106.009,106.03
2020-10-09 02:00:00,106.022,106.034,106.013,106.031,106.022,106.022
2020-10-09 03:00:00,106.03,106.03,105.886,105.933,106.03,106.03
2020-10-09 04:00:00,105.933,105.94,105.81,105.848,105.933,105.934
2020-10-09 05:00:00,105.848,105.886,105.833,105.868,105.848,105.848
2020-10-09 06:00:00,105.868,105.874,105.818,105.843,105.868,105.869
2020-10-09 07:00:00,105.843,105.873,105.828,105.859,105.843,105.844
2020-10-09 08:00:00,105.859,105.904,105.853,105.898,105.859,105.859
2020-10-09 09:00:00,105.898,105.955,105.897,105.949,105.898,105.898
2020-10-09 10:00:00,105.949,105.985,105.928,105.933,105.949,105.949
2020-10-09 11:00:00,105.933,105.934,105.86,105.86,105.933,105.933
2020-10-09 12:00:00,105.86,105.912,105.853,105.897,105.86,105.861
2020-10-09 13:00:00,105.897,105.898,105.826,105.859,105.897,105.897
2020-10-09 14:00:00,105.859,105.917,105.829,105.916,105.859,105.859
2020-10-09 15:00:00,105.916,105.951,105.843,105.856,105.916,105.916
2020-10-09 16:00:00,105.856,105.875,105.753,105.76,105.856,105.857
2020-10-09 17:00:00,105.76,105.762,105.632,105.658,105.76,105.76
2020-10-09 18:00:00,105.658,105.738,105.611,105.718,105.658,105.658
2020-10-09 19:00:00,105.718,105.73,105.664,105.697,105.718,105.718
2020-10-09 20:00:00,105.698,105.71,105.644,105.658,105.698,105.698
2020-10-09 21:00:00,105.658,105.674,105.61,105.63,105.658,105.658
2020-10-09 22:00:00,105.63,105.633,105.582,105.591,105.63,105.63
2020-10-09 23:00:00,105.591,105.633,105.59,105.613,105.591,105.592
2020-10-12 00:00:00,105.751,105.774,105.726,105.731,105.751,105.82
2020-10-12 01:00:00,105.701,105.727,105.632,105.645,105.701,105.734
2020-10-12 02:00:00,105.638,105.659,105.597,105.624,105.638,105.64
2020-10-12 03:00:00,105.624,105.659,105.595,105.62,105.624,105.625
2020-10-12 04:00:00,105.62,105.641,105.542,105.624,105.62,105.62
2020-10-12 05:00:00,105.624,105.624,105.546,105.551,105.624,105.624
2020-10-12 06:00:00,105.538,105.538,105.475,105.492,105.538,105.538
2020-10-12 07:00:00,105.492,105.493,105.434,105.491,105.492,105.492
2020-10-12 08:00:00,105.491,105.504,105.434,105.48,105.491,105.491
2020-10-12 09:00:00,105.48,105.504,105.449,105.461,105.48,105.482
2020-10-12 10:00:00,105.461,105.555,105.451,105.549,105.461,105.461
2020-10-12 11:00:00,105.549,105.616,105.544,105.602,105.549,105.55
2020-10-12 12:00:00,105.602,105.603,105.502,105.505,105.602,105.602
2020-10-12 13:00:00,105.505,105.528,105.471,105.5,105.505,105.505
2020-10-12 14:00:00,105.499,105.506,105.454,105.458,105.499,105.499
2020-10-12 15:00:00,105.458,105.458,105.363,105.373,105.458,105.458
2020-10-12 16:00:00,105.373,105.397,105.314,105.325,105.373,105.373
2020-10-12 17:00:00,105.325,105.374,105.27,105.278,105.325,105.325
2020-10-12 18:00:00,105.278,105.33,105.242,105.32,105.278,105.278
2020-10-12 19:00:00,105.32,105.353,105.309,105.32,105.32,105.32
2020-10-12 20:00:00,105.32,105.358,105.316,105.344,105.32,105.32
2020-10-12 21:00:00,105.344,105.368,105.339,105.35,105.344,105.344
2020-10-12 22:00:00,105.35,105.357,105.326,105.335,105.35,105.351
2020-10-12 23:00:00,105.335,105.353,105.313,105.321,105.335,105.335
2020-10-13 00:00:00,105.343,105.349,105.271,105.303,105.343,105.359
2020-10-13 01:00:00,105.303,105.343,105.301,105.339,105.303,105.329
2020-10-13 02:00:00,105.339,105.352,105.326,105.338,105.339,105.339
2020-10-13 03:00:00,105.338,105.405,105.317,105.354,105.338,105.34
2020-10-13 04:00:00,105.354,105.37,105.282,105.333,105.354,105.355
2020-10-13 05:00:00,105.333,105.381,105.305,105.371,105.333,105.334
2020-10-13 06:00:00,105.371,105.425,105.36,105.401,105.371,105.371
2020-10-13 07:00:00,105.404,105.452,105.394,105.429,105.404,105.404
2020-10-13 08:00:00,105.429,105.446,105.364,105.396,105.429,105.429
2020-10-13 09:00:00,105.396,105.402,105.337,105.373,105.396,105.396
2020-10-13 10:00:00,105.373,105.478,105.367,105.47,105.373,105.374
2020-10-13 11:00:00,105.47,105.499,105.432,105.435,105.47,105.47
2020-10-13 12:00:00,105.434,105.508,105.418,105.493,105.434,105.435
2020-10-13 13:00:00,105.493,105.514,105.439,105.453,105.493,105.494
2020-10-13 14:00:00,105.454,105.51,105.446,105.506,105.454,105.454
2020-10-13 15:00:00,105.506,105.551,105.46,105.53,105.506,105.506
2020-10-13 16:00:00,105.53,105.628,105.511,105.588,105.53,105.53
2020-10-13 17:00:00,105.588,105.613,105.516,105.523,105.588,105.588
2020-10-13 18:00:00,105.524,105.556,105.512,105.548,105.524,105.524
2020-10-13 19:00:00,105.548,105.579,105.525,105.542,105.548,105.549
2020-10-13 20:00:00,105.542,105.548,105.496,105.526,105.542,105.542
2020-10-13 21:00:00,105.526,105.555,105.476,105.491,105.526,105.526
2020-10-13 22:00:00,105.492,105.5,105.448,105.464,105.492,105.492
2020-10-13 23:00:00,105.463,105.488,105.459,105.477,105.463,105.465
2020-10-14 00:00:00,105.471,105.51,105.438,105.48,105.471,105.476
2020-10-14 01:00:00,105.48,105.489,105.454,105.478,105.48,105.507
2020-10-14 02:00:00,105.478,105.497,105.459,105.469,105.478,105.479
2020-10-14 03:00:00,105.47,105.506,105.412,105.437,105.47,105.47
2020-10-14 04:00:00,105.437,105.438,105.305,105.332,105.437,105.437
2020-10-14 05:00:00,105.332,105.415,105.316,105.413,105.332,105.333
2020-10-14 06:00:00,105.413,105.441,105.386,105.432,105.413,105.413
2020-10-14 07:00:00,105.432,105.456,105.403,105.441,105.432,105.433
2020-10-14 08:00:00,105.441,105.457,105.426,105.438,105.441,105.441
2020-10-14 09:00:00,105.438,105.511,105.438,105.509,105.438,105.438
2020-10-14 10:00:00,105.509,105.516,105.41,105.424,105.509,105.509
2020-10-14 11:00:00,105.424,105.436,105.358,105.369,105.424,105.424
2020-10-14 12:00:00,105.369,105.474,105.351,105.442,105.369,105.369
2020-10-14 13:00:00,105.442,105.47,105.378,105.424,105.442,105.442
2020-10-14 14:00:00,105.424,105.428,105.327,105.337,105.424,105.424
2020-10-14 15:00:00,105.337,105.337,105.158,105.231,105.337,105.337
2020-10-14 16:00:00,105.231,105.251,105.167,105.198,105.231,105.231
2020-10-14 17:00:00,105.198,105.218,105.08,105.104,105.198,105.198
2020-10-14 18:00:00,105.104,105.109,105.036,105.086,105.104,105.104
2020-10-14 19:00:00,105.086,105.154,105.07,105.152,105.086,105.086
2020-10-14 20:00:00,105.151,105.152,105.102,105.135,105.151,105.151
2020-10-14 21:00:00,105.135,105.149,105.1,105.105,105.135,105.135
2020-10-14 22:00:00,105.105,105.107,105.069,105.104,105.105,105.105
2020-10-14 23:00:00,105.104,105.167,105.095,105.165,105.104,105.104
2020-10-15 00:00:00,105.168,105.168,105.059,105.108,105.168,105.179
2020-10-15 01:00:00,105.108,105.199,105.103,105.193,105.108,105.131
2020-10-15 02:00:00,105.2,105.2,105.139,105.141,105.2,105.201
2020-10-15 03:00:00,105.142,105.27,105.118,105.23,105.142,105.142
2020-10-15 04:00:00,105.23,105.298,105.213,105.245,105.23,105.23
2020-10-15 05:00:00,105.245,105.292,105.201,105.267,105.245,105.245
2020-10-15 06:00:00,105.267,105.285,105.246,105.274,105.267,105.267
2020-10-15 07:00:00,105.274,105.292,105.267,105.276,105.274,105.274
2020-10-15 08:00:00,105.276,105.281,105.232,105.252,105.276,105.276
2020-10-15 09:00:00,105.252,105.322,105.251,105.279,105.252,105.252
2020-10-15 10:00:00,105.278,105.282,105.169,105.214,105.278,105.278
2020-10-15 11:00:00,105.214,105.31,105.182,105.302,105.214,105.214
2020-10-15 12:00:00,105.302,105.344,105.28,105.304,105.302,105.302
2020-10-15 13:00:00,105.304,105.306,105.217,105.231,105.304,105.304
2020-10-15 14:00:00,105.231,105.276,105.219,105.267,105.231,105.231
2020-10-15 15:00:00,105.267,105.277,105.18,105.222,105.267,105.267
2020-10-15 16:00:00,105.222,105.28,105.206,105.278,105.222,105.222
2020-10-15 17:00:00,105.278,105.37,105.273,105.278,105.278,105.278
2020-10-15 18:00:00,105.278,105.392,105.257,105.383,105.278,105.278
2020-10-15 19:00:00,105.383,105.441,105.367,105.386,105.383,105.383
2020-10-15 20:00:00,105.386,105.438,105.362,105.435,105.386,105.386
2020-10-15 21:00:00,105.435,105.493,105.418,105.458,105.435,105.435
2020-10-15 22:00:00,105.457,105.493,105.439,105.442,105.457,105.458
2020-10-15 23:00:00,105.443,105.443,105.408,105.419,105.443,105.443
2020-10-16 00:00:00,105.442,105.447,105.381,105.406,105.442,105.449
2020-10-16 01:00:00,105.406,105.426,105.373,105.381,105.406,105.428
2020-10-16 02:00:00,105.381,105.394,105.355,105.358,105.381,105.381
2020-10-16 03:00:00,105.358,105.429,105.312,105.316,105.358,105.359
2020-10-16 04:00:00,105.316,105.358,105.267,105.306,105.316,105.317
2020-10-16 05:00:00,105.306,105.306,105.244,105.278,105.306,105.306
2020-10-16 06:00:00,105.278,105.285,105.192,105.242,105.278,105.279
2020-10-16 07:00:00,105.242,105.274,105.212,105.218,105.242,105.242
2020-10-16 08:00:00,105.234,105.279,105.232,105.252,105.234,105.234
2020-10-16 09:00:00,105.252,105.325,105.226,105.303,105.252,105.252
2020-10-16 10:00:00,105.303,105.341,105.272,105.302,105.303,105.304
2020-10-16 11:00:00,105.302,105.31,105.213,105.225,105.302,105.302
2020-10-16 12:00:00,105.225,105.252,105.199,105.223,105.225,105.226
2020-10-16 13:00:00,105.223,105.321,105.218,105.295,105.223,105.223
2020-10-16 14:00:00,105.295,105.316,105.223,105.256,105.295,105.296
2020-10-16 15:00:00,105.257,105.412,105.234,105.361,105.257,105.257
2020-10-16 16:00:00,105.361,105.391,105.295,105.332,105.361,105.361
2020-10-16 17:00:00,105.332,105.423,105.276,105.398,105.332,105.333
2020-10-16 18:00:00,105.398,105.442,105.392,105.417,105.398,105.398
2020-10-16 19:00:00,105.416,105.428,105.372,105.4,105.416,105.416
2020-10-16 20:00:00,105.4,105.424,105.384,105.406,105.4,105.4
2020-10-16 21:00:00,105.406,105.423,105.39,105.396,105.406,105.406
2020-10-16 22:00:00,105.396,105.432,105.386,105.399,105.396,105.396
2020-10-16 23:00:00,105.399,105.422,105.377,105.38,105.399,105.399
2020-10-19 00:00:00,105.345,105.383,105.345,105.369,105.345,105.406
2020-10-19 01:00:00,105.371,105.417,105.335,105.405,105.371,105.402
2020-10-19 02:00:00,105.405,105.471,105.401,105.431,105.405,105.405
2020-10-19 03:00:00,105.431,105.504,105.375,105.382,105.431,105.434
2020-10-19 04:00:00,105.382,105.427,105.371,105.408,105.382,105.382
2020-10-19 05:00:00,105.408,105.436,105.354,105.389,105.408,105.411
2020-10-19 06:00:00,105.389,105.438,105.388,105.433,105.389,105.389
2020-10-19 07:00:00,105.433,105.445,105.42,105.433,105.433,105.433
2020-10-19 08:00:00,105.433,105.446,105.427,105.433,105.433,105.433
2020-10-19 09:00:00,105.432,105.457,105.373,105.435,105.432,105.432
2020-10-19 10:00:00,105.435,105.478,105.387,105.395,105.435,105.436
2020-10-19 11:00:00,105.395,105.412,105.336,105.342,105.395,105.395
2020-10-19 12:00:00,105.342,105.382,105.337,105.344,105.342,105.342
2020-10-19 13:00:00,105.344,105.386,105.308,105.36,105.344,105.345
2020-10-19 14:00:00,105.36,105.372,105.303,105.32,105.36,105.36
2020-10-19 15:00:00,105.32,105.354,105.304,105.341,105.32,105.32
2020-10-19 16:00:00,105.34,105.42,105.34,105.381,105.34,105.34
2020-10-19 17:00:00,105.38,105.493,105.37,105.476,105.38,105.381
2020-10-19 18:00:00,105.476,105.477,105.414,105.421,105.476,105.476
2020-10-19 19:00:00,105.421,105.428,105.402,105.416,105.421,105.421
2020-10-19 20:00:00,105.416,105.464,105.379,105.455,105.416,105.416
2020-10-19 21:00:00,105.455,105.469,105.421,105.438,105.455,105.455
2020-10-19 22:00:00,105.438,105.456,105.397,105.422,105.438,105.438
2020-10-19 23:00:00,105.422,105.443,105.408,105.433,105.422,105.422
2020-10-20 00:00:00,105.436,105.443,105.343,105.43,105.436,105.444
2020-10-20 01:00:00,105.43,105.48,105.404,105.462,105.43,105.449
2020-10-20 02:00:00,105.462,105.473,105.44,105.46,105.462,105.462
2020-10-20 03:00:00,105.46,105.617,105.452,105.557,105.46,105.461
2020-10-20 04:00:00,105.557,105.59,105.518,105.589,105.557,105.557
2020-10-20 05:00:00,105.59,105.605,105.514,105.52,105.59,105.59
2020-10-20 06:00:00,105.52,105.568,105.518,105.546,105.52,105.52
2020-10-20 07:00:00,105.546,105.552,105.525,105.526,105.546,105.546
2020-10-20 08:00:00,105.526,105.543,105.506,105.519,105.526,105.526
2020-10-20 09:00:00,105.52,105.551,105.504,105.531,105.52,105.52
2020-10-20 10:00:00,105.531,105.556,105.508,105.548,105.531,105.531
2020-10-20 11:00:00,105.547,105.571,105.486,105.531,105.547,105.547
2020-10-20 12:00:00,105.533,105.584,105.505,105.558,105.533,105.533
2020-10-20 13:00:00,105.558,105.604,105.534,105.592,105.558,105.558
2020-10-20 14:00:00,105.592,105.692,105.576,105.678,105.592,105.592
2020-10-20 15:00:00,105.678,105.748,105.658,105.709,105.678,105.678
2020-10-20 16:00:00,105.709,105.713,105.604,105.626,105.709,105.709
2020-10-20 17:00:00,105.626,105.637,105.538,105.569,105.626,105.626
2020-10-20 18:00:00,105.569,105.586,105.536,105.563,105.569,105.569
2020-10-20 19:00:00,105.563,105.604,105.556,105.566,105.563,105.563
2020-10-20 20:00:00,105.566,105.567,105.467,105.48,105.566,105.566
2020-10-20 21:00:00,105.48,105.486,105.428,105.454,105.48,105.48
2020-10-20 22:00:00,105.453,105.489,105.422,105.487,105.453,105.453
2020-10-20 23:00:00,105.487,105.515,105.46,105.508,105.487,105.487
2020-10-21 00:00:00,105.498,105.502,105.416,105.459,105.498,105.514
2020-10-21 01:00:00,105.459,105.509,105.459,105.489,105.459,105.484
2020-10-21 02:00:00,105.489,105.526,105.473,105.479,105.489,105.489
2020-10-21 03:00:00,105.479,105.493,105.369,105.38,105.479,105.48
2020-10-21 04:00:00,105.38,105.419,105.353,105.408,105.38,105.38
2020-10-21 05:00:00,105.408,105.418,105.364,105.379,105.408,105.408
2020-10-21 06:00:00,105.379,105.386,105.315,105.325,105.379,105.379
2020-10-21 07:00:00,105.325,105.327,105.26,105.298,105.325,105.326
2020-10-21 08:00:00,105.298,105.33,105.277,105.303,105.298,105.298
2020-10-21 09:00:00,105.303,105.311,105.198,105.24,105.303,105.303
2020-10-21 10:00:00,105.24,105.24,105.012,105.024,105.24,105.24
2020-10-21 11:00:00,105.024,105.041,104.878,104.946,105.024,105.024
2020-10-21 12:00:00,104.945,104.958,104.877,104.898,104.945,104.946
2020-10-21 13:00:00,104.898,104.908,104.817,104.836,104.898,104.898
2020-10-21 14:00:00,104.835,104.931,104.824,104.857,104.835,104.835
2020-10-21 15:00:00,104.857,104.876,104.582,104.591,104.857,104.857
2020-10-21 16:00:00,104.591,104.682,104.524,104.536,104.591,104.591
2020-10-21 17:00:00,104.536,104.557,104.342,104.419,104.536,104.536
2020-10-21 18:00:00,104.42,104.624,104.419,104.585,104.42,104.42
2020-10-21 19:00:00,104.585,104.585,104.462,104.508,104.585,104.586
2020-10-21 20:00:00,104.508,104.531,104.468,104.49,104.508,104.508
2020-10-21 21:00:00,104.49,104.566,104.488,104.538,104.49,104.49
2020-10-21 22:00:00,104.538,104.554,104.506,104.553,104.538,104.538
2020-10-21 23:00:00,104.553,104.588,104.541,104.582,104.553,104.553
2020-10-22 00:00:00,104.592,104.597,104.521,104.545,104.592,104.597
2020-10-22 01:00:00,104.56,104.589,104.537,104.578,104.56,104.583
2020-10-22 02:00:00,104.578,104.696,104.548,104.683,104.578,104.579
2020-10-22 03:00:00,104.683,104.706,104.592,104.632,104.683,104.684
2020-10-22 04:00:00,104.632,104.698,104.626,104.685,104.632,104.632
2020-10-22 05:00:00,104.686,104.753,104.667,104.743,104.686,104.686
2020-10-22 06:00:00,104.742,104.75,104.706,104.727,104.742,104.742
2020-10-22 07:00:00,104.727,104.735,104.693,104.709,104.727,104.727
2020-10-22 08:00:00,104.709,104.714,104.652,104.662,104.709,104.709
2020-10-22 09:00:00,104.662,104.674,104.537,104.578,104.662,104.663
2020-10-22 10:00:00,104.578,104.597,104.478,104.546,104.578,104.578
2020-10-22 11:00:00,104.547,104.692,104.547,104.678,104.547,104.547
2020-10-22 12:00:00,104.678,104.773,104.667,104.73,104.678,104.678
2020-10-22 13:00:00,104.73,104.78,104.636,104.714,104.73,104.73
2020-10-22 14:00:00,104.714,104.72,104.646,104.663,104.714,104.714
2020-10-22 15:00:00,104.663,104.702,104.586,104.613,104.663,104.663
2020-10-22 16:00:00,104.613,104.724,104.562,104.722,104.613,104.613
2020-10-22 17:00:00,104.721,104.867,104.72,104.794,104.721,104.721
2020-10-22 18:00:00,104.794,104.884,104.788,104.882,104.794,104.794
2020-10-22 19:00:00,104.882,104.884,104.802,104.814,104.882,104.882
2020-10-22 20:00:00,104.814,104.854,104.788,104.85,104.814,104.814
2020-10-22 21:00:00,104.85,104.892,104.821,104.868,104.85,104.85
2020-10-22 22:00:00,104.868,104.91,104.86,104.906,104.868,104.868
2020-10-22 23:00:00,104.906,104.924,104.885,104.886,104.906,104.906
2020-10-23 00:00:00,104.857,104.89,104.799,104.847,104.857,104.873
2020-10-23 01:00:00,104.847,104.887,104.841,104.885,104.847,104.866
2020-10-23 02:00:00,104.885,104.938,104.87,104.906,104.885,104.886
2020-10-23 03:00:00,104.905,104.918,104.697,104.736,104.905,104.907
2020-10-23 04:00:00,104.736,104.784,104.708,104.709,104.736,104.736
2020-10-23 05:00:00,104.709,104.768,104.668,104.708,104.709,104.709
2020-10-23 06:00:00,104.708,104.733,104.693,104.723,104.708,104.708
2020-10-23 07:00:00,104.723,104.732,104.689,104.703,104.723,104.723
2020-10-23 08:00:00,104.703,104.739,104.69,104.705,104.703,104.703
2020-10-23 09:00:00,104.705,104.776,104.704,104.745,104.705,104.705
2020-10-23 10:00:00,104.745,104.786,104.685,104.685,104.745,104.745
2020-10-23 11:00:00,104.686,104.688,104.554,104.619,104.686,104.686
2020-10-23 12:00:00,104.619,104.648,104.548,104.616,104.619,104.619
2020-10-23 13:00:00,104.616,104.7,104.616,104.688,104.616,104.616
2020-10-23 14:00:00,104.688,104.8,104.686,104.777,104.688,104.688
2020-10-23 15:00:00,104.777,104.782,104.65,104.696,104.777,104.777
2020-10-23 16:00:00,104.696,104.822,104.685,104.772,104.696,104.696
2020-10-23 17:00:00,104.772,104.886,104.766,104.831,104.772,104.772
2020-10-23 18:00:00,104.831,104.844,104.774,104.781,104.831,104.831
2020-10-23 19:00:00,104.78,104.826,104.743,104.744,104.78,104.78
2020-10-23 20:00:00,104.744,104.763,104.709,104.721,104.744,104.744
2020-10-23 21:00:00,104.722,104.746,104.706,104.732,104.722,104.722
2020-10-23 22:00:00,104.732,104.736,104.698,104.699,104.732,104.732
2020-10-23 23:00:00,104.699,104.716,104.689,104.702,104.699,104.699
2020-10-26 00:00:00,104.672,104.69,104.656,104.675,104.672,104.751
2020-10-26 01:00:00,104.677,104.743,104.653,104.702,104.677,104.712
2020-10-26 02:00:00,104.702,104.756,104.691,104.694,104.702,104.703
2020-10-26 03:00:00,104.694,104.742,104.665,104.674,104.694,104.694
2020-10-26 04:00:00,104.674,104.885,104.655,104.86,104.674,104.674
2020-10-26 05:00:00,104.86,104.87,104.826,104.852,104.86,104.86
2020-10-26 06:00:00,104.852,104.889,104.822,104.873,104.852,104.852
2020-10-26 07:00:00,104.872,104.931,104.866,104.898,104.872,104.872
2020-10-26 08:00:00,104.898,104.912,104.888,104.888,104.898,104.898
2020-10-26 09:00:00,104.888,104.928,104.866,104.918,104.888,104.888
2020-10-26 10:00:00,104.918,104.976,104.794,104.874,104.918,104.918
2020-10-26 11:00:00,104.874,104.92,104.851,104.907,104.874,104.874
2020-10-26 12:00:00,104.907,104.916,104.822,104.873,104.907,104.908
2020-10-26 13:00:00,104.874,104.929,104.829,104.865,104.874,104.874
2020-10-26 14:00:00,104.865,104.92,104.841,104.908,104.865,104.866
2020-10-26 15:00:00,104.908,105.047,104.887,105.01,104.908,104.908
2020-10-26 16:00:00,105.01,105.055,104.945,104.961,105.01,105.01
2020-10-26 17:00:00,104.961,105.003,104.942,104.988,104.961,104.961
2020-10-26 18:00:00,104.988,105.001,104.858,104.866,104.988,104.988
2020-10-26 19:00:00,104.866,104.892,104.834,104.84,104.866,104.866
2020-10-26 20:00:00,104.84,104.906,104.824,104.864,104.84,104.84
2020-10-26 21:00:00,104.864,104.876,104.836,104.86,104.864,104.864
2020-10-26 22:00:00,104.86,104.875,104.825,104.855,104.86,104.86
2020-10-26 23:00:00,104.855,104.858,104.829,104.833,104.855,104.855
2020-10-27 00:00:00,104.83,104.848,104.807,104.84,104.83,104.842
2020-10-27 01:00:00,104.84,104.891,104.832,104.884,104.84,104.864
2020-10-27 02:00:00,104.884,104.885,104.83,104.832,104.884,104.884
2020-10-27 03:00:00,104.832,104.838,104.751,104.812,104.832,104.833
2020-10-27 04:00:00,104.812,104.812,104.743,104.766,104.812,104.812
2020-10-27 05:00:00,104.766,104.77,104.696,104.711,104.766,104.767
2020-10-27 06:00:00,104.711,104.74,104.681,104.732,104.711,104.712
2020-10-27 07:00:00,104.733,104.775,104.721,104.758,104.733,104.733
2020-10-27 08:00:00,104.758,104.768,104.733,104.741,104.758,104.758
2020-10-27 09:00:00,104.741,104.794,104.667,104.781,104.741,104.742
2020-10-27 10:00:00,104.78,104.832,104.758,104.831,104.78,104.78
2020-10-27 11:00:00,104.831,104.836,104.709,104.728,104.831,104.831
2020-10-27 12:00:00,104.728,104.738,104.592,104.608,104.728,104.728
2020-10-27 13:00:00,104.607,104.685,104.6,104.669,104.607,104.607
2020-10-27 14:00:00,104.669,104.687,104.616,104.621,104.669,104.669
2020-10-27 15:00:00,104.621,104.674,104.587,104.66,104.621,104.621
2020-10-27 16:00:00,104.661,104.662,104.562,104.606,104.661,104.661
2020-10-27 17:00:00,104.606,104.609,104.503,104.521,104.606,104.606
2020-10-27 18:00:00,104.521,104.53,104.389,104.447,104.521,104.521
2020-10-27 19:00:00,104.447,104.472,104.406,104.418,104.447,104.447
2020-10-27 20:00:00,104.418,104.436,104.392,104.422,104.418,104.418
2020-10-27 21:00:00,104.422,104.495,104.422,104.489,104.422,104.422
2020-10-27 22:00:00,104.489,104.502,104.471,104.478,104.489,104.489
2020-10-27 23:00:00,104.478,104.494,104.416,104.416,104.478,104.478
2020-10-28 00:00:00,104.41,104.496,104.397,104.469,104.41,104.419
2020-10-28 01:00:00,104.469,104.538,104.459,104.509,104.469,104.491
2020-10-28 02:00:00,104.509,104.556,104.496,104.546,104.509,104.51
2020-10-28 03:00:00,104.546,104.552,104.417,104.466,104.546,104.547
2020-10-28 04:00:00,104.466,104.506,104.412,104.423,104.466,104.467
2020-10-28 05:00:00,104.423,104.441,104.285,104.315,104.423,104.423
2020-10-28 06:00:00,104.315,104.333,104.284,104.301,104.315,104.315
2020-10-28 07:00:00,104.302,104.303,104.204,104.243,104.302,104.302
2020-10-28 08:00:00,104.243,104.285,104.214,104.256,104.243,104.244
2020-10-28 09:00:00,104.257,104.287,104.193,104.25,104.257,104.257
2020-10-28 10:00:00,104.25,104.251,104.161,104.215,104.25,104.251
2020-10-28 11:00:00,104.215,104.307,104.19,104.302,104.215,104.216
2020-10-28 12:00:00,104.302,104.346,104.206,104.212,104.302,104.302
2020-10-28 13:00:00,104.212,104.225,104.142,104.158,104.212,104.212
2020-10-28 14:00:00,104.158,104.334,104.114,104.298,104.158,104.158
2020-10-28 15:00:00,104.298,104.452,104.298,104.387,104.298,104.298
2020-10-28 16:00:00,104.387,104.404,104.308,104.339,104.387,104.387
2020-10-28 17:00:00,104.339,104.339,104.222,104.288,104.339,104.341
2020-10-28 18:00:00,104.288,104.342,104.208,104.332,104.288,104.288
2020-10-28 19:00:00,104.332,104.36,104.3,104.312,104.332,104.332
2020-10-28 20:00:00,104.312,104.324,104.259,104.319,104.312,104.312
2020-10-28 21:00:00,104.319,104.344,104.288,104.342,104.319,104.319
2020-10-28 22:00:00,104.342,104.359,104.317,104.359,104.342,104.342
2020-10-28 23:00:00,104.359,104.36,104.315,104.318,104.359,104.359
2020-10-29 00:00:00,104.32,104.356,104.274,104.307,104.32,104.326
2020-10-29 01:00:00,104.307,104.323,104.287,104.299,104.307,104.316
2020-10-29 02:00:00,104.299,104.352,104.279,104.317,104.299,104.301
2020-10-29 03:00:00,104.317,104.422,104.291,104.411,104.317,104.317
2020-10-29 04:00:00,104.412,104.504,104.313,104.482,104.412,104.412
2020-10-29 05:00:00,104.482,104.491,104.431,104.45,104.482,104.482
2020-10-29 06:00:00,104.45,104.496,104.436,104.461,104.45,104.454
2020-10-29 07:00:00,104.461,104.504,104.419,104.437,104.461,104.461
2020-10-29 08:00:00,104.437,104.438,104.392,104.398,104.437,104.438
2020-10-29 09:00:00,104.396,104.404,104.336,104.344,104.396,104.396
2020-10-29 10:00:00,104.344,104.385,104.263,104.281,104.344,104.344
2020-10-29 11:00:00,104.282,104.337,104.193,104.226,104.282,104.282
2020-10-29 12:00:00,104.226,104.232,104.106,104.123,104.226,104.226
2020-10-29 13:00:00,104.123,104.128,104.025,104.095,104.123,104.123
2020-10-29 14:00:00,104.094,104.25,104.074,104.232,104.094,104.094
2020-10-29 15:00:00,104.232,104.396,104.232,104.362,104.232,104.232
2020-10-29 16:00:00,104.362,104.4,104.272,104.349,104.362,104.362
2020-10-29 17:00:00,104.349,104.484,104.336,104.454,104.349,104.35
2020-10-29 18:00:00,104.454,104.709,104.454,104.686,104.454,104.454
2020-10-29 19:00:00,104.686,104.704,104.618,104.656,104.686,104.686
2020-10-29 20:00:00,104.656,104.711,104.648,104.701,104.656,104.656
2020-10-29 21:00:00,104.701,104.728,104.658,104.663,104.701,104.701
2020-10-29 22:00:00,104.663,104.686,104.618,104.618,104.663,104.663
2020-10-29 23:00:00,104.618,104.637,104.609,104.61,104.618,104.618
2020-10-30 00:00:00,104.594,104.626,104.58,104.594,104.594,104.624
2020-10-30 01:00:00,104.594,104.627,104.59,104.62,104.594,104.61
2020-10-30 02:00:00,104.62,104.628,104.533,104.558,104.62,104.621
2020-10-30 03:00:00,104.558,104.614,104.492,104.554,104.558,104.558
2020-10-30 04:00:00,104.554,104.556,104.436,104.466,104.554,104.554
2020-10-30 05:00:00,104.466,104.477,104.435,104.459,104.466,104.467
2020-10-30 06:00:00,104.459,104.466,104.407,104.408,104.459,104.459
2020-10-30 07:00:00,104.407,104.432,104.344,104.362,104.407,104.407
2020-10-30 08:00:00,104.362,104.366,104.125,104.223,104.362,104.362
2020-10-30 09:00:00,104.224,104.346,104.165,104.313,104.224,104.224
2020-10-30 10:00:00,104.313,104.442,104.312,104.359,104.313,104.313
2020-10-30 11:00:00,104.358,104.419,104.259,104.389,104.358,104.358
2020-10-30 12:00:00,104.389,104.434,104.294,104.43,104.389,104.389
2020-10-30 13:00:00,104.429,104.479,104.383,104.412,104.429,104.431
2020-10-30 14:00:00,104.412,104.47,104.408,104.446,104.412,104.412
2020-10-30 15:00:00,104.446,104.47,104.378,104.469,104.446,104.446
2020-10-30 16:00:00,104.469,104.665,104.434,104.51,104.469,104.469
2020-10-30 17:00:00,104.51,104.699,104.43,104.638,104.51,104.51
2020-10-30 18:00:00,104.638,104.743,104.519,104.552,104.638,104.638
2020-10-30 19:00:00,104.552,104.601,104.472,104.562,104.552,104.552
2020-10-30 20:00:00,104.562,104.66,104.556,104.656,104.562,104.562
2020-10-30 21:00:00,104.656,104.696,104.618,104.683,104.656,104.656
2020-10-30 22:00:00,104.683,104.702,104.659,104.7,104.683,104.683
2020-10-30 23:00:00,104.7,104.702,104.668,104.673,104.7,104.7
2020-11-02 00:00:00,104.452,104.63,104.452,104.63,104.452,104.552
2020-11-02 01:00:00,104.63,104.693,104.563,104.579,104.63,104.645
2020-11-02 02:00:00,104.58,104.766,104.58,104.747,104.58,104.581
2020-11-02 03:00:00,104.747,104.761,104.663,104.708,104.747,104.748
2020-11-02 04:00:00,104.708,104.717,104.63,104.663,104.708,104.709
2020-11-02 05:00:00,104.663,104.68,104.646,104.68,104.663,104.664
2020-11-02 06:00:00,104.68,104.757,104.675,104.722,104.68,104.68
2020-11-02 07:00:00,104.722,104.747,104.691,104.697,104.722,104.722
2020-11-02 08:00:00,104.697,104.775,104.694,104.748,104.697,104.697
2020-11-02 09:00:00,104.748,104.86,104.748,104.85,104.748,104.748
2020-11-02 10:00:00,104.85,104.948,104.828,104.913,104.85,104.85
2020-11-02 11:00:00,104.913,104.92,104.8,104.804,104.913,104.913
2020-11-02 12:00:00,104.804,104.815,104.71,104.711,104.804,104.804
2020-11-02 13:00:00,104.711,104.742,104.684,104.734,104.711,104.711
2020-11-02 14:00:00,104.734,104.734,104.637,104.671,104.734,104.734
2020-11-02 15:00:00,104.671,104.692,104.631,104.659,104.671,104.671
2020-11-02 16:00:00,104.659,104.801,104.658,104.787,104.659,104.659
2020-11-02 17:00:00,104.787,104.87,104.774,104.799,104.787,104.788
2020-11-02 18:00:00,104.798,104.846,104.77,104.807,104.798,104.798
2020-11-02 19:00:00,104.807,104.867,104.806,104.85,104.807,104.807
2020-11-02 20:00:00,104.85,104.871,104.827,104.842,104.85,104.85
2020-11-02 21:00:00,104.842,104.858,104.817,104.833,104.842,104.842
2020-11-02 22:00:00,104.833,104.841,104.787,104.803,104.833,104.833
2020-11-02 23:00:00,104.803,104.822,104.744,104.751,104.803,104.803
2020-11-03 00:00:00,104.7,104.769,104.654,104.74,104.7,104.8
2020-11-03 01:00:00,104.74,104.758,104.721,104.724,104.74,104.766
2020-11-03 02:00:00,104.724,104.8,104.722,104.783,104.724,104.724
2020-11-03 03:00:00,104.783,104.783,104.72,104.739,104.783,104.783
2020-11-03 04:00:00,104.739,104.742,104.678,104.716,104.739,104.739
2020-11-03 05:00:00,104.716,104.729,104.653,104.723,104.716,104.716
2020-11-03 06:00:00,104.723,104.746,104.709,104.741,104.723,104.724
2020-11-03 07:00:00,104.741,104.746,104.712,104.716,104.741,104.742
2020-11-03 08:00:00,104.716,104.726,104.627,104.627,104.716,104.716
2020-11-03 09:00:00,104.627,104.63,104.478,104.565,104.627,104.627
2020-11-03 10:00:00,104.564,104.638,104.553,104.6,104.564,104.564
2020-11-03 11:00:00,104.6,104.76,104.597,104.706,104.6,104.6
2020-11-03 12:00:00,104.705,104.716,104.639,104.694,104.705,104.705
2020-11-03 13:00:00,104.694,104.801,104.692,104.758,104.694,104.694
2020-11-03 14:00:00,104.758,104.786,104.663,104.675,104.758,104.758
2020-11-03 15:00:00,104.675,104.751,104.633,104.653,104.675,104.675
2020-11-03 16:00:00,104.653,104.708,104.58,104.672,104.653,104.653
2020-11-03 17:00:00,104.672,104.672,104.433,104.56,104.672,104.673
2020-11-03 18:00:00,104.56,104.585,104.478,104.506,104.56,104.56
2020-11-03 19:00:00,104.506,104.531,104.484,104.495,104.506,104.507
2020-11-03 20:00:00,104.495,104.594,104.484,104.583,104.495,104.495
2020-11-03 21:00:00,104.583,104.622,104.577,104.599,104.583,104.584
2020-11-03 22:00:00,104.599,104.599,104.568,104.575,104.599,104.6
2020-11-03 23:00:00,104.575,104.578,104.494,104.501,104.575,104.575
2020-11-04 00:00:00,104.453,104.614,104.445,104.588,104.453,104.491
2020-11-04 01:00:00,104.588,104.82,104.541,104.545,104.588,104.62
2020-11-04 02:00:00,104.545,104.666,104.368,104.661,104.545,104.548
2020-11-04 03:00:00,104.661,104.762,104.545,104.609,104.661,104.665
2020-11-04 04:00:00,104.609,105.345,104.538,105.198,104.609,104.611
2020-11-04 05:00:00,105.198,105.29,104.95,105.03,105.198,105.201
2020-11-04 06:00:00,105.03,105.124,104.751,104.832,105.03,105.031
2020-11-04 07:00:00,104.831,104.957,104.756,104.944,104.831,104.832
2020-11-04 08:00:00,104.944,104.99,104.867,104.921,104.944,104.945
2020-11-04 09:00:00,104.921,105.093,104.838,104.883,104.921,104.924
2020-11-04 10:00:00,104.883,105.086,104.871,104.941,104.883,104.884
2020-11-04 11:00:00,104.941,105.041,104.853,104.886,104.941,104.941
2020-11-04 12:00:00,104.886,104.907,104.583,104.618,104.886,104.887
2020-11-04 13:00:00,104.618,104.653,104.461,104.474,104.618,104.618
2020-11-04 14:00:00,104.474,104.497,104.15,104.374,104.474,104.475
2020-11-04 15:00:00,104.374,104.542,104.269,104.475,104.374,104.374
2020-11-04 16:00:00,104.475,104.574,104.381,104.386,104.475,104.475
2020-11-04 17:00:00,104.386,104.546,104.248,104.486,104.386,104.387
2020-11-04 18:00:00,104.486,104.58,104.357,104.393,104.486,104.486
2020-11-04 19:00:00,104.393,104.622,104.392,104.572,104.393,104.395
2020-11-04 20:00:00,104.573,104.618,104.418,104.444,104.573,104.573
2020-11-04 21:00:00,104.444,104.499,104.438,104.45,104.444,104.444
2020-11-04 22:00:00,104.449,104.524,104.434,104.518,104.449,104.449
2020-11-04 23:00:00,104.52,104.57,104.486,104.522,104.52,104.52
2020-11-05 00:00:00,104.503,104.539,104.418,104.506,104.503,104.532
2020-11-05 01:00:00,104.506,104.507,104.405,104.439,104.506,104.519
2020-11-05 02:00:00,104.439,104.449,104.218,104.267,104.439,104.44
2020-11-05 03:00:00,104.267,104.371,104.252,104.312,104.267,104.267
2020-11-05 04:00:00,104.312,104.366,104.257,104.258,104.312,104.313
2020-11-05 05:00:00,104.258,104.317,104.232,104.279,104.258,104.258
2020-11-05 06:00:00,104.279,104.316,104.269,104.294,104.279,104.279
2020-11-05 07:00:00,104.294,104.348,104.277,104.3,104.294,104.294
2020-11-05 08:00:00,104.3,104.446,104.292,104.389,104.3,104.3
2020-11-05 09:00:00,104.388,104.474,104.256,104.314,104.388,104.391
2020-11-05 10:00:00,104.314,104.384,104.279,104.296,104.314,104.315
2020-11-05 11:00:00,104.296,104.326,104.198,104.246,104.296,104.297
2020-11-05 12:00:00,104.246,104.282,103.956,104.106,104.246,104.246
2020-11-05 13:00:00,104.105,104.384,104.042,104.141,104.105,104.106
2020-11-05 14:00:00,104.14,104.209,103.746,103.814,104.14,104.141
2020-11-05 15:00:00,103.814,103.84,103.609,103.667,103.814,103.815
2020-11-05 16:00:00,103.667,103.846,103.628,103.668,103.667,103.667
2020-11-05 17:00:00,103.668,103.83,103.644,103.653,103.668,103.669
2020-11-05 18:00:00,103.653,103.733,103.565,103.676,103.653,103.653
2020-11-05 19:00:00,103.677,103.812,103.67,103.719,103.677,103.677
2020-11-05 20:00:00,103.718,103.768,103.641,103.672,103.718,103.718
2020-11-05 21:00:00,103.671,103.711,103.481,103.506,103.671,103.675
2020-11-05 22:00:00,103.506,103.58,103.443,103.549,103.506,103.506
2020-11-05 23:00:00,103.549,103.552,103.498,103.517,103.549,103.549
2020-11-06 00:00:00,103.451,103.622,103.43,103.612,103.451,103.527
2020-11-06 01:00:00,103.612,103.709,103.549,103.612,103.612,103.627
2020-11-06 02:00:00,103.609,103.705,103.492,103.688,103.609,103.61
2020-11-06 03:00:00,103.687,103.759,103.598,103.618,103.687,103.688
2020-11-06 04:00:00,103.618,103.665,103.507,103.535,103.618,103.618
2020-11-06 05:00:00,103.536,103.553,103.36,103.393,103.536,103.536
2020-11-06 06:00:00,103.392,103.474,103.376,103.429,103.392,103.393
2020-11-06 07:00:00,103.429,103.575,103.405,103.536,103.429,103.431
2020-11-06 08:00:00,103.536,103.6,103.506,103.53,103.536,103.537
2020-11-06 09:00:00,103.53,103.536,103.405,103.424,103.53,103.53
2020-11-06 10:00:00,103.424,103.555,103.412,103.489,103.424,103.424
2020-11-06 11:00:00,103.489,103.571,103.361,103.382,103.489,103.49
2020-11-06 12:00:00,103.382,103.421,103.216,103.23,103.382,103.382
2020-11-06 13:00:00,103.231,103.301,103.177,103.244,103.231,103.231
2020-11-06 14:00:00,103.244,103.402,103.203,103.347,103.244,103.246
2020-11-06 15:00:00,103.347,103.469,103.254,103.275,103.347,103.347
2020-11-06 16:00:00,103.275,103.718,103.194,103.572,103.275,103.275
2020-11-06 17:00:00,103.572,103.624,103.256,103.309,103.572,103.573
2020-11-06 18:00:00,103.307,103.361,103.248,103.324,103.307,103.307
2020-11-06 19:00:00,103.324,103.334,103.227,103.287,103.324,103.324
2020-11-06 20:00:00,103.288,103.32,103.243,103.248,103.288,103.288
2020-11-06 21:00:00,103.248,103.276,103.22,103.229,103.248,103.248
2020-11-06 22:00:00,103.229,103.326,103.229,103.301,103.229,103.229
2020-11-06 23:00:00,103.303,103.374,103.276,103.366,103.303,103.303
2020-11-09 00:00:00,103.321,103.335,103.19,103.274,103.321,103.352
2020-11-09 01:00:00,103.274,103.304,103.222,103.256,103.274,103.292
2020-11-09 02:00:00,103.257,103.367,103.241,103.34,103.257,103.257
2020-11-09 03:00:00,103.341,103.411,103.276,103.331,103.341,103.342
2020-11-09 04:00:00,103.331,103.409,103.298,103.392,103.331,103.331
2020-11-09 05:00:00,103.392,103.399,103.352,103.367,103.392,103.393
2020-11-09 06:00:00,103.366,103.48,103.336,103.466,103.366,103.367
2020-11-09 07:00:00,103.466,103.552,103.427,103.541,103.466,103.466
2020-11-09 08:00:00,103.541,103.564,103.483,103.514,103.541,103.541
2020-11-09 09:00:00,103.514,103.551,103.474,103.502,103.514,103.515
2020-11-09 10:00:00,103.502,103.601,103.453,103.559,103.502,103.502
2020-11-09 11:00:00,103.559,103.756,103.526,103.728,103.559,103.559
2020-11-09 12:00:00,103.727,103.733,103.662,103.68,103.727,103.727
2020-11-09 13:00:00,103.68,104.232,103.648,104.207,103.68,103.68
2020-11-09 14:00:00,104.207,104.99,104.137,104.966,104.207,104.207
2020-11-09 15:00:00,104.966,105.057,104.794,104.866,104.966,104.967
2020-11-09 16:00:00,104.866,105.341,104.737,105.335,104.866,104.866
2020-11-09 17:00:00,105.335,105.458,105.189,105.387,105.335,105.335
2020-11-09 18:00:00,105.388,105.648,105.386,105.585,105.388,105.388
2020-11-09 19:00:00,105.585,105.606,105.381,105.458,105.585,105.585
2020-11-09 20:00:00,105.458,105.576,105.409,105.486,105.458,105.458
2020-11-09 21:00:00,105.487,105.507,105.376,105.438,105.487,105.487
2020-11-09 22:00:00,105.439,105.458,105.293,105.364,105.439,105.439
2020-11-09 23:00:00,105.364,105.398,105.348,105.388,105.364,105.364
2020-11-10 00:00:00,105.352,105.368,105.249,105.256,105.352,105.369
2020-11-10 01:00:00,105.256,105.333,105.084,105.139,105.256,105.26
2020-11-10 02:00:00,105.139,105.264,105.097,105.137,105.139,105.139
2020-11-10 03:00:00,105.137,105.174,104.917,104.938,105.137,105.137
2020-11-10 04:00:00,104.938,104.957,104.84,104.912,104.938,104.938
2020-11-10 05:00:00,104.912,104.981,104.822,104.963,104.912,104.913
2020-11-10 06:00:00,104.963,105.033,104.914,104.987,104.963,104.964
2020-11-10 07:00:00,104.987,105.012,104.91,104.964,104.987,104.988
2020-11-10 08:00:00,104.964,105.146,104.951,105.075,104.964,104.965
2020-11-10 09:00:00,105.075,105.169,104.998,105.048,105.075,105.075
2020-11-10 10:00:00,105.048,105.1,104.967,105.077,105.048,105.049
2020-11-10 11:00:00,105.077,105.352,105.039,105.321,105.077,105.078
2020-11-10 12:00:00,105.322,105.487,105.31,105.472,105.322,105.322
2020-11-10 13:00:00,105.472,105.489,105.186,105.235,105.472,105.472
2020-11-10 14:00:00,105.235,105.302,105.158,105.28,105.235,105.235
2020-11-10 15:00:00,105.281,105.402,105.207,105.246,105.281,105.281
2020-11-10 16:00:00,105.246,105.41,105.196,105.404,105.246,105.246
2020-11-10 17:00:00,105.404,105.442,105.178,105.194,105.404,105.404
2020-11-10 18:00:00,105.195,105.376,105.181,105.364,105.195,105.195
2020-11-10 19:00:00,105.364,105.405,105.26,105.296,105.364,105.364
2020-11-10 20:00:00,105.296,105.344,105.28,105.329,105.296,105.296
2020-11-10 21:00:00,105.329,105.339,105.272,105.286,105.329,105.329
2020-11-10 22:00:00,105.286,105.332,105.286,105.295,105.286,105.286
2020-11-10 23:00:00,105.298,105.336,105.227,105.246,105.298,105.298
2020-11-11 00:00:00,105.29,105.305,105.244,105.256,105.29,105.32
2020-11-11 01:00:00,105.256,105.293,105.244,105.264,105.256,105.263
2020-11-11 02:00:00,105.262,105.282,105.112,105.155,105.262,105.263
2020-11-11 03:00:00,105.155,105.192,105.006,105.093,105.155,105.16
2020-11-11 04:00:00,105.093,105.156,105.076,105.146,105.093,105.094
2020-11-11 05:00:00,105.146,105.161,105.06,105.086,105.146,105.147
2020-11-11 06:00:00,105.086,105.16,105.075,105.153,105.086,105.087
2020-11-11 07:00:00,105.153,105.271,105.145,105.224,105.153,105.154
2020-11-11 08:00:00,105.224,105.351,105.199,105.31,105.224,105.224
2020-11-11 09:00:00,105.31,105.439,105.29,105.407,105.31,105.31
2020-11-11 10:00:00,105.407,105.542,105.36,105.511,105.407,105.407
2020-11-11 11:00:00,105.51,105.532,105.384,105.441,105.51,105.51
2020-11-11 12:00:00,105.44,105.466,105.372,105.461,105.44,105.44
2020-11-11 13:00:00,105.461,105.478,105.408,105.452,105.461,105.461
2020-11-11 14:00:00,105.453,105.542,105.441,105.494,105.453,105.453
2020-11-11 15:00:00,105.493,105.554,105.377,105.482,105.493,105.493
2020-11-11 16:00:00,105.482,105.54,105.453,105.522,105.482,105.483
2020-11-11 17:00:00,105.522,105.678,105.522,105.624,105.522,105.522
2020-11-11 18:00:00,105.624,105.643,105.541,105.551,105.624,105.624
2020-11-11 19:00:00,105.552,105.58,105.535,105.568,105.552,105.552
2020-11-11 20:00:00,105.568,105.574,105.493,105.528,105.568,105.568
2020-11-11 21:00:00,105.528,105.533,105.445,105.448,105.528,105.528
2020-11-11 22:00:00,105.448,105.451,105.392,105.407,105.448,105.448
2020-11-11 23:00:00,105.407,105.443,105.4,105.432,105.407,105.408
2020-11-12 00:00:00,105.425,105.459,105.385,105.42,105.425,105.43
2020-11-12 01:00:00,105.42,105.441,105.383,105.416,105.42,105.429
2020-11-12 02:00:00,105.416,105.479,105.368,105.403,105.416,105.417
2020-11-12 03:00:00,105.403,105.404,105.207,105.236,105.403,105.404
2020-11-12 04:00:00,105.236,105.331,105.235,105.293,105.236,105.236
2020-11-12 05:00:00,105.293,105.318,105.254,105.286,105.293,105.293
2020-11-12 06:00:00,105.286,105.3,105.235,105.246,105.286,105.288
2020-11-12 07:00:00,105.246,105.258,105.188,105.223,105.246,105.246
2020-11-12 08:00:00,105.223,105.249,105.152,105.23,105.223,105.223
2020-11-12 09:00:00,105.23,105.301,105.224,105.281,105.23,105.23
2020-11-12 10:00:00,105.281,105.376,105.274,105.369,105.281,105.281
2020-11-12 11:00:00,105.369,105.417,105.222,105.39,105.369,105.369
2020-11-12 12:00:00,105.391,105.391,105.292,105.348,105.391,105.391
2020-11-12 13:00:00,105.347,105.356,105.264,105.348,105.347,105.348
2020-11-12 14:00:00,105.348,105.356,105.282,105.336,105.348,105.349
2020-11-12 15:00:00,105.335,105.387,105.179,105.213,105.335,105.335
2020-11-12 16:00:00,105.213,105.284,105.106,105.28,105.213,105.213
2020-11-12 17:00:00,105.28,105.28,105.116,105.128,105.28,105.28
2020-11-12 18:00:00,105.128,105.17,105.102,105.16,105.128,105.129
2020-11-12 19:00:00,105.16,105.237,105.15,105.207,105.16,105.16
2020-11-12 20:00:00,105.207,105.232,105.096,105.15,105.207,105.207
2020-11-12 21:00:00,105.15,105.183,105.092,105.092,105.15,105.15
2020-11-12 22:00:00,105.092,105.148,105.071,105.133,105.092,105.092
2020-11-12 23:00:00,105.133,105.137,105.095,105.124,105.133,105.133
2020-11-13 00:00:00,105.132,105.141,105.076,105.118,105.132,105.138
2020-11-13 01:00:00,105.118,105.129,105.065,105.1,105.118,105.136
2020-11-13 02:00:00,105.101,105.119,104.914,104.939,105.101,105.101
2020-11-13 03:00:00,104.939,104.968,104.859,104.917,104.939,104.939
2020-11-13 04:00:00,104.917,104.949,104.883,104.902,104.917,104.917
2020-11-13 05:00:00,104.902,104.942,104.889,104.93,104.902,104.902
2020-11-13 06:00:00,104.93,104.952,104.914,104.928,104.93,104.93
2020-11-13 07:00:00,104.928,104.944,104.859,104.884,104.928,104.928
2020-11-13 08:00:00,104.884,105.047,104.882,104.989,104.884,104.884
2020-11-13 09:00:00,104.989,105.075,104.968,105.072,104.989,104.989
2020-11-13 10:00:00,105.072,105.144,105.035,105.113,105.072,105.072
2020-11-13 11:00:00,105.113,105.152,105.014,105.024,105.113,105.113
2020-11-13 12:00:00,105.024,105.075,105.018,105.04,105.024,105.024
2020-11-13 13:00:00,105.04,105.042,104.937,104.96,105.04,105.04
2020-11-13 14:00:00,104.96,104.998,104.866,104.879,104.96,104.96
2020-11-13 15:00:00,104.88,104.917,104.676,104.744,104.88,104.88
2020-11-13 16:00:00,104.742,104.792,104.708,104.774,104.742,104.742
2020-11-13 17:00:00,104.774,104.828,104.615,104.65,104.774,104.774
2020-11-13 18:00:00,104.651,104.682,104.603,104.612,104.651,104.651
2020-11-13 19:00:00,104.612,104.618,104.566,104.614,104.612,104.612
2020-11-13 20:00:00,104.614,104.657,104.592,104.652,104.614,104.614
2020-11-13 21:00:00,104.652,104.653,104.595,104.63,104.652,104.652
2020-11-13 22:00:00,104.631,104.66,104.589,104.647,104.631,104.631
2020-11-13 23:00:00,104.647,104.647,104.57,104.611,104.647,104.647
2020-11-16 00:00:00,104.713,104.734,104.552,104.649,104.713,104.758
2020-11-16 01:00:00,104.65,104.692,104.619,104.677,104.65,104.675
2020-11-16 02:00:00,104.677,104.721,104.643,104.686,104.677,104.678
2020-11-16 03:00:00,104.686,104.691,104.532,104.545,104.686,104.686
2020-11-16 04:00:00,104.545,104.552,104.501,104.532,104.545,104.546
2020-11-16 05:00:00,104.532,104.547,104.499,104.524,104.532,104.532
2020-11-16 06:00:00,104.524,104.557,104.486,104.547,104.524,104.524
2020-11-16 07:00:00,104.547,104.597,104.547,104.587,104.547,104.547
2020-11-16 08:00:00,104.587,104.592,104.538,104.56,104.587,104.588
2020-11-16 09:00:00,104.56,104.582,104.442,104.454,104.56,104.56
2020-11-16 10:00:00,104.454,104.466,104.363,104.382,104.454,104.454
2020-11-16 11:00:00,104.382,104.555,104.382,104.542,104.382,104.382
2020-11-16 12:00:00,104.543,104.694,104.518,104.664,104.543,104.543
2020-11-16 13:00:00,104.664,105.131,104.597,105.042,104.664,104.664
2020-11-16 14:00:00,105.042,105.077,104.853,104.899,105.042,105.042
2020-11-16 15:00:00,104.9,105.021,104.814,104.842,104.9,104.9
2020-11-16 16:00:00,104.842,104.867,104.538,104.586,104.842,104.843
2020-11-16 17:00:00,104.586,104.638,104.516,104.588,104.586,104.586
2020-11-16 18:00:00,104.588,104.604,104.525,104.544,104.588,104.588
2020-11-16 19:00:00,104.544,104.564,104.528,104.538,104.544,104.544
2020-11-16 20:00:00,104.539,104.564,104.497,104.561,104.539,104.539
2020-11-16 21:00:00,104.561,104.597,104.536,104.595,104.561,104.562
2020-11-16 22:00:00,104.595,104.595,104.553,104.565,104.595,104.595
2020-11-16 23:00:00,104.564,104.588,104.553,104.567,104.564,104.565
2020-11-17 00:00:00,104.574,104.599,104.563,104.579,104.574,104.584
2020-11-17 01:00:00,104.579,104.579,104.517,104.533,104.579,104.586
2020-11-17 02:00:00,104.532,104.532,104.423,104.487,104.532,104.533
2020-11-17 03:00:00,104.487,104.552,104.428,104.542,104.487,104.487
2020-11-17 04:00:00,104.542,104.549,104.48,104.496,104.542,104.542
2020-11-17 05:00:00,104.496,104.521,104.467,104.517,104.496,104.496
2020-11-17 06:00:00,104.517,104.535,104.477,104.493,104.517,104.517
2020-11-17 07:00:00,104.493,104.518,104.472,104.511,104.493,104.494
2020-11-17 08:00:00,104.512,104.559,104.491,104.558,104.512,104.512
2020-11-17 09:00:00,104.558,104.567,104.465,104.473,104.558,104.558
2020-11-17 10:00:00,104.474,104.486,104.255,104.269,104.474,104.474
2020-11-17 11:00:00,104.269,104.361,104.236,104.294,104.269,104.269
2020-11-17 12:00:00,104.294,104.377,104.262,104.294,104.294,104.294
2020-11-17 13:00:00,104.294,104.307,104.168,104.204,104.294,104.294
2020-11-17 14:00:00,104.204,104.281,104.203,104.231,104.204,104.204
2020-11-17 15:00:00,104.23,104.232,104.071,104.144,104.23,104.23
2020-11-17 16:00:00,104.144,104.241,104.082,104.082,104.144,104.144
2020-11-17 17:00:00,104.082,104.25,104.08,104.214,104.082,104.082
2020-11-17 18:00:00,104.215,104.246,104.186,104.209,104.215,104.215
2020-11-17 19:00:00,104.209,104.248,104.209,104.226,104.209,104.21
2020-11-17 20:00:00,104.226,104.246,104.186,104.208,104.226,104.226
2020-11-17 21:00:00,104.208,104.217,104.187,104.209,104.208,104.208
2020-11-17 22:00:00,104.209,104.212,104.185,104.197,104.209,104.209
2020-11-17 23:00:00,104.197,104.209,104.172,104.185,104.197,104.197
2020-11-18 00:00:00,104.188,104.206,104.161,104.186,104.188,104.216
2020-11-18 01:00:00,104.186,104.197,104.165,104.175,104.186,104.191
2020-11-18 02:00:00,104.175,104.175,104.038,104.072,104.175,104.177
2020-11-18 03:00:00,104.072,104.151,104.055,104.101,104.072,104.072
2020-11-18 04:00:00,104.101,104.142,104.097,104.105,104.101,104.101
2020-11-18 05:00:00,104.105,104.146,104.095,104.104,104.105,104.105
2020-11-18 06:00:00,104.104,104.124,104.079,104.079,104.104,104.104
2020-11-18 07:00:00,104.079,104.095,103.962,103.998,104.079,104.08
2020-11-18 08:00:00,103.998,104.041,103.935,103.96,103.998,103.998
2020-11-18 09:00:00,103.961,103.968,103.849,103.886,103.961,103.961
2020-11-18 10:00:00,103.886,103.986,103.845,103.959,103.886,103.886
2020-11-18 11:00:00,103.96,103.972,103.851,103.853,103.96,103.96
2020-11-18 12:00:00,103.853,103.894,103.793,103.856,103.853,103.853
2020-11-18 13:00:00,103.856,103.961,103.792,103.903,103.856,103.856
2020-11-18 14:00:00,103.903,104.101,103.903,103.918,103.903,103.903
2020-11-18 15:00:00,103.918,104.008,103.852,103.966,103.918,103.918
2020-11-18 16:00:00,103.966,103.966,103.857,103.863,103.966,103.966
2020-11-18 17:00:00,103.863,103.872,103.661,103.668,103.863,103.863
2020-11-18 18:00:00,103.668,103.746,103.652,103.72,103.668,103.668
2020-11-18 19:00:00,103.72,103.832,103.702,103.827,103.72,103.72
2020-11-18 20:00:00,103.827,103.87,103.769,103.787,103.827,103.827
2020-11-18 21:00:00,103.787,103.84,103.782,103.826,103.787,103.787
2020-11-18 22:00:00,103.826,103.88,103.819,103.855,103.826,103.826
2020-11-18 23:00:00,103.854,103.882,103.783,103.795,103.854,103.854
2020-11-19 00:00:00,103.828,103.836,103.736,103.821,103.828,103.844
2020-11-19 01:00:00,103.821,103.909,103.788,103.896,103.821,103.834
2020-11-19 02:00:00,103.896,103.982,103.827,103.852,103.896,103.897
2020-11-19 03:00:00,103.852,103.882,103.799,103.855,103.852,103.852
2020-11-19 04:00:00,103.855,103.855,103.777,103.783,103.855,103.856
2020-11-19 05:00:00,103.782,103.8,103.743,103.752,103.782,103.782
2020-11-19 06:00:00,103.753,103.782,103.718,103.771,103.753,103.753
2020-11-19 07:00:00,103.771,103.84,103.758,103.773,103.771,103.772
2020-11-19 08:00:00,103.773,103.904,103.761,103.87,103.773,103.775
2020-11-19 09:00:00,103.87,103.947,103.825,103.834,103.87,103.87
2020-11-19 10:00:00,103.834,103.966,103.813,103.934,103.834,103.834
2020-11-19 11:00:00,103.934,104.077,103.904,104.056,103.934,103.934
2020-11-19 12:00:00,104.057,104.217,104.013,104.12,104.057,104.057
2020-11-19 13:00:00,104.12,104.147,104.005,104.027,104.12,104.12
2020-11-19 14:00:00,104.027,104.043,103.945,104.021,104.027,104.027
2020-11-19 15:00:00,104.021,104.096,103.971,104.017,104.021,104.021
2020-11-19 16:00:00,104.017,104.09,103.976,103.985,104.017,104.017
2020-11-19 17:00:00,103.985,103.992,103.827,103.893,103.985,103.986
2020-11-19 18:00:00,103.892,103.925,103.845,103.854,103.892,103.892
2020-11-19 19:00:00,103.855,103.87,103.792,103.825,103.855,103.855
2020-11-19 20:00:00,103.825,103.837,103.798,103.81,103.825,103.825
2020-11-19 21:00:00,103.81,103.822,103.747,103.788,103.81,103.81
2020-11-19 22:00:00,103.79,103.827,103.763,103.768,103.79,103.79
2020-11-19 23:00:00,103.768,103.782,103.733,103.745,103.768,103.768
2020-11-20 00:00:00,103.735,103.798,103.731,103.764,103.735,103.738
2020-11-20 01:00:00,103.771,103.844,103.756,103.809,103.771,103.803
2020-11-20 02:00:00,103.809,103.898,103.77,103.843,103.809,103.811
2020-11-20 03:00:00,103.843,103.883,103.818,103.871,103.843,103.844
2020-11-20 04:00:00,103.87,103.912,103.826,103.831,103.87,103.871
2020-11-20 05:00:00,103.831,103.843,103.8,103.816,103.831,103.832
2020-11-20 06:00:00,103.816,103.832,103.796,103.813,103.816,103.816
2020-11-20 07:00:00,103.813,103.858,103.769,103.785,103.813,103.813
2020-11-20 08:00:00,103.785,103.826,103.744,103.764,103.785,103.786
2020-11-20 09:00:00,103.764,103.879,103.746,103.871,103.764,103.764
2020-11-20 10:00:00,103.871,103.888,103.787,103.799,103.871,103.871
2020-11-20 11:00:00,103.799,103.807,103.765,103.8,103.799,103.799
2020-11-20 12:00:00,103.8,103.852,103.784,103.83,103.8,103.801
2020-11-20 13:00:00,103.83,103.85,103.77,103.802,103.83,103.83
2020-11-20 14:00:00,103.802,103.832,103.771,103.797,103.802,103.802
2020-11-20 15:00:00,103.797,103.862,103.788,103.798,103.797,103.797
2020-11-20 16:00:00,103.798,103.81,103.702,103.776,103.798,103.798
2020-11-20 17:00:00,103.776,103.817,103.704,103.804,103.776,103.777
2020-11-20 18:00:00,103.804,103.859,103.802,103.817,103.804,103.804
2020-11-20 19:00:00,103.817,103.856,103.806,103.836,103.817,103.817
2020-11-20 20:00:00,103.836,103.857,103.814,103.824,103.836,103.836
2020-11-20 21:00:00,103.824,103.846,103.809,103.823,103.824,103.824
2020-11-20 22:00:00,103.823,103.844,103.812,103.822,103.823,103.823
2020-11-20 23:00:00,103.822,103.846,103.805,103.834,103.822,103.822
2020-11-23 00:00:00,103.764,103.821,103.742,103.813,103.764,103.842
2020-11-23 01:00:00,103.813,103.865,103.811,103.82,103.813,103.838
2020-11-23 02:00:00,103.82,103.854,103.788,103.794,103.82,103.821
2020-11-23 03:00:00,103.795,103.799,103.717,103.752,103.795,103.796
2020-11-23 04:00:00,103.753,103.768,103.73,103.74,103.753,103.753
2020-11-23 05:00:00,103.74,103.762,103.732,103.758,103.74,103.741
2020-11-23 06:00:00,103.758,103.768,103.744,103.749,103.758,103.758
2020-11-23 07:00:00,103.75,103.762,103.733,103.748,103.75,103.75
2020-11-23 08:00:00,103.747,103.777,103.742,103.768,103.747,103.748
2020-11-23 09:00:00,103.768,103.849,103.768,103.813,103.768,103.768
2020-11-23 10:00:00,103.812,103.827,103.75,103.815,103.812,103.812
2020-11-23 11:00:00,103.817,103.824,103.754,103.794,103.817,103.817
2020-11-23 12:00:00,103.794,103.803,103.687,103.7,103.794,103.794
2020-11-23 13:00:00,103.7,103.741,103.684,103.712,103.7,103.7
2020-11-23 14:00:00,103.712,103.74,103.702,103.72,103.712,103.712
2020-11-23 15:00:00,103.72,103.772,103.709,103.721,103.72,103.72
2020-11-23 16:00:00,103.72,104.099,103.696,104.044,103.72,103.72
2020-11-23 17:00:00,104.044,104.5,104.044,104.485,104.044,104.044
2020-11-23 18:00:00,104.484,104.638,104.415,104.416,104.484,104.484
2020-11-23 19:00:00,104.416,104.44,104.275,104.342,104.416,104.416
2020-11-23 20:00:00,104.342,104.454,104.303,104.435,104.342,104.342
2020-11-23 21:00:00,104.435,104.579,104.42,104.494,104.435,104.435
2020-11-23 22:00:00,104.494,104.569,104.452,104.568,104.494,104.494
2020-11-23 23:00:00,104.568,104.59,104.527,104.551,104.568,104.568
2020-11-24 00:00:00,104.432,104.537,104.397,104.491,104.432,104.532
2020-11-24 01:00:00,104.491,104.552,104.451,104.531,104.491,104.506
2020-11-24 02:00:00,104.531,104.648,104.521,104.606,104.531,104.531
2020-11-24 03:00:00,104.606,104.606,104.498,104.571,104.606,104.606
2020-11-24 04:00:00,104.57,104.585,104.536,104.56,104.57,104.573
2020-11-24 05:00:00,104.56,104.58,104.543,104.564,104.56,104.56
2020-11-24 06:00:00,104.563,104.58,104.511,104.512,104.563,104.563
2020-11-24 07:00:00,104.512,104.517,104.346,104.366,104.512,104.512
2020-11-24 08:00:00,104.366,104.444,104.363,104.443,104.366,104.366
2020-11-24 09:00:00,104.443,104.477,104.412,104.461,104.443,104.443
2020-11-24 10:00:00,104.462,104.471,104.249,104.296,104.462,104.462
2020-11-24 11:00:00,104.296,104.317,104.147,104.212,104.296,104.296
2020-11-24 12:00:00,104.212,104.308,104.194,104.279,104.212,104.213
2020-11-24 13:00:00,104.279,104.438,104.27,104.428,104.279,104.28
2020-11-24 14:00:00,104.429,104.604,104.394,104.532,104.429,104.429
2020-11-24 15:00:00,104.532,104.688,104.528,104.674,104.532,104.532
2020-11-24 16:00:00,104.674,104.762,104.604,104.688,104.674,104.674
2020-11-24 17:00:00,104.688,104.733,104.63,104.668,104.688,104.688
2020-11-24 18:00:00,104.668,104.696,104.564,104.612,104.668,104.668
2020-11-24 19:00:00,104.612,104.661,104.6,104.627,104.612,104.612
2020-11-24 20:00:00,104.628,104.65,104.527,104.545,104.628,104.628
2020-11-24 21:00:00,104.545,104.57,104.538,104.565,104.545,104.545
2020-11-24 22:00:00,104.566,104.569,104.433,104.443,104.566,104.566
2020-11-24 23:00:00,104.443,104.474,104.424,104.444,104.443,104.443
2020-11-25 00:00:00,104.445,104.49,104.426,104.47,104.445,104.456
2020-11-25 01:00:00,104.478,104.548,104.469,104.509,104.478,104.495
2020-11-25 02:00:00,104.51,104.535,104.454,104.497,104.51,104.511
2020-11-25 03:00:00,104.497,104.538,104.457,104.526,104.497,104.498
2020-11-25 04:00:00,104.526,104.6,104.526,104.526,104.526,104.526
2020-11-25 05:00:00,104.526,104.535,104.467,104.498,104.526,104.528
2020-11-25 06:00:00,104.498,104.515,104.452,104.464,104.498,104.498
2020-11-25 07:00:00,104.464,104.488,104.431,104.48,104.464,104.464
2020-11-25 08:00:00,104.48,104.539,104.474,104.494,104.48,104.48
2020-11-25 09:00:00,104.495,104.551,104.431,104.472,104.495,104.495
2020-11-25 10:00:00,104.472,104.485,104.356,104.409,104.472,104.473
2020-11-25 11:00:00,104.409,104.448,104.348,104.35,104.409,104.409
2020-11-25 12:00:00,104.351,104.461,104.344,104.456,104.351,104.351
2020-11-25 13:00:00,104.456,104.521,104.444,104.493,104.456,104.456
2020-11-25 14:00:00,104.493,104.514,104.396,104.403,104.493,104.494
2020-11-25 15:00:00,104.403,104.461,104.366,104.405,104.403,104.403
2020-11-25 16:00:00,104.406,104.448,104.272,104.318,104.406,104.406
2020-11-25 17:00:00,104.319,104.431,104.258,104.408,104.319,104.319
2020-11-25 18:00:00,104.408,104.427,104.343,104.387,104.408,104.408
2020-11-25 19:00:00,104.387,104.389,104.321,104.339,104.387,104.387
2020-11-25 20:00:00,104.339,104.41,104.32,104.39,104.339,104.339
2020-11-25 21:00:00,104.389,104.431,104.355,104.425,104.389,104.389
2020-11-25 22:00:00,104.424,104.456,104.398,104.419,104.424,104.424
2020-11-25 23:00:00,104.419,104.472,104.419,104.464,104.419,104.419
2020-11-26 00:00:00,104.456,104.475,104.438,104.444,104.456,104.479
2020-11-26 01:00:00,104.444,104.451,104.391,104.403,104.444,104.456
2020-11-26 02:00:00,104.403,104.404,104.327,104.336,104.403,104.405
2020-11-26 03:00:00,104.336,104.354,104.298,104.333,104.336,104.337
2020-11-26 04:00:00,104.333,104.363,104.258,104.269,104.333,104.333
2020-11-26 05:00:00,104.267,104.337,104.264,104.337,104.267,104.267
2020-11-26 06:00:00,104.337,104.338,104.3,104.307,104.337,104.337
2020-11-26 07:00:00,104.306,104.36,104.29,104.356,104.306,104.306
2020-11-26 08:00:00,104.356,104.357,104.313,104.319,104.356,104.356
2020-11-26 09:00:00,104.319,104.344,104.27,104.326,104.319,104.319
2020-11-26 10:00:00,104.326,104.353,104.223,104.245,104.326,104.326
2020-11-26 11:00:00,104.245,104.275,104.224,104.266,104.245,104.247
2020-11-26 12:00:00,104.266,104.3,104.237,104.279,104.266,104.266
2020-11-26 13:00:00,104.279,104.296,104.239,104.248,104.279,104.279
2020-11-26 14:00:00,104.248,104.274,104.242,104.255,104.248,104.248
2020-11-26 15:00:00,104.254,104.272,104.23,104.257,104.254,104.254
2020-11-26 16:00:00,104.257,104.301,104.256,104.295,104.257,104.257
2020-11-26 17:00:00,104.295,104.322,104.276,104.284,104.295,104.296
2020-11-26 18:00:00,104.284,104.288,104.246,104.248,104.284,104.284
2020-11-26 19:00:00,104.248,104.264,104.218,104.264,104.248,104.248
2020-11-26 20:00:00,104.264,104.285,104.237,104.249,104.264,104.264
2020-11-26 21:00:00,104.249,104.25,104.233,104.243,104.249,104.25
2020-11-26 22:00:00,104.243,104.27,104.242,104.247,104.243,104.245
2020-11-26 23:00:00,104.247,104.267,104.234,104.244,104.247,104.248
2020-11-27 00:00:00,104.258,104.281,104.233,104.259,104.258,104.28
2020-11-27 01:00:00,104.259,104.267,104.23,104.258,104.259,104.272
2020-11-27 02:00:00,104.26,104.272,104.106,104.118,104.26,104.26
2020-11-27 03:00:00,104.118,104.136,104.004,104.03,104.118,104.119
2020-11-27 04:00:00,104.03,104.107,104.025,104.076,104.03,104.031
2020-11-27 05:00:00,104.076,104.097,103.933,103.943,104.076,104.076
2020-11-27 06:00:00,103.943,103.985,103.922,103.948,103.943,103.943
2020-11-27 07:00:00,103.948,103.968,103.908,103.942,103.948,103.95
2020-11-27 08:00:00,103.942,104.052,103.937,104.039,103.942,103.943
2020-11-27 09:00:00,104.04,104.108,104.013,104.07,104.04,104.04
2020-11-27 10:00:00,104.07,104.079,103.999,104.013,104.07,104.07
2020-11-27 11:00:00,104.013,104.053,103.964,104.038,104.013,104.013
2020-11-27 12:00:00,104.038,104.124,104.011,104.109,104.038,104.038
2020-11-27 13:00:00,104.109,104.151,104.084,104.144,104.109,104.11
2020-11-27 14:00:00,104.144,104.213,104.13,104.154,104.144,104.144
2020-11-27 15:00:00,104.154,104.209,104.139,104.157,104.154,104.155
2020-11-27 16:00:00,104.156,104.181,104.035,104.08,104.156,104.158
2020-11-27 17:00:00,104.08,104.116,103.967,104.021,104.08,104.081
2020-11-27 18:00:00,104.021,104.079,103.976,104.066,104.021,104.021
2020-11-27 19:00:00,104.066,104.072,104.026,104.029,104.066,104.067
2020-11-27 20:00:00,104.031,104.056,104.028,104.041,104.031,104.031
2020-11-27 21:00:00,104.041,104.051,104.029,104.036,104.041,104.042
2020-11-27 22:00:00,104.036,104.07,104.02,104.064,104.036,104.037
2020-11-27 23:00:00,104.063,104.122,104.047,104.087,104.063,104.067
2020-11-30 00:00:00,104.02,104.078,103.999,104.037,104.02,104.12
2020-11-30 01:00:00,104.053,104.16,104.022,104.088,104.053,104.077
2020-11-30 02:00:00,104.088,104.109,103.846,103.881,104.088,104.09
2020-11-30 03:00:00,103.881,103.903,103.831,103.867,103.881,103.883
2020-11-30 04:00:00,103.867,103.926,103.853,103.918,103.867,103.867
2020-11-30 05:00:00,103.918,103.942,103.881,103.926,103.918,103.919
2020-11-30 06:00:00,103.926,103.933,103.862,103.88,103.926,103.927
2020-11-30 07:00:00,103.88,103.885,103.847,103.857,103.88,103.881
2020-11-30 08:00:00,103.856,103.958,103.836,103.957,103.856,103.858
2020-11-30 09:00:00,103.957,104.048,103.946,104.028,103.957,103.957
2020-11-30 10:00:00,104.028,104.222,104.028,104.215,104.028,104.028
2020-11-30 11:00:00,104.215,104.35,104.026,104.035,104.215,104.215
2020-11-30 12:00:00,104.035,104.048,103.955,104.014,104.035,104.035
2020-11-30 13:00:00,104.014,104.026,103.91,104.019,104.014,104.014
2020-11-30 14:00:00,104.019,104.162,104.009,104.128,104.019,104.02
2020-11-30 15:00:00,104.128,104.192,104.102,104.172,104.128,104.128
2020-11-30 16:00:00,104.172,104.313,104.14,104.254,104.172,104.172
2020-11-30 17:00:00,104.254,104.308,104.071,104.29,104.254,104.254
2020-11-30 18:00:00,104.291,104.387,104.224,104.373,104.291,104.291
2020-11-30 19:00:00,104.374,104.384,104.283,104.286,104.374,104.374
2020-11-30 20:00:00,104.286,104.305,104.248,104.289,104.286,104.286
2020-11-30 21:00:00,104.289,104.348,104.279,104.333,104.289,104.289
2020-11-30 22:00:00,104.333,104.4,104.315,104.399,104.333,104.333
2020-11-30 23:00:00,104.399,104.409,104.303,104.312,104.399,104.399
2020-12-01 00:00:00,104.292,104.366,104.237,104.331,104.292,104.315
2020-12-01 01:00:00,104.332,104.364,104.272,104.306,104.332,104.365
2020-12-01 02:00:00,104.306,104.374,104.246,104.284,104.306,104.306
2020-12-01 03:00:00,104.284,104.368,104.27,104.354,104.284,104.284
2020-12-01 04:00:00,104.354,104.377,104.323,104.351,104.354,104.354
2020-12-01 05:00:00,104.351,104.462,104.345,104.432,104.351,104.352
2020-12-01 06:00:00,104.432,104.445,104.362,104.374,104.432,104.432
2020-12-01 07:00:00,104.376,104.416,104.367,104.378,104.376,104.376
2020-12-01 08:00:00,104.378,104.389,104.348,104.366,104.378,104.378
2020-12-01 09:00:00,104.366,104.377,104.302,104.334,104.366,104.367
2020-12-01 10:00:00,104.334,104.346,104.182,104.232,104.334,104.335
2020-12-01 11:00:00,104.232,104.295,104.208,104.28,104.232,104.232
2020-12-01 12:00:00,104.28,104.39,104.275,104.378,104.28,104.28
2020-12-01 13:00:00,104.378,104.435,104.367,104.377,104.378,104.379
2020-12-01 14:00:00,104.377,104.413,104.341,104.388,104.377,104.377
2020-12-01 15:00:00,104.388,104.392,104.308,104.334,104.388,104.388
2020-12-01 16:00:00,104.334,104.499,104.324,104.47,104.334,104.334
2020-12-01 17:00:00,104.471,104.578,104.436,104.476,104.471,104.476
2020-12-01 18:00:00,104.476,104.49,104.328,104.404,104.476,104.476
2020-12-01 19:00:00,104.404,104.406,104.312,104.326,104.404,104.406
2020-12-01 20:00:00,104.326,104.386,104.318,104.383,104.326,104.326
2020-12-01 21:00:00,104.383,104.43,104.362,104.405,104.383,104.383
2020-12-01 22:00:00,104.405,104.408,104.294,104.302,104.405,104.405
2020-12-01 23:00:00,104.303,104.34,104.29,104.308,104.303,104.303
2020-12-02 00:00:00,104.309,104.329,104.289,104.311,104.309,104.341
2020-12-02 01:00:00,104.311,104.336,104.257,104.299,104.311,104.326
2020-12-02 02:00:00,104.299,104.363,104.225,104.34,104.299,104.3
2020-12-02 03:00:00,104.34,104.45,104.329,104.432,104.34,104.34
2020-12-02 04:00:00,104.432,104.459,104.374,104.426,104.432,104.433
2020-12-02 05:00:00,104.426,104.429,104.37,104.384,104.426,104.427
2020-12-02 06:00:00,104.384,104.392,104.344,104.388,104.384,104.384
2020-12-02 07:00:00,104.388,104.464,104.379,104.433,104.388,104.388
2020-12-02 08:00:00,104.433,104.488,104.426,104.488,104.433,104.433
2020-12-02 09:00:00,104.488,104.585,104.454,104.562,104.488,104.488
2020-12-02 10:00:00,104.562,104.656,104.502,104.638,104.562,104.562
2020-12-02 11:00:00,104.639,104.704,104.587,104.694,104.639,104.639
2020-12-02 12:00:00,104.694,104.721,104.646,104.676,104.694,104.694
2020-12-02 13:00:00,104.676,104.741,104.66,104.73,104.676,104.676
2020-12-02 14:00:00,104.73,104.75,104.651,104.655,104.73,104.73
2020-12-02 15:00:00,104.655,104.659,104.521,104.617,104.655,104.656
2020-12-02 16:00:00,104.617,104.618,104.462,104.502,104.617,104.618
2020-12-02 17:00:00,104.502,104.602,104.423,104.584,104.502,104.502
2020-12-02 18:00:00,104.584,104.593,104.508,104.519,104.584,104.584
2020-12-02 19:00:00,104.519,104.531,104.47,104.512,104.519,104.519
2020-12-02 20:00:00,104.512,104.528,104.469,104.494,104.512,104.512
2020-12-02 21:00:00,104.494,104.584,104.492,104.553,104.494,104.494
2020-12-02 22:00:00,104.552,104.554,104.487,104.506,104.552,104.552
2020-12-02 23:00:00,104.506,104.515,104.4,104.412,104.506,104.506
2020-12-03 00:00:00,104.406,104.439,104.386,104.424,104.406,104.422
2020-12-03 01:00:00,104.424,104.49,104.422,104.448,104.424,104.431
2020-12-03 02:00:00,104.448,104.53,104.433,104.504,104.448,104.449
2020-12-03 03:00:00,104.504,104.535,104.415,104.516,104.504,104.504
2020-12-03 04:00:00,104.516,104.523,104.44,104.446,104.516,104.516
2020-12-03 05:00:00,104.446,104.469,104.426,104.442,104.446,104.446
2020-12-03 06:00:00,104.442,104.496,104.433,104.467,104.442,104.443
2020-12-03 07:00:00,104.467,104.477,104.428,104.455,104.467,104.467
2020-12-03 08:00:00,104.455,104.486,104.432,104.448,104.455,104.456
2020-12-03 09:00:00,104.449,104.449,104.295,104.311,104.449,104.449
2020-12-03 10:00:00,104.311,104.353,104.248,104.27,104.311,104.311
2020-12-03 11:00:00,104.27,104.336,104.229,104.273,104.27,104.27
2020-12-03 12:00:00,104.273,104.31,104.231,104.286,104.273,104.274
2020-12-03 13:00:00,104.286,104.34,104.269,104.282,104.286,104.286
2020-12-03 14:00:00,104.282,104.296,104.065,104.085,104.282,104.283
2020-12-03 15:00:00,104.086,104.127,104.022,104.044,104.086,104.087
2020-12-03 16:00:00,104.044,104.067,103.796,103.81,104.044,104.045
2020-12-03 17:00:00,103.81,103.817,103.671,103.75,103.81,103.811
2020-12-03 18:00:00,103.75,103.84,103.742,103.772,103.75,103.75
2020-12-03 19:00:00,103.773,103.888,103.76,103.882,103.773,103.773
2020-12-03 20:00:00,103.882,103.995,103.877,103.95,103.882,103.882
2020-12-03 21:00:00,103.95,103.986,103.916,103.96,103.95,103.95
2020-12-03 22:00:00,103.96,103.965,103.875,103.886,103.96,103.961
2020-12-03 23:00:00,103.886,103.896,103.831,103.844,103.886,103.886
2020-12-04 00:00:00,103.83,103.886,103.811,103.85,103.83,103.839
2020-12-04 01:00:00,103.85,103.87,103.798,103.833,103.85,103.875
2020-12-04 02:00:00,103.835,103.857,103.738,103.811,103.835,103.835
2020-12-04 03:00:00,103.811,103.843,103.773,103.83,103.811,103.811
2020-12-04 04:00:00,103.83,103.882,103.817,103.874,103.83,103.83
2020-12-04 05:00:00,103.874,103.874,103.831,103.852,103.874,103.874
2020-12-04 06:00:00,103.853,103.919,103.841,103.912,103.853,103.853
2020-12-04 07:00:00,103.912,103.988,103.907,103.976,103.912,103.912
2020-12-04 08:00:00,103.976,103.976,103.839,103.865,103.976,103.976
2020-12-04 09:00:00,103.865,103.926,103.826,103.893,103.865,103.865
2020-12-04 10:00:00,103.893,104.035,103.892,104.015,103.893,103.894
2020-12-04 11:00:00,104.015,104.046,103.926,103.958,104.015,104.015
2020-12-04 12:00:00,103.958,104.074,103.93,103.998,103.958,103.959
2020-12-04 13:00:00,103.998,104.034,103.958,103.99,103.998,103.998
2020-12-04 14:00:00,103.99,104.001,103.921,103.994,103.99,103.99
2020-12-04 15:00:00,103.994,104.115,103.825,104.016,103.994,103.994
2020-12-04 16:00:00,104.016,104.066,103.896,104.013,104.016,104.016
2020-12-04 17:00:00,104.013,104.246,104.006,104.203,104.013,104.014
2020-12-04 18:00:00,104.204,104.243,104.13,104.159,104.204,104.204
2020-12-04 19:00:00,104.159,104.16,104.088,104.117,104.159,104.159
2020-12-04 20:00:00,104.117,104.139,104.071,104.139,104.117,104.117
2020-12-04 21:00:00,104.139,104.162,104.093,104.097,104.139,104.139
2020-12-04 22:00:00,104.097,104.182,104.097,104.163,104.097,104.097
2020-12-04 23:00:00,104.163,104.203,104.146,104.19,104.163,104.163
2020-12-07 00:00:00,104.092,104.192,104.036,104.179,104.092,104.192
2020-12-07 01:00:00,104.18,104.237,104.178,104.208,104.18,104.2
2020-12-07 02:00:00,104.208,104.209,104.078,104.094,104.208,104.209
2020-12-07 03:00:00,104.094,104.139,104.008,104.039,104.094,104.094
2020-12-07 04:00:00,104.038,104.048,103.965,104.008,104.038,104.038
2020-12-07 05:00:00,104.008,104.038,103.943,103.963,104.008,104.009
2020-12-07 06:00:00,103.963,104.024,103.956,104.019,103.963,103.963
2020-12-07 07:00:00,104.019,104.093,103.986,104.086,104.019,104.02
2020-12-07 08:00:00,104.086,104.168,104.077,104.109,104.086,104.086
2020-12-07 09:00:00,104.109,104.16,104.073,104.133,104.109,104.109
2020-12-07 10:00:00,104.133,104.286,104.131,104.226,104.133,104.133
2020-12-07 11:00:00,104.226,104.313,104.226,104.29,104.226,104.227
2020-12-07 12:00:00,104.29,104.312,104.195,104.197,104.29,104.29
2020-12-07 13:00:00,104.197,104.264,104.165,104.242,104.197,104.197
2020-12-07 14:00:00,104.242,104.263,104.156,104.165,104.242,104.242
2020-12-07 15:00:00,104.165,104.18,104.026,104.036,104.165,104.165
2020-12-07 16:00:00,104.036,104.1,103.939,104.039,104.036,104.037
2020-12-07 17:00:00,104.039,104.126,104.023,104.048,104.039,104.04
2020-12-07 18:00:00,104.048,104.054,103.924,104.013,104.048,104.048
2020-12-07 19:00:00,104.014,104.02,103.942,103.987,104.014,104.014
2020-12-07 20:00:00,103.987,104.07,103.956,104.007,103.987,103.987
2020-12-07 21:00:00,104.007,104.018,103.963,103.978,104.007,104.008
2020-12-07 22:00:00,103.978,104.067,103.968,104.066,103.978,103.978
2020-12-07 23:00:00,104.068,104.068,104.016,104.05,104.068,104.068
2020-12-08 00:00:00,104.051,104.078,104.035,104.039,104.051,104.06
2020-12-08 01:00:00,104.039,104.044,103.979,104.007,104.039,104.048
2020-12-08 02:00:00,104.007,104.071,103.956,104.058,104.007,104.01
2020-12-08 03:00:00,104.058,104.091,104.018,104.044,104.058,104.058
2020-12-08 04:00:00,104.044,104.066,104.035,104.046,104.044,104.045
2020-12-08 05:00:00,104.046,104.05,104.02,104.035,104.046,104.047
2020-12-08 06:00:00,104.034,104.048,104.022,104.041,104.034,104.034
2020-12-08 07:00:00,104.041,104.084,104.035,104.043,104.041,104.042
2020-12-08 08:00:00,104.044,104.122,104.028,104.101,104.044,104.044
2020-12-08 09:00:00,104.101,104.144,104.068,104.08,104.101,104.101
2020-12-08 10:00:00,104.08,104.111,104.025,104.063,104.08,104.08
2020-12-08 11:00:00,104.063,104.078,103.999,104.002,104.063,104.063
2020-12-08 12:00:00,104.002,104.109,103.966,104.073,104.002,104.002
2020-12-08 13:00:00,104.073,104.104,104.055,104.103,104.073,104.073
2020-12-08 14:00:00,104.103,104.18,104.068,104.148,104.103,104.104
2020-12-08 15:00:00,104.148,104.164,104.027,104.104,104.148,104.148
2020-12-08 16:00:00,104.104,104.128,104.026,104.112,104.104,104.104
2020-12-08 17:00:00,104.111,104.207,104.076,104.125,104.111,104.111
2020-12-08 18:00:00,104.126,104.175,104.114,104.142,104.126,104.126
2020-12-08 19:00:00,104.142,104.16,104.113,104.125,104.142,104.142
2020-12-08 20:00:00,104.125,104.172,104.118,104.164,104.125,104.126
2020-12-08 21:00:00,104.164,104.176,104.143,104.174,104.164,104.165
2020-12-08 22:00:00,104.174,104.185,104.146,104.162,104.174,104.174
2020-12-08 23:00:00,104.163,104.181,104.148,104.164,104.163,104.164
2020-12-09 00:00:00,104.158,104.173,104.123,104.158,104.158,104.165
2020-12-09 01:00:00,104.158,104.178,104.131,104.141,104.158,104.165
2020-12-09 02:00:00,104.141,104.172,104.106,104.142,104.141,104.143
2020-12-09 03:00:00,104.142,104.17,104.125,104.137,104.142,104.142
2020-12-09 04:00:00,104.137,104.173,104.128,104.146,104.137,104.138
2020-12-09 05:00:00,104.146,104.154,104.123,104.153,104.146,104.146
2020-12-09 06:00:00,104.153,104.153,104.117,104.135,104.153,104.153
2020-12-09 07:00:00,104.135,104.162,104.129,104.154,104.135,104.136
2020-12-09 08:00:00,104.154,104.193,104.144,104.186,104.154,104.154
2020-12-09 09:00:00,104.186,104.244,104.183,104.221,104.186,104.187
2020-12-09 10:00:00,104.221,104.252,104.163,104.172,104.221,104.221
2020-12-09 11:00:00,104.172,104.2,104.062,104.09,104.172,104.172
2020-12-09 12:00:00,104.09,104.122,104.054,104.103,104.09,104.09
2020-12-09 13:00:00,104.103,104.163,104.084,104.131,104.103,104.103
2020-12-09 14:00:00,104.131,104.156,104.107,104.12,104.131,104.132
2020-12-09 15:00:00,104.12,104.156,104.083,104.152,104.12,104.12
2020-12-09 16:00:00,104.152,104.241,104.136,104.235,104.152,104.152
2020-12-09 17:00:00,104.235,104.266,104.174,104.202,104.235,104.237
2020-12-09 18:00:00,104.202,104.307,104.201,104.281,104.202,104.202
2020-12-09 19:00:00,104.281,104.406,104.273,104.344,104.281,104.281
2020-12-09 20:00:00,104.344,104.358,104.232,104.3,104.344,104.344
2020-12-09 21:00:00,104.3,104.312,104.224,104.224,104.3,104.3
2020-12-09 22:00:00,104.225,104.253,104.185,104.207,104.225,104.225
2020-12-09 23:00:00,104.207,104.238,104.201,104.235,104.207,104.207
2020-12-10 00:00:00,104.212,104.287,104.143,104.279,104.212,104.254
2020-12-10 01:00:00,104.279,104.309,104.231,104.286,104.279,104.292
2020-12-10 02:00:00,104.286,104.307,104.25,104.269,104.286,104.287
2020-12-10 03:00:00,104.269,104.283,104.244,104.279,104.269,104.27
2020-12-10 04:00:00,104.279,104.458,104.279,104.428,104.279,104.28
2020-12-10 05:00:00,104.428,104.502,104.423,104.434,104.428,104.428
2020-12-10 06:00:00,104.434,104.437,104.382,104.423,104.434,104.435
2020-12-10 07:00:00,104.423,104.444,104.394,104.416,104.423,104.423
2020-12-10 08:00:00,104.416,104.466,104.416,104.459,104.416,104.416
2020-12-10 09:00:00,104.459,104.508,104.458,104.48,104.459,104.459
2020-12-10 10:00:00,104.479,104.58,104.479,104.53,104.479,104.48
2020-12-10 11:00:00,104.53,104.558,104.437,104.46,104.53,104.53
2020-12-10 12:00:00,104.46,104.5,104.428,104.481,104.46,104.461
2020-12-10 13:00:00,104.481,104.546,104.458,104.54,104.481,104.481
2020-12-10 14:00:00,104.54,104.564,104.445,104.446,104.54,104.54
2020-12-10 15:00:00,104.446,104.461,104.318,104.372,104.446,104.446
2020-12-10 16:00:00,104.372,104.428,104.251,104.258,104.372,104.372
2020-12-10 17:00:00,104.258,104.409,104.226,104.39,104.258,104.258
2020-12-10 18:00:00,104.39,104.428,104.284,104.305,104.39,104.39
2020-12-10 19:00:00,104.305,104.307,104.215,104.305,104.305,104.305
2020-12-10 20:00:00,104.305,104.338,104.236,104.29,104.305,104.305
2020-12-10 21:00:00,104.29,104.294,104.188,104.191,104.29,104.29
2020-12-10 22:00:00,104.191,104.212,104.174,104.202,104.191,104.191
2020-12-10 23:00:00,104.202,104.241,104.2,104.216,104.202,104.202
2020-12-11 00:00:00,104.241,104.277,104.213,104.234,104.241,104.266
2020-12-11 01:00:00,104.234,104.269,104.177,104.18,104.234,104.24
2020-12-11 02:00:00,104.18,104.18,103.978,104.005,104.18,104.181
2020-12-11 03:00:00,104.005,104.007,103.927,103.992,104.005,104.005
2020-12-11 04:00:00,103.992,104.008,103.938,103.954,103.992,103.992
2020-12-11 05:00:00,103.954,104.059,103.948,104.052,103.954,103.954
2020-12-11 06:00:00,104.052,104.058,104.016,104.02,104.052,104.053
2020-12-11 07:00:00,104.02,104.026,103.99,104.006,104.02,104.021
2020-12-11 08:00:00,104.006,104.055,104.006,104.044,104.006,104.008
2020-12-11 09:00:00,104.044,104.093,103.999,104.068,104.044,104.044
2020-12-11 10:00:00,104.068,104.15,104.041,104.117,104.068,104.068
2020-12-11 11:00:00,104.118,104.14,103.998,104.032,104.118,104.118
2020-12-11 12:00:00,104.033,104.098,103.949,104.091,104.033,104.033
2020-12-11 13:00:00,104.091,104.14,104.072,104.096,104.091,104.091
2020-12-11 14:00:00,104.096,104.135,104.076,104.12,104.096,104.097
2020-12-11 15:00:00,104.12,104.155,104.031,104.048,104.12,104.12
2020-12-11 16:00:00,104.048,104.073,103.977,103.988,104.048,104.048
2020-12-11 17:00:00,103.989,103.993,103.824,103.946,103.989,103.989
2020-12-11 18:00:00,103.946,103.953,103.862,103.872,103.946,103.946
2020-12-11 19:00:00,103.872,103.929,103.872,103.916,103.872,103.872
2020-12-11 20:00:00,103.915,104.036,103.91,104.013,103.915,103.915
2020-12-11 21:00:00,104.012,104.047,104.001,104.007,104.012,104.012
2020-12-11 22:00:00,104.008,104.059,104.001,104.038,104.008,104.008
2020-12-11 23:00:00,104.038,104.047,104.004,104.023,104.038,104.039
2020-12-14 00:00:00,103.947,104.009,103.849,103.93,103.947,104.021
2020-12-14 01:00:00,103.93,104.017,103.903,103.965,103.93,103.962
2020-12-14 02:00:00,103.965,104.046,103.89,104.028,103.965,103.966
2020-12-14 03:00:00,104.028,104.062,103.952,104.006,104.028,104.028
2020-12-14 04:00:00,104.006,104.017,103.955,103.979,104.006,104.006
2020-12-14 05:00:00,103.98,104.006,103.958,103.987,103.98,103.98
2020-12-14 06:00:00,103.987,104.054,103.986,104.052,103.987,103.988
2020-12-14 07:00:00,104.052,104.058,104.019,104.031,104.052,104.052
2020-12-14 08:00:00,104.03,104.033,103.974,103.982,104.03,104.032
2020-12-14 09:00:00,103.982,103.992,103.915,103.921,103.982,103.982
2020-12-14 10:00:00,103.921,103.958,103.837,103.866,103.921,103.921
2020-12-14 11:00:00,103.866,103.894,103.748,103.752,103.866,103.866
2020-12-14 12:00:00,103.752,103.766,103.697,103.723,103.752,103.752
2020-12-14 13:00:00,103.723,103.812,103.717,103.758,103.723,103.724
2020-12-14 14:00:00,103.758,103.762,103.614,103.715,103.758,103.758
2020-12-14 15:00:00,103.715,103.755,103.548,103.561,103.715,103.715
2020-12-14 16:00:00,103.561,103.749,103.512,103.706,103.561,103.561
2020-12-14 17:00:00,103.706,104.104,103.7,104.085,103.706,103.706
2020-12-14 18:00:00,104.085,104.091,104.019,104.069,104.085,104.085
2020-12-14 19:00:00,104.069,104.088,104.009,104.011,104.069,104.069
2020-12-14 20:00:00,104.011,104.094,104.01,104.081,104.011,104.011
2020-12-14 21:00:00,104.081,104.09,104.049,104.066,104.081,104.082
2020-12-14 22:00:00,104.066,104.068,104.031,104.032,104.066,104.066
2020-12-14 23:00:00,104.032,104.045,103.992,104.035,104.032,104.033
2020-12-15 00:00:00,104.03,104.07,103.985,104.015,104.03,104.06
2020-12-15 01:00:00,104.015,104.039,104.002,104.008,104.015,104.032
2020-12-15 02:00:00,104.008,104.118,103.99,104.104,104.008,104.01
2020-12-15 03:00:00,104.104,104.13,104.041,104.085,104.104,104.105
2020-12-15 04:00:00,104.085,104.09,104.034,104.088,104.085,104.086
2020-12-15 05:00:00,104.088,104.152,104.061,104.136,104.088,104.088
2020-12-15 06:00:00,104.136,104.148,104.108,104.125,104.136,104.136
2020-12-15 07:00:00,104.125,104.128,104.063,104.063,104.125,104.125
2020-12-15 08:00:00,104.063,104.118,104.036,104.052,104.063,104.063
2020-12-15 09:00:00,104.052,104.081,104.034,104.067,104.052,104.052
2020-12-15 10:00:00,104.067,104.133,104.04,104.091,104.067,104.067
2020-12-15 11:00:00,104.093,104.118,104.025,104.043,104.093,104.093
2020-12-15 12:00:00,104.043,104.064,103.974,103.979,104.043,104.043
2020-12-15 13:00:00,103.98,103.993,103.912,103.934,103.98,103.98
2020-12-15 14:00:00,103.934,103.953,103.88,103.925,103.934,103.934
2020-12-15 15:00:00,103.926,103.942,103.765,103.771,103.926,103.926
2020-12-15 16:00:00,103.771,103.876,103.732,103.784,103.771,103.771
2020-12-15 17:00:00,103.784,103.804,103.699,103.736,103.784,103.784
2020-12-15 18:00:00,103.735,103.758,103.678,103.698,103.735,103.735
2020-12-15 19:00:00,103.698,103.734,103.676,103.734,103.698,103.698
2020-12-15 20:00:00,103.734,103.78,103.686,103.746,103.734,103.734
2020-12-15 21:00:00,103.746,103.753,103.688,103.691,103.746,103.746
2020-12-15 22:00:00,103.69,103.697,103.627,103.63,103.69,103.69
2020-12-15 23:00:00,103.63,103.65,103.608,103.647,103.63,103.63
2020-12-16 00:00:00,103.657,103.683,103.65,103.676,103.657,103.689
2020-12-16 01:00:00,103.676,103.681,103.617,103.648,103.676,103.691
2020-12-16 02:00:00,103.649,103.713,103.574,103.692,103.649,103.649
2020-12-16 03:00:00,103.692,103.723,103.627,103.645,103.692,103.692
2020-12-16 04:00:00,103.645,103.647,103.596,103.628,103.645,103.645
2020-12-16 05:00:00,103.628,103.637,103.524,103.542,103.628,103.628
2020-12-16 06:00:00,103.542,103.549,103.415,103.435,103.542,103.543
2020-12-16 07:00:00,103.435,103.496,103.435,103.489,103.435,103.435
2020-12-16 08:00:00,103.489,103.602,103.482,103.497,103.489,103.49
2020-12-16 09:00:00,103.498,103.505,103.406,103.448,103.498,103.498
2020-12-16 10:00:00,103.448,103.458,103.323,103.328,103.448,103.448
2020-12-16 11:00:00,103.328,103.403,103.279,103.289,103.328,103.332
2020-12-16 12:00:00,103.289,103.386,103.262,103.372,103.289,103.29
2020-12-16 13:00:00,103.372,103.385,103.283,103.314,103.372,103.373
2020-12-16 14:00:00,103.314,103.432,103.29,103.295,103.314,103.314
2020-12-16 15:00:00,103.295,103.51,103.291,103.495,103.295,103.295
2020-12-16 16:00:00,103.495,103.651,103.452,103.516,103.495,103.495
2020-12-16 17:00:00,103.516,103.616,103.497,103.504,103.516,103.516
2020-12-16 18:00:00,103.504,103.606,103.502,103.595,103.504,103.504
2020-12-16 19:00:00,103.594,103.684,103.59,103.626,103.594,103.594
2020-12-16 20:00:00,103.626,103.654,103.609,103.631,103.626,103.626
2020-12-16 21:00:00,103.632,103.918,103.585,103.633,103.632,103.648
2020-12-16 22:00:00,103.632,103.633,103.4,103.498,103.632,103.632
2020-12-16 23:00:00,103.498,103.51,103.415,103.419,103.498,103.498
2020-12-17 00:00:00,103.456,103.473,103.417,103.442,103.456,103.484
2020-12-17 01:00:00,103.442,103.501,103.44,103.475,103.442,103.455
2020-12-17 02:00:00,103.476,103.561,103.412,103.413,103.476,103.477
2020-12-17 03:00:00,103.413,103.431,103.336,103.354,103.413,103.414
2020-12-17 04:00:00,103.354,103.358,103.295,103.313,103.354,103.354
2020-12-17 05:00:00,103.313,103.352,103.312,103.346,103.313,103.315
2020-12-17 06:00:00,103.346,103.368,103.246,103.324,103.346,103.346
2020-12-17 07:00:00,103.324,103.375,103.311,103.312,103.324,103.324
2020-12-17 08:00:00,103.312,103.339,103.213,103.245,103.312,103.312
2020-12-17 09:00:00,103.245,103.256,103.15,103.184,103.245,103.245
2020-12-17 10:00:00,103.184,103.24,103.127,103.169,103.184,103.184
2020-12-17 11:00:00,103.17,103.22,103.07,103.072,103.17,103.17
2020-12-17 12:00:00,103.072,103.124,103.05,103.085,103.072,103.072
2020-12-17 13:00:00,103.085,103.111,103.03,103.041,103.085,103.085
2020-12-17 14:00:00,103.042,103.064,102.98,103.012,103.042,103.045
2020-12-17 15:00:00,103.012,103.127,102.93,103.057,103.012,103.012
2020-12-17 16:00:00,103.057,103.072,102.874,102.897,103.057,103.057
2020-12-17 17:00:00,102.897,103.046,102.889,103.02,102.897,102.897
2020-12-17 18:00:00,103.019,103.179,103.016,103.134,103.019,103.019
2020-12-17 19:00:00,103.134,103.136,103.062,103.083,103.134,103.134
2020-12-17 20:00:00,103.083,103.131,103.047,103.118,103.083,103.083
2020-12-17 21:00:00,103.118,103.13,103.05,103.11,103.118,103.118
2020-12-17 22:00:00,103.11,103.166,103.096,103.148,103.11,103.11
2020-12-17 23:00:00,103.147,103.155,103.071,103.088,103.147,103.147
2020-12-18 00:00:00,103.094,103.128,103.055,103.106,103.094,103.139
2020-12-18 01:00:00,103.105,103.149,103.1,103.148,103.105,103.116
2020-12-18 02:00:00,103.15,103.272,103.121,103.265,103.15,103.15
2020-12-18 03:00:00,103.265,103.335,103.244,103.313,103.265,103.266
2020-12-18 04:00:00,103.313,103.376,103.268,103.372,103.313,103.314
2020-12-18 05:00:00,103.372,103.435,103.346,103.415,103.372,103.375
2020-12-18 06:00:00,103.416,103.481,103.403,103.449,103.416,103.416
2020-12-18 07:00:00,103.449,103.486,103.422,103.44,103.449,103.449
2020-12-18 08:00:00,103.44,103.441,103.308,103.339,103.44,103.44
2020-12-18 09:00:00,103.339,103.476,103.337,103.467,103.339,103.339
2020-12-18 10:00:00,103.467,103.594,103.439,103.459,103.467,103.467
2020-12-18 11:00:00,103.46,103.58,103.426,103.55,103.46,103.46
2020-12-18 12:00:00,103.551,103.566,103.43,103.447,103.551,103.551
2020-12-18 13:00:00,103.447,103.448,103.334,103.385,103.447,103.447
2020-12-18 14:00:00,103.385,103.398,103.197,103.27,103.385,103.385
2020-12-18 15:00:00,103.27,103.355,103.235,103.266,103.27,103.27
2020-12-18 16:00:00,103.266,103.401,103.222,103.351,103.266,103.266
2020-12-18 17:00:00,103.351,103.477,103.335,103.401,103.351,103.351
2020-12-18 18:00:00,103.401,103.416,103.324,103.352,103.401,103.401
2020-12-18 19:00:00,103.353,103.379,103.296,103.334,103.353,103.353
2020-12-18 20:00:00,103.334,103.347,103.3,103.318,103.334,103.334
2020-12-18 21:00:00,103.318,103.338,103.296,103.302,103.318,103.318
2020-12-18 22:00:00,103.302,103.333,103.294,103.313,103.302,103.302
2020-12-18 23:00:00,103.312,103.341,103.291,103.305,103.312,103.313
2020-12-21 00:00:00,103.489,103.556,103.268,103.38,103.489,103.557
2020-12-21 01:00:00,103.387,103.492,103.368,103.479,103.387,103.402
2020-12-21 02:00:00,103.479,103.497,103.303,103.352,103.479,103.48
2020-12-21 03:00:00,103.352,103.366,103.253,103.304,103.352,103.354
2020-12-21 04:00:00,103.304,103.396,103.268,103.347,103.304,103.306
2020-12-21 05:00:00,103.347,103.452,103.336,103.376,103.347,103.347
2020-12-21 06:00:00,103.376,103.438,103.353,103.392,103.376,103.377
2020-12-21 07:00:00,103.392,103.505,103.372,103.465,103.392,103.392
2020-12-21 08:00:00,103.465,103.474,103.408,103.425,103.465,103.465
2020-12-21 09:00:00,103.426,103.602,103.408,103.602,103.426,103.428
2020-12-21 10:00:00,103.604,103.664,103.482,103.541,103.604,103.604
2020-12-21 11:00:00,103.541,103.74,103.528,103.739,103.541,103.542
2020-12-21 12:00:00,103.739,103.892,103.724,103.831,103.739,103.739
2020-12-21 13:00:00,103.831,103.865,103.663,103.7,103.831,103.832
2020-12-21 14:00:00,103.7,103.732,103.557,103.588,103.7,103.7
2020-12-21 15:00:00,103.588,103.608,103.453,103.531,103.588,103.588
2020-12-21 16:00:00,103.531,103.624,103.475,103.583,103.531,103.531
2020-12-21 17:00:00,103.584,103.602,103.46,103.502,103.584,103.584
2020-12-21 18:00:00,103.502,103.506,103.397,103.438,103.502,103.502
2020-12-21 19:00:00,103.438,103.453,103.385,103.386,103.438,103.438
2020-12-21 20:00:00,103.386,103.418,103.338,103.362,103.386,103.386
2020-12-21 21:00:00,103.362,103.37,103.297,103.34,103.362,103.362
2020-12-21 22:00:00,103.341,103.378,103.323,103.331,103.341,103.341
2020-12-21 23:00:00,103.331,103.338,103.282,103.288,103.331,103.332
2020-12-22 00:00:00,103.319,103.33,103.297,103.328,103.319,103.345
2020-12-22 01:00:00,103.328,103.354,103.304,103.34,103.328,103.344
2020-12-22 02:00:00,103.34,103.362,103.281,103.328,103.34,103.342
2020-12-22 03:00:00,103.328,103.465,103.323,103.421,103.328,103.329
2020-12-22 04:00:00,103.421,103.424,103.349,103.352,103.421,103.421
2020-12-22 05:00:00,103.352,103.447,103.349,103.425,103.352,103.353
2020-12-22 06:00:00,103.425,103.48,103.397,103.451,103.425,103.425
2020-12-22 07:00:00,103.451,103.462,103.392,103.461,103.451,103.451
2020-12-22 08:00:00,103.46,103.469,103.395,103.45,103.46,103.461
2020-12-22 09:00:00,103.45,103.453,103.405,103.424,103.45,103.451
2020-12-22 10:00:00,103.424,103.438,103.359,103.391,103.424,103.424
2020-12-22 11:00:00,103.391,103.426,103.374,103.399,103.391,103.391
2020-12-22 12:00:00,103.399,103.423,103.37,103.394,103.399,103.399
2020-12-22 13:00:00,103.394,103.418,103.374,103.374,103.394,103.394
2020-12-22 14:00:00,103.374,103.384,103.319,103.379,103.374,103.374
2020-12-22 15:00:00,103.379,103.494,103.344,103.473,103.379,103.379
2020-12-22 16:00:00,103.473,103.604,103.434,103.596,103.473,103.473
2020-12-22 17:00:00,103.596,103.715,103.557,103.692,103.596,103.597
2020-12-22 18:00:00,103.692,103.735,103.605,103.632,103.692,103.692
2020-12-22 19:00:00,103.632,103.694,103.591,103.649,103.632,103.632
2020-12-22 20:00:00,103.649,103.688,103.62,103.687,103.649,103.649
2020-12-22 21:00:00,103.687,103.724,103.665,103.67,103.687,103.687
2020-12-22 22:00:00,103.67,103.718,103.67,103.676,103.67,103.67
2020-12-22 23:00:00,103.676,103.688,103.58,103.618,103.676,103.676
2020-12-23 00:00:00,103.631,103.647,103.607,103.623,103.631,103.672
2020-12-23 01:00:00,103.623,103.624,103.511,103.516,103.623,103.63
2020-12-23 02:00:00,103.516,103.638,103.503,103.595,103.516,103.516
2020-12-23 03:00:00,103.597,103.626,103.53,103.566,103.597,103.597
2020-12-23 04:00:00,103.566,103.568,103.498,103.507,103.566,103.567
2020-12-23 05:00:00,103.507,103.522,103.465,103.498,103.507,103.508
2020-12-23 06:00:00,103.498,103.499,103.445,103.456,103.498,103.499
2020-12-23 07:00:00,103.456,103.471,103.432,103.433,103.456,103.456
2020-12-23 08:00:00,103.435,103.484,103.434,103.46,103.435,103.435
2020-12-23 09:00:00,103.461,103.474,103.362,103.366,103.461,103.461
2020-12-23 10:00:00,103.366,103.497,103.358,103.414,103.366,103.366
2020-12-23 11:00:00,103.414,103.456,103.382,103.447,103.414,103.414
2020-12-23 12:00:00,103.447,103.45,103.407,103.435,103.447,103.447
2020-12-23 13:00:00,103.435,103.442,103.416,103.429,103.435,103.435
2020-12-23 14:00:00,103.429,103.478,103.428,103.471,103.429,103.43
2020-12-23 15:00:00,103.471,103.602,103.471,103.51,103.471,103.471
2020-12-23 16:00:00,103.51,103.549,103.397,103.458,103.51,103.511
2020-12-23 17:00:00,103.458,103.642,103.388,103.593,103.458,103.458
2020-12-23 18:00:00,103.593,103.607,103.517,103.53,103.593,103.593
2020-12-23 19:00:00,103.53,103.642,103.528,103.599,103.53,103.53
2020-12-23 20:00:00,103.599,103.633,103.571,103.612,103.599,103.599
2020-12-23 21:00:00,103.612,103.653,103.602,103.613,103.612,103.612
2020-12-23 22:00:00,103.614,103.637,103.501,103.501,103.614,103.614
2020-12-23 23:00:00,103.502,103.572,103.495,103.541,103.502,103.502
2020-12-24 00:00:00,103.536,103.563,103.522,103.539,103.536,103.565
2020-12-24 01:00:00,103.539,103.587,103.532,103.534,103.539,103.554
2020-12-24 02:00:00,103.534,103.62,103.517,103.587,103.534,103.536
2020-12-24 03:00:00,103.587,103.602,103.552,103.583,103.587,103.589
2020-12-24 04:00:00,103.583,103.588,103.51,103.535,103.583,103.586
2020-12-24 05:00:00,103.534,103.554,103.502,103.534,103.534,103.535
2020-12-24 06:00:00,103.534,103.603,103.532,103.573,103.534,103.536
2020-12-24 07:00:00,103.573,103.601,103.557,103.558,103.573,103.574
2020-12-24 08:00:00,103.558,103.586,103.556,103.564,103.558,103.56
2020-12-24 09:00:00,103.566,103.589,103.551,103.573,103.566,103.57
2020-12-24 10:00:00,103.574,103.621,103.57,103.606,103.574,103.575
2020-12-24 11:00:00,103.606,103.679,103.591,103.653,103.606,103.606
2020-12-24 12:00:00,103.653,103.695,103.624,103.629,103.653,103.654
2020-12-24 13:00:00,103.629,103.672,103.611,103.662,103.629,103.63
2020-12-24 14:00:00,103.663,103.688,103.622,103.666,103.663,103.663
2020-12-24 15:00:00,103.666,103.683,103.643,103.682,103.666,103.667
2020-12-24 16:00:00,103.683,103.702,103.662,103.698,103.683,103.683
2020-12-24 17:00:00,103.698,103.768,103.611,103.642,103.698,103.698
2020-12-24 18:00:00,103.642,103.67,103.616,103.67,103.642,103.642
2020-12-24 19:00:00,103.669,103.676,103.648,103.657,103.669,103.669
2020-12-24 20:00:00,103.657,103.703,103.648,103.674,103.657,103.658
2020-12-28 00:00:00,103.498,103.57,103.498,103.538,103.498,103.592
2020-12-28 01:00:00,103.547,103.6,103.505,103.529,103.547,103.616
2020-12-28 02:00:00,103.529,103.607,103.453,103.589,103.529,103.531
2020-12-28 03:00:00,103.589,103.636,103.54,103.56,103.589,103.59
2020-12-28 04:00:00,103.56,103.588,103.535,103.586,103.56,103.561
2020-12-28 05:00:00,103.586,103.61,103.549,103.568,103.586,103.588
2020-12-28 06:00:00,103.568,103.573,103.532,103.541,103.568,103.569
2020-12-28 07:00:00,103.541,103.547,103.406,103.454,103.541,103.543
2020-12-28 08:00:00,103.456,103.498,103.438,103.45,103.456,103.456
2020-12-28 09:00:00,103.452,103.486,103.446,103.462,103.452,103.452
2020-12-28 10:00:00,103.463,103.474,103.404,103.438,103.463,103.463
2020-12-28 11:00:00,103.438,103.493,103.435,103.459,103.438,103.44
2020-12-28 12:00:00,103.459,103.59,103.449,103.574,103.459,103.462
2020-12-28 13:00:00,103.574,103.707,103.564,103.691,103.574,103.574
2020-12-28 14:00:00,103.692,103.701,103.586,103.586,103.692,103.692
2020-12-28 15:00:00,103.586,103.646,103.554,103.608,103.586,103.587
2020-12-28 16:00:00,103.608,103.668,103.603,103.666,103.608,103.608
2020-12-28 17:00:00,103.666,103.866,103.654,103.825,103.666,103.666
2020-12-28 18:00:00,103.825,103.899,103.804,103.85,103.825,103.825
2020-12-28 19:00:00,103.852,103.884,103.826,103.849,103.852,103.852
2020-12-28 20:00:00,103.85,103.864,103.792,103.819,103.85,103.851
2020-12-28 21:00:00,103.82,103.868,103.796,103.831,103.82,103.82
2020-12-28 22:00:00,103.833,103.871,103.832,103.832,103.833,103.833
2020-12-28 23:00:00,103.832,103.843,103.778,103.779,103.832,103.833
2020-12-29 00:00:00,103.8,103.818,103.737,103.766,103.8,103.838
2020-12-29 01:00:00,103.766,103.771,103.666,103.692,103.766,103.77
2020-12-29 02:00:00,103.692,103.805,103.692,103.802,103.692,103.693
2020-12-29 03:00:00,103.802,103.802,103.714,103.751,103.802,103.802
2020-12-29 04:00:00,103.752,103.786,103.718,103.734,103.752,103.752
2020-12-29 05:00:00,103.734,103.736,103.623,103.657,103.734,103.735
2020-12-29 06:00:00,103.657,103.694,103.626,103.677,103.657,103.657
2020-12-29 07:00:00,103.677,103.696,103.663,103.687,103.677,103.678
2020-12-29 08:00:00,103.687,103.722,103.677,103.679,103.687,103.689
2020-12-29 09:00:00,103.681,103.696,103.641,103.687,103.681,103.681
2020-12-29 10:00:00,103.687,103.688,103.599,103.643,103.687,103.687
2020-12-29 11:00:00,103.643,103.689,103.63,103.672,103.643,103.643
2020-12-29 12:00:00,103.672,103.677,103.627,103.657,103.672,103.673
2020-12-29 13:00:00,103.657,103.666,103.628,103.639,103.657,103.659
2020-12-29 14:00:00,103.639,103.682,103.635,103.676,103.639,103.641
2020-12-29 15:00:00,103.676,103.755,103.668,103.668,103.676,103.676
2020-12-29 16:00:00,103.668,103.669,103.516,103.568,103.668,103.668
2020-12-29 17:00:00,103.568,103.634,103.512,103.606,103.568,103.568
2020-12-29 18:00:00,103.606,103.616,103.463,103.506,103.606,103.606
2020-12-29 19:00:00,103.506,103.572,103.464,103.524,103.506,103.506
2020-12-29 20:00:00,103.524,103.557,103.523,103.546,103.524,103.524
2020-12-29 21:00:00,103.545,103.553,103.509,103.52,103.545,103.545
2020-12-29 22:00:00,103.52,103.542,103.504,103.536,103.52,103.52
2020-12-29 23:00:00,103.536,103.539,103.519,103.532,103.536,103.536
2020-12-30 00:00:00,103.567,103.587,103.529,103.541,103.567,103.609
2020-12-30 01:00:00,103.544,103.569,103.493,103.554,103.544,103.56
2020-12-30 02:00:00,103.556,103.584,103.42,103.487,103.556,103.556
2020-12-30 03:00:00,103.487,103.508,103.335,103.352,103.487,103.489
2020-12-30 04:00:00,103.352,103.392,103.281,103.313,103.352,103.353
2020-12-30 05:00:00,103.313,103.354,103.282,103.342,103.313,103.315
2020-12-30 06:00:00,103.342,103.343,103.273,103.291,103.342,103.342
2020-12-30 07:00:00,103.291,103.351,103.263,103.332,103.291,103.291
2020-12-30 08:00:00,103.332,103.387,103.291,103.319,103.332,103.332
2020-12-30 09:00:00,103.319,103.337,103.286,103.333,103.319,103.32
2020-12-30 10:00:00,103.332,103.362,103.281,103.29,103.332,103.332
2020-12-30 11:00:00,103.29,103.299,103.203,103.234,103.29,103.29
2020-12-30 12:00:00,103.234,103.241,103.113,103.137,103.234,103.234
2020-12-30 13:00:00,103.137,103.162,103.113,103.129,103.137,103.138
2020-12-30 14:00:00,103.129,103.13,103.051,103.072,103.129,103.129
2020-12-30 15:00:00,103.07,103.096,102.991,103.043,103.07,103.07
2020-12-30 16:00:00,103.044,103.171,102.961,103.023,103.044,103.044
2020-12-30 17:00:00,103.023,103.283,103.006,103.244,103.023,103.024
2020-12-30 18:00:00,103.244,103.358,103.22,103.309,103.244,103.244
2020-12-30 19:00:00,103.309,103.348,103.242,103.243,103.309,103.309
2020-12-30 20:00:00,103.246,103.247,103.214,103.233,103.246,103.246
2020-12-30 21:00:00,103.233,103.284,103.22,103.262,103.233,103.233
2020-12-30 22:00:00,103.261,103.266,103.225,103.261,103.261,103.262
2020-12-30 23:00:00,103.261,103.294,103.201,103.21,103.261,103.261
2020-12-31 00:00:00,103.072,103.221,103.072,103.204,103.072,103.172
2020-12-31 01:00:00,103.204,103.23,103.121,103.127,103.204,103.229
2020-12-31 02:00:00,103.127,103.208,103.124,103.141,103.127,103.128
2020-12-31 03:00:00,103.141,103.165,103.103,103.126,103.141,103.143
2020-12-31 04:00:00,103.125,103.208,103.079,103.176,103.125,103.127
2020-12-31 05:00:00,103.176,103.197,103.148,103.18,103.176,103.178
2020-12-31 06:00:00,103.18,103.194,103.151,103.156,103.18,103.18
2020-12-31 07:00:00,103.158,103.175,103.118,103.135,103.158,103.158
2020-12-31 08:00:00,103.135,103.146,103.113,103.142,103.135,103.135
2020-12-31 09:00:00,103.143,103.152,103.102,103.11,103.143,103.143
2020-12-31 10:00:00,103.11,103.182,103.095,103.123,103.11,103.112
2020-12-31 11:00:00,103.123,103.19,102.996,103.014,103.123,103.124
2020-12-31 12:00:00,103.015,103.076,102.998,103.035,103.015,103.015
2020-12-31 13:00:00,103.036,103.094,103.017,103.059,103.036,103.036
2020-12-31 14:00:00,103.06,103.096,103.031,103.067,103.06,103.06
2020-12-31 15:00:00,103.067,103.095,103.053,103.067,103.067,103.067
2020-12-31 16:00:00,103.067,103.086,103.032,103.048,103.067,103.067
2020-12-31 17:00:00,103.048,103.315,102.997,103.225,103.048,103.048
2020-12-31 18:00:00,103.225,103.267,103.189,103.192,103.225,103.225
2020-12-31 19:00:00,103.192,103.308,103.179,103.295,103.192,103.193
2020-12-31 20:00:00,103.295,103.3,103.243,103.253,103.295,103.295
2021-01-04 00:00:00,103.095,103.253,103.095,103.196,103.095,103.183
2021-01-04 01:00:00,103.209,103.316,103.195,103.247,103.209,103.231
2021-01-04 02:00:00,103.247,103.263,102.999,103.063,103.247,103.247
2021-01-04 03:00:00,103.063,103.123,103.045,103.056,103.063,103.063
2021-01-04 04:00:00,103.056,103.074,102.967,102.982,103.056,103.058
2021-01-04 05:00:00,102.982,103.007,102.934,102.948,102.982,102.982
2021-01-04 06:00:00,102.948,103.043,102.937,102.997,102.948,102.948
2021-01-04 07:00:00,102.997,103.064,102.982,103.004,102.997,102.997
2021-01-04 08:00:00,103.004,103.063,102.98,102.99,103.004,103.005
2021-01-04 09:00:00,102.99,103.013,102.852,102.912,102.99,102.99
2021-01-04 10:00:00,102.912,102.921,102.768,102.804,102.912,102.912
2021-01-04 11:00:00,102.804,102.812,102.713,102.744,102.804,102.805
2021-01-04 12:00:00,102.744,102.803,102.714,102.8,102.744,102.745
2021-01-04 13:00:00,102.8,102.877,102.788,102.858,102.8,102.801
2021-01-04 14:00:00,102.858,102.936,102.849,102.911,102.858,102.858
2021-01-04 15:00:00,102.911,103.057,102.899,103.027,102.911,102.911
2021-01-04 16:00:00,103.027,103.078,102.999,103.054,103.027,103.027
2021-01-04 17:00:00,103.054,103.254,103.032,103.129,103.054,103.054
2021-01-04 18:00:00,103.128,103.206,103.103,103.186,103.128,103.128
2021-01-04 19:00:00,103.187,103.198,103.125,103.175,103.187,103.187
2021-01-04 20:00:00,103.175,103.178,103.127,103.132,103.175,103.175
2021-01-04 21:00:00,103.132,103.188,103.111,103.111,103.132,103.132
2021-01-04 22:00:00,103.112,103.194,103.105,103.144,103.112,103.112
2021-01-04 23:00:00,103.144,103.176,103.128,103.137,103.144,103.145
2021-01-05 00:00:00,103.12,103.12,103.055,103.115,103.12,103.146
2021-01-05 01:00:00,103.115,103.173,103.104,103.135,103.115,103.139
2021-01-05 02:00:00,103.135,103.192,103.078,103.123,103.135,103.136
2021-01-05 03:00:00,103.123,103.157,103.103,103.126,103.123,103.123
2021-01-05 04:00:00,103.126,103.15,103.107,103.113,103.126,103.127
2021-01-05 05:00:00,103.113,103.127,103.022,103.034,103.113,103.113
2021-01-05 06:00:00,103.033,103.048,102.987,102.994,103.033,103.034
2021-01-05 07:00:00,102.994,102.994,102.934,102.954,102.994,102.995
2021-01-05 08:00:00,102.954,102.971,102.888,102.921,102.954,102.955
2021-01-05 09:00:00,102.921,102.996,102.878,102.951,102.921,102.922
2021-01-05 10:00:00,102.951,102.961,102.88,102.906,102.951,102.951
2021-01-05 11:00:00,102.906,102.92,102.814,102.836,102.906,102.907
2021-01-05 12:00:00,102.836,102.884,102.798,102.874,102.836,102.836
2021-01-05 13:00:00,102.874,102.886,102.797,102.818,102.874,102.875
2021-01-05 14:00:00,102.819,102.942,102.797,102.892,102.819,102.819
2021-01-05 15:00:00,102.892,102.93,102.858,102.917,102.892,102.892
2021-01-05 16:00:00,102.917,102.927,102.806,102.816,102.917,102.917
2021-01-05 17:00:00,102.816,102.946,102.774,102.79,102.816,102.82
2021-01-05 18:00:00,102.79,102.821,102.665,102.704,102.79,102.79
2021-01-05 19:00:00,102.704,102.711,102.605,102.651,102.704,102.704
2021-01-05 20:00:00,102.651,102.682,102.636,102.652,102.651,102.652
2021-01-05 21:00:00,102.652,102.679,102.632,102.635,102.652,102.653
2021-01-05 22:00:00,102.635,102.703,102.626,102.698,102.635,102.635
2021-01-05 23:00:00,102.698,102.754,102.696,102.717,102.698,102.698
2021-01-06 00:00:00,102.698,102.734,102.652,102.7,102.698,102.79
2021-01-06 01:00:00,102.7,102.719,102.648,102.686,102.7,102.73
2021-01-06 02:00:00,102.686,102.704,102.592,102.673,102.686,102.688
2021-01-06 03:00:00,102.674,102.824,102.649,102.775,102.674,102.674
2021-01-06 04:00:00,102.775,102.87,102.744,102.832,102.775,102.776
2021-01-06 05:00:00,102.832,102.85,102.77,102.808,102.832,102.832
2021-01-06 06:00:00,102.808,102.834,102.714,102.82,102.808,102.809
2021-01-06 07:00:00,102.82,102.832,102.747,102.788,102.82,102.82
2021-01-06 08:00:00,102.788,102.792,102.716,102.722,102.788,102.788
2021-01-06 09:00:00,102.722,102.765,102.674,102.742,102.722,102.723
2021-01-06 10:00:00,102.742,102.843,102.734,102.826,102.742,102.742
2021-01-06 11:00:00,102.825,102.885,102.777,102.863,102.825,102.826
2021-01-06 12:00:00,102.863,102.867,102.815,102.841,102.863,102.863
2021-01-06 13:00:00,102.842,102.849,102.758,102.8,102.842,102.842
2021-01-06 14:00:00,102.8,102.979,102.768,102.929,102.8,102.8
2021-01-06 15:00:00,102.929,103.2,102.894,103.177,102.929,102.929
2021-01-06 16:00:00,103.176,103.252,103.149,103.203,103.176,103.176
2021-01-06 17:00:00,103.205,103.444,103.196,103.382,103.205,103.205
2021-01-06 18:00:00,103.382,103.404,103.25,103.262,103.382,103.382
2021-01-06 19:00:00,103.262,103.277,103.205,103.208,103.262,103.262
2021-01-06 20:00:00,103.208,103.228,103.132,103.152,103.208,103.208
2021-01-06 21:00:00,103.152,103.244,103.071,103.134,103.152,103.154
2021-01-06 22:00:00,103.135,103.135,102.944,103.036,103.135,103.135
2021-01-06 23:00:00,103.036,103.086,102.999,103.058,103.036,103.036
2021-01-07 00:00:00,103.029,103.065,102.956,103.061,103.029,103.062
2021-01-07 01:00:00,103.061,103.093,103.021,103.024,103.061,103.073
2021-01-07 02:00:00,103.023,103.074,102.951,103.054,103.023,103.023
2021-01-07 03:00:00,103.054,103.162,103.022,103.145,103.054,103.054
2021-01-07 04:00:00,103.145,103.247,103.12,103.186,103.145,103.146
2021-01-07 05:00:00,103.186,103.186,103.113,103.128,103.186,103.186
2021-01-07 06:00:00,103.128,103.153,103.094,103.127,103.128,103.128
2021-01-07 07:00:00,103.126,103.225,103.126,103.213,103.126,103.127
2021-01-07 08:00:00,103.213,103.256,103.181,103.21,103.213,103.213
2021-01-07 09:00:00,103.21,103.379,103.201,103.364,103.21,103.211
2021-01-07 10:00:00,103.364,103.458,103.328,103.391,103.364,103.364
2021-01-07 11:00:00,103.391,103.582,103.386,103.567,103.391,103.391
2021-01-07 12:00:00,103.567,103.707,103.509,103.669,103.567,103.568
2021-01-07 13:00:00,103.671,103.705,103.608,103.679,103.671,103.671
2021-01-07 14:00:00,103.679,103.75,103.571,103.618,103.679,103.679
2021-01-07 15:00:00,103.618,103.645,103.519,103.624,103.618,103.618
2021-01-07 16:00:00,103.624,103.824,103.562,103.795,103.624,103.624
2021-01-07 17:00:00,103.795,103.956,103.747,103.938,103.795,103.799
2021-01-07 18:00:00,103.938,103.942,103.748,103.842,103.938,103.938
2021-01-07 19:00:00,103.842,103.958,103.832,103.882,103.842,103.843
2021-01-07 20:00:00,103.882,103.9,103.81,103.811,103.882,103.882
2021-01-07 21:00:00,103.811,103.878,103.794,103.875,103.811,103.811
2021-01-07 22:00:00,103.875,103.892,103.805,103.842,103.875,103.875
2021-01-07 23:00:00,103.842,103.862,103.794,103.825,103.842,103.842
2021-01-08 00:00:00,103.782,103.856,103.752,103.843,103.782,103.822
2021-01-08 01:00:00,103.845,103.85,103.777,103.801,103.845,103.852
2021-01-08 02:00:00,103.805,103.878,103.771,103.845,103.805,103.805
2021-01-08 03:00:00,103.845,104.0,103.842,103.891,103.845,103.845
2021-01-08 04:00:00,103.89,103.908,103.795,103.816,103.89,103.89
2021-01-08 05:00:00,103.816,103.858,103.774,103.839,103.816,103.816
2021-01-08 06:00:00,103.839,103.874,103.801,103.861,103.839,103.839
2021-01-08 07:00:00,103.861,103.912,103.842,103.904,103.861,103.862
2021-01-08 08:00:00,103.904,103.926,103.848,103.915,103.904,103.905
2021-01-08 09:00:00,103.915,103.978,103.852,103.971,103.915,103.915
2021-01-08 10:00:00,103.971,104.093,103.883,103.974,103.971,103.971
2021-01-08 11:00:00,103.974,104.0,103.799,103.809,103.974,103.974
2021-01-08 12:00:00,103.81,103.892,103.796,103.891,103.81,103.81
2021-01-08 13:00:00,103.891,103.893,103.802,103.83,103.891,103.891
2021-01-08 14:00:00,103.83,103.863,103.787,103.852,103.83,103.83
2021-01-08 15:00:00,103.851,104.007,103.604,103.632,103.851,103.852
2021-01-08 16:00:00,103.632,103.921,103.63,103.886,103.632,103.632
2021-01-08 17:00:00,103.886,104.069,103.78,103.799,103.886,103.886
2021-01-08 18:00:00,103.799,103.963,103.756,103.894,103.799,103.8
2021-01-08 19:00:00,103.894,104.025,103.883,103.984,103.894,103.894
2021-01-08 20:00:00,103.985,104.062,103.948,103.992,103.985,103.985
2021-01-08 21:00:00,103.991,103.997,103.905,103.906,103.991,103.991
2021-01-08 22:00:00,103.906,103.961,103.906,103.938,103.906,103.906
2021-01-08 23:00:00,103.938,103.995,103.938,103.962,103.938,103.938
2021-01-11 00:00:00,103.881,103.979,103.844,103.926,103.881,103.952
2021-01-11 01:00:00,103.926,104.099,103.907,104.086,103.926,103.952
2021-01-11 02:00:00,104.086,104.105,104.034,104.061,104.086,104.089
2021-01-11 03:00:00,104.061,104.195,104.036,104.175,104.061,104.061
2021-01-11 04:00:00,104.175,104.204,104.117,104.127,104.175,104.175
2021-01-11 05:00:00,104.127,104.2,104.114,104.173,104.127,104.127
2021-01-11 06:00:00,104.173,104.223,104.155,104.194,104.173,104.174
2021-01-11 07:00:00,104.194,104.22,104.178,104.186,104.194,104.194
2021-01-11 08:00:00,104.186,104.197,104.105,104.114,104.186,104.186
2021-01-11 09:00:00,104.114,104.199,104.097,104.192,104.114,104.114
2021-01-11 10:00:00,104.191,104.191,104.056,104.063,104.191,104.191
2021-01-11 11:00:00,104.063,104.114,104.036,104.104,104.063,104.063
2021-01-11 12:00:00,104.104,104.158,104.081,104.111,104.104,104.104
2021-01-11 13:00:00,104.111,104.166,104.086,104.128,104.111,104.112
2021-01-11 14:00:00,104.128,104.249,104.124,104.18,104.128,104.128
2021-01-11 15:00:00,104.18,104.301,104.171,104.276,104.18,104.181
2021-01-11 16:00:00,104.276,104.398,104.208,104.368,104.276,104.276
2021-01-11 17:00:00,104.368,104.385,104.233,104.289,104.368,104.368
2021-01-11 18:00:00,104.29,104.291,104.126,104.158,104.29,104.29
2021-01-11 19:00:00,104.158,104.183,104.076,104.179,104.158,104.158
2021-01-11 20:00:00,104.18,104.184,104.122,104.162,104.18,104.18
2021-01-11 21:00:00,104.162,104.165,104.108,104.156,104.162,104.162
2021-01-11 22:00:00,104.156,104.18,104.112,104.177,104.156,104.156
2021-01-11 23:00:00,104.178,104.248,104.157,104.242,104.178,104.178
2021-01-12 00:00:00,104.259,104.259,104.142,104.21,104.259,104.265
2021-01-12 01:00:00,104.21,104.223,104.129,104.142,104.21,104.214
2021-01-12 02:00:00,104.142,104.229,104.1,104.216,104.142,104.142
2021-01-12 03:00:00,104.216,104.314,104.209,104.237,104.216,104.216
2021-01-12 04:00:00,104.239,104.314,104.235,104.306,104.239,104.239
2021-01-12 05:00:00,104.306,104.308,104.275,104.285,104.306,104.306
2021-01-12 06:00:00,104.285,104.326,104.256,104.307,104.285,104.286
2021-01-12 07:00:00,104.306,104.322,104.219,104.237,104.306,104.307
2021-01-12 08:00:00,104.237,104.254,104.146,104.162,104.237,104.238
2021-01-12 09:00:00,104.164,104.183,104.109,104.164,104.164,104.164
2021-01-12 10:00:00,104.164,104.262,104.16,104.218,104.164,104.164
2021-01-12 11:00:00,104.218,104.261,104.128,104.161,104.218,104.218
2021-01-12 12:00:00,104.162,104.261,104.154,104.26,104.162,104.162
2021-01-12 13:00:00,104.259,104.259,104.17,104.213,104.259,104.259
2021-01-12 14:00:00,104.213,104.277,104.184,104.23,104.213,104.214
2021-01-12 15:00:00,104.23,104.278,104.202,104.249,104.23,104.23
2021-01-12 16:00:00,104.249,104.332,104.17,104.278,104.249,104.249
2021-01-12 17:00:00,104.279,104.304,104.164,104.21,104.279,104.279
2021-01-12 18:00:00,104.21,104.22,104.088,104.092,104.21,104.21
2021-01-12 19:00:00,104.092,104.139,104.055,104.076,104.092,104.092
2021-01-12 20:00:00,104.076,104.08,103.885,103.936,104.076,104.076
2021-01-12 21:00:00,103.937,103.937,103.786,103.83,103.937,103.937
2021-01-12 22:00:00,103.83,103.835,103.722,103.743,103.83,103.83
2021-01-12 23:00:00,103.743,103.766,103.728,103.751,103.743,103.743
2021-01-13 00:00:00,103.754,103.826,103.754,103.775,103.754,103.76
2021-01-13 01:00:00,103.778,103.797,103.729,103.749,103.778,103.792
2021-01-13 02:00:00,103.75,103.752,103.619,103.658,103.75,103.751
2021-01-13 03:00:00,103.658,103.664,103.538,103.561,103.658,103.658
2021-01-13 04:00:00,103.562,103.609,103.526,103.595,103.562,103.563
2021-01-13 05:00:00,103.596,103.605,103.555,103.588,103.596,103.596
2021-01-13 06:00:00,103.588,103.647,103.579,103.647,103.588,103.589
2021-01-13 07:00:00,103.648,103.694,103.623,103.685,103.648,103.648
2021-01-13 08:00:00,103.685,103.709,103.663,103.681,103.685,103.685
2021-01-13 09:00:00,103.681,103.698,103.612,103.688,103.681,103.682
2021-01-13 10:00:00,103.688,103.817,103.658,103.799,103.688,103.688
2021-01-13 11:00:00,103.799,103.867,103.778,103.842,103.799,103.799
2021-01-13 12:00:00,103.842,103.949,103.834,103.928,103.842,103.842
2021-01-13 13:00:00,103.928,103.997,103.924,103.978,103.928,103.928
2021-01-13 14:00:00,103.979,103.98,103.839,103.873,103.979,103.979
2021-01-13 15:00:00,103.873,103.955,103.821,103.871,103.873,103.874
2021-01-13 16:00:00,103.871,103.959,103.83,103.871,103.871,103.872
2021-01-13 17:00:00,103.873,103.948,103.749,103.923,103.873,103.873
2021-01-13 18:00:00,103.923,103.979,103.894,103.906,103.923,103.923
2021-01-13 19:00:00,103.907,103.98,103.841,103.88,103.907,103.907
2021-01-13 20:00:00,103.879,103.905,103.772,103.895,103.879,103.879
2021-01-13 21:00:00,103.895,103.912,103.855,103.883,103.895,103.896
2021-01-13 22:00:00,103.883,103.911,103.851,103.876,103.883,103.883
2021-01-13 23:00:00,103.876,103.907,103.869,103.878,103.876,103.876
2021-01-14 00:00:00,103.862,103.889,103.828,103.856,103.862,103.908
2021-01-14 01:00:00,103.856,103.885,103.791,103.828,103.856,103.878
2021-01-14 02:00:00,103.828,103.936,103.8,103.927,103.828,103.83
2021-01-14 03:00:00,103.927,103.931,103.828,103.845,103.927,103.927
2021-01-14 04:00:00,103.845,104.198,103.838,104.037,103.845,103.846
2021-01-14 05:00:00,104.038,104.09,104.023,104.052,104.038,104.039
2021-01-14 06:00:00,104.052,104.067,104.006,104.03,104.052,104.052
2021-01-14 07:00:00,104.031,104.046,103.956,103.986,104.031,104.031
2021-01-14 08:00:00,103.986,104.065,103.986,104.051,103.986,103.988
2021-01-14 09:00:00,104.051,104.097,104.016,104.031,104.051,104.052
2021-01-14 10:00:00,104.032,104.055,103.962,103.97,104.032,104.032
2021-01-14 11:00:00,103.97,104.032,103.96,103.977,103.97,103.97
2021-01-14 12:00:00,103.977,104.026,103.955,103.989,103.977,103.977
2021-01-14 13:00:00,103.989,104.017,103.974,103.997,103.989,103.989
2021-01-14 14:00:00,103.997,104.088,103.981,104.08,103.997,103.998
2021-01-14 15:00:00,104.08,104.161,104.024,104.066,104.08,104.08
2021-01-14 16:00:00,104.066,104.1,104.002,104.09,104.066,104.066
2021-01-14 17:00:00,104.09,104.129,103.8,103.843,104.09,104.09
2021-01-14 18:00:00,103.842,103.859,103.653,103.665,103.842,103.842
2021-01-14 19:00:00,103.665,103.73,103.564,103.651,103.665,103.665
2021-01-14 20:00:00,103.65,103.809,103.638,103.798,103.65,103.65
2021-01-14 21:00:00,103.798,103.829,103.767,103.788,103.798,103.798
2021-01-14 22:00:00,103.788,103.793,103.669,103.71,103.788,103.788
2021-01-14 23:00:00,103.71,103.804,103.705,103.8,103.71,103.71
2021-01-15 00:00:00,103.801,103.829,103.728,103.817,103.801,103.806
2021-01-15 01:00:00,103.817,103.848,103.793,103.841,103.817,103.821
2021-01-15 02:00:00,103.841,103.855,103.701,103.786,103.841,103.842
2021-01-15 03:00:00,103.786,103.794,103.724,103.742,103.786,103.786
2021-01-15 04:00:00,103.742,103.782,103.737,103.764,103.742,103.743
2021-01-15 05:00:00,103.764,103.823,103.759,103.765,103.764,103.764
2021-01-15 06:00:00,103.765,103.81,103.756,103.763,103.765,103.766
2021-01-15 07:00:00,103.763,103.822,103.762,103.805,103.763,103.763
2021-01-15 08:00:00,103.805,103.812,103.754,103.772,103.805,103.806
2021-01-15 09:00:00,103.772,103.787,103.648,103.698,103.772,103.772
2021-01-15 10:00:00,103.698,103.758,103.653,103.746,103.698,103.699
2021-01-15 11:00:00,103.746,103.764,103.657,103.66,103.746,103.746
2021-01-15 12:00:00,103.661,103.691,103.619,103.661,103.661,103.661
2021-01-15 13:00:00,103.661,103.682,103.621,103.664,103.661,103.661
2021-01-15 14:00:00,103.665,103.748,103.661,103.713,103.665,103.665
2021-01-15 15:00:00,103.713,103.759,103.641,103.759,103.713,103.713
2021-01-15 16:00:00,103.759,103.89,103.749,103.876,103.759,103.759
2021-01-15 17:00:00,103.876,103.898,103.759,103.863,103.876,103.876
2021-01-15 18:00:00,103.862,103.891,103.758,103.803,103.862,103.862
2021-01-15 19:00:00,103.803,103.852,103.762,103.81,103.803,103.803
2021-01-15 20:00:00,103.81,103.883,103.806,103.853,103.81,103.81
2021-01-15 21:00:00,103.853,103.869,103.812,103.866,103.853,103.853
2021-01-15 22:00:00,103.866,103.877,103.837,103.871,103.866,103.866
2021-01-15 23:00:00,103.871,103.914,103.869,103.883,103.871,103.872
2021-01-18 00:00:00,103.815,103.863,103.798,103.831,103.815,103.854
2021-01-18 01:00:00,103.831,103.927,103.815,103.917,103.831,103.851
2021-01-18 02:00:00,103.917,103.931,103.797,103.814,103.917,103.917
2021-01-18 03:00:00,103.814,103.83,103.705,103.726,103.814,103.816
2021-01-18 04:00:00,103.726,103.752,103.689,103.713,103.726,103.728
2021-01-18 05:00:00,103.713,103.782,103.707,103.745,103.713,103.714
2021-01-18 06:00:00,103.745,103.769,103.731,103.746,103.745,103.746
2021-01-18 07:00:00,103.746,103.751,103.698,103.73,103.746,103.746
2021-01-18 08:00:00,103.73,103.755,103.705,103.72,103.73,103.73
2021-01-18 09:00:00,103.72,103.762,103.702,103.756,103.72,103.721
2021-01-18 10:00:00,103.756,103.798,103.727,103.777,103.756,103.756
2021-01-18 11:00:00,103.777,103.842,103.774,103.81,103.777,103.778
2021-01-18 12:00:00,103.81,103.814,103.76,103.785,103.81,103.81
2021-01-18 13:00:00,103.784,103.79,103.722,103.755,103.784,103.785
2021-01-18 14:00:00,103.755,103.786,103.745,103.771,103.755,103.755
2021-01-18 15:00:00,103.771,103.782,103.719,103.725,103.771,103.771
2021-01-18 16:00:00,103.725,103.757,103.712,103.732,103.725,103.725
2021-01-18 17:00:00,103.731,103.749,103.66,103.694,103.731,103.731
2021-01-18 18:00:00,103.695,103.723,103.637,103.662,103.695,103.695
2021-01-18 19:00:00,103.662,103.718,103.658,103.704,103.662,103.662
2021-01-18 20:00:00,103.703,103.703,103.675,103.69,103.703,103.704
2021-01-18 21:00:00,103.691,103.694,103.672,103.684,103.691,103.693
2021-01-18 22:00:00,103.684,103.692,103.656,103.668,103.684,103.686
2021-01-18 23:00:00,103.672,103.697,103.658,103.69,103.672,103.672
2021-01-19 00:00:00,103.683,103.702,103.683,103.688,103.683,103.696
2021-01-19 01:00:00,103.699,103.721,103.682,103.706,103.699,103.704
2021-01-19 02:00:00,103.706,103.734,103.652,103.719,103.706,103.708
2021-01-19 03:00:00,103.719,103.841,103.706,103.834,103.719,103.721
2021-01-19 04:00:00,103.835,104.064,103.829,104.051,103.835,103.835
2021-01-19 05:00:00,104.051,104.083,103.979,104.004,104.051,104.051
2021-01-19 06:00:00,104.004,104.011,103.97,104.003,104.004,104.005
2021-01-19 07:00:00,104.003,104.037,103.981,103.991,104.003,104.004
2021-01-19 08:00:00,103.991,104.062,103.989,104.053,103.991,103.991
2021-01-19 09:00:00,104.053,104.086,103.992,104.002,104.053,104.054
2021-01-19 10:00:00,104.003,104.028,103.951,104.017,104.003,104.003
2021-01-19 11:00:00,104.017,104.058,103.968,104.014,104.017,104.018
2021-01-19 12:00:00,104.014,104.027,103.98,104.001,104.014,104.015
2021-01-19 13:00:00,104.001,104.011,103.977,103.992,104.001,104.001
2021-01-19 14:00:00,103.992,104.0,103.925,103.99,103.992,103.992
2021-01-19 15:00:00,103.99,104.027,103.863,103.918,103.99,103.99
2021-01-19 16:00:00,103.918,104.02,103.873,103.998,103.918,103.918
2021-01-19 17:00:00,103.998,104.049,103.896,103.908,103.998,103.998
2021-01-19 18:00:00,103.908,103.929,103.837,103.862,103.908,103.908
2021-01-19 19:00:00,103.862,103.913,103.855,103.88,103.862,103.862
2021-01-19 20:00:00,103.88,103.926,103.869,103.924,103.88,103.88
2021-01-19 21:00:00,103.924,103.925,103.843,103.869,103.924,103.924
2021-01-19 22:00:00,103.869,103.905,103.866,103.879,103.869,103.87
2021-01-19 23:00:00,103.879,103.907,103.872,103.904,103.879,103.879
2021-01-20 00:00:00,103.9,103.921,103.842,103.909,103.9,103.909
2021-01-20 01:00:00,103.909,103.922,103.868,103.899,103.909,103.931
2021-01-20 02:00:00,103.899,103.928,103.822,103.882,103.899,103.901
2021-01-20 03:00:00,103.882,103.882,103.796,103.808,103.882,103.883
2021-01-20 04:00:00,103.808,103.809,103.746,103.762,103.808,103.81
2021-01-20 05:00:00,103.762,103.784,103.747,103.78,103.762,103.762
2021-01-20 06:00:00,103.78,103.786,103.73,103.769,103.78,103.78
2021-01-20 07:00:00,103.769,103.769,103.742,103.747,103.769,103.77
2021-01-20 08:00:00,103.747,103.767,103.723,103.756,103.747,103.748
2021-01-20 09:00:00,103.756,103.81,103.715,103.74,103.756,103.756
2021-01-20 10:00:00,103.741,103.838,103.72,103.777,103.741,103.741
2021-01-20 11:00:00,103.777,103.824,103.743,103.793,103.777,103.777
2021-01-20 12:00:00,103.793,103.818,103.753,103.795,103.793,103.793
2021-01-20 13:00:00,103.796,103.834,103.792,103.82,103.796,103.796
2021-01-20 14:00:00,103.82,103.837,103.789,103.825,103.82,103.82
2021-01-20 15:00:00,103.825,103.844,103.736,103.747,103.825,103.826
2021-01-20 16:00:00,103.746,103.786,103.696,103.776,103.746,103.746
2021-01-20 17:00:00,103.776,103.777,103.446,103.552,103.776,103.778
2021-01-20 18:00:00,103.552,103.621,103.542,103.561,103.552,103.552
2021-01-20 19:00:00,103.561,103.622,103.543,103.602,103.561,103.561
2021-01-20 20:00:00,103.602,103.638,103.581,103.588,103.602,103.602
2021-01-20 21:00:00,103.588,103.61,103.532,103.539,103.588,103.588
2021-01-20 22:00:00,103.538,103.565,103.512,103.52,103.538,103.538
2021-01-20 23:00:00,103.52,103.551,103.518,103.536,103.52,103.52
2021-01-21 00:00:00,103.54,103.57,103.49,103.569,103.54,103.555
2021-01-21 01:00:00,103.57,103.572,103.516,103.558,103.57,103.582
2021-01-21 02:00:00,103.558,103.668,103.538,103.606,103.558,103.559
2021-01-21 03:00:00,103.606,103.607,103.501,103.553,103.606,103.608
2021-01-21 04:00:00,103.553,103.582,103.524,103.529,103.553,103.554
2021-01-21 05:00:00,103.529,103.555,103.488,103.489,103.529,103.529
2021-01-21 06:00:00,103.489,103.514,103.391,103.399,103.489,103.49
2021-01-21 07:00:00,103.399,103.422,103.334,103.37,103.399,103.4
2021-01-21 08:00:00,103.37,103.444,103.366,103.39,103.37,103.37
2021-01-21 09:00:00,103.389,103.541,103.385,103.521,103.389,103.389
2021-01-21 10:00:00,103.521,103.556,103.476,103.486,103.521,103.521
2021-01-21 11:00:00,103.484,103.505,103.417,103.423,103.484,103.484
2021-01-21 12:00:00,103.422,103.435,103.375,103.405,103.422,103.423
2021-01-21 13:00:00,103.405,103.442,103.393,103.413,103.405,103.406
2021-01-21 14:00:00,103.413,103.467,103.328,103.45,103.413,103.413
2021-01-21 15:00:00,103.45,103.601,103.368,103.578,103.45,103.45
2021-01-21 16:00:00,103.578,103.663,103.551,103.574,103.578,103.578
2021-01-21 17:00:00,103.574,103.576,103.455,103.562,103.574,103.574
2021-01-21 18:00:00,103.562,103.601,103.526,103.575,103.562,103.562
2021-01-21 19:00:00,103.575,103.624,103.541,103.551,103.575,103.575
2021-01-21 20:00:00,103.551,103.569,103.526,103.54,103.551,103.551
2021-01-21 21:00:00,103.54,103.546,103.498,103.508,103.54,103.541
2021-01-21 22:00:00,103.508,103.548,103.477,103.496,103.508,103.508
2021-01-21 23:00:00,103.496,103.524,103.485,103.492,103.496,103.496
2021-01-22 00:00:00,103.496,103.516,103.441,103.5,103.496,103.522
2021-01-22 01:00:00,103.5,103.519,103.485,103.51,103.5,103.522
2021-01-22 02:00:00,103.51,103.572,103.493,103.537,103.51,103.511
2021-01-22 03:00:00,103.537,103.611,103.532,103.582,103.537,103.537
2021-01-22 04:00:00,103.582,103.585,103.529,103.535,103.582,103.583
2021-01-22 05:00:00,103.535,103.553,103.498,103.537,103.535,103.535
2021-01-22 06:00:00,103.537,103.575,103.537,103.572,103.537,103.538
2021-01-22 07:00:00,103.572,103.592,103.563,103.586,103.572,103.572
2021-01-22 08:00:00,103.585,103.652,103.575,103.623,103.585,103.585
2021-01-22 09:00:00,103.623,103.697,103.62,103.674,103.623,103.624
2021-01-22 10:00:00,103.674,103.687,103.605,103.636,103.674,103.674
2021-01-22 11:00:00,103.636,103.691,103.622,103.66,103.636,103.636
2021-01-22 12:00:00,103.659,103.717,103.658,103.704,103.659,103.659
2021-01-22 13:00:00,103.704,103.708,103.659,103.688,103.704,103.704
2021-01-22 14:00:00,103.688,103.772,103.677,103.756,103.688,103.688
2021-01-22 15:00:00,103.756,103.858,103.756,103.833,103.756,103.756
2021-01-22 16:00:00,103.833,103.887,103.774,103.782,103.833,103.833
2021-01-22 17:00:00,103.782,103.842,103.732,103.793,103.782,103.782
2021-01-22 18:00:00,103.793,103.809,103.75,103.769,103.793,103.793
2021-01-22 19:00:00,103.769,103.827,103.757,103.813,103.769,103.769
2021-01-22 20:00:00,103.813,103.843,103.804,103.818,103.813,103.813
2021-01-22 21:00:00,103.818,103.835,103.796,103.834,103.818,103.818
2021-01-22 22:00:00,103.834,103.843,103.794,103.83,103.834,103.834
2021-01-22 23:00:00,103.83,103.84,103.76,103.765,103.83,103.83
2021-01-25 00:00:00,103.713,103.824,103.706,103.82,103.713,103.813
2021-01-25 01:00:00,103.82,103.826,103.776,103.792,103.82,103.837
2021-01-25 02:00:00,103.792,103.832,103.75,103.812,103.792,103.792
2021-01-25 03:00:00,103.812,103.892,103.796,103.841,103.812,103.812
2021-01-25 04:00:00,103.841,103.846,103.748,103.778,103.841,103.842
2021-01-25 05:00:00,103.778,103.781,103.751,103.761,103.778,103.779
2021-01-25 06:00:00,103.762,103.771,103.718,103.767,103.762,103.762
2021-01-25 07:00:00,103.767,103.774,103.688,103.719,103.767,103.767
2021-01-25 08:00:00,103.719,103.723,103.686,103.698,103.719,103.719
2021-01-25 09:00:00,103.698,103.723,103.674,103.71,103.698,103.698
2021-01-25 10:00:00,103.71,103.769,103.706,103.742,103.71,103.71
2021-01-25 11:00:00,103.742,103.817,103.738,103.801,103.742,103.742
2021-01-25 12:00:00,103.801,103.855,103.776,103.807,103.801,103.801
2021-01-25 13:00:00,103.807,103.842,103.795,103.819,103.807,103.807
2021-01-25 14:00:00,103.819,103.83,103.756,103.77,103.819,103.819
2021-01-25 15:00:00,103.77,103.796,103.702,103.774,103.77,103.77
2021-01-25 16:00:00,103.774,103.932,103.739,103.906,103.774,103.774
2021-01-25 17:00:00,103.907,103.938,103.768,103.774,103.907,103.907
2021-01-25 18:00:00,103.774,103.838,103.749,103.784,103.774,103.774
2021-01-25 19:00:00,103.784,103.805,103.752,103.788,103.784,103.784
2021-01-25 20:00:00,103.788,103.794,103.761,103.762,103.788,103.788
2021-01-25 21:00:00,103.762,103.802,103.746,103.801,103.762,103.762
2021-01-25 22:00:00,103.801,103.807,103.758,103.762,103.801,103.801
2021-01-25 23:00:00,103.763,103.773,103.755,103.76,103.763,103.763
2021-01-26 00:00:00,103.738,103.77,103.687,103.764,103.738,103.751
2021-01-26 01:00:00,103.764,103.776,103.754,103.764,103.764,103.774
2021-01-26 02:00:00,103.764,103.8,103.737,103.746,103.764,103.766
2021-01-26 03:00:00,103.746,103.785,103.697,103.704,103.746,103.747
2021-01-26 04:00:00,103.704,103.72,103.659,103.696,103.704,103.704
2021-01-26 05:00:00,103.696,103.734,103.696,103.717,103.696,103.697
2021-01-26 06:00:00,103.717,103.758,103.7,103.753,103.717,103.717
2021-01-26 07:00:00,103.753,103.76,103.722,103.732,103.753,103.753
2021-01-26 08:00:00,103.732,103.738,103.694,103.721,103.732,103.732
2021-01-26 09:00:00,103.721,103.829,103.721,103.814,103.721,103.722
2021-01-26 10:00:00,103.813,103.816,103.755,103.782,103.813,103.814
2021-01-26 11:00:00,103.782,103.812,103.773,103.791,103.782,103.782
2021-01-26 12:00:00,103.791,103.811,103.768,103.802,103.791,103.791
2021-01-26 13:00:00,103.802,103.812,103.747,103.776,103.802,103.802
2021-01-26 14:00:00,103.777,103.786,103.722,103.739,103.777,103.777
2021-01-26 15:00:00,103.739,103.743,103.626,103.659,103.739,103.739
2021-01-26 16:00:00,103.659,103.671,103.573,103.591,103.659,103.659
2021-01-26 17:00:00,103.591,103.659,103.556,103.647,103.591,103.593
2021-01-26 18:00:00,103.647,103.712,103.63,103.69,103.647,103.647
2021-01-26 19:00:00,103.69,103.692,103.658,103.679,103.69,103.69
2021-01-26 20:00:00,103.679,103.682,103.65,103.656,103.679,103.679
2021-01-26 21:00:00,103.657,103.674,103.649,103.65,103.657,103.657
2021-01-26 22:00:00,103.65,103.658,103.597,103.6,103.65,103.65
2021-01-26 23:00:00,103.6,103.629,103.595,103.621,103.6,103.6
2021-01-27 00:00:00,103.611,103.662,103.592,103.63,103.611,103.62
2021-01-27 01:00:00,103.63,103.641,103.602,103.602,103.63,103.649
2021-01-27 02:00:00,103.602,103.681,103.588,103.664,103.602,103.602
2021-01-27 03:00:00,103.664,103.722,103.657,103.696,103.664,103.664
2021-01-27 04:00:00,103.696,103.72,103.686,103.707,103.696,103.696
2021-01-27 05:00:00,103.707,103.752,103.707,103.739,103.707,103.707
2021-01-27 06:00:00,103.739,103.746,103.701,103.715,103.739,103.739
2021-01-27 07:00:00,103.715,103.738,103.675,103.684,103.715,103.715
2021-01-27 08:00:00,103.684,103.688,103.633,103.674,103.684,103.684
2021-01-27 09:00:00,103.673,103.706,103.664,103.679,103.673,103.673
2021-01-27 10:00:00,103.679,103.755,103.652,103.749,103.679,103.679
2021-01-27 11:00:00,103.749,103.798,103.744,103.788,103.749,103.749
2021-01-27 12:00:00,103.788,103.802,103.738,103.74,103.788,103.788
2021-01-27 13:00:00,103.74,103.868,103.74,103.837,103.74,103.74
2021-01-27 14:00:00,103.837,103.889,103.808,103.848,103.837,103.837
2021-01-27 15:00:00,103.848,104.03,103.847,103.982,103.848,103.848
2021-01-27 16:00:00,103.982,104.179,103.958,104.093,103.982,103.982
2021-01-27 17:00:00,104.093,104.132,104.03,104.099,104.093,104.093
2021-01-27 18:00:00,104.099,104.128,104.049,104.102,104.099,104.099
2021-01-27 19:00:00,104.102,104.122,104.051,104.069,104.102,104.102
2021-01-27 20:00:00,104.069,104.1,104.038,104.079,104.069,104.069
2021-01-27 21:00:00,104.079,104.17,104.035,104.152,104.079,104.086
2021-01-27 22:00:00,104.152,104.201,104.151,104.182,104.152,104.152
2021-01-27 23:00:00,104.182,104.195,104.079,104.11,104.182,104.182
2021-01-28 00:00:00,104.072,104.129,104.051,104.071,104.072,104.171
2021-01-28 01:00:00,104.076,104.18,104.066,104.143,104.076,104.081
2021-01-28 02:00:00,104.143,104.35,104.137,104.279,104.143,104.143
2021-01-28 03:00:00,104.279,104.32,104.254,104.289,104.279,104.279
2021-01-28 04:00:00,104.29,104.345,104.273,104.323,104.29,104.29
2021-01-28 05:00:00,104.323,104.371,104.313,104.364,104.323,104.323
2021-01-28 06:00:00,104.364,104.367,104.272,104.295,104.364,104.364
2021-01-28 07:00:00,104.295,104.308,104.217,104.239,104.295,104.295
2021-01-28 08:00:00,104.239,104.3,104.238,104.276,104.239,104.239
2021-01-28 09:00:00,104.276,104.378,104.276,104.314,104.276,104.276
2021-01-28 10:00:00,104.313,104.356,104.252,104.339,104.313,104.313
2021-01-28 11:00:00,104.339,104.353,104.284,104.296,104.339,104.339
2021-01-28 12:00:00,104.296,104.333,104.219,104.243,104.296,104.296
2021-01-28 13:00:00,104.243,104.314,104.236,104.308,104.243,104.243
2021-01-28 14:00:00,104.308,104.372,104.284,104.366,104.308,104.308
2021-01-28 15:00:00,104.366,104.464,104.283,104.289,104.366,104.366
2021-01-28 16:00:00,104.289,104.399,104.252,104.353,104.289,104.289
2021-01-28 17:00:00,104.353,104.362,104.253,104.311,104.353,104.354
2021-01-28 18:00:00,104.31,104.354,104.284,104.313,104.31,104.31
2021-01-28 19:00:00,104.313,104.326,104.254,104.274,104.313,104.313
2021-01-28 20:00:00,104.274,104.276,104.205,104.239,104.274,104.274
2021-01-28 21:00:00,104.238,104.249,104.175,104.232,104.238,104.238
2021-01-28 22:00:00,104.233,104.26,104.215,104.247,104.233,104.233
2021-01-28 23:00:00,104.248,104.271,104.23,104.262,104.248,104.248
2021-01-29 00:00:00,104.21,104.262,104.199,104.227,104.21,104.246
2021-01-29 01:00:00,104.227,104.315,104.223,104.305,104.227,104.234
2021-01-29 02:00:00,104.304,104.502,104.288,104.46,104.304,104.304
2021-01-29 03:00:00,104.46,104.572,104.452,104.485,104.46,104.46
2021-01-29 04:00:00,104.485,104.528,104.438,104.496,104.485,104.485
2021-01-29 05:00:00,104.496,104.506,104.46,104.483,104.496,104.496
2021-01-29 06:00:00,104.483,104.524,104.473,104.511,104.483,104.484
2021-01-29 07:00:00,104.511,104.537,104.476,104.477,104.511,104.512
2021-01-29 08:00:00,104.478,104.504,104.466,104.492,104.478,104.478
2021-01-29 09:00:00,104.492,104.573,104.484,104.552,104.492,104.492
2021-01-29 10:00:00,104.552,104.674,104.538,104.637,104.552,104.552
2021-01-29 11:00:00,104.637,104.941,104.63,104.868,104.637,104.637
2021-01-29 12:00:00,104.868,104.902,104.721,104.727,104.868,104.868
2021-01-29 13:00:00,104.728,104.78,104.726,104.745,104.728,104.728
2021-01-29 14:00:00,104.745,104.745,104.615,104.656,104.745,104.745
2021-01-29 15:00:00,104.656,104.765,104.615,104.676,104.656,104.657
2021-01-29 16:00:00,104.676,104.842,104.654,104.767,104.676,104.676
2021-01-29 17:00:00,104.767,104.852,104.669,104.692,104.767,104.767
2021-01-29 18:00:00,104.692,104.734,104.627,104.648,104.692,104.692
2021-01-29 19:00:00,104.648,104.714,104.629,104.704,104.648,104.648
2021-01-29 20:00:00,104.704,104.766,104.688,104.725,104.704,104.704
2021-01-29 21:00:00,104.725,104.752,104.694,104.752,104.725,104.725
2021-01-29 22:00:00,104.752,104.757,104.705,104.748,104.752,104.752
2021-01-29 23:00:00,104.748,104.752,104.712,104.722,104.748,104.749
2021-02-01 00:00:00,104.768,104.807,104.749,104.795,104.768,104.792
2021-02-01 01:00:00,104.795,104.797,104.68,104.717,104.795,104.813
2021-02-01 02:00:00,104.717,104.754,104.665,104.683,104.717,104.719
2021-02-01 03:00:00,104.683,104.692,104.608,104.692,104.683,104.683
2021-02-01 04:00:00,104.692,104.728,104.669,104.723,104.692,104.692
2021-02-01 05:00:00,104.723,104.724,104.67,104.684,104.723,104.724
2021-02-01 06:00:00,104.684,104.711,104.65,104.707,104.684,104.684
2021-02-01 07:00:00,104.707,104.707,104.641,104.659,104.707,104.707
2021-02-01 08:00:00,104.659,104.689,104.649,104.667,104.659,104.659
2021-02-01 09:00:00,104.667,104.757,104.664,104.745,104.667,104.667
2021-02-01 10:00:00,104.746,104.878,104.675,104.873,104.746,104.746
2021-02-01 11:00:00,104.873,104.901,104.809,104.874,104.873,104.873
2021-02-01 12:00:00,104.875,104.95,104.86,104.904,104.875,104.875
2021-02-01 13:00:00,104.904,104.942,104.859,104.883,104.904,104.904
2021-02-01 14:00:00,104.883,104.962,104.834,104.93,104.883,104.884
2021-02-01 15:00:00,104.933,104.976,104.883,104.938,104.933,104.933
2021-02-01 16:00:00,104.938,104.992,104.879,104.973,104.938,104.938
2021-02-01 17:00:00,104.973,104.996,104.882,104.958,104.973,104.978
2021-02-01 18:00:00,104.958,104.985,104.921,104.982,104.958,104.958
2021-02-01 19:00:00,104.982,105.0,104.971,104.996,104.982,104.982
2021-02-01 20:00:00,104.996,105.036,104.93,104.94,104.996,104.996
2021-02-01 21:00:00,104.94,104.965,104.902,104.944,104.94,104.94
2021-02-01 22:00:00,104.944,104.964,104.918,104.954,104.944,104.944
2021-02-01 23:00:00,104.954,104.96,104.924,104.938,104.954,104.954
2021-02-02 00:00:00,104.914,104.951,104.863,104.942,104.914,104.932
2021-02-02 01:00:00,104.946,104.95,104.877,104.883,104.946,104.956
2021-02-02 02:00:00,104.883,104.926,104.855,104.893,104.883,104.885
2021-02-02 03:00:00,104.893,104.893,104.828,104.876,104.893,104.894
2021-02-02 04:00:00,104.876,104.934,104.86,104.897,104.876,104.876
2021-02-02 05:00:00,104.897,104.947,104.879,104.945,104.897,104.898
2021-02-02 06:00:00,104.945,104.981,104.934,104.98,104.945,104.945
2021-02-02 07:00:00,104.98,105.028,104.967,104.969,104.98,104.98
2021-02-02 08:00:00,104.969,105.027,104.954,104.994,104.969,104.97
2021-02-02 09:00:00,104.994,105.021,104.937,104.985,104.994,104.995
2021-02-02 10:00:00,104.985,104.986,104.852,104.864,104.985,104.986
2021-02-02 11:00:00,104.865,104.93,104.856,104.924,104.865,104.865
2021-02-02 12:00:00,104.924,105.007,104.907,104.991,104.924,104.924
2021-02-02 13:00:00,104.991,105.065,104.962,105.028,104.991,104.992
2021-02-02 14:00:00,105.028,105.065,104.992,105.049,105.028,105.028
2021-02-02 15:00:00,105.049,105.052,104.978,104.982,105.049,105.049
2021-02-02 16:00:00,104.982,105.174,104.965,105.159,104.982,104.982
2021-02-02 17:00:00,105.159,105.16,105.079,105.104,105.159,105.159
2021-02-02 18:00:00,105.104,105.118,105.018,105.096,105.104,105.104
2021-02-02 19:00:00,105.092,105.128,105.065,105.099,105.092,105.093
2021-02-02 20:00:00,105.099,105.101,105.058,105.094,105.099,105.1
2021-02-02 21:00:00,105.094,105.1,105.051,105.082,105.094,105.094
2021-02-02 22:00:00,105.083,105.103,105.018,105.019,105.083,105.083
2021-02-02 23:00:00,105.02,105.045,104.947,104.971,105.02,105.02
2021-02-03 00:00:00,104.97,104.999,104.939,104.994,104.97,104.992
2021-02-03 01:00:00,104.994,105.064,104.994,105.031,104.994,105.013
2021-02-03 02:00:00,105.031,105.048,104.956,104.959,105.031,105.031
2021-02-03 03:00:00,104.959,104.989,104.928,104.954,104.959,104.959
2021-02-03 04:00:00,104.954,104.973,104.922,104.972,104.954,104.954
2021-02-03 05:00:00,104.972,105.014,104.968,105.01,104.972,104.972
2021-02-03 06:00:00,105.01,105.031,104.992,105.009,105.01,105.01
2021-02-03 07:00:00,105.009,105.015,104.981,105.006,105.009,105.009
2021-02-03 08:00:00,105.0,105.057,105.0,105.035,105.0,105.0
2021-02-03 09:00:00,105.036,105.096,105.027,105.052,105.036,105.036
2021-02-03 10:00:00,105.052,105.092,105.013,105.044,105.052,105.053
2021-02-03 11:00:00,105.044,105.105,105.043,105.073,105.044,105.044
2021-02-03 12:00:00,105.072,105.102,105.057,105.07,105.072,105.072
2021-02-03 13:00:00,105.07,105.071,105.042,105.064,105.07,105.07
2021-02-03 14:00:00,105.066,105.085,105.036,105.058,105.066,105.067
2021-02-03 15:00:00,105.058,105.07,105.0,105.036,105.058,105.058
2021-02-03 16:00:00,105.036,105.055,104.971,105.014,105.036,105.036
2021-02-03 17:00:00,105.017,105.098,105.008,105.073,105.017,105.017
2021-02-03 18:00:00,105.074,105.087,105.035,105.051,105.074,105.074
2021-02-03 19:00:00,105.051,105.075,105.007,105.008,105.051,105.051
2021-02-03 20:00:00,105.008,105.069,105.003,105.054,105.008,105.008
2021-02-03 21:00:00,105.054,105.059,105.028,105.053,105.054,105.054
2021-02-03 22:00:00,105.053,105.058,105.01,105.025,105.053,105.053
2021-02-03 23:00:00,105.025,105.04,105.017,105.027,105.025,105.025
2021-02-04 00:00:00,105.025,105.032,105.005,105.028,105.025,105.034
2021-02-04 01:00:00,105.028,105.035,104.985,104.996,105.028,105.042
2021-02-04 02:00:00,104.991,105.068,104.975,105.053,104.991,104.991
2021-02-04 03:00:00,105.053,105.078,105.011,105.07,105.053,105.053
2021-02-04 04:00:00,105.07,105.079,105.027,105.064,105.07,105.071
2021-02-04 05:00:00,105.061,105.131,105.054,105.115,105.061,105.062
2021-02-04 06:00:00,105.115,105.138,105.099,105.131,105.115,105.115
2021-02-04 07:00:00,105.131,105.191,105.122,105.144,105.131,105.131
2021-02-04 08:00:00,105.144,105.202,105.143,105.198,105.144,105.144
2021-02-04 09:00:00,105.198,105.261,105.189,105.193,105.198,105.198
2021-02-04 10:00:00,105.193,105.242,105.143,105.231,105.193,105.194
2021-02-04 11:00:00,105.231,105.279,105.203,105.232,105.231,105.231
2021-02-04 12:00:00,105.233,105.291,105.212,105.285,105.233,105.233
2021-02-04 13:00:00,105.286,105.338,105.269,105.336,105.286,105.286
2021-02-04 14:00:00,105.336,105.336,105.243,105.25,105.336,105.339
2021-02-04 15:00:00,105.25,105.314,105.216,105.307,105.25,105.25
2021-02-04 16:00:00,105.307,105.424,105.293,105.392,105.307,105.307
2021-02-04 17:00:00,105.392,105.494,105.371,105.418,105.392,105.392
2021-02-04 18:00:00,105.418,105.461,105.402,105.429,105.418,105.418
2021-02-04 19:00:00,105.429,105.493,105.429,105.45,105.429,105.429
2021-02-04 20:00:00,105.45,105.502,105.432,105.497,105.45,105.45
2021-02-04 21:00:00,105.497,105.529,105.486,105.524,105.497,105.497
2021-02-04 22:00:00,105.523,105.565,105.508,105.549,105.523,105.523
2021-02-04 23:00:00,105.549,105.564,105.524,105.562,105.549,105.549
2021-02-05 00:00:00,105.509,105.553,105.501,105.512,105.509,105.54
2021-02-05 01:00:00,105.513,105.618,105.513,105.575,105.513,105.535
2021-02-05 02:00:00,105.576,105.64,105.46,105.487,105.576,105.576
2021-02-05 03:00:00,105.487,105.527,105.472,105.511,105.487,105.487
2021-02-05 04:00:00,105.511,105.562,105.498,105.55,105.511,105.511
2021-02-05 05:00:00,105.55,105.562,105.538,105.547,105.55,105.55
2021-02-05 06:00:00,105.547,105.582,105.537,105.555,105.547,105.547
2021-02-05 07:00:00,105.555,105.568,105.51,105.51,105.555,105.555
2021-02-05 08:00:00,105.51,105.543,105.487,105.496,105.51,105.51
2021-02-05 09:00:00,105.496,105.525,105.486,105.497,105.496,105.496
2021-02-05 10:00:00,105.498,105.498,105.336,105.343,105.498,105.498
2021-02-05 11:00:00,105.343,105.476,105.335,105.471,105.343,105.343
2021-02-05 12:00:00,105.471,105.601,105.47,105.598,105.471,105.471
2021-02-05 13:00:00,105.598,105.671,105.566,105.616,105.598,105.598
2021-02-05 14:00:00,105.615,105.702,105.598,105.683,105.615,105.615
2021-02-05 15:00:00,105.683,105.768,105.459,105.682,105.683,105.683
2021-02-05 16:00:00,105.682,105.706,105.454,105.502,105.682,105.683
2021-02-05 17:00:00,105.502,105.548,105.408,105.47,105.502,105.502
2021-02-05 18:00:00,105.47,105.478,105.389,105.437,105.47,105.47
2021-02-05 19:00:00,105.437,105.447,105.344,105.347,105.437,105.437
2021-02-05 20:00:00,105.347,105.392,105.345,105.39,105.347,105.347
2021-02-05 21:00:00,105.39,105.447,105.371,105.446,105.39,105.39
2021-02-05 22:00:00,105.445,105.445,105.366,105.383,105.445,105.445
2021-02-05 23:00:00,105.383,105.404,105.361,105.376,105.383,105.383
2021-02-08 00:00:00,105.303,105.429,105.303,105.376,105.303,105.391
2021-02-08 01:00:00,105.387,105.434,105.364,105.395,105.387,105.408
2021-02-08 02:00:00,105.395,105.546,105.346,105.532,105.395,105.397
2021-02-08 03:00:00,105.532,105.542,105.48,105.481,105.532,105.533
2021-02-08 04:00:00,105.481,105.517,105.457,105.459,105.481,105.481
2021-02-08 05:00:00,105.46,105.48,105.431,105.462,105.46,105.46
2021-02-08 06:00:00,105.462,105.526,105.46,105.522,105.462,105.462
2021-02-08 07:00:00,105.522,105.522,105.477,105.502,105.522,105.522
2021-02-08 08:00:00,105.502,105.528,105.493,105.498,105.502,105.502
2021-02-08 09:00:00,105.498,105.531,105.453,105.482,105.498,105.498
2021-02-08 10:00:00,105.482,105.672,105.452,105.618,105.482,105.483
2021-02-08 11:00:00,105.618,105.628,105.578,105.605,105.618,105.618
2021-02-08 12:00:00,105.605,105.666,105.6,105.632,105.605,105.605
2021-02-08 13:00:00,105.631,105.631,105.581,105.626,105.631,105.631
2021-02-08 14:00:00,105.626,105.651,105.542,105.554,105.626,105.626
2021-02-08 15:00:00,105.554,105.605,105.446,105.481,105.554,105.554
2021-02-08 16:00:00,105.482,105.483,105.313,105.369,105.482,105.482
2021-02-08 17:00:00,105.369,105.369,105.163,105.197,105.369,105.369
2021-02-08 18:00:00,105.198,105.263,105.15,105.195,105.198,105.198
2021-02-08 19:00:00,105.195,105.235,105.186,105.188,105.195,105.195
2021-02-08 20:00:00,105.188,105.226,105.188,105.212,105.188,105.188
2021-02-08 21:00:00,105.212,105.24,105.2,105.224,105.212,105.212
2021-02-08 22:00:00,105.224,105.224,105.179,105.201,105.224,105.224
2021-02-08 23:00:00,105.201,105.246,105.201,105.231,105.201,105.201
2021-02-09 00:00:00,105.2,105.248,105.174,105.223,105.2,105.27
2021-02-09 01:00:00,105.222,105.262,105.202,105.213,105.222,105.253
2021-02-09 02:00:00,105.213,105.228,105.141,105.15,105.213,105.214
2021-02-09 03:00:00,105.15,105.167,105.105,105.127,105.15,105.152
2021-02-09 04:00:00,105.127,105.127,104.916,104.936,105.127,105.128
2021-02-09 05:00:00,104.936,104.953,104.9,104.928,104.936,104.936
2021-02-09 06:00:00,104.929,104.939,104.839,104.876,104.929,104.929
2021-02-09 07:00:00,104.876,104.912,104.853,104.897,104.876,104.876
2021-02-09 08:00:00,104.897,104.921,104.839,104.846,104.897,104.898
2021-02-09 09:00:00,104.845,104.848,104.748,104.775,104.845,104.846
2021-02-09 10:00:00,104.775,104.887,104.758,104.774,104.775,104.775
2021-02-09 11:00:00,104.774,104.775,104.536,104.566,104.774,104.774
2021-02-09 12:00:00,104.567,104.656,104.567,104.656,104.567,104.567
2021-02-09 13:00:00,104.656,104.725,104.638,104.652,104.656,104.656
2021-02-09 14:00:00,104.651,104.694,104.61,104.62,104.651,104.651
2021-02-09 15:00:00,104.62,104.704,104.558,104.62,104.62,104.62
2021-02-09 16:00:00,104.62,104.689,104.57,104.602,104.62,104.62
2021-02-09 17:00:00,104.601,104.608,104.498,104.576,104.601,104.601
2021-02-09 18:00:00,104.576,104.659,104.568,104.62,104.576,104.576
2021-02-09 19:00:00,104.62,104.628,104.55,104.563,104.62,104.62
2021-02-09 20:00:00,104.563,104.64,104.563,104.616,104.563,104.563
2021-02-09 21:00:00,104.616,104.628,104.54,104.54,104.616,104.616
2021-02-09 22:00:00,104.54,104.581,104.54,104.568,104.54,104.541
2021-02-09 23:00:00,104.568,104.585,104.547,104.557,104.568,104.569
2021-02-10 00:00:00,104.562,104.604,104.527,104.552,104.562,104.66
2021-02-10 01:00:00,104.552,104.59,104.533,104.584,104.552,104.575
2021-02-10 02:00:00,104.584,104.628,104.514,104.614,104.584,104.585
2021-02-10 03:00:00,104.614,104.713,104.603,104.648,104.614,104.614
2021-02-10 04:00:00,104.648,104.666,104.605,104.613,104.648,104.648
2021-02-10 05:00:00,104.613,104.616,104.51,104.556,104.613,104.613
2021-02-10 06:00:00,104.556,104.567,104.539,104.564,104.556,104.556
2021-02-10 07:00:00,104.564,104.596,104.557,104.562,104.564,104.564
2021-02-10 08:00:00,104.562,104.603,104.544,104.568,104.562,104.562
2021-02-10 09:00:00,104.568,104.593,104.501,104.519,104.568,104.568
2021-02-10 10:00:00,104.519,104.599,104.409,104.418,104.519,104.519
2021-02-10 11:00:00,104.418,104.842,104.418,104.792,104.418,104.419
2021-02-10 12:00:00,104.792,104.798,104.692,104.724,104.792,104.792
2021-02-10 13:00:00,104.724,104.782,104.704,104.775,104.724,104.724
2021-02-10 14:00:00,104.775,104.831,104.766,104.78,104.775,104.775
2021-02-10 15:00:00,104.78,104.799,104.536,104.638,104.78,104.78
2021-02-10 16:00:00,104.638,104.664,104.551,104.662,104.638,104.638
2021-02-10 17:00:00,104.662,104.714,104.574,104.663,104.662,104.662
2021-02-10 18:00:00,104.663,104.692,104.634,104.667,104.663,104.663
2021-02-10 19:00:00,104.667,104.707,104.628,104.633,104.667,104.667
2021-02-10 20:00:00,104.633,104.675,104.627,104.655,104.633,104.633
2021-02-10 21:00:00,104.655,104.67,104.635,104.642,104.655,104.655
2021-02-10 22:00:00,104.643,104.662,104.628,104.635,104.643,104.643
2021-02-10 23:00:00,104.635,104.64,104.594,104.595,104.635,104.635
2021-02-11 00:00:00,104.582,104.616,104.574,104.61,104.582,104.596
2021-02-11 01:00:00,104.621,104.645,104.606,104.619,104.621,104.634
2021-02-11 02:00:00,104.619,104.644,104.594,104.609,104.619,104.62
2021-02-11 03:00:00,104.609,104.61,104.567,104.567,104.609,104.61
2021-02-11 04:00:00,104.567,104.619,104.566,104.604,104.567,104.567
2021-02-11 05:00:00,104.604,104.626,104.582,104.6,104.604,104.604
2021-02-11 06:00:00,104.6,104.604,104.577,104.598,104.6,104.6
2021-02-11 07:00:00,104.598,104.612,104.585,104.593,104.598,104.598
2021-02-11 08:00:00,104.593,104.598,104.553,104.553,104.593,104.594
2021-02-11 09:00:00,104.553,104.596,104.55,104.586,104.553,104.553
2021-02-11 10:00:00,104.585,104.764,104.56,104.748,104.585,104.586
2021-02-11 11:00:00,104.748,104.754,104.663,104.663,104.748,104.748
2021-02-11 12:00:00,104.663,104.72,104.659,104.72,104.663,104.663
2021-02-11 13:00:00,104.72,104.752,104.708,104.723,104.72,104.72
2021-02-11 14:00:00,104.723,104.734,104.684,104.706,104.723,104.723
2021-02-11 15:00:00,104.706,104.706,104.638,104.688,104.706,104.706
2021-02-11 16:00:00,104.688,104.788,104.676,104.694,104.688,104.688
2021-02-11 17:00:00,104.693,104.734,104.655,104.728,104.693,104.694
2021-02-11 18:00:00,104.728,104.781,104.712,104.761,104.728,104.728
2021-02-11 19:00:00,104.761,104.805,104.73,104.747,104.761,104.761
2021-02-11 20:00:00,104.747,104.787,104.735,104.764,104.747,104.747
2021-02-11 21:00:00,104.764,104.793,104.749,104.756,104.764,104.764
2021-02-11 22:00:00,104.756,104.766,104.708,104.738,104.756,104.756
2021-02-11 23:00:00,104.738,104.751,104.719,104.74,104.738,104.738
2021-02-12 00:00:00,104.73,104.755,104.68,104.743,104.73,104.763
2021-02-12 01:00:00,104.743,104.778,104.739,104.751,104.743,104.752
2021-02-12 02:00:00,104.752,104.808,104.737,104.75,104.752,104.752
2021-02-12 03:00:00,104.75,104.826,104.737,104.81,104.75,104.75
2021-02-12 04:00:00,104.81,104.842,104.805,104.826,104.81,104.81
2021-02-12 05:00:00,104.826,104.833,104.803,104.821,104.826,104.827
2021-02-12 06:00:00,104.821,104.825,104.767,104.809,104.821,104.821
2021-02-12 07:00:00,104.809,104.885,104.778,104.869,104.809,104.81
2021-02-12 08:00:00,104.87,104.87,104.789,104.795,104.87,104.87
2021-02-12 09:00:00,104.795,104.941,104.793,104.927,104.795,104.795
2021-02-12 10:00:00,104.926,105.034,104.896,105.031,104.926,104.926
2021-02-12 11:00:00,105.031,105.181,105.026,105.039,105.031,105.031
2021-02-12 12:00:00,105.039,105.052,104.926,104.971,105.039,105.039
2021-02-12 13:00:00,104.971,105.08,104.968,105.033,104.971,104.971
2021-02-12 14:00:00,105.033,105.051,104.967,104.981,105.033,105.033
2021-02-12 15:00:00,104.982,105.124,104.974,105.071,104.982,104.982
2021-02-12 16:00:00,105.072,105.122,105.048,105.075,105.072,105.072
2021-02-12 17:00:00,105.075,105.092,104.922,104.961,105.075,105.077
2021-02-12 18:00:00,104.961,104.98,104.91,104.952,104.961,104.961
2021-02-12 19:00:00,104.952,104.956,104.919,104.928,104.952,104.952
2021-02-12 20:00:00,104.928,104.954,104.916,104.943,104.928,104.928
2021-02-12 21:00:00,104.944,104.976,104.933,104.972,104.944,104.944
2021-02-12 22:00:00,104.972,104.989,104.944,104.95,104.972,104.973
2021-02-12 23:00:00,104.95,104.97,104.919,104.926,104.95,104.95
2021-02-15 00:00:00,104.889,104.986,104.889,104.958,104.889,104.92
2021-02-15 01:00:00,104.958,105.082,104.941,105.068,104.958,104.99
2021-02-15 02:00:00,105.068,105.145,105.021,105.07,105.068,105.068
2021-02-15 03:00:00,105.07,105.083,104.995,105.026,105.07,105.072
2021-02-15 04:00:00,105.026,105.043,104.979,105.013,105.026,105.026
2021-02-15 05:00:00,105.013,105.073,105.01,105.066,105.013,105.013
2021-02-15 06:00:00,105.066,105.103,105.033,105.044,105.066,105.066
2021-02-15 07:00:00,105.044,105.06,105.011,105.048,105.044,105.045
2021-02-15 08:00:00,105.048,105.138,105.046,105.111,105.048,105.049
2021-02-15 09:00:00,105.111,105.208,105.088,105.18,105.111,105.113
2021-02-15 10:00:00,105.18,105.275,105.128,105.264,105.18,105.181
2021-02-15 11:00:00,105.264,105.395,105.255,105.379,105.264,105.265
2021-02-15 12:00:00,105.379,105.418,105.299,105.363,105.379,105.38
2021-02-15 13:00:00,105.363,105.364,105.266,105.266,105.363,105.364
2021-02-15 14:00:00,105.266,105.333,105.266,105.311,105.266,105.267
2021-02-15 15:00:00,105.311,105.403,105.3,105.391,105.311,105.311
2021-02-15 16:00:00,105.39,105.402,105.338,105.377,105.39,105.39
2021-02-15 17:00:00,105.377,105.384,105.351,105.356,105.377,105.378
2021-02-15 18:00:00,105.356,105.373,105.341,105.349,105.356,105.357
2021-02-15 19:00:00,105.349,105.36,105.298,105.299,105.349,105.35
2021-02-15 20:00:00,105.299,105.351,105.298,105.336,105.299,105.299
2021-02-15 21:00:00,105.336,105.35,105.323,105.342,105.336,105.337
2021-02-15 22:00:00,105.343,105.346,105.311,105.326,105.343,105.352
2021-02-15 23:00:00,105.326,105.362,105.324,105.361,105.326,105.336
2021-02-16 00:00:00,105.359,105.359,105.291,105.34,105.359,105.39
2021-02-16 01:00:00,105.346,105.398,105.337,105.372,105.346,105.363
2021-02-16 02:00:00,105.373,105.5,105.373,105.486,105.373,105.374
2021-02-16 03:00:00,105.486,105.566,105.465,105.505,105.486,105.488
2021-02-16 04:00:00,105.505,105.588,105.484,105.546,105.505,105.507
2021-02-16 05:00:00,105.546,105.597,105.538,105.594,105.546,105.547
2021-02-16 06:00:00,105.594,105.633,105.547,105.553,105.594,105.594
2021-02-16 07:00:00,105.553,105.594,105.419,105.457,105.553,105.553
2021-02-16 08:00:00,105.457,105.544,105.456,105.492,105.457,105.458
2021-02-16 09:00:00,105.492,105.566,105.449,105.478,105.492,105.492
2021-02-16 10:00:00,105.476,105.53,105.432,105.44,105.476,105.476
2021-02-16 11:00:00,105.44,105.488,105.272,105.318,105.44,105.441
2021-02-16 12:00:00,105.318,105.375,105.235,105.248,105.318,105.32
2021-02-16 13:00:00,105.248,105.402,105.181,105.389,105.248,105.248
2021-02-16 14:00:00,105.389,105.544,105.346,105.539,105.389,105.391
2021-02-16 15:00:00,105.539,105.739,105.526,105.727,105.539,105.54
2021-02-16 16:00:00,105.727,105.814,105.664,105.809,105.727,105.728
2021-02-16 17:00:00,105.809,105.809,105.651,105.694,105.809,105.809
2021-02-16 18:00:00,105.694,105.879,105.689,105.874,105.694,105.694
2021-02-16 19:00:00,105.874,105.968,105.868,105.887,105.874,105.874
2021-02-16 20:00:00,105.887,105.902,105.848,105.887,105.887,105.887
2021-02-16 21:00:00,105.887,105.896,105.868,105.894,105.887,105.887
2021-02-16 22:00:00,105.894,105.946,105.873,105.92,105.894,105.894
2021-02-16 23:00:00,105.92,106.076,105.918,106.051,105.92,105.921
2021-02-17 00:00:00,106.032,106.107,105.983,106.095,106.032,106.047
2021-02-17 01:00:00,106.095,106.227,106.024,106.118,106.095,106.11
2021-02-17 02:00:00,106.118,106.179,106.047,106.163,106.118,106.119
2021-02-17 03:00:00,106.163,106.19,106.002,106.032,106.163,106.164
2021-02-17 04:00:00,106.034,106.039,105.905,105.962,106.034,106.034
2021-02-17 05:00:00,105.964,106.024,105.96,105.964,105.964,105.964
2021-02-17 06:00:00,105.964,105.978,105.861,105.868,105.964,105.964
2021-02-17 07:00:00,105.868,105.905,105.838,105.872,105.868,105.868
2021-02-17 08:00:00,105.872,105.977,105.864,105.929,105.872,105.872
2021-02-17 09:00:00,105.929,106.077,105.928,106.023,105.929,105.931
2021-02-17 10:00:00,106.024,106.089,105.868,105.893,106.024,106.024
2021-02-17 11:00:00,105.893,106.041,105.869,105.962,105.893,105.894
2021-02-17 12:00:00,105.962,106.019,105.945,105.984,105.962,105.962
2021-02-17 13:00:00,105.984,106.036,105.946,106.009,105.984,105.984
2021-02-17 14:00:00,106.009,106.081,106.007,106.024,106.009,106.009
2021-02-17 15:00:00,106.024,106.215,106.0,106.142,106.024,106.024
2021-02-17 16:00:00,106.142,106.175,105.825,105.921,106.142,106.142
2021-02-17 17:00:00,105.921,105.987,105.908,105.93,105.921,105.921
2021-02-17 18:00:00,105.93,105.934,105.812,105.834,105.93,105.93
2021-02-17 19:00:00,105.834,105.852,105.78,105.793,105.834,105.834
2021-02-17 20:00:00,105.793,105.905,105.786,105.87,105.793,105.793
2021-02-17 21:00:00,105.87,105.924,105.867,105.917,105.87,105.873
2021-02-17 22:00:00,105.917,105.925,105.867,105.869,105.917,105.917
2021-02-17 23:00:00,105.869,105.894,105.861,105.864,105.869,105.869
2021-02-18 00:00:00,105.862,105.884,105.847,105.872,105.862,105.872
2021-02-18 01:00:00,105.88,105.889,105.853,105.853,105.88,105.884
2021-02-18 02:00:00,105.854,105.914,105.698,105.724,105.854,105.855
2021-02-18 03:00:00,105.725,105.808,105.719,105.767,105.725,105.725
2021-02-18 04:00:00,105.767,105.854,105.767,105.848,105.767,105.767
2021-02-18 05:00:00,105.848,105.903,105.837,105.887,105.848,105.848
2021-02-18 06:00:00,105.887,105.891,105.834,105.868,105.887,105.887
2021-02-18 07:00:00,105.868,105.909,105.848,105.87,105.868,105.868
2021-02-18 08:00:00,105.87,105.925,105.864,105.891,105.87,105.87
2021-02-18 09:00:00,105.891,105.924,105.8,105.812,105.891,105.891
2021-02-18 10:00:00,105.813,105.873,105.714,105.729,105.813,105.813
2021-02-18 11:00:00,105.729,105.772,105.691,105.701,105.729,105.729
2021-02-18 12:00:00,105.701,105.778,105.701,105.727,105.701,105.701
2021-02-18 13:00:00,105.727,105.741,105.631,105.695,105.727,105.727
2021-02-18 14:00:00,105.696,105.769,105.652,105.709,105.696,105.696
2021-02-18 15:00:00,105.709,105.736,105.599,105.624,105.709,105.709
2021-02-18 16:00:00,105.625,105.854,105.613,105.838,105.625,105.625
2021-02-18 17:00:00,105.838,105.88,105.724,105.785,105.838,105.838
2021-02-18 18:00:00,105.786,105.796,105.683,105.7,105.786,105.786
2021-02-18 19:00:00,105.7,105.731,105.644,105.651,105.7,105.7
2021-02-18 20:00:00,105.651,105.702,105.642,105.7,105.651,105.651
2021-02-18 21:00:00,105.7,105.7,105.65,105.688,105.7,105.7
2021-02-18 22:00:00,105.688,105.689,105.631,105.656,105.688,105.688
2021-02-18 23:00:00,105.656,105.691,105.647,105.663,105.656,105.656
2021-02-19 00:00:00,105.686,105.702,105.677,105.688,105.686,105.746
2021-02-19 01:00:00,105.687,105.692,105.651,105.656,105.687,105.696
2021-02-19 02:00:00,105.656,105.743,105.653,105.669,105.656,105.657
2021-02-19 03:00:00,105.669,105.714,105.648,105.699,105.669,105.669
2021-02-19 04:00:00,105.699,105.732,105.634,105.673,105.699,105.7
2021-02-19 05:00:00,105.673,105.715,105.654,105.704,105.673,105.673
2021-02-19 06:00:00,105.704,105.726,105.588,105.598,105.704,105.704
2021-02-19 07:00:00,105.597,105.603,105.559,105.585,105.597,105.597
2021-02-19 08:00:00,105.584,105.683,105.546,105.658,105.584,105.584
2021-02-19 09:00:00,105.658,105.698,105.577,105.604,105.658,105.658
2021-02-19 10:00:00,105.605,105.623,105.314,105.332,105.605,105.605
2021-02-19 11:00:00,105.332,105.424,105.321,105.383,105.332,105.332
2021-02-19 12:00:00,105.383,105.438,105.313,105.314,105.383,105.384
2021-02-19 13:00:00,105.314,105.358,105.312,105.342,105.314,105.314
2021-02-19 14:00:00,105.342,105.413,105.241,105.264,105.342,105.342
2021-02-19 15:00:00,105.264,105.49,105.243,105.427,105.264,105.265
2021-02-19 16:00:00,105.427,105.542,105.427,105.496,105.427,105.428
2021-02-19 17:00:00,105.496,105.67,105.488,105.626,105.496,105.496
2021-02-19 18:00:00,105.626,105.632,105.518,105.58,105.626,105.626
2021-02-19 19:00:00,105.58,105.65,105.407,105.435,105.58,105.58
2021-02-19 20:00:00,105.435,105.616,105.434,105.547,105.435,105.435
2021-02-19 21:00:00,105.547,105.566,105.484,105.491,105.547,105.547
2021-02-19 22:00:00,105.491,105.491,105.423,105.463,105.491,105.491
2021-02-19 23:00:00,105.463,105.478,105.418,105.418,105.463,105.463
2021-02-22 00:00:00,105.38,105.502,105.38,105.49,105.38,105.419
2021-02-22 01:00:00,105.507,105.623,105.492,105.536,105.507,105.516
2021-02-22 02:00:00,105.536,105.547,105.446,105.456,105.536,105.537
2021-02-22 03:00:00,105.456,105.594,105.428,105.584,105.456,105.457
2021-02-22 04:00:00,105.584,105.737,105.575,105.616,105.584,105.585
2021-02-22 05:00:00,105.616,105.658,105.56,105.643,105.616,105.617
2021-02-22 06:00:00,105.644,105.684,105.614,105.683,105.644,105.644
2021-02-22 07:00:00,105.683,105.684,105.64,105.657,105.683,105.683
2021-02-22 08:00:00,105.657,105.673,105.625,105.663,105.657,105.657
2021-02-22 09:00:00,105.664,105.825,105.656,105.818,105.664,105.664
2021-02-22 10:00:00,105.818,105.844,105.747,105.77,105.818,105.818
2021-02-22 11:00:00,105.77,105.814,105.627,105.65,105.77,105.77
2021-02-22 12:00:00,105.65,105.654,105.588,105.651,105.65,105.65
2021-02-22 13:00:00,105.651,105.669,105.476,105.556,105.651,105.652
2021-02-22 14:00:00,105.555,105.621,105.522,105.549,105.555,105.555
2021-02-22 15:00:00,105.549,105.552,105.311,105.352,105.549,105.55
2021-02-22 16:00:00,105.352,105.405,105.104,105.127,105.352,105.352
2021-02-22 17:00:00,105.128,105.147,104.995,105.072,105.128,105.128
2021-02-22 18:00:00,105.072,105.125,105.025,105.066,105.072,105.072
2021-02-22 19:00:00,105.066,105.08,105.023,105.048,105.066,105.066
2021-02-22 20:00:00,105.048,105.062,104.999,105.035,105.048,105.048
2021-02-22 21:00:00,105.035,105.036,104.983,105.018,105.035,105.035
2021-02-22 22:00:00,105.018,105.087,105.017,105.08,105.018,105.018
2021-02-22 23:00:00,105.08,105.09,105.066,105.075,105.08,105.08
2021-02-23 00:00:00,105.063,105.095,105.035,105.059,105.063,105.092
2021-02-23 01:00:00,105.059,105.074,104.924,105.007,105.059,105.072
2021-02-23 02:00:00,105.007,105.031,104.924,104.941,105.007,105.008
2021-02-23 03:00:00,104.941,105.02,104.922,104.952,104.941,104.942
2021-02-23 04:00:00,104.952,105.01,104.929,105.002,104.952,104.953
2021-02-23 05:00:00,105.002,105.036,104.993,105.022,105.002,105.002
2021-02-23 06:00:00,105.022,105.052,105.004,105.008,105.022,105.022
2021-02-23 07:00:00,105.008,105.056,104.999,105.05,105.008,105.008
2021-02-23 08:00:00,105.05,105.118,105.05,105.086,105.05,105.05
2021-02-23 09:00:00,105.089,105.194,105.05,105.145,105.089,105.089
2021-02-23 10:00:00,105.145,105.257,105.087,105.196,105.145,105.145
2021-02-23 11:00:00,105.196,105.317,105.169,105.275,105.196,105.196
2021-02-23 12:00:00,105.275,105.293,105.223,105.262,105.275,105.275
2021-02-23 13:00:00,105.262,105.314,105.228,105.245,105.262,105.262
2021-02-23 14:00:00,105.245,105.354,105.177,105.323,105.245,105.245
2021-02-23 15:00:00,105.322,105.43,105.308,105.381,105.322,105.322
2021-02-23 16:00:00,105.381,105.401,105.192,105.253,105.381,105.381
2021-02-23 17:00:00,105.254,105.302,105.063,105.117,105.254,105.254
2021-02-23 18:00:00,105.117,105.213,105.087,105.213,105.117,105.117
2021-02-23 19:00:00,105.214,105.243,105.16,105.24,105.214,105.214
2021-02-23 20:00:00,105.24,105.263,105.2,105.242,105.24,105.24
2021-02-23 21:00:00,105.242,105.328,105.217,105.323,105.242,105.242
2021-02-23 22:00:00,105.323,105.324,105.269,105.281,105.323,105.323
2021-02-23 23:00:00,105.281,105.294,105.25,105.251,105.281,105.281
2021-02-24 00:00:00,105.238,105.255,105.21,105.242,105.238,105.273
2021-02-24 01:00:00,105.242,105.3,105.192,105.296,105.242,105.249
2021-02-24 02:00:00,105.296,105.42,105.268,105.419,105.296,105.298
2021-02-24 03:00:00,105.419,105.487,105.351,105.419,105.419,105.422
2021-02-24 04:00:00,105.419,105.5,105.38,105.497,105.419,105.419
2021-02-24 05:00:00,105.496,105.537,105.434,105.511,105.496,105.497
2021-02-24 06:00:00,105.511,105.529,105.48,105.507,105.511,105.512
2021-02-24 07:00:00,105.506,105.562,105.458,105.533,105.506,105.507
2021-02-24 08:00:00,105.533,105.543,105.466,105.478,105.533,105.534
2021-02-24 09:00:00,105.478,105.577,105.47,105.565,105.478,105.478
2021-02-24 10:00:00,105.565,105.71,105.53,105.666,105.565,105.565
2021-02-24 11:00:00,105.666,105.818,105.648,105.774,105.666,105.666
2021-02-24 12:00:00,105.774,105.818,105.742,105.786,105.774,105.774
2021-02-24 13:00:00,105.787,105.868,105.77,105.824,105.787,105.787
2021-02-24 14:00:00,105.824,105.91,105.767,105.882,105.824,105.824
2021-02-24 15:00:00,105.882,106.098,105.877,106.0,105.882,105.882
2021-02-24 16:00:00,106.0,106.067,105.908,106.026,106.0,106.0
2021-02-24 17:00:00,106.026,106.104,105.918,105.943,106.026,106.027
2021-02-24 18:00:00,105.942,106.011,105.892,105.918,105.942,105.942
2021-02-24 19:00:00,105.918,105.935,105.831,105.888,105.918,105.918
2021-02-24 20:00:00,105.888,105.97,105.879,105.97,105.888,105.888
2021-02-24 21:00:00,105.97,105.975,105.877,105.945,105.97,105.97
2021-02-24 22:00:00,105.945,105.956,105.848,105.871,105.945,105.945
2021-02-24 23:00:00,105.871,105.889,105.824,105.842,105.871,105.871
2021-02-25 00:00:00,105.865,105.88,105.832,105.863,105.865,105.903
2021-02-25 01:00:00,105.863,105.956,105.857,105.955,105.863,105.88
2021-02-25 02:00:00,105.955,106.066,105.927,106.028,105.955,105.956
2021-02-25 03:00:00,106.027,106.139,105.985,106.12,106.027,106.027
2021-02-25 04:00:00,106.12,106.127,106.0,106.034,106.12,106.122
2021-02-25 05:00:00,106.034,106.05,105.954,105.97,106.034,106.034
2021-02-25 06:00:00,105.97,105.984,105.846,105.886,105.97,105.971
2021-02-25 07:00:00,105.886,105.914,105.85,105.885,105.886,105.887
2021-02-25 08:00:00,105.885,105.963,105.883,105.91,105.885,105.885
2021-02-25 09:00:00,105.91,106.071,105.908,106.007,105.91,105.911
2021-02-25 10:00:00,106.007,106.143,106.0,106.133,106.007,106.007
2021-02-25 11:00:00,106.133,106.172,106.029,106.046,106.133,106.134
2021-02-25 12:00:00,106.046,106.16,106.041,106.061,106.046,106.046
2021-02-25 13:00:00,106.062,106.165,106.042,106.138,106.062,106.062
2021-02-25 14:00:00,106.138,106.177,106.117,106.165,106.138,106.139
2021-02-25 15:00:00,106.166,106.197,106.037,106.152,106.166,106.166
2021-02-25 16:00:00,106.152,106.193,106.055,106.101,106.152,106.153
2021-02-25 17:00:00,106.102,106.272,106.094,106.251,106.102,106.102
2021-02-25 18:00:00,106.251,106.29,106.183,106.222,106.251,106.251
2021-02-25 19:00:00,106.222,106.328,106.164,106.323,106.222,106.222
2021-02-25 20:00:00,106.322,106.403,106.008,106.031,106.322,106.322
2021-02-25 21:00:00,106.032,106.233,106.032,106.2,106.032,106.032
2021-02-25 22:00:00,106.2,106.309,106.157,106.265,106.2,106.2
2021-02-25 23:00:00,106.265,106.271,106.192,106.244,106.265,106.265
2021-02-26 00:00:00,106.16,106.262,106.135,106.236,106.16,106.236
2021-02-26 01:00:00,106.241,106.414,106.225,106.39,106.241,106.249
2021-02-26 02:00:00,106.391,106.43,106.151,106.241,106.391,106.391
2021-02-26 03:00:00,106.241,106.302,106.141,106.143,106.241,106.242
2021-02-26 04:00:00,106.147,106.162,105.848,105.964,106.147,106.147
2021-02-26 05:00:00,105.964,106.124,105.937,106.069,105.964,105.964
2021-02-26 06:00:00,106.069,106.234,106.033,106.153,106.069,106.069
2021-02-26 07:00:00,106.153,106.261,106.115,106.195,106.153,106.153
2021-02-26 08:00:00,106.195,106.235,106.114,106.154,106.195,106.196
2021-02-26 09:00:00,106.154,106.215,106.02,106.082,106.154,106.155
2021-02-26 10:00:00,106.081,106.14,106.01,106.127,106.081,106.082
2021-02-26 11:00:00,106.126,106.52,106.107,106.486,106.126,106.126
2021-02-26 12:00:00,106.486,106.497,106.347,106.429,106.486,106.486
2021-02-26 13:00:00,106.429,106.432,106.314,106.324,106.429,106.429
2021-02-26 14:00:00,106.324,106.352,106.207,106.247,106.324,106.324
2021-02-26 15:00:00,106.247,106.354,106.223,106.309,106.247,106.247
2021-02-26 16:00:00,106.309,106.455,106.286,106.453,106.309,106.309
2021-02-26 17:00:00,106.453,106.616,106.388,106.552,106.453,106.453
2021-02-26 18:00:00,106.552,106.685,106.474,106.647,106.552,106.552
2021-02-26 19:00:00,106.646,106.693,106.626,106.647,106.646,106.647
2021-02-26 20:00:00,106.647,106.652,106.547,106.559,106.647,106.647
2021-02-26 21:00:00,106.559,106.644,106.504,106.626,106.559,106.56
2021-02-26 22:00:00,106.626,106.627,106.55,106.579,106.626,106.626
2021-02-26 23:00:00,106.58,106.601,106.489,106.536,106.58,106.58
2021-03-01 00:00:00,106.503,106.576,106.469,106.524,106.503,106.603
2021-03-01 01:00:00,106.524,106.589,106.475,106.483,106.524,106.583
2021-03-01 02:00:00,106.482,106.519,106.367,106.492,106.482,106.484
2021-03-01 03:00:00,106.492,106.65,106.481,106.633,106.492,106.493
2021-03-01 04:00:00,106.633,106.703,106.596,106.646,106.633,106.634
2021-03-01 05:00:00,106.647,106.652,106.561,106.565,106.647,106.647
2021-03-01 06:00:00,106.565,106.594,106.499,106.52,106.565,106.565
2021-03-01 07:00:00,106.52,106.566,106.462,106.53,106.52,106.521
2021-03-01 08:00:00,106.53,106.585,106.529,106.548,106.53,106.53
2021-03-01 09:00:00,106.549,106.61,106.525,106.606,106.549,106.549
2021-03-01 10:00:00,106.606,106.697,106.544,106.677,106.606,106.607
2021-03-01 11:00:00,106.677,106.742,106.676,106.727,106.677,106.677
2021-03-01 12:00:00,106.728,106.738,106.684,106.7,106.728,106.728
2021-03-01 13:00:00,106.7,106.736,106.676,106.714,106.7,106.7
2021-03-01 14:00:00,106.714,106.775,106.684,106.754,106.714,106.714
2021-03-01 15:00:00,106.754,106.775,106.64,106.65,106.754,106.754
2021-03-01 16:00:00,106.65,106.704,106.556,106.635,106.65,106.65
2021-03-01 17:00:00,106.635,106.694,106.522,106.654,106.635,106.64
2021-03-01 18:00:00,106.654,106.699,106.574,106.687,106.654,106.654
2021-03-01 19:00:00,106.687,106.799,106.646,106.782,106.687,106.687
2021-03-01 20:00:00,106.782,106.862,106.778,106.835,106.782,106.782
2021-03-01 21:00:00,106.835,106.89,106.78,106.809,106.835,106.836
2021-03-01 22:00:00,106.809,106.839,106.766,106.767,106.809,106.809
2021-03-01 23:00:00,106.767,106.792,106.758,106.767,106.767,106.767
2021-03-02 00:00:00,106.759,106.793,106.67,106.76,106.759,106.765
2021-03-02 01:00:00,106.762,106.872,106.758,106.847,106.762,106.792
2021-03-02 02:00:00,106.847,106.894,106.788,106.88,106.847,106.848
2021-03-02 03:00:00,106.88,106.926,106.85,106.891,106.88,106.881
2021-03-02 04:00:00,106.892,106.896,106.734,106.745,106.892,106.893
2021-03-02 05:00:00,106.744,106.807,106.727,106.796,106.744,106.745
2021-03-02 06:00:00,106.796,106.854,106.785,106.807,106.796,106.798
2021-03-02 07:00:00,106.807,106.86,106.801,106.827,106.807,106.809
2021-03-02 08:00:00,106.827,106.847,106.811,106.83,106.827,106.827
2021-03-02 09:00:00,106.83,106.881,106.778,106.846,106.83,106.83
2021-03-02 10:00:00,106.846,106.894,106.827,106.862,106.846,106.846
2021-03-02 11:00:00,106.862,106.91,106.861,106.889,106.862,106.863
2021-03-02 12:00:00,106.889,106.903,106.849,106.879,106.889,106.889
2021-03-02 13:00:00,106.88,106.958,106.877,106.919,106.88,106.88
2021-03-02 14:00:00,106.92,106.948,106.85,106.878,106.92,106.921
2021-03-02 15:00:00,106.878,106.948,106.868,106.923,106.878,106.879
2021-03-02 16:00:00,106.923,106.937,106.707,106.738,106.923,106.923
2021-03-02 17:00:00,106.738,106.865,106.707,106.725,106.738,106.738
2021-03-02 18:00:00,106.725,106.792,106.678,106.747,106.725,106.726
2021-03-02 19:00:00,106.747,106.754,106.688,106.741,106.747,106.747
2021-03-02 20:00:00,106.741,106.763,106.721,106.736,106.741,106.741
2021-03-02 21:00:00,106.736,106.763,106.723,106.758,106.736,106.736
2021-03-02 22:00:00,106.758,106.759,106.7,106.749,106.758,106.759
2021-03-02 23:00:00,106.749,106.764,106.679,106.692,106.749,106.749
2021-03-03 00:00:00,106.681,106.72,106.672,106.694,106.681,106.693
2021-03-03 01:00:00,106.694,106.783,106.693,106.76,106.694,106.711
2021-03-03 02:00:00,106.759,106.813,106.7,106.772,106.759,106.759
2021-03-03 03:00:00,106.772,106.858,106.731,106.825,106.772,106.773
2021-03-03 04:00:00,106.825,106.855,106.812,106.846,106.825,106.826
2021-03-03 05:00:00,106.846,106.879,106.824,106.84,106.846,106.846
2021-03-03 06:00:00,106.84,106.872,106.833,106.859,106.84,106.84
2021-03-03 07:00:00,106.858,106.886,106.853,106.87,106.858,106.859
2021-03-03 08:00:00,106.87,106.898,106.852,106.868,106.87,106.87
2021-03-03 09:00:00,106.87,106.885,106.788,106.815,106.87,106.87
2021-03-03 10:00:00,106.816,106.925,106.8,106.904,106.816,106.816
2021-03-03 11:00:00,106.904,106.915,106.856,106.891,106.904,106.905
2021-03-03 12:00:00,106.892,106.968,106.881,106.954,106.892,106.893
2021-03-03 13:00:00,106.954,107.032,106.946,107.0,106.954,106.954
2021-03-03 14:00:00,107.0,107.013,106.893,106.899,107.0,107.0
2021-03-03 15:00:00,106.899,106.944,106.797,106.886,106.899,106.9
2021-03-03 16:00:00,106.886,107.085,106.872,107.062,106.886,106.886
2021-03-03 17:00:00,107.063,107.154,106.956,106.974,107.063,107.063
2021-03-03 18:00:00,106.974,106.979,106.846,106.93,106.974,106.974
2021-03-03 19:00:00,106.93,106.973,106.904,106.956,106.93,106.93
2021-03-03 20:00:00,106.956,106.98,106.914,106.962,106.956,106.956
2021-03-03 21:00:00,106.962,107.005,106.924,106.969,106.962,106.962
2021-03-03 22:00:00,106.969,106.986,106.947,106.984,106.969,106.971
2021-03-03 23:00:00,106.985,107.028,106.966,107.02,106.985,106.986
2021-03-04 00:00:00,106.98,107.011,106.967,106.996,106.98,107.007
2021-03-04 01:00:00,106.996,107.102,106.986,107.072,106.996,107.02
2021-03-04 02:00:00,107.073,107.074,106.968,106.998,107.073,107.073
2021-03-04 03:00:00,106.998,107.093,106.985,107.021,106.998,106.999
2021-03-04 04:00:00,107.021,107.109,107.01,107.073,107.021,107.022
2021-03-04 05:00:00,107.073,107.093,107.052,107.056,107.073,107.073
2021-03-04 06:00:00,107.056,107.063,107.009,107.052,107.056,107.056
2021-03-04 07:00:00,107.052,107.072,107.036,107.062,107.052,107.052
2021-03-04 08:00:00,107.063,107.147,107.056,107.123,107.063,107.063
2021-03-04 09:00:00,107.123,107.173,107.104,107.16,107.123,107.123
2021-03-04 10:00:00,107.16,107.363,107.135,107.289,107.16,107.16
2021-03-04 11:00:00,107.289,107.35,107.257,107.341,107.289,107.29
2021-03-04 12:00:00,107.34,107.354,107.299,107.302,107.34,107.34
2021-03-04 13:00:00,107.302,107.365,107.302,107.349,107.302,107.302
2021-03-04 14:00:00,107.349,107.404,107.333,107.388,107.349,107.349
2021-03-04 15:00:00,107.388,107.492,107.358,107.483,107.388,107.388
2021-03-04 16:00:00,107.483,107.483,107.377,107.448,107.483,107.483
2021-03-04 17:00:00,107.448,107.649,107.409,107.598,107.448,107.45
2021-03-04 18:00:00,107.599,107.636,107.531,107.593,107.599,107.599
2021-03-04 19:00:00,107.593,107.826,107.552,107.791,107.593,107.593
2021-03-04 20:00:00,107.791,107.902,107.777,107.883,107.791,107.791
2021-03-04 21:00:00,107.883,107.917,107.778,107.914,107.883,107.884
2021-03-04 22:00:00,107.914,107.95,107.874,107.885,107.914,107.914
2021-03-04 23:00:00,107.887,107.988,107.885,107.976,107.887,107.887
2021-03-05 00:00:00,107.971,107.995,107.903,107.969,107.971,107.971
2021-03-05 01:00:00,107.969,108.013,107.938,107.95,107.969,107.972
2021-03-05 02:00:00,107.95,107.97,107.829,107.882,107.95,107.952
2021-03-05 03:00:00,107.882,107.921,107.821,107.868,107.882,107.882
2021-03-05 04:00:00,107.868,107.953,107.86,107.904,107.868,107.869
2021-03-05 05:00:00,107.904,107.963,107.894,107.958,107.904,107.904
2021-03-05 06:00:00,107.958,108.097,107.955,108.058,107.958,107.958
2021-03-05 07:00:00,108.059,108.127,108.022,108.11,108.059,108.059
2021-03-05 08:00:00,108.11,108.298,108.095,108.285,108.11,108.111
2021-03-05 09:00:00,108.286,108.348,108.208,108.261,108.286,108.286
2021-03-05 10:00:00,108.261,108.492,108.26,108.425,108.261,108.262
2021-03-05 11:00:00,108.425,108.523,108.395,108.454,108.425,108.425
2021-03-05 12:00:00,108.454,108.556,108.442,108.538,108.454,108.454
2021-03-05 13:00:00,108.538,108.556,108.231,108.399,108.538,108.538
2021-03-05 14:00:00,108.399,108.458,108.225,108.265,108.399,108.399
2021-03-05 15:00:00,108.266,108.644,108.244,108.465,108.266,108.266
2021-03-05 16:00:00,108.465,108.471,108.138,108.321,108.465,108.466
2021-03-05 17:00:00,108.321,108.357,108.096,108.262,108.321,108.321
2021-03-05 18:00:00,108.26,108.326,108.199,108.251,108.26,108.26
2021-03-05 19:00:00,108.251,108.308,108.225,108.284,108.251,108.252
2021-03-05 20:00:00,108.284,108.322,108.254,108.289,108.284,108.284
2021-03-05 21:00:00,108.289,108.348,108.269,108.34,108.289,108.289
2021-03-05 22:00:00,108.34,108.385,108.301,108.348,108.34,108.34
2021-03-05 23:00:00,108.348,108.408,108.345,108.394,108.348,108.349
2021-03-08 00:00:00,108.31,108.381,108.282,108.364,108.31,108.41
2021-03-08 01:00:00,108.364,108.475,108.364,108.405,108.364,108.388
2021-03-08 02:00:00,108.404,108.415,108.309,108.371,108.404,108.406
2021-03-08 03:00:00,108.371,108.437,108.352,108.406,108.371,108.371
2021-03-08 04:00:00,108.407,108.489,108.37,108.441,108.407,108.407
2021-03-08 05:00:00,108.441,108.444,108.401,108.421,108.441,108.441
2021-03-08 06:00:00,108.421,108.432,108.371,108.376,108.421,108.422
2021-03-08 07:00:00,108.376,108.381,108.328,108.348,108.376,108.377
2021-03-08 08:00:00,108.348,108.438,108.348,108.422,108.348,108.349
2021-03-08 09:00:00,108.422,108.526,108.418,108.505,108.422,108.422
2021-03-08 10:00:00,108.505,108.535,108.388,108.504,108.505,108.505
2021-03-08 11:00:00,108.504,108.608,108.468,108.565,108.504,108.504
2021-03-08 12:00:00,108.565,108.581,108.474,108.505,108.565,108.565
2021-03-08 13:00:00,108.505,108.583,108.492,108.575,108.505,108.505
2021-03-08 14:00:00,108.575,108.699,108.571,108.684,108.575,108.575
2021-03-08 15:00:00,108.684,108.738,108.561,108.692,108.684,108.684
2021-03-08 16:00:00,108.692,108.834,108.639,108.815,108.692,108.692
2021-03-08 17:00:00,108.815,108.867,108.739,108.843,108.815,108.815
2021-03-08 18:00:00,108.843,108.942,108.811,108.919,108.843,108.843
2021-03-08 19:00:00,108.919,108.938,108.854,108.884,108.919,108.92
2021-03-08 20:00:00,108.884,108.906,108.812,108.892,108.884,108.884
2021-03-08 21:00:00,108.892,108.905,108.862,108.867,108.892,108.892
2021-03-08 22:00:00,108.867,108.919,108.854,108.911,108.867,108.868
2021-03-08 23:00:00,108.911,108.935,108.902,108.917,108.911,108.911
2021-03-09 00:00:00,108.865,108.929,108.842,108.926,108.865,108.897
2021-03-09 01:00:00,108.926,108.953,108.91,108.927,108.926,108.932
2021-03-09 02:00:00,108.928,109.182,108.893,109.068,108.928,108.928
2021-03-09 03:00:00,109.068,109.204,109.061,109.196,109.068,109.068
2021-03-09 04:00:00,109.197,109.234,109.158,109.2,109.197,109.197
2021-03-09 05:00:00,109.2,109.219,109.082,109.105,109.2,109.201
2021-03-09 06:00:00,109.105,109.191,109.1,109.191,109.105,109.105
2021-03-09 07:00:00,109.191,109.206,109.154,109.184,109.191,109.191
2021-03-09 08:00:00,109.184,109.229,109.103,109.139,109.184,109.184
2021-03-09 09:00:00,109.139,109.178,108.745,108.806,109.139,109.139
2021-03-09 10:00:00,108.806,108.955,108.562,108.586,108.806,108.806
2021-03-09 11:00:00,108.587,108.724,108.572,108.672,108.587,108.587
2021-03-09 12:00:00,108.672,108.837,108.672,108.724,108.672,108.672
2021-03-09 13:00:00,108.724,108.782,108.635,108.776,108.724,108.724
2021-03-09 14:00:00,108.776,108.868,108.743,108.862,108.776,108.776
2021-03-09 15:00:00,108.862,108.972,108.83,108.876,108.862,108.862
2021-03-09 16:00:00,108.877,108.883,108.63,108.662,108.877,108.877
2021-03-09 17:00:00,108.661,108.841,108.603,108.778,108.661,108.661
2021-03-09 18:00:00,108.778,108.805,108.548,108.651,108.778,108.779
2021-03-09 19:00:00,108.651,108.653,108.493,108.526,108.651,108.651
2021-03-09 20:00:00,108.526,108.554,108.43,108.457,108.526,108.527
2021-03-09 21:00:00,108.457,108.494,108.415,108.471,108.457,108.458
2021-03-09 22:00:00,108.47,108.517,108.441,108.502,108.47,108.472
2021-03-09 23:00:00,108.502,108.528,108.49,108.492,108.502,108.502
2021-03-10 00:00:00,108.48,108.517,108.453,108.511,108.48,108.489
2021-03-10 01:00:00,108.511,108.691,108.51,108.577,108.511,108.526
2021-03-10 02:00:00,108.577,108.659,108.518,108.564,108.577,108.577
2021-03-10 03:00:00,108.564,108.748,108.551,108.701,108.564,108.565
2021-03-10 04:00:00,108.701,108.835,108.678,108.817,108.701,108.701
2021-03-10 05:00:00,108.817,108.831,108.776,108.791,108.817,108.818
2021-03-10 06:00:00,108.791,108.88,108.758,108.838,108.791,108.792
2021-03-10 07:00:00,108.837,108.912,108.826,108.886,108.837,108.839
2021-03-10 08:00:00,108.886,108.92,108.781,108.791,108.886,108.887
2021-03-10 09:00:00,108.791,108.864,108.68,108.73,108.791,108.792
2021-03-10 10:00:00,108.729,108.85,108.652,108.693,108.729,108.729
2021-03-10 11:00:00,108.694,108.744,108.66,108.676,108.694,108.694
2021-03-10 12:00:00,108.676,108.787,108.644,108.734,108.676,108.676
2021-03-10 13:00:00,108.734,108.855,108.729,108.819,108.734,108.734
2021-03-10 14:00:00,108.819,108.864,108.747,108.776,108.819,108.819
2021-03-10 15:00:00,108.776,108.778,108.432,108.47,108.776,108.776
2021-03-10 16:00:00,108.47,108.532,108.339,108.524,108.47,108.47
2021-03-10 17:00:00,108.524,108.673,108.433,108.629,108.524,108.528
2021-03-10 18:00:00,108.629,108.653,108.578,108.581,108.629,108.629
2021-03-10 19:00:00,108.581,108.591,108.477,108.508,108.581,108.581
2021-03-10 20:00:00,108.508,108.611,108.397,108.467,108.508,108.509
2021-03-10 21:00:00,108.466,108.478,108.371,108.391,108.466,108.466
2021-03-10 22:00:00,108.39,108.436,108.357,108.374,108.39,108.39
2021-03-10 23:00:00,108.374,108.403,108.373,108.397,108.374,108.374
2021-03-11 00:00:00,108.374,108.427,108.355,108.415,108.374,108.378
2021-03-11 01:00:00,108.415,108.455,108.413,108.45,108.415,108.443
2021-03-11 02:00:00,108.45,108.52,108.358,108.493,108.45,108.451
2021-03-11 03:00:00,108.493,108.542,108.474,108.502,108.493,108.493
2021-03-11 04:00:00,108.504,108.585,108.482,108.556,108.504,108.504
2021-03-11 05:00:00,108.556,108.57,108.525,108.545,108.556,108.556
2021-03-11 06:00:00,108.545,108.613,108.495,108.612,108.545,108.546
2021-03-11 07:00:00,108.612,108.732,108.611,108.699,108.612,108.612
2021-03-11 08:00:00,108.699,108.812,108.695,108.772,108.699,108.699
2021-03-11 09:00:00,108.772,108.791,108.635,108.658,108.772,108.772
2021-03-11 10:00:00,108.658,108.733,108.408,108.434,108.658,108.658
2021-03-11 11:00:00,108.434,108.541,108.381,108.471,108.434,108.435
2021-03-11 12:00:00,108.471,108.503,108.399,108.443,108.471,108.472
2021-03-11 13:00:00,108.443,108.507,108.442,108.472,108.443,108.443
2021-03-11 14:00:00,108.472,108.601,108.463,108.509,108.472,108.472
2021-03-11 15:00:00,108.509,108.615,108.445,108.566,108.509,108.509
2021-03-11 16:00:00,108.566,108.714,108.516,108.627,108.566,108.567
2021-03-11 17:00:00,108.626,108.674,108.448,108.497,108.626,108.627
2021-03-11 18:00:00,108.497,108.531,108.422,108.439,108.497,108.498
2021-03-11 19:00:00,108.439,108.547,108.43,108.53,108.439,108.439
2021-03-11 20:00:00,108.53,108.532,108.357,108.451,108.53,108.531
2021-03-11 21:00:00,108.45,108.465,108.417,108.459,108.45,108.451
2021-03-11 22:00:00,108.459,108.486,108.417,108.444,108.459,108.46
2021-03-11 23:00:00,108.444,108.511,108.426,108.508,108.444,108.444
2021-03-12 00:00:00,108.493,108.537,108.489,108.523,108.493,108.506
2021-03-12 01:00:00,108.523,108.582,108.515,108.573,108.523,108.539
2021-03-12 02:00:00,108.574,108.62,108.516,108.617,108.574,108.575
2021-03-12 03:00:00,108.617,108.714,108.609,108.653,108.617,108.619
2021-03-12 04:00:00,108.652,108.785,108.647,108.771,108.652,108.653
2021-03-12 05:00:00,108.771,108.781,108.694,108.705,108.771,108.772
2021-03-12 06:00:00,108.705,108.74,108.666,108.72,108.705,108.707
2021-03-12 07:00:00,108.72,108.768,108.71,108.746,108.72,108.72
2021-03-12 08:00:00,108.746,108.899,108.746,108.859,108.746,108.747
2021-03-12 09:00:00,108.859,109.061,108.845,109.038,108.859,108.859
2021-03-12 10:00:00,109.039,109.166,109.034,109.082,109.039,109.039
2021-03-12 11:00:00,109.082,109.15,109.07,109.113,109.082,109.082
2021-03-12 12:00:00,109.113,109.129,108.991,109.032,109.113,109.113
2021-03-12 13:00:00,109.032,109.086,108.924,108.984,109.032,109.033
2021-03-12 14:00:00,108.984,108.99,108.905,108.963,108.984,108.984
2021-03-12 15:00:00,108.963,109.106,108.962,109.082,108.963,108.963
2021-03-12 16:00:00,109.082,109.145,108.972,109.003,109.082,109.082
2021-03-12 17:00:00,109.003,109.139,108.961,108.983,109.003,109.004
2021-03-12 18:00:00,108.983,109.052,108.823,108.868,108.983,108.983
2021-03-12 19:00:00,108.868,109.046,108.861,109.037,108.868,108.869
2021-03-12 20:00:00,109.037,109.083,109.0,109.055,109.037,109.038
2021-03-12 21:00:00,109.055,109.082,109.033,109.067,109.055,109.056
2021-03-12 22:00:00,109.066,109.067,109.005,109.007,109.066,109.068
2021-03-12 23:00:00,109.008,109.062,109.003,109.034,109.008,109.008
2021-03-15 00:00:00,108.978,109.015,108.943,109.006,108.978,109.078
2021-03-15 01:00:00,109.006,109.084,108.995,109.084,109.006,109.041
2021-03-15 02:00:00,109.084,109.147,109.076,109.118,109.084,109.088
2021-03-15 03:00:00,109.118,109.127,108.99,109.06,109.118,109.118
2021-03-15 04:00:00,109.06,109.074,108.915,109.062,109.06,109.06
2021-03-15 05:00:00,109.062,109.199,109.033,109.138,109.062,109.063
2021-03-15 06:00:00,109.138,109.18,109.111,109.125,109.138,109.139
2021-03-15 07:00:00,109.125,109.186,109.118,109.179,109.125,109.126
2021-03-15 08:00:00,109.179,109.292,109.158,109.286,109.179,109.179
2021-03-15 09:00:00,109.286,109.366,109.245,109.252,109.286,109.286
2021-03-15 10:00:00,109.252,109.274,109.116,109.191,109.252,109.252
2021-03-15 11:00:00,109.191,109.196,109.032,109.058,109.191,109.191
2021-03-15 12:00:00,109.058,109.107,109.003,109.106,109.058,109.058
2021-03-15 13:00:00,109.106,109.145,109.042,109.069,109.106,109.107
2021-03-15 14:00:00,109.069,109.191,109.031,109.177,109.069,109.069
2021-03-15 15:00:00,109.176,109.201,109.1,109.162,109.176,109.178
2021-03-15 16:00:00,109.163,109.239,109.159,109.219,109.163,109.163
2021-03-15 17:00:00,109.219,109.255,109.163,109.183,109.219,109.219
2021-03-15 18:00:00,109.184,109.2,109.078,109.132,109.184,109.184
2021-03-15 19:00:00,109.132,109.162,109.028,109.153,109.132,109.132
2021-03-15 20:00:00,109.153,109.193,109.123,109.147,109.153,109.154
2021-03-15 21:00:00,109.147,109.154,109.1,109.146,109.147,109.148
2021-03-15 22:00:00,109.146,109.178,109.102,109.106,109.146,109.146
2021-03-15 23:00:00,109.106,109.138,109.089,109.123,109.106,109.106
2021-03-16 00:00:00,109.122,109.173,109.115,109.134,109.122,109.13
2021-03-16 01:00:00,109.148,109.154,109.097,109.147,109.148,109.166
2021-03-16 02:00:00,109.147,109.157,109.122,109.128,109.147,109.147
2021-03-16 03:00:00,109.128,109.248,109.119,109.234,109.128,109.13
2021-03-16 04:00:00,109.234,109.247,109.162,109.202,109.234,109.236
2021-03-16 05:00:00,109.202,109.228,109.174,109.218,109.202,109.202
2021-03-16 06:00:00,109.218,109.231,109.132,109.162,109.218,109.219
2021-03-16 07:00:00,109.162,109.179,109.118,109.175,109.162,109.163
2021-03-16 08:00:00,109.175,109.193,109.163,109.178,109.175,109.175
2021-03-16 09:00:00,109.179,109.196,109.126,109.166,109.179,109.179
2021-03-16 10:00:00,109.168,109.286,109.167,109.258,109.168,109.168
2021-03-16 11:00:00,109.258,109.288,109.198,109.225,109.258,109.259
2021-03-16 12:00:00,109.225,109.246,109.17,109.198,109.225,109.225
2021-03-16 13:00:00,109.197,109.238,109.113,109.126,109.197,109.197
2021-03-16 14:00:00,109.127,109.162,109.034,109.053,109.127,109.127
2021-03-16 15:00:00,109.053,109.086,108.938,109.008,109.053,109.053
2021-03-16 16:00:00,109.008,109.015,108.772,108.84,109.008,109.009
2021-03-16 17:00:00,108.84,108.918,108.785,108.893,108.84,108.84
2021-03-16 18:00:00,108.893,109.084,108.879,109.01,108.893,108.893
2021-03-16 19:00:00,109.012,109.036,108.953,109.033,109.012,109.012
2021-03-16 20:00:00,109.034,109.037,108.918,109.013,109.034,109.034
2021-03-16 21:00:00,109.012,109.013,108.953,108.995,109.012,109.013
2021-03-16 22:00:00,108.997,109.012,108.96,108.986,108.997,108.997
2021-03-16 23:00:00,108.986,109.037,108.975,109.004,108.986,108.986
2021-03-17 00:00:00,108.992,109.003,108.971,108.992,108.992,108.998
2021-03-17 01:00:00,108.992,109.015,108.98,108.996,108.992,109.022
2021-03-17 02:00:00,108.996,109.055,108.985,109.031,108.996,108.997
2021-03-17 03:00:00,109.031,109.136,109.012,109.124,109.031,109.033
2021-03-17 04:00:00,109.125,109.169,109.112,109.137,109.125,109.125
2021-03-17 05:00:00,109.137,109.156,109.084,109.098,109.137,109.138
2021-03-17 06:00:00,109.098,109.111,109.064,109.092,109.098,109.098
2021-03-17 07:00:00,109.092,109.135,109.079,109.117,109.092,109.094
2021-03-17 08:00:00,109.117,109.199,109.106,109.174,109.117,109.117
2021-03-17 09:00:00,109.175,109.209,109.078,109.11,109.175,109.175
2021-03-17 10:00:00,109.11,109.173,109.108,109.162,109.11,109.11
2021-03-17 11:00:00,109.162,109.173,109.119,109.139,109.162,109.162
2021-03-17 12:00:00,109.139,109.154,109.047,109.094,109.139,109.139
2021-03-17 13:00:00,109.094,109.116,109.028,109.107,109.094,109.094
2021-03-17 14:00:00,109.108,109.233,109.098,109.186,109.108,109.108
2021-03-17 15:00:00,109.186,109.25,109.16,109.166,109.186,109.186
2021-03-17 16:00:00,109.166,109.2,109.136,109.19,109.166,109.167
2021-03-17 17:00:00,109.189,109.229,109.129,109.224,109.189,109.19
2021-03-17 18:00:00,109.224,109.286,109.191,109.218,109.224,109.224
2021-03-17 19:00:00,109.219,109.326,109.206,109.245,109.219,109.219
2021-03-17 20:00:00,109.244,109.288,109.233,109.251,109.244,109.244
2021-03-17 21:00:00,109.249,109.249,108.786,108.849,109.249,109.249
2021-03-17 22:00:00,108.848,108.893,108.745,108.882,108.848,108.848
2021-03-17 23:00:00,108.882,108.89,108.831,108.847,108.882,108.882
2021-03-18 00:00:00,108.834,108.872,108.82,108.844,108.834,108.843
2021-03-18 01:00:00,108.857,108.863,108.704,108.86,108.857,108.878
2021-03-18 02:00:00,108.86,108.925,108.814,108.9,108.86,108.86
2021-03-18 03:00:00,108.9,108.973,108.897,108.957,108.9,108.902
2021-03-18 04:00:00,108.958,109.126,108.953,109.063,108.958,108.958
2021-03-18 05:00:00,109.063,109.096,109.04,109.073,109.063,109.063
2021-03-18 06:00:00,109.073,109.078,108.625,108.87,109.073,109.073
2021-03-18 07:00:00,108.87,109.002,108.861,108.923,108.87,108.871
2021-03-18 08:00:00,108.923,108.944,108.838,108.869,108.923,108.924
2021-03-18 09:00:00,108.869,108.915,108.81,108.856,108.869,108.869
2021-03-18 10:00:00,108.858,109.304,108.831,109.209,108.858,108.858
2021-03-18 11:00:00,109.209,109.239,109.091,109.104,109.209,109.21
2021-03-18 12:00:00,109.104,109.132,108.99,109.034,109.104,109.104
2021-03-18 13:00:00,109.035,109.103,108.987,109.024,109.035,109.035
2021-03-18 14:00:00,109.024,109.096,108.972,109.064,109.024,109.025
2021-03-18 15:00:00,109.064,109.133,109.033,109.106,109.064,109.067
2021-03-18 16:00:00,109.106,109.226,109.106,109.178,109.106,109.107
2021-03-18 17:00:00,109.178,109.206,109.02,109.061,109.178,109.178
2021-03-18 18:00:00,109.061,109.074,108.958,108.969,109.061,109.061
2021-03-18 19:00:00,108.968,109.058,108.92,109.05,108.968,108.968
2021-03-18 20:00:00,109.05,109.066,108.965,108.992,109.05,109.05
2021-03-18 21:00:00,108.992,109.031,108.975,109.0,108.992,108.992
2021-03-18 22:00:00,109.0,109.015,108.822,108.881,109.0,109.0
2021-03-18 23:00:00,108.881,108.918,108.87,108.891,108.881,108.881
2021-03-19 00:00:00,108.882,108.946,108.881,108.919,108.882,108.888
2021-03-19 01:00:00,108.932,108.976,108.913,108.969,108.932,108.965
2021-03-19 02:00:00,108.969,108.977,108.908,108.934,108.969,108.971
2021-03-19 03:00:00,108.934,109.091,108.931,109.072,108.934,108.935
2021-03-19 04:00:00,109.072,109.108,109.03,109.032,109.072,109.073
2021-03-19 05:00:00,109.033,109.042,108.972,108.984,109.033,109.033
2021-03-19 06:00:00,108.984,109.132,108.864,108.877,108.984,108.984
2021-03-19 07:00:00,108.877,108.941,108.847,108.866,108.877,108.877
2021-03-19 08:00:00,108.866,108.918,108.832,108.891,108.866,108.867
2021-03-19 09:00:00,108.891,108.908,108.748,108.787,108.891,108.891
2021-03-19 10:00:00,108.788,108.842,108.717,108.752,108.788,108.788
2021-03-19 11:00:00,108.751,108.763,108.609,108.649,108.751,108.751
2021-03-19 12:00:00,108.649,108.864,108.638,108.848,108.649,108.649
2021-03-19 13:00:00,108.848,108.876,108.808,108.861,108.848,108.848
2021-03-19 14:00:00,108.861,108.928,108.745,108.823,108.861,108.861
2021-03-19 15:00:00,108.823,108.926,108.785,108.886,108.823,108.823
2021-03-19 16:00:00,108.886,109.051,108.858,109.005,108.886,108.886
2021-03-19 17:00:00,109.005,109.012,108.839,108.914,109.005,109.005
2021-03-19 18:00:00,108.914,108.948,108.772,108.85,108.914,108.914
2021-03-19 19:00:00,108.851,108.893,108.833,108.876,108.851,108.851
2021-03-19 20:00:00,108.876,108.907,108.853,108.872,108.876,108.876
2021-03-19 21:00:00,108.872,108.908,108.859,108.882,108.872,108.872
2021-03-19 22:00:00,108.883,108.9,108.871,108.892,108.883,108.883
2021-03-19 23:00:00,108.892,108.92,108.879,108.885,108.892,108.892
2021-03-22 00:00:00,108.622,108.648,108.568,108.602,108.622,108.701
2021-03-22 01:00:00,108.602,108.935,108.599,108.88,108.602,108.665
2021-03-22 02:00:00,108.88,108.931,108.861,108.874,108.88,108.883
2021-03-22 03:00:00,108.874,108.913,108.819,108.908,108.874,108.876
2021-03-22 04:00:00,108.908,108.956,108.837,108.886,108.908,108.909
2021-03-22 05:00:00,108.886,108.888,108.773,108.777,108.886,108.887
2021-03-22 06:00:00,108.778,108.795,108.7,108.768,108.778,108.778
2021-03-22 07:00:00,108.768,108.8,108.738,108.791,108.768,108.769
2021-03-22 08:00:00,108.792,108.832,108.754,108.807,108.792,108.793
2021-03-22 09:00:00,108.807,108.813,108.685,108.763,108.807,108.808
2021-03-22 10:00:00,108.763,108.774,108.653,108.69,108.763,108.763
2021-03-22 11:00:00,108.689,108.75,108.649,108.673,108.689,108.69
2021-03-22 12:00:00,108.674,108.692,108.618,108.654,108.674,108.674
2021-03-22 13:00:00,108.654,108.785,108.633,108.74,108.654,108.654
2021-03-22 14:00:00,108.74,108.744,108.648,108.702,108.74,108.74
2021-03-22 15:00:00,108.701,108.861,108.69,108.824,108.701,108.701
2021-03-22 16:00:00,108.824,108.846,108.742,108.767,108.824,108.824
2021-03-22 17:00:00,108.767,108.809,108.727,108.762,108.767,108.767
2021-03-22 18:00:00,108.762,108.788,108.656,108.67,108.762,108.762
2021-03-22 19:00:00,108.669,108.734,108.666,108.727,108.669,108.669
2021-03-22 20:00:00,108.728,108.771,108.712,108.757,108.728,108.728
2021-03-22 21:00:00,108.757,108.799,108.757,108.793,108.757,108.758
2021-03-22 22:00:00,108.793,108.811,108.774,108.798,108.793,108.793
2021-03-22 23:00:00,108.798,108.849,108.795,108.846,108.798,108.798
2021-03-23 00:00:00,108.841,108.841,108.79,108.831,108.841,108.847
2021-03-23 01:00:00,108.831,108.835,108.792,108.805,108.831,108.858
2021-03-23 02:00:00,108.805,108.823,108.773,108.779,108.805,108.807
2021-03-23 03:00:00,108.779,108.856,108.76,108.84,108.779,108.779
2021-03-23 04:00:00,108.84,108.873,108.765,108.774,108.84,108.841
2021-03-23 05:00:00,108.775,108.783,108.689,108.751,108.775,108.775
2021-03-23 06:00:00,108.751,108.762,108.704,108.705,108.751,108.752
2021-03-23 07:00:00,108.705,108.745,108.698,108.734,108.705,108.705
2021-03-23 08:00:00,108.735,108.779,108.729,108.746,108.735,108.735
2021-03-23 09:00:00,108.746,108.769,108.681,108.694,108.746,108.747
2021-03-23 10:00:00,108.694,108.773,108.677,108.769,108.694,108.694
2021-03-23 11:00:00,108.769,108.806,108.728,108.753,108.769,108.769
2021-03-23 12:00:00,108.753,108.794,108.638,108.662,108.753,108.754
2021-03-23 13:00:00,108.662,108.662,108.405,108.501,108.662,108.662
2021-03-23 14:00:00,108.501,108.592,108.458,108.525,108.501,108.502
2021-03-23 15:00:00,108.525,108.585,108.493,108.564,108.525,108.525
2021-03-23 16:00:00,108.563,108.654,108.548,108.634,108.563,108.563
2021-03-23 17:00:00,108.634,108.708,108.582,108.646,108.634,108.635
2021-03-23 18:00:00,108.646,108.712,108.594,108.607,108.646,108.646
2021-03-23 19:00:00,108.607,108.701,108.607,108.686,108.607,108.607
2021-03-23 20:00:00,108.686,108.758,108.68,108.718,108.686,108.687
2021-03-23 21:00:00,108.719,108.748,108.701,108.736,108.719,108.719
2021-03-23 22:00:00,108.736,108.751,108.573,108.582,108.736,108.737
2021-03-23 23:00:00,108.583,108.629,108.557,108.581,108.583,108.584
2021-03-24 00:00:00,108.583,108.63,108.566,108.612,108.583,108.605
2021-03-24 01:00:00,108.612,108.633,108.599,108.622,108.612,108.627
2021-03-24 02:00:00,108.622,108.63,108.503,108.522,108.622,108.623
2021-03-24 03:00:00,108.521,108.642,108.516,108.607,108.521,108.521
2021-03-24 04:00:00,108.607,108.622,108.455,108.477,108.607,108.607
2021-03-24 05:00:00,108.476,108.523,108.451,108.508,108.476,108.476
2021-03-24 06:00:00,108.508,108.574,108.506,108.537,108.508,108.508
2021-03-24 07:00:00,108.537,108.544,108.467,108.496,108.537,108.538
2021-03-24 08:00:00,108.496,108.568,108.492,108.54,108.496,108.497
2021-03-24 09:00:00,108.54,108.567,108.467,108.532,108.54,108.54
2021-03-24 10:00:00,108.532,108.655,108.527,108.601,108.532,108.533
2021-03-24 11:00:00,108.601,108.717,108.576,108.636,108.601,108.601
2021-03-24 12:00:00,108.637,108.703,108.618,108.635,108.637,108.637
2021-03-24 13:00:00,108.635,108.756,108.626,108.732,108.635,108.635
2021-03-24 14:00:00,108.731,108.731,108.646,108.657,108.731,108.731
2021-03-24 15:00:00,108.658,108.716,108.638,108.691,108.658,108.658
2021-03-24 16:00:00,108.691,108.956,108.691,108.882,108.691,108.691
2021-03-24 17:00:00,108.882,108.943,108.841,108.907,108.882,108.882
2021-03-24 18:00:00,108.907,108.917,108.804,108.818,108.907,108.907
2021-03-24 19:00:00,108.818,108.822,108.755,108.81,108.818,108.819
2021-03-24 20:00:00,108.81,108.825,108.772,108.788,108.81,108.811
2021-03-24 21:00:00,108.788,108.79,108.677,108.698,108.788,108.788
2021-03-24 22:00:00,108.698,108.723,108.664,108.685,108.698,108.698
2021-03-24 23:00:00,108.685,108.733,108.668,108.723,108.685,108.686
2021-03-25 00:00:00,108.729,108.754,108.716,108.725,108.729,108.743
2021-03-25 01:00:00,108.725,108.758,108.709,108.749,108.725,108.769
2021-03-25 02:00:00,108.749,108.792,108.729,108.79,108.749,108.749
2021-03-25 03:00:00,108.79,108.882,108.788,108.878,108.79,108.791
2021-03-25 04:00:00,108.878,108.982,108.858,108.921,108.878,108.879
2021-03-25 05:00:00,108.92,108.991,108.91,108.91,108.92,108.921
2021-03-25 06:00:00,108.91,108.927,108.865,108.899,108.91,108.912
2021-03-25 07:00:00,108.899,108.984,108.895,108.919,108.899,108.899
2021-03-25 08:00:00,108.919,108.958,108.917,108.937,108.919,108.919
2021-03-25 09:00:00,108.937,108.987,108.934,108.957,108.937,108.938
2021-03-25 10:00:00,108.957,109.078,108.937,109.076,108.957,108.957
2021-03-25 11:00:00,109.076,109.164,109.042,109.126,109.076,109.076
2021-03-25 12:00:00,109.127,109.14,109.046,109.054,109.127,109.127
2021-03-25 13:00:00,109.053,109.115,109.028,109.108,109.053,109.053
2021-03-25 14:00:00,109.108,109.116,109.037,109.092,109.108,109.108
2021-03-25 15:00:00,109.092,109.152,109.068,109.119,109.092,109.093
2021-03-25 16:00:00,109.119,109.138,109.024,109.102,109.119,109.119
2021-03-25 17:00:00,109.102,109.192,109.069,109.097,109.102,109.102
2021-03-25 18:00:00,109.097,109.186,109.072,109.131,109.097,109.098
2021-03-25 19:00:00,109.132,109.179,109.111,109.173,109.132,109.132
2021-03-25 20:00:00,109.173,109.238,109.115,109.126,109.173,109.173
2021-03-25 21:00:00,109.126,109.158,109.087,109.112,109.126,109.126
2021-03-25 22:00:00,109.112,109.168,109.081,109.115,109.112,109.112
2021-03-25 23:00:00,109.115,109.193,109.113,109.19,109.115,109.116
2021-03-26 00:00:00,109.181,109.181,109.159,109.165,109.181,109.201
2021-03-26 01:00:00,109.165,109.179,109.142,109.165,109.165,109.181
2021-03-26 02:00:00,109.165,109.223,109.161,109.179,109.165,109.167
2021-03-26 03:00:00,109.178,109.313,109.131,109.275,109.178,109.179
2021-03-26 04:00:00,109.274,109.288,109.19,109.209,109.274,109.275
2021-03-26 05:00:00,109.208,109.237,109.175,109.234,109.208,109.209
2021-03-26 06:00:00,109.234,109.267,109.226,109.241,109.234,109.234
2021-03-26 07:00:00,109.242,109.282,109.242,109.279,109.242,109.242
2021-03-26 08:00:00,109.279,109.281,109.216,109.25,109.279,109.279
2021-03-26 09:00:00,109.251,109.281,109.247,109.26,109.251,109.251
2021-03-26 10:00:00,109.261,109.363,109.217,109.325,109.261,109.263
2021-03-26 11:00:00,109.325,109.479,109.325,109.473,109.325,109.326
2021-03-26 12:00:00,109.473,109.496,109.383,109.472,109.473,109.473
2021-03-26 13:00:00,109.472,109.605,109.471,109.579,109.472,109.473
2021-03-26 14:00:00,109.579,109.762,109.557,109.756,109.579,109.579
2021-03-26 15:00:00,109.756,109.817,109.676,109.796,109.756,109.756
2021-03-26 16:00:00,109.797,109.847,109.724,109.808,109.797,109.797
2021-03-26 17:00:00,109.808,109.827,109.684,109.69,109.808,109.809
2021-03-26 18:00:00,109.69,109.698,109.551,109.557,109.69,109.69
2021-03-26 19:00:00,109.557,109.648,109.529,109.633,109.557,109.557
2021-03-26 20:00:00,109.633,109.697,109.618,109.68,109.633,109.634
2021-03-26 21:00:00,109.68,109.694,109.65,109.685,109.68,109.681
2021-03-26 22:00:00,109.685,109.686,109.624,109.626,109.685,109.686
2021-03-26 23:00:00,109.626,109.698,109.626,109.675,109.626,109.626
2021-03-29 00:00:00,109.719,109.726,109.673,109.705,109.719,109.748
2021-03-29 01:00:00,109.706,109.765,109.641,109.765,109.706,109.712
2021-03-29 02:00:00,109.765,109.804,109.746,109.793,109.765,109.767
2021-03-29 03:00:00,109.793,109.796,109.633,109.671,109.793,109.793
2021-03-29 04:00:00,109.67,109.718,109.61,109.628,109.67,109.67
2021-03-29 05:00:00,109.628,109.635,109.479,109.483,109.628,109.628
2021-03-29 06:00:00,109.483,109.536,109.444,109.531,109.483,109.483
2021-03-29 07:00:00,109.531,109.555,109.505,109.548,109.531,109.531
2021-03-29 08:00:00,109.548,109.549,109.374,109.483,109.548,109.548
2021-03-29 09:00:00,109.483,109.575,109.478,109.571,109.483,109.483
2021-03-29 10:00:00,109.571,109.654,109.522,109.651,109.571,109.572
2021-03-29 11:00:00,109.651,109.683,109.626,109.634,109.651,109.652
2021-03-29 12:00:00,109.634,109.695,109.548,109.588,109.634,109.635
2021-03-29 13:00:00,109.588,109.604,109.546,109.569,109.588,109.588
2021-03-29 14:00:00,109.569,109.65,109.569,109.631,109.569,109.569
2021-03-29 15:00:00,109.631,109.724,109.604,109.696,109.631,109.632
2021-03-29 16:00:00,109.696,109.752,109.626,109.736,109.696,109.696
2021-03-29 17:00:00,109.736,109.772,109.691,109.767,109.736,109.736
2021-03-29 18:00:00,109.767,109.782,109.688,109.73,109.767,109.767
2021-03-29 19:00:00,109.73,109.748,109.721,109.742,109.73,109.731
2021-03-29 20:00:00,109.742,109.81,109.735,109.803,109.742,109.742
2021-03-29 21:00:00,109.803,109.84,109.798,109.818,109.803,109.803
2021-03-29 22:00:00,109.818,109.844,109.788,109.79,109.818,109.818
2021-03-29 23:00:00,109.791,109.847,109.791,109.833,109.791,109.791
2021-03-30 00:00:00,109.773,109.832,109.727,109.823,109.773,109.823
2021-03-30 01:00:00,109.823,109.823,109.758,109.814,109.823,109.833
2021-03-30 02:00:00,109.814,109.885,109.811,109.839,109.814,109.815
2021-03-30 03:00:00,109.839,109.868,109.788,109.849,109.839,109.839
2021-03-30 04:00:00,109.849,109.949,109.83,109.88,109.849,109.849
2021-03-30 05:00:00,109.884,109.975,109.883,109.962,109.884,109.884
2021-03-30 06:00:00,109.962,109.991,109.956,109.962,109.962,109.963
2021-03-30 07:00:00,109.962,109.986,109.925,109.941,109.962,109.962
2021-03-30 08:00:00,109.941,109.983,109.941,109.983,109.941,109.941
2021-03-30 09:00:00,109.983,110.188,109.937,110.159,109.983,109.983
2021-03-30 10:00:00,110.158,110.268,110.117,110.23,110.158,110.159
2021-03-30 11:00:00,110.23,110.312,110.205,110.252,110.23,110.23
2021-03-30 12:00:00,110.252,110.305,110.227,110.246,110.252,110.252
2021-03-30 13:00:00,110.246,110.394,110.246,110.388,110.246,110.247
2021-03-30 14:00:00,110.388,110.391,110.324,110.351,110.388,110.388
2021-03-30 15:00:00,110.351,110.388,110.266,110.347,110.351,110.351
2021-03-30 16:00:00,110.347,110.428,110.27,110.372,110.347,110.347
2021-03-30 17:00:00,110.371,110.418,110.261,110.32,110.371,110.373
2021-03-30 18:00:00,110.321,110.326,110.186,110.193,110.321,110.321
2021-03-30 19:00:00,110.193,110.308,110.193,110.289,110.193,110.193
2021-03-30 20:00:00,110.289,110.303,110.248,110.296,110.289,110.289
2021-03-30 21:00:00,110.296,110.365,110.29,110.352,110.296,110.296
2021-03-30 22:00:00,110.352,110.353,110.328,110.344,110.352,110.352
2021-03-30 23:00:00,110.344,110.365,110.328,110.353,110.344,110.344
2021-03-31 00:00:00,110.351,110.361,110.326,110.357,110.351,110.372
2021-03-31 01:00:00,110.357,110.389,110.34,110.38,110.357,110.367
2021-03-31 02:00:00,110.38,110.393,110.306,110.307,110.38,110.381
2021-03-31 03:00:00,110.308,110.732,110.275,110.695,110.308,110.308
2021-03-31 04:00:00,110.694,110.71,110.557,110.608,110.694,110.694
2021-03-31 05:00:00,110.609,110.874,110.6,110.838,110.609,110.609
2021-03-31 06:00:00,110.838,110.967,110.831,110.843,110.838,110.838
2021-03-31 07:00:00,110.843,110.906,110.816,110.866,110.843,110.844
2021-03-31 08:00:00,110.866,110.878,110.827,110.845,110.866,110.867
2021-03-31 09:00:00,110.845,110.945,110.64,110.705,110.845,110.845
2021-03-31 10:00:00,110.705,110.74,110.623,110.739,110.705,110.705
2021-03-31 11:00:00,110.739,110.739,110.514,110.514,110.739,110.739
2021-03-31 12:00:00,110.514,110.598,110.514,110.569,110.514,110.514
2021-03-31 13:00:00,110.57,110.702,110.567,110.668,110.57,110.57
2021-03-31 14:00:00,110.668,110.778,110.614,110.748,110.668,110.669
2021-03-31 15:00:00,110.748,110.84,110.686,110.71,110.748,110.748
2021-03-31 16:00:00,110.71,110.824,110.71,110.732,110.71,110.71
2021-03-31 17:00:00,110.732,110.765,110.414,110.518,110.732,110.732
2021-03-31 18:00:00,110.519,110.636,110.444,110.612,110.519,110.519
2021-03-31 19:00:00,110.612,110.619,110.549,110.608,110.612,110.612
2021-03-31 20:00:00,110.608,110.708,110.573,110.689,110.608,110.608
2021-03-31 21:00:00,110.689,110.761,110.689,110.738,110.689,110.69
2021-03-31 22:00:00,110.738,110.782,110.708,110.73,110.738,110.738
2021-03-31 23:00:00,110.73,110.765,110.694,110.719,110.73,110.73
2021-04-01 00:00:00,110.692,110.736,110.67,110.715,110.692,110.751
2021-04-01 01:00:00,110.717,110.782,110.692,110.776,110.717,110.744
2021-04-01 02:00:00,110.776,110.805,110.747,110.76,110.776,110.776
2021-04-01 03:00:00,110.76,110.825,110.677,110.79,110.76,110.761
2021-04-01 04:00:00,110.79,110.798,110.625,110.663,110.79,110.791
2021-04-01 05:00:00,110.664,110.71,110.617,110.638,110.664,110.664
2021-04-01 06:00:00,110.638,110.653,110.57,110.634,110.638,110.639
2021-04-01 07:00:00,110.634,110.711,110.622,110.7,110.634,110.634
2021-04-01 08:00:00,110.7,110.753,110.698,110.752,110.7,110.702
2021-04-01 09:00:00,110.752,110.811,110.742,110.768,110.752,110.752
2021-04-01 10:00:00,110.768,110.808,110.62,110.686,110.768,110.768
2021-04-01 11:00:00,110.686,110.776,110.673,110.77,110.686,110.686
2021-04-01 12:00:00,110.77,110.848,110.72,110.834,110.77,110.77
2021-04-01 13:00:00,110.834,110.838,110.772,110.793,110.834,110.834
2021-04-01 14:00:00,110.793,110.807,110.739,110.756,110.793,110.793
2021-04-01 15:00:00,110.755,110.759,110.621,110.697,110.755,110.755
2021-04-01 16:00:00,110.698,110.709,110.585,110.703,110.698,110.698
2021-04-01 17:00:00,110.702,110.743,110.552,110.608,110.702,110.711
2021-04-01 18:00:00,110.608,110.635,110.558,110.606,110.608,110.609
2021-04-01 19:00:00,110.606,110.61,110.546,110.584,110.606,110.606
2021-04-01 20:00:00,110.584,110.61,110.556,110.606,110.584,110.585
2021-04-01 21:00:00,110.607,110.641,110.596,110.629,110.607,110.607
2021-04-01 22:00:00,110.629,110.648,110.591,110.608,110.629,110.629
2021-04-01 23:00:00,110.607,110.643,110.593,110.608,110.607,110.608
2021-04-02 00:00:00,110.585,110.616,110.575,110.581,110.585,110.66
2021-04-02 01:00:00,110.584,110.614,110.565,110.605,110.584,110.612
2021-04-02 02:00:00,110.605,110.633,110.6,110.614,110.605,110.606
2021-04-02 03:00:00,110.614,110.649,110.522,110.623,110.614,110.615
2021-04-02 04:00:00,110.623,110.669,110.619,110.633,110.623,110.624
2021-04-02 05:00:00,110.633,110.661,110.623,110.626,110.633,110.635
2021-04-02 06:00:00,110.626,110.636,110.586,110.609,110.626,110.628
2021-04-02 07:00:00,110.609,110.643,110.601,110.602,110.609,110.609
2021-04-02 08:00:00,110.602,110.605,110.478,110.538,110.602,110.602
2021-04-02 09:00:00,110.538,110.538,110.433,110.488,110.538,110.538
2021-04-02 10:00:00,110.489,110.566,110.483,110.544,110.489,110.489
2021-04-02 11:00:00,110.545,110.557,110.375,110.389,110.545,110.545
2021-04-02 12:00:00,110.389,110.493,110.387,110.477,110.389,110.391
2021-04-02 13:00:00,110.477,110.522,110.47,110.509,110.477,110.479
2021-04-02 14:00:00,110.509,110.554,110.438,110.526,110.509,110.509
2021-04-02 15:00:00,110.526,110.692,110.492,110.612,110.526,110.528
2021-04-02 16:00:00,110.612,110.75,110.612,110.671,110.612,110.613
2021-04-02 17:00:00,110.671,110.739,110.655,110.67,110.671,110.671
2021-04-02 18:00:00,110.669,110.692,110.665,110.691,110.669,110.669
2021-04-02 19:00:00,110.691,110.705,110.674,110.696,110.691,110.695
2021-04-02 20:00:00,110.695,110.705,110.621,110.668,110.695,110.703
2021-04-02 21:00:00,110.668,110.705,110.645,110.687,110.668,110.717
2021-04-02 22:00:00,110.687,110.709,110.648,110.655,110.687,110.723
2021-04-02 23:00:00,110.655,110.691,110.577,110.656,110.655,110.665
2021-04-05 00:00:00,110.608,110.658,110.593,110.657,110.608,110.708
2021-04-05 01:00:00,110.657,110.719,110.615,110.718,110.657,110.694
2021-04-05 02:00:00,110.718,110.751,110.666,110.679,110.718,110.718
2021-04-05 03:00:00,110.679,110.722,110.588,110.623,110.679,110.681
2021-04-05 04:00:00,110.623,110.632,110.543,110.593,110.623,110.625
2021-04-05 05:00:00,110.593,110.599,110.566,110.568,110.593,110.595
2021-04-05 06:00:00,110.568,110.588,110.525,110.555,110.568,110.569
2021-04-05 07:00:00,110.555,110.652,110.554,110.65,110.555,110.556
2021-04-05 08:00:00,110.65,110.68,110.621,110.673,110.65,110.65
2021-04-05 09:00:00,110.674,110.688,110.623,110.632,110.674,110.674
2021-04-05 10:00:00,110.632,110.663,110.621,110.635,110.632,110.632
2021-04-05 11:00:00,110.635,110.641,110.558,110.603,110.635,110.635
2021-04-05 12:00:00,110.603,110.628,110.59,110.61,110.603,110.603
2021-04-05 13:00:00,110.61,110.619,110.567,110.569,110.61,110.61
2021-04-05 14:00:00,110.569,110.57,110.452,110.495,110.569,110.571
2021-04-05 15:00:00,110.495,110.532,110.419,110.477,110.495,110.496
2021-04-05 16:00:00,110.478,110.485,110.253,110.259,110.478,110.48
2021-04-05 17:00:00,110.259,110.284,109.962,110.129,110.259,110.263
2021-04-05 18:00:00,110.129,110.169,110.058,110.084,110.129,110.129
2021-04-05 19:00:00,110.084,110.126,110.081,110.095,110.084,110.085
2021-04-05 20:00:00,110.095,110.139,110.083,110.127,110.095,110.096
2021-04-05 21:00:00,110.126,110.186,110.125,110.173,110.126,110.126
2021-04-05 22:00:00,110.172,110.252,110.16,110.183,110.172,110.173
2021-04-05 23:00:00,110.183,110.227,110.176,110.18,110.183,110.183
2021-04-06 00:00:00,110.172,110.199,110.088,110.138,110.172,110.181
2021-04-06 01:00:00,110.138,110.228,110.138,110.224,110.138,110.163
2021-04-06 02:00:00,110.224,110.225,110.16,110.194,110.224,110.226
2021-04-06 03:00:00,110.194,110.297,110.128,110.264,110.194,110.196
2021-04-06 04:00:00,110.264,110.317,110.202,110.243,110.264,110.265
2021-04-06 05:00:00,110.243,110.358,110.241,110.347,110.243,110.244
2021-04-06 06:00:00,110.347,110.406,110.331,110.361,110.347,110.347
2021-04-06 07:00:00,110.361,110.381,110.233,110.253,110.361,110.362
2021-04-06 08:00:00,110.253,110.256,110.148,110.168,110.253,110.253
2021-04-06 09:00:00,110.168,110.334,110.151,110.311,110.168,110.168
2021-04-06 10:00:00,110.311,110.393,110.297,110.298,110.311,110.313
2021-04-06 11:00:00,110.298,110.361,110.284,110.353,110.298,110.298
2021-04-06 13:00:00,110.494,110.553,110.472,110.527,110.494,110.496
2021-04-06 14:00:00,110.527,110.536,110.321,110.345,110.527,110.527
2021-04-06 15:00:00,110.345,110.345,109.874,109.905,110.345,110.346
2021-04-06 16:00:00,109.905,109.965,109.67,109.843,109.905,109.905
2021-04-06 17:00:00,109.843,109.929,109.734,109.752,109.843,109.844
2021-04-06 18:00:00,109.752,109.856,109.729,109.837,109.752,109.753
2021-04-06 19:00:00,109.837,109.886,109.832,109.883,109.837,109.837
2021-04-06 20:00:00,109.883,109.918,109.864,109.897,109.883,109.883
2021-04-06 22:00:00,109.856,109.863,109.805,109.808,109.856,109.858
2021-04-06 23:00:00,109.808,109.818,109.726,109.739,109.808,109.808
2021-04-07 00:00:00,109.722,109.8,109.709,109.767,109.722,109.787
2021-04-07 01:00:00,109.778,109.788,109.735,109.78,109.778,109.79
2021-04-07 02:00:00,109.78,109.804,109.742,109.797,109.78,109.78
2021-04-07 03:00:00,109.797,109.896,109.768,109.776,109.797,109.798
2021-04-07 04:00:00,109.776,109.785,109.579,109.662,109.776,109.777
2021-04-07 05:00:00,109.662,109.808,109.657,109.753,109.662,109.663
2021-04-07 06:00:00,109.753,109.834,109.734,109.781,109.753,109.753
2021-04-07 07:00:00,109.782,109.786,109.717,109.718,109.782,109.782
2021-04-07 08:00:00,109.718,109.824,109.718,109.768,109.718,109.719
2021-04-07 09:00:00,109.768,109.858,109.72,109.82,109.768,109.768
2021-04-07 10:00:00,109.819,109.905,109.77,109.793,109.819,109.82
2021-04-07 11:00:00,109.793,109.942,109.786,109.859,109.793,109.794
2021-04-07 12:00:00,109.859,109.906,109.808,109.809,109.859,109.86
2021-04-07 13:00:00,109.809,109.834,109.729,109.749,109.809,109.809
2021-04-07 14:00:00,109.749,109.854,109.74,109.833,109.749,109.75
2021-04-07 15:00:00,109.834,109.938,109.833,109.875,109.834,109.834
2021-04-07 16:00:00,109.875,109.939,109.773,109.837,109.875,109.875
2021-04-07 17:00:00,109.837,109.838,109.609,109.621,109.837,109.837
2021-04-07 18:00:00,109.623,109.728,109.6,109.675,109.623,109.623
2021-04-07 19:00:00,109.676,109.724,109.658,109.714,109.676,109.676
2021-04-07 20:00:00,109.716,109.779,109.7,109.757,109.716,109.716
2021-04-07 21:00:00,109.757,109.827,109.736,109.805,109.757,109.76
2021-04-07 22:00:00,109.805,109.878,109.784,109.784,109.805,109.805
2021-04-07 23:00:00,109.785,109.85,109.783,109.835,109.785,109.785
2021-04-08 00:00:00,109.848,109.848,109.768,109.828,109.848,109.872
2021-04-08 01:00:00,109.826,109.875,109.82,109.847,109.826,109.856
2021-04-08 02:00:00,109.847,109.868,109.824,109.857,109.847,109.85
2021-04-08 03:00:00,109.857,109.904,109.768,109.777,109.857,109.858
2021-04-08 04:00:00,109.777,109.797,109.713,109.765,109.777,109.778
2021-04-08 05:00:00,109.765,109.765,109.722,109.742,109.765,109.765
2021-04-08 06:00:00,109.742,109.753,109.695,109.74,109.742,109.743
2021-04-08 07:00:00,109.74,109.753,109.653,109.671,109.74,109.74
2021-04-08 08:00:00,109.671,109.696,109.639,109.683,109.671,109.671
2021-04-08 09:00:00,109.683,109.751,109.629,109.693,109.683,109.685
2021-04-08 10:00:00,109.695,109.713,109.485,109.519,109.695,109.695
2021-04-08 11:00:00,109.519,109.525,109.439,109.456,109.519,109.52
2021-04-08 12:00:00,109.456,109.573,109.453,109.56,109.456,109.457
2021-04-08 13:00:00,109.56,109.577,109.516,109.547,109.56,109.56
2021-04-08 14:00:00,109.547,109.556,109.183,109.211,109.547,109.547
2021-04-08 15:00:00,109.211,109.265,109.0,109.079,109.211,109.212
2021-04-08 16:00:00,109.079,109.159,109.024,109.106,109.079,109.079
2021-04-08 17:00:00,109.106,109.288,109.063,109.242,109.106,109.106
2021-04-08 18:00:00,109.242,109.3,109.226,109.262,109.242,109.242
2021-04-08 19:00:00,109.262,109.264,109.192,109.247,109.262,109.262
2021-04-08 20:00:00,109.247,109.259,109.209,109.244,109.247,109.248
2021-04-08 21:00:00,109.244,109.279,109.226,109.255,109.244,109.245
2021-04-08 22:00:00,109.255,109.317,109.255,109.3,109.255,109.255
2021-04-08 23:00:00,109.301,109.316,109.257,109.266,109.301,109.301
2021-04-09 00:00:00,109.257,109.281,109.19,109.263,109.257,109.31
2021-04-09 01:00:00,109.261,109.396,109.255,109.328,109.261,109.279
2021-04-09 02:00:00,109.33,109.352,109.283,109.33,109.33,109.33
2021-04-09 03:00:00,109.33,109.377,109.217,109.26,109.33,109.332
2021-04-09 04:00:00,109.26,109.312,109.215,109.244,109.26,109.261
2021-04-09 05:00:00,109.244,109.321,109.236,109.277,109.244,109.245
2021-04-09 06:00:00,109.277,109.298,109.258,109.29,109.277,109.278
2021-04-09 07:00:00,109.29,109.375,109.286,109.37,109.29,109.29
2021-04-09 08:00:00,109.37,109.433,109.311,109.388,109.37,109.37
2021-04-09 09:00:00,109.388,109.479,109.382,109.441,109.388,109.388
2021-04-09 10:00:00,109.441,109.56,109.411,109.5,109.441,109.441
2021-04-09 11:00:00,109.5,109.681,109.492,109.66,109.5,109.501
2021-04-09 12:00:00,109.66,109.688,109.603,109.651,109.66,109.661
2021-04-09 13:00:00,109.651,109.751,109.651,109.704,109.651,109.651
2021-04-09 14:00:00,109.705,109.737,109.583,109.716,109.705,109.705
2021-04-09 15:00:00,109.716,109.961,109.683,109.877,109.716,109.717
2021-04-09 16:00:00,109.877,109.956,109.745,109.762,109.877,109.877
2021-04-09 17:00:00,109.761,109.781,109.555,109.596,109.761,109.761
2021-04-09 18:00:00,109.597,109.714,109.584,109.646,109.597,109.598
2021-04-09 19:00:00,109.647,109.663,109.617,109.638,109.647,109.647
2021-04-09 20:00:00,109.638,109.645,109.581,109.621,109.638,109.638
2021-04-09 21:00:00,109.623,109.678,109.619,109.656,109.623,109.623
2021-04-09 22:00:00,109.656,109.662,109.607,109.648,109.656,109.656
2021-04-09 23:00:00,109.648,109.673,109.64,109.66,109.648,109.648
2021-04-12 00:00:00,109.695,109.725,109.351,109.664,109.695,109.795
2021-04-12 01:00:00,109.674,109.754,109.663,109.752,109.674,109.762
2021-04-12 02:00:00,109.752,109.756,109.688,109.721,109.752,109.752
2021-04-12 03:00:00,109.721,109.766,109.651,109.76,109.721,109.722
2021-04-12 04:00:00,109.76,109.769,109.553,109.587,109.76,109.761
2021-04-12 05:00:00,109.588,109.588,109.479,109.528,109.588,109.588
2021-04-12 06:00:00,109.528,109.544,109.471,109.54,109.528,109.529
2021-04-12 07:00:00,109.54,109.588,109.524,109.533,109.54,109.54
2021-04-12 08:00:00,109.533,109.581,109.53,109.539,109.533,109.533
2021-04-12 09:00:00,109.539,109.61,109.483,109.578,109.539,109.539
2021-04-12 10:00:00,109.578,109.579,109.421,109.454,109.578,109.578
2021-04-12 11:00:00,109.454,109.476,109.378,109.468,109.454,109.454
2021-04-12 12:00:00,109.468,109.474,109.31,109.315,109.468,109.472
2021-04-12 13:00:00,109.315,109.378,109.287,109.374,109.315,109.315
2021-04-12 14:00:00,109.374,109.393,109.245,109.345,109.374,109.374
2021-04-12 15:00:00,109.345,109.388,109.263,109.33,109.345,109.345
2021-04-12 16:00:00,109.33,109.448,109.297,109.435,109.33,109.33
2021-04-12 17:00:00,109.434,109.448,109.362,109.395,109.434,109.435
2021-04-12 18:00:00,109.395,109.441,109.362,109.438,109.395,109.395
2021-04-12 19:00:00,109.438,109.44,109.385,109.406,109.438,109.438
2021-04-12 20:00:00,109.406,109.42,109.365,109.393,109.406,109.406
2021-04-12 21:00:00,109.394,109.457,109.393,109.424,109.394,109.394
2021-04-12 22:00:00,109.424,109.449,109.41,109.412,109.424,109.424
2021-04-12 23:00:00,109.412,109.416,109.374,109.375,109.412,109.412
2021-04-13 00:00:00,109.379,109.395,109.364,109.377,109.379,109.401
2021-04-13 01:00:00,109.377,109.397,109.37,109.387,109.377,109.406
2021-04-13 02:00:00,109.387,109.413,109.357,109.382,109.387,109.387
2021-04-13 03:00:00,109.382,109.567,109.373,109.548,109.382,109.383
2021-04-13 04:00:00,109.549,109.622,109.537,109.574,109.549,109.549
2021-04-13 05:00:00,109.574,109.664,109.554,109.629,109.574,109.574
2021-04-13 06:00:00,109.63,109.721,109.608,109.715,109.63,109.631
2021-04-13 07:00:00,109.714,109.752,109.692,109.705,109.714,109.715
2021-04-13 08:00:00,109.705,109.737,109.66,109.691,109.705,109.705
2021-04-13 09:00:00,109.69,109.699,109.562,109.683,109.69,109.69
2021-04-13 10:00:00,109.683,109.698,109.293,109.325,109.683,109.684
2021-04-13 11:00:00,109.325,109.395,109.284,109.325,109.325,109.325
2021-04-13 12:00:00,109.325,109.362,109.226,109.338,109.325,109.325
2021-04-13 13:00:00,109.338,109.443,109.311,109.406,109.338,109.338
2021-04-13 14:00:00,109.405,109.418,109.128,109.408,109.405,109.407
2021-04-13 15:00:00,109.408,109.6,109.183,109.282,109.408,109.408
2021-04-13 16:00:00,109.284,109.307,109.147,109.213,109.284,109.284
2021-04-13 17:00:00,109.213,109.332,109.18,109.197,109.213,109.213
2021-04-13 18:00:00,109.197,109.258,109.188,109.188,109.197,109.198
2021-04-13 19:00:00,109.189,109.234,109.127,109.187,109.189,109.189
2021-04-13 20:00:00,109.187,109.188,109.048,109.099,109.187,109.188
2021-04-13 21:00:00,109.099,109.112,109.072,109.082,109.099,109.099
2021-04-13 22:00:00,109.082,109.107,109.017,109.018,109.082,109.082
2021-04-13 23:00:00,109.021,109.062,109.021,109.056,109.021,109.021
2021-04-14 00:00:00,109.058,109.063,109.04,109.048,109.058,109.064
2021-04-14 01:00:00,109.048,109.075,109.019,109.039,109.048,109.059
2021-04-14 02:00:00,109.039,109.043,108.889,108.924,109.039,109.04
2021-04-14 03:00:00,108.924,108.943,108.796,108.817,108.924,108.924
2021-04-14 04:00:00,108.817,108.873,108.751,108.851,108.817,108.818
2021-04-14 05:00:00,108.851,108.905,108.793,108.855,108.851,108.852
2021-04-14 06:00:00,108.855,108.893,108.842,108.881,108.855,108.856
2021-04-14 07:00:00,108.88,108.956,108.879,108.952,108.88,108.88
2021-04-14 08:00:00,108.952,108.978,108.916,108.917,108.952,108.953
2021-04-14 09:00:00,108.917,108.926,108.809,108.888,108.917,108.917
2021-04-14 10:00:00,108.889,109.071,108.86,108.998,108.889,108.89
2021-04-14 11:00:00,108.998,109.022,108.923,108.982,108.998,108.998
2021-04-14 12:00:00,108.982,109.052,108.931,109.01,108.982,108.982
2021-04-14 13:00:00,109.009,109.02,108.908,108.923,109.009,109.01
2021-04-14 14:00:00,108.923,108.955,108.888,108.952,108.923,108.923
2021-04-14 15:00:00,108.952,108.972,108.897,108.949,108.952,108.953
2021-04-14 16:00:00,108.949,109.095,108.938,109.066,108.949,108.95
2021-04-14 17:00:00,109.066,109.075,108.937,109.017,109.066,109.067
2021-04-14 18:00:00,109.017,109.033,108.925,108.935,109.017,109.017
2021-04-14 19:00:00,108.935,108.99,108.911,108.952,108.935,108.935
2021-04-14 20:00:00,108.953,108.984,108.94,108.977,108.953,108.953
2021-04-14 21:00:00,108.977,108.983,108.929,108.936,108.977,108.977
2021-04-14 22:00:00,108.937,108.956,108.894,108.897,108.937,108.937
2021-04-14 23:00:00,108.897,108.943,108.881,108.936,108.897,108.898
2021-04-15 00:00:00,108.904,108.958,108.897,108.937,108.904,108.951
2021-04-15 01:00:00,108.937,108.964,108.916,108.959,108.937,108.954
2021-04-15 02:00:00,108.959,108.959,108.867,108.893,108.959,108.96
2021-04-15 03:00:00,108.893,108.901,108.821,108.876,108.893,108.894
2021-04-15 04:00:00,108.876,108.932,108.805,108.888,108.876,108.877
2021-04-15 05:00:00,108.888,108.922,108.844,108.922,108.888,108.888
2021-04-15 06:00:00,108.922,108.922,108.877,108.892,108.922,108.922
2021-04-15 07:00:00,108.892,108.903,108.854,108.868,108.892,108.893
2021-04-15 08:00:00,108.868,108.914,108.862,108.912,108.868,108.869
2021-04-15 09:00:00,108.912,108.958,108.885,108.899,108.912,108.913
2021-04-15 10:00:00,108.899,108.916,108.789,108.821,108.899,108.9
2021-04-15 11:00:00,108.82,108.902,108.704,108.775,108.82,108.821
2021-04-15 12:00:00,108.775,108.784,108.664,108.766,108.775,108.775
2021-04-15 13:00:00,108.766,108.842,108.74,108.827,108.766,108.766
2021-04-15 14:00:00,108.827,108.847,108.776,108.789,108.827,108.828
2021-04-15 15:00:00,108.789,108.877,108.703,108.801,108.789,108.79
2021-04-15 16:00:00,108.801,108.808,108.649,108.719,108.801,108.801
2021-04-15 17:00:00,108.719,108.746,108.611,108.725,108.719,108.719
2021-04-15 18:00:00,108.726,108.799,108.667,108.783,108.726,108.726
2021-04-15 19:00:00,108.782,108.784,108.689,108.694,108.782,108.783
2021-04-15 20:00:00,108.695,108.779,108.663,108.668,108.695,108.695
2021-04-15 21:00:00,108.668,108.686,108.624,108.656,108.668,108.669
2021-04-15 22:00:00,108.655,108.71,108.642,108.667,108.655,108.657
2021-04-15 23:00:00,108.667,108.766,108.667,108.752,108.667,108.667
2021-04-16 00:00:00,108.76,108.773,108.714,108.731,108.76,108.769
2021-04-16 01:00:00,108.731,108.757,108.698,108.731,108.731,108.759
2021-04-16 02:00:00,108.731,108.741,108.666,108.691,108.731,108.731
2021-04-16 03:00:00,108.691,108.763,108.61,108.763,108.691,108.691
2021-04-16 04:00:00,108.763,108.94,108.76,108.844,108.763,108.765
2021-04-16 05:00:00,108.845,108.916,108.817,108.895,108.845,108.845
2021-04-16 06:00:00,108.895,108.908,108.826,108.842,108.895,108.897
2021-04-16 07:00:00,108.842,108.85,108.806,108.807,108.842,108.843
2021-04-16 08:00:00,108.807,108.828,108.773,108.811,108.807,108.807
2021-04-16 09:00:00,108.811,108.916,108.805,108.897,108.811,108.811
2021-04-16 10:00:00,108.897,108.966,108.845,108.891,108.897,108.898
2021-04-16 11:00:00,108.891,108.937,108.823,108.854,108.891,108.892
2021-04-16 12:00:00,108.854,108.906,108.796,108.823,108.854,108.855
2021-04-16 13:00:00,108.823,108.851,108.703,108.783,108.823,108.824
2021-04-16 14:00:00,108.783,108.818,108.728,108.772,108.783,108.784
2021-04-16 15:00:00,108.773,108.868,108.748,108.851,108.773,108.773
2021-04-16 16:00:00,108.851,108.897,108.813,108.863,108.851,108.851
2021-04-16 17:00:00,108.863,108.867,108.744,108.808,108.863,108.866
2021-04-16 18:00:00,108.809,108.842,108.786,108.792,108.809,108.809
2021-04-16 19:00:00,108.791,108.828,108.779,108.782,108.791,108.792
2021-04-16 20:00:00,108.782,108.817,108.756,108.794,108.782,108.783
2021-04-16 21:00:00,108.794,108.806,108.761,108.794,108.794,108.794
2021-04-16 22:00:00,108.794,108.803,108.766,108.793,108.794,108.794
2021-04-16 23:00:00,108.793,108.811,108.772,108.803,108.793,108.793
2021-04-19 00:00:00,108.767,108.774,108.696,108.716,108.767,108.852
2021-04-19 01:00:00,108.722,108.836,108.722,108.771,108.722,108.805
2021-04-19 02:00:00,108.771,108.782,108.668,108.723,108.771,108.771
2021-04-19 03:00:00,108.724,108.767,108.627,108.698,108.724,108.724
2021-04-19 04:00:00,108.698,108.768,108.599,108.645,108.698,108.699
2021-04-19 05:00:00,108.645,108.662,108.549,108.623,108.645,108.646
2021-04-19 06:00:00,108.623,108.664,108.617,108.642,108.623,108.624
2021-04-19 07:00:00,108.642,108.686,108.634,108.664,108.642,108.643
2021-04-19 08:00:00,108.664,108.678,108.5,108.519,108.664,108.664
2021-04-19 09:00:00,108.519,108.57,108.466,108.561,108.519,108.52
2021-04-19 10:00:00,108.563,108.563,108.206,108.223,108.563,108.563
2021-04-19 11:00:00,108.222,108.234,108.038,108.082,108.222,108.222
2021-04-19 12:00:00,108.082,108.122,108.011,108.05,108.082,108.083
2021-04-19 13:00:00,108.05,108.19,108.027,108.12,108.05,108.05
2021-04-19 14:00:00,108.121,108.181,108.099,108.12,108.121,108.122
2021-04-19 15:00:00,108.121,108.16,108.065,108.082,108.121,108.122
2021-04-19 16:00:00,108.083,108.31,108.076,108.249,108.083,108.083
2021-04-19 17:00:00,108.252,108.261,108.017,108.027,108.252,108.252
2021-04-19 18:00:00,108.031,108.098,108.01,108.097,108.031,108.031
2021-04-19 19:00:00,108.097,108.106,108.054,108.064,108.097,108.098
2021-04-19 20:00:00,108.064,108.135,108.063,108.115,108.064,108.065
2021-04-19 21:00:00,108.114,108.129,108.089,108.1,108.114,108.115
2021-04-19 22:00:00,108.1,108.181,108.098,108.18,108.1,108.1
2021-04-19 23:00:00,108.18,108.183,108.134,108.137,108.18,108.181
2021-04-20 00:00:00,108.122,108.155,108.122,108.15,108.122,108.222
2021-04-20 01:00:00,108.15,108.17,108.13,108.151,108.15,108.158
2021-04-20 02:00:00,108.15,108.17,108.083,108.109,108.15,108.152
2021-04-20 03:00:00,108.109,108.203,107.974,108.178,108.109,108.109
2021-04-20 04:00:00,108.178,108.32,108.175,108.259,108.178,108.178
2021-04-20 05:00:00,108.259,108.268,108.176,108.181,108.259,108.259
2021-04-20 06:00:00,108.181,108.194,108.097,108.12,108.181,108.182
2021-04-20 07:00:00,108.12,108.186,108.1,108.158,108.12,108.12
2021-04-20 08:00:00,108.158,108.235,108.149,108.197,108.158,108.159
2021-04-20 09:00:00,108.196,108.467,108.182,108.422,108.196,108.197
2021-04-20 10:00:00,108.421,108.55,108.312,108.4,108.421,108.421
2021-04-20 11:00:00,108.402,108.501,108.374,108.478,108.402,108.402
2021-04-20 12:00:00,108.478,108.52,108.431,108.462,108.478,108.478
2021-04-20 13:00:00,108.462,108.464,108.354,108.404,108.462,108.463
2021-04-20 14:00:00,108.404,108.425,108.32,108.411,108.404,108.405
2021-04-20 15:00:00,108.412,108.514,108.363,108.453,108.412,108.412
2021-04-20 16:00:00,108.457,108.499,108.25,108.286,108.457,108.457
2021-04-20 17:00:00,108.286,108.309,108.106,108.128,108.286,108.286
2021-04-20 18:00:00,108.128,108.156,108.026,108.075,108.128,108.128
2021-04-20 19:00:00,108.075,108.151,108.064,108.13,108.075,108.076
2021-04-20 20:00:00,108.13,108.152,108.103,108.137,108.13,108.13
2021-04-20 21:00:00,108.137,108.152,108.109,108.109,108.137,108.138
2021-04-20 22:00:00,108.109,108.115,108.051,108.079,108.109,108.111
2021-04-20 23:00:00,108.079,108.112,108.079,108.082,108.079,108.08
2021-04-21 00:00:00,108.085,108.13,108.054,108.08,108.085,108.148
2021-04-21 01:00:00,108.08,108.126,108.07,108.11,108.08,108.093
2021-04-21 02:00:00,108.112,108.135,108.084,108.133,108.112,108.113
2021-04-21 03:00:00,108.133,108.146,107.877,108.089,108.133,108.135
2021-04-21 04:00:00,108.089,108.11,107.91,107.939,108.089,108.09
2021-04-21 05:00:00,107.939,107.985,107.882,107.945,107.939,107.94
2021-04-21 06:00:00,107.945,107.993,107.941,107.98,107.945,107.947
2021-04-21 07:00:00,107.98,108.114,107.974,108.059,107.98,107.981
2021-04-21 08:00:00,108.059,108.078,107.965,108.002,108.059,108.059
2021-04-21 09:00:00,108.003,108.054,107.952,108.026,108.003,108.004
2021-04-21 10:00:00,108.026,108.282,108.008,108.227,108.026,108.026
2021-04-21 11:00:00,108.226,108.266,108.145,108.211,108.226,108.227
2021-04-21 12:00:00,108.211,108.221,108.066,108.082,108.211,108.212
2021-04-21 13:00:00,108.082,108.147,108.064,108.144,108.082,108.082
2021-04-21 14:00:00,108.144,108.169,108.075,108.129,108.144,108.146
2021-04-21 15:00:00,108.129,108.135,107.976,108.055,108.129,108.13
2021-04-21 16:00:00,108.055,108.122,107.98,108.065,108.055,108.057
2021-04-21 17:00:00,108.066,108.197,108.066,108.162,108.066,108.066
2021-04-21 18:00:00,108.161,108.178,108.069,108.1,108.161,108.161
2021-04-21 19:00:00,108.099,108.146,108.077,108.102,108.099,108.099
2021-04-21 20:00:00,108.102,108.124,108.066,108.112,108.102,108.102
2021-04-21 21:00:00,108.112,108.133,108.092,108.096,108.112,108.112
2021-04-21 22:00:00,108.096,108.114,108.054,108.061,108.096,108.097
2021-04-21 23:00:00,108.059,108.084,108.048,108.053,108.059,108.059
2021-04-22 00:00:00,108.07,108.088,108.032,108.054,108.07,108.094
2021-04-22 01:00:00,108.052,108.069,108.03,108.033,108.052,108.077
2021-04-22 02:00:00,108.032,108.049,108.017,108.044,108.032,108.033
2021-04-22 03:00:00,108.043,108.142,107.953,108.025,108.043,108.045
2021-04-22 04:00:00,108.025,108.064,107.985,108.009,108.025,108.026
2021-04-22 05:00:00,108.009,108.021,107.975,108.002,108.009,108.011
2021-04-22 06:00:00,108.0,108.026,107.987,108.007,108.0,108.001
2021-04-22 07:00:00,108.007,108.008,107.915,107.97,108.007,108.008
2021-04-22 08:00:00,107.97,108.039,107.955,108.033,107.97,107.97
2021-04-22 09:00:00,108.034,108.052,107.862,107.899,108.034,108.035
2021-04-22 10:00:00,107.899,107.905,107.816,107.893,107.899,107.899
2021-04-22 11:00:00,107.893,108.112,107.893,108.039,107.893,107.894
2021-04-22 12:00:00,108.039,108.097,108.015,108.069,108.039,108.04
2021-04-22 13:00:00,108.069,108.069,107.983,108.027,108.069,108.069
2021-04-22 14:00:00,108.027,108.113,107.96,108.074,108.027,108.028
2021-04-22 15:00:00,108.074,108.199,108.069,108.126,108.074,108.075
2021-04-22 16:00:00,108.127,108.167,108.029,108.055,108.127,108.127
2021-04-22 17:00:00,108.056,108.107,107.944,107.997,108.056,108.056
2021-04-22 18:00:00,107.997,108.169,107.992,108.164,107.997,107.997
2021-04-22 19:00:00,108.164,108.232,108.111,108.205,108.164,108.165
2021-04-22 20:00:00,108.205,108.234,108.05,108.063,108.205,108.205
2021-04-22 21:00:00,108.063,108.143,108.035,108.09,108.063,108.063
2021-04-22 22:00:00,108.087,108.109,108.01,108.03,108.087,108.088
2021-04-22 23:00:00,108.03,108.03,107.965,107.971,108.03,108.032
2021-04-23 00:00:00,107.966,107.966,107.934,107.955,107.966,107.972
2021-04-23 01:00:00,107.955,108.003,107.938,108.003,107.955,107.969
2021-04-23 02:00:00,108.002,108.003,107.946,107.988,108.002,108.004
2021-04-23 03:00:00,107.988,107.992,107.861,107.881,107.988,107.989
2021-04-23 04:00:00,107.881,107.965,107.803,107.922,107.881,107.881
2021-04-23 05:00:00,107.922,107.972,107.913,107.955,107.922,107.923
2021-04-23 06:00:00,107.956,107.97,107.919,107.921,107.956,107.957
2021-04-23 07:00:00,107.921,107.933,107.878,107.902,107.921,107.923
2021-04-23 08:00:00,107.901,107.906,107.864,107.893,107.901,107.901
2021-04-23 09:00:00,107.891,107.96,107.862,107.879,107.891,107.892
2021-04-23 10:00:00,107.88,107.985,107.855,107.914,107.88,107.881
2021-04-23 11:00:00,107.914,107.965,107.875,107.914,107.914,107.915
2021-04-23 12:00:00,107.914,107.937,107.883,107.902,107.914,107.914
2021-04-23 13:00:00,107.902,107.907,107.846,107.851,107.902,107.903
2021-04-23 14:00:00,107.852,107.884,107.754,107.781,107.852,107.852
2021-04-23 15:00:00,107.781,107.792,107.478,107.516,107.781,107.781
2021-04-23 16:00:00,107.516,107.813,107.511,107.796,107.516,107.516
2021-04-23 17:00:00,107.796,108.147,107.796,108.086,107.796,107.797
2021-04-23 18:00:00,108.086,108.092,107.927,107.949,108.086,108.087
2021-04-23 19:00:00,107.949,107.984,107.919,107.976,107.949,107.95
2021-04-23 20:00:00,107.977,107.978,107.937,107.946,107.977,107.977
2021-04-23 21:00:00,107.946,107.966,107.926,107.929,107.946,107.946
2021-04-23 22:00:00,107.93,107.95,107.861,107.894,107.93,107.931
2021-04-23 23:00:00,107.894,107.91,107.866,107.87,107.894,107.894
2021-04-26 00:00:00,107.905,107.936,107.875,107.924,107.905,107.998
2021-04-26 01:00:00,107.924,107.929,107.863,107.892,107.924,107.954
2021-04-26 02:00:00,107.891,107.901,107.866,107.882,107.891,107.891
2021-04-26 03:00:00,107.882,107.94,107.812,107.879,107.882,107.883
2021-04-26 04:00:00,107.879,107.879,107.747,107.774,107.879,107.881
2021-04-26 05:00:00,107.775,107.779,107.708,107.726,107.775,107.775
2021-04-26 06:00:00,107.729,107.76,107.681,107.716,107.729,107.73
2021-04-26 07:00:00,107.715,107.719,107.649,107.717,107.715,107.717
2021-04-26 08:00:00,107.717,107.814,107.688,107.797,107.717,107.718
2021-04-26 09:00:00,107.796,107.853,107.757,107.836,107.796,107.796
2021-04-26 10:00:00,107.837,107.843,107.692,107.719,107.837,107.838
2021-04-26 11:00:00,107.718,107.77,107.644,107.71,107.718,107.718
2021-04-26 12:00:00,107.71,107.742,107.663,107.734,107.71,107.711
2021-04-26 13:00:00,107.734,107.784,107.71,107.774,107.734,107.735
2021-04-26 14:00:00,107.773,108.04,107.769,108.011,107.773,107.774
2021-04-26 15:00:00,108.01,108.161,107.99,108.073,108.01,108.011
2021-04-26 16:00:00,108.072,108.094,107.97,108.015,108.072,108.073
2021-04-26 17:00:00,108.015,108.102,107.899,108.08,108.015,108.016
2021-04-26 18:00:00,108.079,108.196,108.062,108.126,108.079,108.079
2021-04-26 19:00:00,108.126,108.18,108.117,108.125,108.126,108.127
2021-04-26 20:00:00,108.125,108.154,108.093,108.127,108.125,108.126
2021-04-26 21:00:00,108.126,108.135,108.096,108.116,108.126,108.127
2021-04-26 22:00:00,108.116,108.138,108.103,108.125,108.116,108.117
2021-04-26 23:00:00,108.124,108.138,108.088,108.094,108.124,108.126
2021-04-27 00:00:00,108.069,108.119,108.069,108.083,108.069,108.096
2021-04-27 01:00:00,108.083,108.202,108.083,108.164,108.083,108.104
2021-04-27 02:00:00,108.164,108.209,108.158,108.199,108.164,108.166
2021-04-27 03:00:00,108.199,108.222,108.1,108.131,108.199,108.201
2021-04-27 04:00:00,108.131,108.346,108.129,108.316,108.131,108.131
2021-04-27 05:00:00,108.316,108.386,108.314,108.346,108.316,108.317
2021-04-27 06:00:00,108.346,108.359,108.233,108.27,108.346,108.347
2021-04-27 07:00:00,108.27,108.3,108.215,108.222,108.27,108.271
2021-04-27 08:00:00,108.222,108.264,108.193,108.217,108.222,108.223
2021-04-27 09:00:00,108.217,108.281,108.166,108.275,108.217,108.218
2021-04-27 10:00:00,108.275,108.353,108.218,108.328,108.275,108.275
2021-04-27 11:00:00,108.328,108.397,108.315,108.352,108.328,108.329
2021-04-27 12:00:00,108.352,108.425,108.263,108.291,108.352,108.352
2021-04-27 13:00:00,108.29,108.344,108.251,108.283,108.29,108.291
2021-04-27 14:00:00,108.282,108.32,108.205,108.23,108.282,108.283
2021-04-27 15:00:00,108.23,108.33,108.223,108.278,108.23,108.23
2021-04-27 16:00:00,108.278,108.439,108.252,108.421,108.278,108.279
2021-04-27 17:00:00,108.416,108.527,108.356,108.464,108.416,108.418
2021-04-27 18:00:00,108.464,108.578,108.438,108.569,108.464,108.464
2021-04-27 19:00:00,108.569,108.679,108.563,108.67,108.569,108.57
2021-04-27 20:00:00,108.669,108.704,108.619,108.697,108.669,108.67
2021-04-27 21:00:00,108.697,108.748,108.681,108.746,108.697,108.697
2021-04-27 22:00:00,108.746,108.747,108.7,108.735,108.746,108.747
2021-04-27 23:00:00,108.735,108.774,108.735,108.735,108.735,108.736
2021-04-28 00:00:00,108.633,108.724,108.626,108.698,108.633,108.731
2021-04-28 01:00:00,108.698,108.763,108.69,108.746,108.698,108.713
2021-04-28 02:00:00,108.746,108.777,108.727,108.75,108.746,108.747
2021-04-28 03:00:00,108.75,108.92,108.724,108.914,108.75,108.75
2021-04-28 04:00:00,108.915,108.948,108.859,108.889,108.915,108.916
2021-04-28 05:00:00,108.889,108.902,108.806,108.87,108.889,108.89
2021-04-28 06:00:00,108.869,108.899,108.847,108.862,108.869,108.869
2021-04-28 07:00:00,108.862,108.878,108.83,108.85,108.862,108.863
2021-04-28 08:00:00,108.85,108.894,108.816,108.87,108.85,108.851
2021-04-28 09:00:00,108.87,109.055,108.87,109.055,108.87,108.87
2021-04-28 10:00:00,109.055,109.078,108.959,109.018,109.055,109.055
2021-04-28 11:00:00,109.018,109.024,108.841,108.919,109.018,109.018
2021-04-28 12:00:00,108.921,108.965,108.897,108.907,108.921,108.921
2021-04-28 13:00:00,108.912,108.949,108.901,108.929,108.912,108.913
2021-04-28 14:00:00,108.929,109.002,108.847,108.9,108.929,108.93
2021-04-28 15:00:00,108.9,108.995,108.835,108.96,108.9,108.901
2021-04-28 16:00:00,108.96,108.97,108.892,108.897,108.96,108.961
2021-04-28 17:00:00,108.896,108.948,108.703,108.894,108.896,108.896
2021-04-28 18:00:00,108.894,108.906,108.769,108.808,108.894,108.895
2021-04-28 19:00:00,108.809,108.852,108.801,108.85,108.809,108.809
2021-04-28 20:00:00,108.85,108.923,108.834,108.883,108.85,108.85
2021-04-28 21:00:00,108.878,108.997,108.576,108.684,108.878,108.902
2021-04-28 22:00:00,108.683,108.74,108.583,108.588,108.683,108.683
2021-04-28 23:00:00,108.588,108.63,108.572,108.603,108.588,108.588
2021-04-29 00:00:00,108.59,108.631,108.574,108.591,108.59,108.605
2021-04-29 01:00:00,108.591,108.622,108.523,108.529,108.591,108.617
2021-04-29 02:00:00,108.53,108.573,108.501,108.506,108.53,108.532
2021-04-29 03:00:00,108.506,108.522,108.435,108.453,108.506,108.506
2021-04-29 04:00:00,108.452,108.539,108.44,108.489,108.452,108.452
2021-04-29 05:00:00,108.489,108.608,108.48,108.596,108.489,108.49
2021-04-29 06:00:00,108.596,108.668,108.586,108.629,108.596,108.596
2021-04-29 07:00:00,108.629,108.658,108.577,108.577,108.629,108.63
2021-04-29 08:00:00,108.577,108.638,108.558,108.618,108.577,108.579
2021-04-29 09:00:00,108.619,108.805,108.619,108.775,108.619,108.619
2021-04-29 10:00:00,108.776,108.896,108.757,108.889,108.776,108.776
2021-04-29 11:00:00,108.89,109.001,108.873,108.976,108.89,108.89
2021-04-29 12:00:00,108.977,109.066,108.935,109.018,108.977,108.977
2021-04-29 13:00:00,109.018,109.048,108.942,108.943,109.018,109.019
2021-04-29 14:00:00,108.946,108.994,108.836,108.979,108.946,108.946
2021-04-29 15:00:00,108.978,109.046,108.842,108.91,108.978,108.979
2021-04-29 16:00:00,108.91,109.223,108.892,109.192,108.91,108.911
2021-04-29 17:00:00,109.191,109.22,108.921,108.957,109.191,109.193
2021-04-29 18:00:00,108.957,108.964,108.874,108.952,108.957,108.958
2021-04-29 19:00:00,108.952,108.959,108.803,108.896,108.952,108.953
2021-04-29 20:00:00,108.896,108.917,108.859,108.9,108.896,108.896
2021-04-29 21:00:00,108.9,108.955,108.862,108.867,108.9,108.9
2021-04-29 22:00:00,108.867,108.898,108.863,108.888,108.867,108.868
2021-04-29 23:00:00,108.889,108.93,108.873,108.919,108.889,108.89
2021-04-30 00:00:00,108.923,108.943,108.862,108.915,108.923,108.94
2021-04-30 01:00:00,108.915,108.951,108.901,108.916,108.915,108.942
2021-04-30 02:00:00,108.921,108.921,108.859,108.906,108.921,108.922
2021-04-30 03:00:00,108.906,109.057,108.894,108.929,108.906,108.906
2021-04-30 04:00:00,108.929,108.943,108.774,108.801,108.929,108.932
2021-04-30 05:00:00,108.804,108.807,108.712,108.781,108.804,108.804
2021-04-30 06:00:00,108.781,108.86,108.77,108.83,108.781,108.782
2021-04-30 07:00:00,108.831,108.852,108.789,108.806,108.831,108.831
2021-04-30 08:00:00,108.806,108.91,108.784,108.836,108.806,108.807
2021-04-30 09:00:00,108.836,108.859,108.736,108.79,108.836,108.837
2021-04-30 10:00:00,108.79,108.891,108.772,108.885,108.79,108.79
2021-04-30 11:00:00,108.885,108.934,108.842,108.906,108.885,108.887
2021-04-30 12:00:00,108.906,108.944,108.886,108.922,108.906,108.907
2021-04-30 13:00:00,108.922,108.931,108.824,108.872,108.922,108.923
2021-04-30 14:00:00,108.87,108.958,108.766,108.92,108.87,108.87
2021-04-30 15:00:00,108.919,109.008,108.885,108.977,108.919,108.919
2021-04-30 16:00:00,108.976,109.05,108.872,109.006,108.976,108.976
2021-04-30 17:00:00,109.006,109.326,108.984,109.287,109.006,109.007
2021-04-30 18:00:00,109.286,109.341,109.238,109.334,109.286,109.286
2021-04-30 19:00:00,109.333,109.342,109.266,109.303,109.333,109.334
2021-04-30 20:00:00,109.301,109.325,109.265,109.311,109.301,109.303
2021-04-30 21:00:00,109.311,109.323,109.275,109.305,109.311,109.311
2021-04-30 22:00:00,109.305,109.337,109.283,109.285,109.305,109.305
2021-04-30 23:00:00,109.286,109.34,109.285,109.337,109.286,109.287
2021-05-03 00:00:00,109.259,109.294,109.259,109.274,109.259,109.324
2021-05-03 01:00:00,109.297,109.354,109.287,109.316,109.297,109.313
2021-05-03 02:00:00,109.316,109.325,109.279,109.287,109.316,109.318
2021-05-03 03:00:00,109.286,109.412,109.286,109.345,109.286,109.289
2021-05-03 04:00:00,109.345,109.438,109.32,109.432,109.345,109.346
2021-05-03 05:00:00,109.432,109.512,109.424,109.498,109.432,109.433
2021-05-03 06:00:00,109.497,109.565,109.497,109.546,109.497,109.499
2021-05-03 07:00:00,109.546,109.591,109.545,109.583,109.546,109.546
2021-05-03 08:00:00,109.583,109.662,109.573,109.629,109.583,109.585
2021-05-03 09:00:00,109.63,109.661,109.532,109.538,109.63,109.63
2021-05-03 10:00:00,109.538,109.67,109.513,109.651,109.538,109.539
2021-05-03 11:00:00,109.653,109.698,109.603,109.633,109.653,109.655
2021-05-03 12:00:00,109.633,109.644,109.464,109.51,109.633,109.633
2021-05-03 13:00:00,109.51,109.541,109.402,109.41,109.51,109.511
2021-05-03 14:00:00,109.411,109.488,109.41,109.475,109.411,109.411
2021-05-03 15:00:00,109.475,109.523,109.301,109.377,109.475,109.475
2021-05-03 16:00:00,109.379,109.385,109.124,109.147,109.379,109.379
2021-05-03 17:00:00,109.128,109.128,108.895,108.932,109.128,109.128
2021-05-03 18:00:00,108.934,109.101,108.905,109.088,108.934,108.934
2021-05-03 19:00:00,109.088,109.155,109.072,109.134,109.088,109.088
2021-05-03 20:00:00,109.134,109.134,109.06,109.094,109.134,109.134
2021-05-03 21:00:00,109.093,109.11,109.05,109.102,109.093,109.095
2021-05-03 22:00:00,109.102,109.117,109.079,109.111,109.102,109.103
2021-05-03 23:00:00,109.111,109.121,109.066,109.071,109.111,109.112
2021-05-04 00:00:00,109.034,109.091,109.011,109.054,109.034,109.104
2021-05-04 01:00:00,109.053,109.079,109.029,109.079,109.053,109.08
2021-05-04 02:00:00,109.08,109.111,109.059,109.087,109.08,109.081
2021-05-04 03:00:00,109.088,109.178,109.061,109.103,109.088,109.09
2021-05-04 04:00:00,109.103,109.233,109.096,109.227,109.103,109.105
2021-05-04 05:00:00,109.226,109.265,109.2,109.228,109.226,109.228
2021-05-04 06:00:00,109.228,109.257,109.216,109.257,109.228,109.229
2021-05-04 07:00:00,109.257,109.296,109.256,109.284,109.257,109.258
2021-05-04 08:00:00,109.284,109.354,109.266,109.305,109.284,109.285
2021-05-04 09:00:00,109.305,109.386,109.289,109.376,109.305,109.306
2021-05-04 10:00:00,109.376,109.488,109.364,109.405,109.376,109.377
2021-05-04 11:00:00,109.405,109.428,109.319,109.421,109.405,109.406
2021-05-04 12:00:00,109.421,109.434,109.352,109.417,109.421,109.422
2021-05-04 13:00:00,109.416,109.48,109.379,109.431,109.416,109.417
2021-05-04 14:00:00,109.431,109.463,109.155,109.294,109.431,109.432
2021-05-04 15:00:00,109.297,109.306,109.068,109.094,109.297,109.299
2021-05-04 16:00:00,109.094,109.224,109.043,109.129,109.094,109.096
2021-05-04 17:00:00,109.128,109.307,109.106,109.197,109.128,109.13
2021-05-04 18:00:00,109.197,109.424,109.179,109.349,109.197,109.198
2021-05-04 19:00:00,109.348,109.379,109.253,109.28,109.348,109.35
2021-05-04 20:00:00,109.28,109.301,109.224,109.269,109.28,109.281
2021-05-04 21:00:00,109.269,109.304,109.231,109.304,109.269,109.27
2021-05-04 22:00:00,109.304,109.339,109.285,109.3,109.304,109.305
2021-05-04 23:00:00,109.3,109.312,109.269,109.293,109.3,109.302
2021-05-05 00:00:00,109.316,109.338,109.285,109.292,109.316,109.415
2021-05-05 01:00:00,109.291,109.325,109.277,109.309,109.291,109.321
2021-05-05 02:00:00,109.309,109.338,109.304,109.333,109.309,109.311
2021-05-05 03:00:00,109.333,109.377,109.303,109.331,109.333,109.335
2021-05-05 04:00:00,109.332,109.356,109.327,109.331,109.332,109.333
2021-05-05 05:00:00,109.33,109.342,109.197,109.244,109.33,109.331
2021-05-05 06:00:00,109.245,109.285,109.229,109.278,109.245,109.246
2021-05-05 07:00:00,109.278,109.334,109.273,109.33,109.278,109.28
2021-05-05 08:00:00,109.33,109.393,109.303,109.373,109.33,109.331
2021-05-05 09:00:00,109.372,109.48,109.372,109.429,109.372,109.372
2021-05-05 10:00:00,109.429,109.463,109.338,109.37,109.429,109.429
2021-05-05 11:00:00,109.369,109.392,109.257,109.361,109.369,109.37
2021-05-05 12:00:00,109.362,109.405,109.321,109.35,109.362,109.362
2021-05-05 13:00:00,109.348,109.367,109.275,109.305,109.348,109.348
2021-05-05 14:00:00,109.304,109.357,109.254,109.335,109.304,109.305
2021-05-05 15:00:00,109.335,109.39,109.243,109.323,109.335,109.335
2021-05-05 16:00:00,109.323,109.333,109.144,109.261,109.323,109.324
2021-05-05 17:00:00,109.261,109.322,109.161,109.212,109.261,109.263
2021-05-05 18:00:00,109.212,109.285,109.193,109.272,109.212,109.213
2021-05-05 19:00:00,109.273,109.316,109.265,109.3,109.273,109.274
2021-05-05 20:00:00,109.299,109.32,109.238,109.256,109.299,109.301
2021-05-05 21:00:00,109.256,109.3,109.242,109.249,109.256,109.257
2021-05-05 22:00:00,109.25,109.268,109.18,109.194,109.25,109.251
2021-05-05 23:00:00,109.194,109.215,109.184,109.192,109.194,109.196
2021-05-06 00:00:00,109.188,109.22,109.163,109.193,109.188,109.288
2021-05-06 01:00:00,109.195,109.215,109.172,109.209,109.195,109.213
2021-05-06 02:00:00,109.209,109.27,109.196,109.221,109.209,109.211
2021-05-06 03:00:00,109.221,109.326,109.189,109.303,109.221,109.221
2021-05-06 04:00:00,109.303,109.384,109.294,109.327,109.303,109.305
2021-05-06 05:00:00,109.327,109.429,109.311,109.336,109.327,109.329
2021-05-06 06:00:00,109.336,109.388,109.324,109.373,109.336,109.338
2021-05-06 07:00:00,109.373,109.421,109.362,109.397,109.373,109.374
2021-05-06 08:00:00,109.397,109.399,109.317,109.337,109.397,109.398
2021-05-06 09:00:00,109.336,109.359,109.247,109.26,109.336,109.338
2021-05-06 10:00:00,109.26,109.345,109.253,109.338,109.26,109.261
2021-05-06 11:00:00,109.335,109.366,109.179,109.225,109.335,109.336
2021-05-06 12:00:00,109.225,109.251,109.087,109.131,109.225,109.226
2021-05-06 13:00:00,109.131,109.18,109.063,109.12,109.131,109.131
2021-05-06 14:00:00,109.118,109.184,109.083,109.167,109.118,109.118
2021-05-06 15:00:00,109.167,109.301,109.144,109.301,109.167,109.167
2021-05-06 16:00:00,109.301,109.402,109.184,109.204,109.301,109.302
2021-05-06 17:00:00,109.204,109.204,109.034,109.079,109.204,109.204
2021-05-06 18:00:00,109.079,109.192,109.045,109.175,109.079,109.079
2021-05-06 19:00:00,109.175,109.188,109.069,109.105,109.175,109.175
2021-05-06 20:00:00,109.108,109.124,109.091,109.11,109.108,109.11
2021-05-06 21:00:00,109.11,109.115,109.002,109.039,109.11,109.111
2021-05-06 22:00:00,109.039,109.078,109.033,109.045,109.039,109.04
2021-05-06 23:00:00,109.045,109.091,109.045,109.085,109.045,109.046
2021-05-07 00:00:00,109.091,109.098,109.027,109.062,109.091,109.095
2021-05-07 01:00:00,109.061,109.099,109.055,109.078,109.061,109.092
2021-05-07 02:00:00,109.078,109.079,109.027,109.052,109.078,109.081
2021-05-07 03:00:00,109.052,109.148,108.938,109.121,109.052,109.054
2021-05-07 04:00:00,109.124,109.186,109.096,109.104,109.124,109.124
2021-05-07 05:00:00,109.104,109.188,109.101,109.16,109.104,109.104
2021-05-07 06:00:00,109.16,109.164,109.073,109.107,109.16,109.162
2021-05-07 07:00:00,109.109,109.11,109.047,109.072,109.109,109.11
2021-05-07 08:00:00,109.073,109.117,109.057,109.111,109.073,109.073
2021-05-07 09:00:00,109.112,109.198,109.107,109.17,109.112,109.113
2021-05-07 10:00:00,109.172,109.191,109.078,109.148,109.172,109.172
2021-05-07 11:00:00,109.149,109.195,109.093,109.13,109.149,109.149
2021-05-07 12:00:00,109.13,109.171,109.095,109.127,109.13,109.131
2021-05-07 13:00:00,109.128,109.179,109.092,109.153,109.128,109.128
2021-05-07 14:00:00,109.153,109.208,109.13,109.208,109.153,109.154
2021-05-07 15:00:00,109.208,109.289,108.337,108.581,109.208,109.208
2021-05-07 16:00:00,108.58,108.886,108.488,108.703,108.58,108.582
2021-05-07 17:00:00,108.703,108.746,108.495,108.565,108.703,108.703
2021-05-07 18:00:00,108.568,108.618,108.463,108.522,108.568,108.568
2021-05-07 19:00:00,108.521,108.747,108.521,108.661,108.521,108.522
2021-05-07 20:00:00,108.661,108.71,108.631,108.676,108.661,108.662
2021-05-07 21:00:00,108.676,108.705,108.617,108.618,108.676,108.676
2021-05-07 22:00:00,108.618,108.641,108.584,108.594,108.618,108.619
2021-05-07 23:00:00,108.594,108.622,108.577,108.587,108.594,108.595
2021-05-10 00:00:00,108.57,108.618,108.548,108.604,108.57,108.664
2021-05-10 01:00:00,108.604,108.611,108.467,108.561,108.604,108.627
2021-05-10 02:00:00,108.56,108.58,108.483,108.573,108.56,108.56
2021-05-10 03:00:00,108.573,108.813,108.557,108.744,108.573,108.574
2021-05-10 04:00:00,108.744,108.876,108.715,108.845,108.744,108.746
2021-05-10 05:00:00,108.844,108.916,108.825,108.872,108.844,108.845
2021-05-10 06:00:00,108.872,108.911,108.858,108.887,108.872,108.872
2021-05-10 07:00:00,108.887,108.902,108.84,108.858,108.887,108.889
2021-05-10 08:00:00,108.858,108.867,108.795,108.824,108.858,108.859
2021-05-10 09:00:00,108.824,108.994,108.808,108.971,108.824,108.824
2021-05-10 10:00:00,108.968,109.055,108.916,108.923,108.968,108.968
2021-05-10 11:00:00,108.923,108.971,108.756,108.782,108.923,108.924
2021-05-10 12:00:00,108.782,108.833,108.714,108.755,108.782,108.783
2021-05-10 13:00:00,108.754,108.784,108.681,108.727,108.754,108.754
2021-05-10 14:00:00,108.727,108.848,108.716,108.799,108.727,108.728
2021-05-10 15:00:00,108.799,108.806,108.652,108.692,108.799,108.8
2021-05-10 16:00:00,108.694,108.835,108.658,108.788,108.694,108.694
2021-05-10 17:00:00,108.787,108.804,108.673,108.725,108.787,108.788
2021-05-10 18:00:00,108.73,108.777,108.698,108.705,108.73,108.73
2021-05-10 19:00:00,108.705,108.842,108.705,108.811,108.705,108.706
2021-05-10 20:00:00,108.81,108.871,108.797,108.842,108.81,108.812
2021-05-10 21:00:00,108.843,108.846,108.761,108.81,108.843,108.845
2021-05-10 22:00:00,108.81,108.838,108.76,108.779,108.81,108.811
2021-05-10 23:00:00,108.78,108.847,108.736,108.836,108.78,108.78
2021-05-11 00:00:00,108.773,108.855,108.744,108.841,108.773,108.848
2021-05-11 01:00:00,108.841,108.845,108.78,108.812,108.841,108.857
2021-05-11 02:00:00,108.811,108.855,108.794,108.848,108.811,108.812
2021-05-11 03:00:00,108.848,108.981,108.789,108.95,108.848,108.848
2021-05-11 04:00:00,108.95,108.96,108.882,108.895,108.95,108.95
2021-05-11 05:00:00,108.895,108.919,108.846,108.886,108.895,108.897
2021-05-11 06:00:00,108.886,108.903,108.87,108.887,108.886,108.888
2021-05-11 07:00:00,108.887,108.931,108.808,108.811,108.887,108.888
2021-05-11 08:00:00,108.811,108.883,108.805,108.858,108.811,108.812
2021-05-11 09:00:00,108.857,108.936,108.835,108.928,108.857,108.859
2021-05-11 10:00:00,108.925,108.955,108.851,108.938,108.925,108.927
2021-05-11 11:00:00,108.936,108.978,108.812,108.825,108.936,108.937
2021-05-11 12:00:00,108.825,108.89,108.81,108.842,108.825,108.826
2021-05-11 13:00:00,108.842,108.854,108.666,108.751,108.842,108.843
2021-05-11 14:00:00,108.751,108.767,108.589,108.594,108.751,108.752
2021-05-11 15:00:00,108.594,108.614,108.501,108.57,108.594,108.594
2021-05-11 16:00:00,108.569,108.607,108.349,108.557,108.569,108.571
2021-05-11 17:00:00,108.558,108.669,108.463,108.497,108.558,108.559
2021-05-11 18:00:00,108.497,108.549,108.455,108.531,108.497,108.498
2021-05-11 19:00:00,108.531,108.575,108.512,108.536,108.531,108.531
2021-05-11 20:00:00,108.536,108.643,108.53,108.613,108.536,108.536
2021-05-11 21:00:00,108.614,108.673,108.602,108.645,108.614,108.614
2021-05-11 22:00:00,108.645,108.67,108.606,108.659,108.645,108.646
2021-05-11 23:00:00,108.659,108.686,108.605,108.624,108.659,108.659
2021-05-12 00:00:00,108.605,108.639,108.546,108.606,108.605,108.636
2021-05-12 01:00:00,108.604,108.658,108.604,108.647,108.604,108.626
2021-05-12 02:00:00,108.648,108.73,108.644,108.716,108.648,108.65
2021-05-12 03:00:00,108.714,108.791,108.675,108.775,108.714,108.715
2021-05-12 04:00:00,108.775,108.864,108.76,108.841,108.775,108.776
2021-05-12 05:00:00,108.843,108.9,108.817,108.896,108.843,108.845
2021-05-12 06:00:00,108.896,108.906,108.819,108.85,108.896,108.896
2021-05-12 07:00:00,108.85,108.892,108.834,108.857,108.85,108.851
2021-05-12 08:00:00,108.857,108.866,108.822,108.853,108.857,108.858
2021-05-12 09:00:00,108.854,108.883,108.759,108.782,108.854,108.854
2021-05-12 10:00:00,108.783,108.809,108.724,108.797,108.783,108.783
2021-05-12 11:00:00,108.798,108.833,108.732,108.752,108.798,108.799
2021-05-12 12:00:00,108.752,108.782,108.727,108.751,108.752,108.752
2021-05-12 13:00:00,108.751,108.782,108.674,108.678,108.751,108.751
2021-05-12 14:00:00,108.678,108.766,108.662,108.754,108.678,108.679
2021-05-12 15:00:00,108.752,109.211,108.713,108.998,108.752,108.753
2021-05-12 16:00:00,108.998,109.291,108.898,109.235,108.998,109.001
2021-05-12 17:00:00,109.235,109.412,109.232,109.369,109.235,109.235
2021-05-12 18:00:00,109.37,109.544,109.367,109.525,109.37,109.37
2021-05-12 19:00:00,109.526,109.64,109.51,109.63,109.526,109.526
2021-05-12 20:00:00,109.63,109.63,109.508,109.581,109.63,109.63
2021-05-12 21:00:00,109.58,109.617,109.543,109.598,109.58,109.58
2021-05-12 22:00:00,109.598,109.62,109.536,109.586,109.598,109.598
2021-05-12 23:00:00,109.586,109.706,109.58,109.702,109.586,109.587
2021-05-13 00:00:00,109.614,109.671,109.584,109.656,109.614,109.705
2021-05-13 01:00:00,109.658,109.706,109.633,109.664,109.658,109.686
2021-05-13 02:00:00,109.664,109.691,109.65,109.662,109.664,109.665
2021-05-13 03:00:00,109.665,109.785,109.542,109.608,109.665,109.667
2021-05-13 04:00:00,109.608,109.623,109.483,109.508,109.608,109.61
2021-05-13 05:00:00,109.508,109.637,109.494,109.624,109.508,109.509
2021-05-13 06:00:00,109.624,109.731,109.613,109.714,109.624,109.626
2021-05-13 07:00:00,109.714,109.751,109.666,109.692,109.714,109.716
2021-05-13 08:00:00,109.692,109.725,109.645,109.708,109.692,109.692
2021-05-13 09:00:00,109.708,109.751,109.545,109.57,109.708,109.708
2021-05-13 10:00:00,109.57,109.696,109.48,109.666,109.57,109.571
2021-05-13 11:00:00,109.669,109.672,109.495,109.569,109.669,109.67
2021-05-13 12:00:00,109.57,109.606,109.511,109.598,109.57,109.571
2021-05-13 13:00:00,109.598,109.676,109.576,109.65,109.598,109.599
2021-05-13 14:00:00,109.65,109.65,109.536,109.617,109.65,109.651
2021-05-13 15:00:00,109.61,109.692,109.487,109.58,109.61,109.611
2021-05-13 16:00:00,109.579,109.654,109.5,109.53,109.579,109.581
2021-05-13 17:00:00,109.53,109.619,109.52,109.578,109.53,109.531
2021-05-13 18:00:00,109.578,109.635,109.557,109.572,109.578,109.578
2021-05-13 19:00:00,109.572,109.583,109.452,109.465,109.572,109.572
2021-05-13 20:00:00,109.465,109.53,109.441,109.52,109.465,109.465
2021-05-13 21:00:00,109.52,109.531,109.412,109.456,109.52,109.522
2021-05-13 22:00:00,109.453,109.487,109.405,109.416,109.453,109.454
2021-05-13 23:00:00,109.416,109.461,109.414,109.457,109.416,109.417
2021-05-14 00:00:00,109.442,109.46,109.414,109.456,109.442,109.53
2021-05-14 01:00:00,109.447,109.492,109.445,109.485,109.447,109.467
2021-05-14 02:00:00,109.486,109.526,109.46,109.517,109.486,109.486
2021-05-14 03:00:00,109.517,109.64,109.51,109.584,109.517,109.518
2021-05-14 04:00:00,109.584,109.656,109.578,109.615,109.584,109.584
2021-05-14 05:00:00,109.615,109.623,109.584,109.606,109.615,109.617
2021-05-14 06:00:00,109.605,109.612,109.556,109.565,109.605,109.606
2021-05-14 07:00:00,109.565,109.565,109.508,109.531,109.565,109.565
2021-05-14 08:00:00,109.531,109.541,109.5,109.501,109.531,109.531
2021-05-14 09:00:00,109.501,109.511,109.345,109.387,109.501,109.501
2021-05-14 10:00:00,109.387,109.44,109.338,109.384,109.387,109.388
2021-05-14 11:00:00,109.384,109.402,109.257,109.28,109.384,109.386
2021-05-14 12:00:00,109.28,109.364,109.247,109.351,109.28,109.28
2021-05-14 13:00:00,109.351,109.405,109.35,109.359,109.351,109.352
2021-05-14 14:00:00,109.359,109.387,109.275,109.321,109.359,109.36
2021-05-14 15:00:00,109.32,109.416,109.188,109.326,109.32,109.321
2021-05-14 16:00:00,109.326,109.401,109.259,109.283,109.326,109.326
2021-05-14 17:00:00,109.282,109.45,109.282,109.422,109.282,109.283
2021-05-14 18:00:00,109.424,109.449,109.346,109.373,109.424,109.424
2021-05-14 19:00:00,109.373,109.426,109.354,109.409,109.373,109.373
2021-05-14 20:00:00,109.41,109.441,109.41,109.427,109.41,109.411
2021-05-14 21:00:00,109.428,109.43,109.346,109.347,109.428,109.43
2021-05-14 22:00:00,109.348,109.378,109.337,109.339,109.348,109.349
2021-05-14 23:00:00,109.34,109.38,109.338,109.353,109.34,109.341
2021-05-17 00:00:00,109.286,109.301,109.198,109.24,109.286,109.386
2021-05-17 01:00:00,109.24,109.408,109.235,109.407,109.24,109.308
2021-05-17 02:00:00,109.405,109.423,109.366,109.419,109.405,109.408
2021-05-17 03:00:00,109.419,109.502,109.404,109.433,109.419,109.421
2021-05-17 04:00:00,109.433,109.446,109.322,109.344,109.433,109.434
2021-05-17 05:00:00,109.344,109.379,109.319,109.336,109.344,109.345
2021-05-17 06:00:00,109.336,109.352,109.269,109.344,109.336,109.338
2021-05-17 07:00:00,109.343,109.401,109.331,109.39,109.343,109.345
2021-05-17 08:00:00,109.39,109.397,109.312,109.337,109.39,109.391
2021-05-17 09:00:00,109.337,109.339,109.171,109.2,109.337,109.337
2021-05-17 10:00:00,109.2,109.26,109.148,109.249,109.2,109.201
2021-05-17 11:00:00,109.249,109.326,109.197,109.208,109.249,109.251
2021-05-17 12:00:00,109.209,109.247,109.169,109.201,109.209,109.209
2021-05-17 13:00:00,109.201,109.203,109.075,109.132,109.201,109.201
2021-05-17 14:00:00,109.132,109.21,109.088,109.205,109.132,109.132
2021-05-17 15:00:00,109.205,109.29,109.157,109.264,109.205,109.206
2021-05-17 16:00:00,109.268,109.282,109.128,109.178,109.268,109.268
2021-05-17 17:00:00,109.178,109.254,109.164,109.188,109.178,109.179
2021-05-17 18:00:00,109.188,109.218,109.163,109.174,109.188,109.189
2021-05-17 19:00:00,109.174,109.182,109.118,109.118,109.174,109.175
2021-05-17 20:00:00,109.118,109.133,109.099,109.127,109.118,109.118
2021-05-17 21:00:00,109.126,109.178,109.123,109.172,109.126,109.126
2021-05-17 22:00:00,109.172,109.212,109.162,109.171,109.172,109.173
2021-05-17 23:00:00,109.171,109.248,109.165,109.24,109.171,109.171
2021-05-18 00:00:00,109.17,109.23,109.145,109.201,109.17,109.247
2021-05-18 01:00:00,109.201,109.209,109.179,109.196,109.201,109.222
2021-05-18 02:00:00,109.196,109.242,109.168,109.241,109.196,109.198
2021-05-18 03:00:00,109.241,109.283,109.184,109.213,109.241,109.242
2021-05-18 04:00:00,109.213,109.247,109.116,109.169,109.213,109.213
2021-05-18 05:00:00,109.169,109.207,109.106,109.197,109.169,109.171
2021-05-18 06:00:00,109.197,109.219,109.172,109.183,109.197,109.198
2021-05-18 07:00:00,109.183,109.233,109.156,109.204,109.183,109.184
2021-05-18 08:00:00,109.205,109.21,109.128,109.144,109.205,109.206
2021-05-18 09:00:00,109.144,109.154,109.037,109.067,109.144,109.145
2021-05-18 10:00:00,109.067,109.082,108.944,108.966,109.067,109.068
2021-05-18 11:00:00,108.966,108.974,108.851,108.858,108.966,108.966
2021-05-18 12:00:00,108.858,108.949,108.857,108.921,108.858,108.86
2021-05-18 13:00:00,108.92,109.007,108.919,109.005,108.92,108.92
2021-05-18 14:00:00,109.005,109.069,108.941,108.947,109.005,109.007
2021-05-18 15:00:00,108.946,108.946,108.835,108.93,108.946,108.947
2021-05-18 16:00:00,108.93,108.968,108.874,108.954,108.93,108.931
2021-05-18 17:00:00,108.954,108.959,108.841,108.893,108.954,108.954
2021-05-18 18:00:00,108.889,109.021,108.886,109.015,108.889,108.889
2021-05-18 19:00:00,109.015,109.015,108.94,108.94,109.015,109.016
2021-05-18 20:00:00,108.94,108.949,108.886,108.905,108.94,108.941
2021-05-18 21:00:00,108.906,108.906,108.861,108.867,108.906,108.906
2021-05-18 22:00:00,108.868,108.922,108.858,108.902,108.868,108.868
2021-05-18 23:00:00,108.902,108.935,108.889,108.889,108.902,108.903
2021-05-19 00:00:00,108.879,108.899,108.867,108.887,108.879,108.927
2021-05-19 01:00:00,108.887,108.922,108.877,108.891,108.887,108.914
2021-05-19 02:00:00,108.892,108.932,108.831,108.868,108.892,108.893
2021-05-19 03:00:00,108.868,109.017,108.861,109.004,108.868,108.869
2021-05-19 04:00:00,109.004,109.074,108.997,109.05,109.004,109.005
2021-05-19 05:00:00,109.051,109.052,108.949,108.953,109.051,109.052
2021-05-19 06:00:00,108.953,108.982,108.923,108.93,108.953,108.954
2021-05-19 07:00:00,108.93,108.975,108.903,108.963,108.93,108.931
2021-05-19 08:00:00,108.963,108.971,108.908,108.945,108.963,108.964
2021-05-19 09:00:00,108.945,109.01,108.92,108.966,108.945,108.946
2021-05-19 10:00:00,108.963,109.12,108.934,109.084,108.963,108.964
2021-05-19 11:00:00,109.08,109.099,109.034,109.054,109.08,109.08
2021-05-19 12:00:00,109.054,109.173,109.054,109.162,109.054,109.055
2021-05-19 13:00:00,109.164,109.25,109.143,109.248,109.164,109.164
2021-05-19 14:00:00,109.248,109.337,109.174,109.183,109.248,109.248
2021-05-19 15:00:00,109.183,109.212,109.014,109.026,109.183,109.185
2021-05-19 16:00:00,109.026,109.033,108.734,108.771,109.026,109.027
2021-05-19 17:00:00,108.771,108.807,108.584,108.599,108.771,108.772
2021-05-19 18:00:00,108.601,108.769,108.572,108.761,108.601,108.601
2021-05-19 19:00:00,108.761,108.818,108.736,108.814,108.761,108.762
2021-05-19 20:00:00,108.814,108.954,108.804,108.918,108.814,108.816
2021-05-19 21:00:00,108.918,109.298,108.918,109.21,108.918,108.923
2021-05-19 22:00:00,109.209,109.28,109.194,109.208,109.209,109.21
2021-05-19 23:00:00,109.209,109.237,109.184,109.22,109.209,109.21
2021-05-20 00:00:00,109.196,109.212,109.168,109.182,109.196,109.276
2021-05-20 01:00:00,109.177,109.216,109.176,109.214,109.177,109.209
2021-05-20 02:00:00,109.213,109.309,109.211,109.264,109.213,109.214
2021-05-20 03:00:00,109.264,109.296,109.169,109.199,109.264,109.264
2021-05-20 04:00:00,109.198,109.205,109.093,109.116,109.198,109.2
2021-05-20 05:00:00,109.115,109.182,109.108,109.149,109.115,109.117
2021-05-20 06:00:00,109.147,109.156,109.115,109.136,109.147,109.149
2021-05-20 07:00:00,109.136,109.171,109.118,109.161,109.136,109.138
2021-05-20 08:00:00,109.161,109.166,109.129,109.145,109.161,109.163
2021-05-20 09:00:00,109.147,109.154,109.046,109.106,109.147,109.147
2021-05-20 10:00:00,109.104,109.104,108.962,108.981,109.104,109.104
2021-05-20 11:00:00,108.981,108.997,108.874,108.917,108.981,108.982
2021-05-20 12:00:00,108.92,109.006,108.917,108.964,108.92,108.921
2021-05-20 13:00:00,108.964,109.028,108.937,109.005,108.964,108.964
2021-05-20 14:00:00,109.005,109.017,108.895,108.917,109.005,109.006
2021-05-20 15:00:00,108.917,109.026,108.891,108.986,108.917,108.917
2021-05-20 16:00:00,108.986,108.986,108.79,108.837,108.986,108.986
2021-05-20 17:00:00,108.836,108.864,108.754,108.856,108.836,108.838
2021-05-20 18:00:00,108.857,108.864,108.751,108.793,108.857,108.857
2021-05-20 19:00:00,108.793,108.824,108.765,108.791,108.793,108.794
2021-05-20 20:00:00,108.791,108.838,108.768,108.811,108.791,108.791
2021-05-20 21:00:00,108.81,108.825,108.784,108.804,108.81,108.811
2021-05-20 22:00:00,108.804,108.812,108.778,108.78,108.804,108.805
2021-05-20 23:00:00,108.783,108.799,108.771,108.791,108.783,108.783
2021-05-21 00:00:00,108.753,108.774,108.729,108.769,108.753,108.804
2021-05-21 01:00:00,108.769,108.85,108.769,108.85,108.769,108.792
2021-05-21 02:00:00,108.85,108.87,108.804,108.862,108.85,108.851
2021-05-21 03:00:00,108.863,108.898,108.792,108.831,108.863,108.864
2021-05-21 04:00:00,108.831,108.855,108.806,108.85,108.831,108.832
2021-05-21 05:00:00,108.85,108.874,108.833,108.859,108.85,108.851
2021-05-21 06:00:00,108.858,108.868,108.852,108.862,108.858,108.86
2021-05-21 07:00:00,108.862,108.866,108.737,108.775,108.862,108.862
2021-05-21 08:00:00,108.775,108.784,108.708,108.744,108.775,108.777
2021-05-21 09:00:00,108.744,108.801,108.679,108.768,108.744,108.744
2021-05-21 10:00:00,108.768,108.821,108.68,108.697,108.768,108.768
2021-05-21 11:00:00,108.697,108.7,108.627,108.636,108.697,108.698
2021-05-21 12:00:00,108.636,108.71,108.613,108.7,108.636,108.636
2021-05-21 13:00:00,108.7,108.728,108.645,108.683,108.7,108.7
2021-05-21 14:00:00,108.682,108.834,108.656,108.828,108.682,108.683
2021-05-21 15:00:00,108.827,108.834,108.696,108.714,108.827,108.827
2021-05-21 16:00:00,108.712,108.939,108.679,108.879,108.712,108.713
2021-05-21 17:00:00,108.879,108.987,108.84,108.959,108.879,108.879
2021-05-21 18:00:00,108.958,108.964,108.91,108.938,108.958,108.959
2021-05-21 19:00:00,108.938,109.003,108.914,108.993,108.938,108.939
2021-05-21 20:00:00,108.993,109.005,108.951,108.963,108.993,108.994
2021-05-21 21:00:00,108.963,108.963,108.913,108.92,108.963,108.963
2021-05-21 22:00:00,108.92,108.931,108.878,108.904,108.92,108.921
2021-05-21 23:00:00,108.906,108.967,108.882,108.966,108.906,108.907
2021-05-24 00:00:00,108.893,108.914,108.868,108.901,108.893,108.961
2021-05-24 01:00:00,108.915,108.994,108.913,108.945,108.915,108.934
2021-05-24 02:00:00,108.945,108.947,108.901,108.916,108.945,108.947
2021-05-24 03:00:00,108.915,108.984,108.882,108.983,108.915,108.918
2021-05-24 04:00:00,108.983,108.991,108.918,108.922,108.983,108.984
2021-05-24 05:00:00,108.922,108.943,108.874,108.874,108.922,108.922
2021-05-24 06:00:00,108.874,108.887,108.843,108.86,108.874,108.875
2021-05-24 07:00:00,108.86,108.862,108.815,108.843,108.86,108.861
2021-05-24 08:00:00,108.843,108.843,108.768,108.791,108.843,108.845
2021-05-24 09:00:00,108.791,108.791,108.719,108.733,108.791,108.792
2021-05-24 10:00:00,108.733,108.781,108.696,108.759,108.733,108.734
2021-05-24 11:00:00,108.758,108.982,108.74,108.914,108.758,108.759
2021-05-24 12:00:00,108.914,108.964,108.865,108.881,108.914,108.914
2021-05-24 13:00:00,108.881,108.923,108.848,108.9,108.881,108.881
2021-05-24 14:00:00,108.898,108.981,108.892,108.928,108.898,108.898
2021-05-24 15:00:00,108.928,108.94,108.857,108.901,108.928,108.929
2021-05-24 16:00:00,108.901,108.939,108.749,108.782,108.901,108.902
2021-05-24 17:00:00,108.782,108.799,108.704,108.738,108.782,108.782
2021-05-24 18:00:00,108.738,108.813,108.712,108.811,108.738,108.738
2021-05-24 19:00:00,108.811,108.83,108.783,108.791,108.811,108.811
2021-05-24 20:00:00,108.79,108.818,108.767,108.769,108.79,108.791
2021-05-24 21:00:00,108.769,108.792,108.764,108.783,108.769,108.769
2021-05-24 22:00:00,108.785,108.786,108.766,108.775,108.785,108.785
2021-05-24 23:00:00,108.775,108.78,108.751,108.766,108.775,108.776
2021-05-25 00:00:00,108.726,108.755,108.704,108.75,108.726,108.766
2021-05-25 01:00:00,108.753,108.811,108.748,108.809,108.753,108.769
2021-05-25 02:00:00,108.809,108.863,108.802,108.851,108.809,108.811
2021-05-25 03:00:00,108.851,108.851,108.738,108.787,108.851,108.852
2021-05-25 04:00:00,108.787,108.787,108.682,108.75,108.787,108.79
2021-05-25 05:00:00,108.75,108.767,108.697,108.724,108.75,108.751
2021-05-25 06:00:00,108.724,108.729,108.703,108.707,108.724,108.724
2021-05-25 07:00:00,108.707,108.761,108.688,108.714,108.707,108.708
2021-05-25 08:00:00,108.714,108.787,108.714,108.748,108.714,108.715
2021-05-25 09:00:00,108.748,108.774,108.623,108.67,108.748,108.749
2021-05-25 10:00:00,108.67,108.728,108.559,108.725,108.67,108.67
2021-05-25 11:00:00,108.725,108.842,108.713,108.737,108.725,108.726
2021-05-25 12:00:00,108.737,108.842,108.723,108.807,108.737,108.737
2021-05-25 13:00:00,108.807,108.954,108.802,108.925,108.807,108.807
2021-05-25 14:00:00,108.925,108.968,108.863,108.868,108.925,108.926
2021-05-25 15:00:00,108.87,109.051,108.837,108.981,108.87,108.871
2021-05-25 16:00:00,108.981,109.067,108.917,108.918,108.981,108.981
2021-05-25 17:00:00,108.918,108.997,108.864,108.924,108.918,108.92
2021-05-25 18:00:00,108.924,108.997,108.887,108.958,108.924,108.924
2021-05-25 19:00:00,108.958,109.015,108.884,108.887,108.958,108.958
2021-05-25 20:00:00,108.887,108.894,108.765,108.777,108.887,108.887
2021-05-25 21:00:00,108.776,108.778,108.707,108.708,108.776,108.776
2021-05-25 22:00:00,108.709,108.747,108.698,108.739,108.709,108.709
2021-05-25 23:00:00,108.74,108.777,108.73,108.776,108.74,108.74
2021-05-26 00:00:00,108.756,108.777,108.744,108.756,108.756,108.809
2021-05-26 01:00:00,108.755,108.817,108.755,108.785,108.755,108.78
2021-05-26 02:00:00,108.785,108.815,108.767,108.791,108.785,108.786
2021-05-26 03:00:00,108.795,108.827,108.735,108.766,108.795,108.797
2021-05-26 04:00:00,108.766,108.778,108.724,108.768,108.766,108.767
2021-05-26 05:00:00,108.767,108.768,108.724,108.766,108.767,108.768
2021-05-26 06:00:00,108.766,108.812,108.763,108.804,108.766,108.767
2021-05-26 07:00:00,108.803,108.819,108.754,108.776,108.803,108.803
2021-05-26 08:00:00,108.776,108.811,108.758,108.796,108.776,108.778
2021-05-26 09:00:00,108.797,108.887,108.786,108.87,108.797,108.797
2021-05-26 10:00:00,108.87,108.901,108.826,108.833,108.87,108.87
2021-05-26 11:00:00,108.833,108.893,108.797,108.861,108.833,108.833
2021-05-26 12:00:00,108.863,108.935,108.858,108.892,108.863,108.863
2021-05-26 13:00:00,108.892,108.909,108.856,108.859,108.892,108.892
2021-05-26 14:00:00,108.858,108.916,108.851,108.905,108.858,108.86
2021-05-26 15:00:00,108.905,108.926,108.862,108.914,108.905,108.905
2021-05-26 16:00:00,108.914,109.056,108.914,108.948,108.914,108.915
2021-05-26 17:00:00,108.948,109.044,108.869,109.043,108.948,108.948
2021-05-26 18:00:00,109.044,109.144,108.999,109.104,109.044,109.044
2021-05-26 19:00:00,109.104,109.119,109.061,109.089,109.104,109.105
2021-05-26 20:00:00,109.089,109.179,109.073,109.15,109.089,109.09
2021-05-26 21:00:00,109.15,109.174,109.122,109.124,109.15,109.15
2021-05-26 22:00:00,109.124,109.164,109.11,109.143,109.124,109.126
2021-05-26 23:00:00,109.144,109.152,109.125,109.144,109.144,109.146
2021-05-27 00:00:00,109.151,109.151,109.091,109.119,109.151,109.162
2021-05-27 01:00:00,109.119,109.142,109.114,109.122,109.119,109.144
2021-05-27 02:00:00,109.122,109.175,109.122,109.17,109.122,109.123
2021-05-27 03:00:00,109.17,109.206,109.131,109.16,109.17,109.171
2021-05-27 04:00:00,109.16,109.206,109.132,109.134,109.16,109.161
2021-05-27 05:00:00,109.133,109.143,109.048,109.073,109.133,109.135
2021-05-27 06:00:00,109.073,109.108,109.04,109.058,109.073,109.075
2021-05-27 07:00:00,109.058,109.105,109.042,109.094,109.058,109.058
2021-05-27 08:00:00,109.096,109.142,109.072,109.077,109.096,109.096
2021-05-27 09:00:00,109.076,109.156,109.037,109.124,109.076,109.076
2021-05-27 10:00:00,109.125,109.137,109.075,109.097,109.125,109.125
2021-05-27 11:00:00,109.096,109.194,109.053,109.177,109.096,109.098
2021-05-27 12:00:00,109.177,109.203,109.154,109.2,109.177,109.177
2021-05-27 13:00:00,109.201,109.202,109.13,109.147,109.201,109.201
2021-05-27 14:00:00,109.147,109.255,109.082,109.229,109.147,109.148
2021-05-27 15:00:00,109.23,109.4,109.218,109.355,109.23,109.231
2021-05-27 16:00:00,109.355,109.546,109.344,109.47,109.355,109.355
2021-05-27 17:00:00,109.47,109.748,109.453,109.716,109.47,109.47
2021-05-27 18:00:00,109.716,109.852,109.67,109.819,109.716,109.718
2021-05-27 19:00:00,109.817,109.924,109.81,109.878,109.817,109.817
2021-05-27 20:00:00,109.876,109.883,109.828,109.847,109.876,109.877
2021-05-27 21:00:00,109.846,109.859,109.757,109.788,109.846,109.847
2021-05-27 22:00:00,109.788,109.798,109.763,109.782,109.788,109.789
2021-05-27 23:00:00,109.782,109.843,109.782,109.84,109.782,109.782
2021-05-28 00:00:00,109.747,109.836,109.743,109.836,109.747,109.847
2021-05-28 01:00:00,109.837,109.864,109.808,109.857,109.837,109.85
2021-05-28 02:00:00,109.855,109.86,109.809,109.809,109.855,109.856
2021-05-28 03:00:00,109.809,109.957,109.809,109.925,109.809,109.81
2021-05-28 04:00:00,109.925,109.949,109.886,109.898,109.925,109.926
2021-05-28 05:00:00,109.896,109.925,109.857,109.866,109.896,109.897
2021-05-28 06:00:00,109.866,109.94,109.866,109.907,109.866,109.866
2021-05-28 07:00:00,109.907,109.921,109.817,109.851,109.907,109.908
2021-05-28 08:00:00,109.851,109.929,109.847,109.903,109.851,109.853
2021-05-28 09:00:00,109.904,109.942,109.854,109.893,109.904,109.904
2021-05-28 10:00:00,109.893,109.954,109.865,109.891,109.893,109.893
2021-05-28 11:00:00,109.891,109.895,109.796,109.848,109.891,109.892
2021-05-28 12:00:00,109.847,109.903,109.819,109.892,109.847,109.848
2021-05-28 13:00:00,109.892,109.926,109.852,109.925,109.892,109.893
2021-05-28 14:00:00,109.924,110.087,109.917,110.045,109.924,109.924
2021-05-28 15:00:00,110.045,110.199,109.966,110.196,110.045,110.047
2021-05-28 16:00:00,110.194,110.199,109.974,110.018,110.194,110.194
2021-05-28 17:00:00,110.018,110.043,109.911,109.975,110.018,110.019
2021-05-28 18:00:00,109.974,109.98,109.812,109.848,109.974,109.976
2021-05-28 19:00:00,109.848,109.848,109.764,109.777,109.848,109.848
2021-05-28 20:00:00,109.777,109.8,109.745,109.79,109.777,109.778
2021-05-28 21:00:00,109.786,109.833,109.775,109.807,109.786,109.786
2021-05-28 22:00:00,109.807,109.846,109.78,109.845,109.807,109.808
2021-05-28 23:00:00,109.845,109.878,109.83,109.855,109.845,109.845
2021-05-31 00:00:00,109.792,109.831,109.719,109.831,109.792,109.892
2021-05-31 01:00:00,109.821,109.872,109.821,109.869,109.821,109.846
2021-05-31 02:00:00,109.868,109.934,109.858,109.91,109.868,109.869
2021-05-31 03:00:00,109.91,109.936,109.74,109.767,109.91,109.91
2021-05-31 04:00:00,109.768,109.821,109.651,109.714,109.768,109.768
2021-05-31 05:00:00,109.713,109.724,109.636,109.651,109.713,109.715
2021-05-31 06:00:00,109.651,109.693,109.643,109.69,109.651,109.653
2021-05-31 07:00:00,109.69,109.692,109.642,109.667,109.69,109.69
2021-05-31 08:00:00,109.667,109.753,109.647,109.742,109.667,109.667
2021-05-31 09:00:00,109.741,109.796,109.725,109.758,109.741,109.741
2021-05-31 10:00:00,109.758,109.762,109.663,109.715,109.758,109.758
2021-05-31 11:00:00,109.715,109.748,109.642,109.658,109.715,109.715
2021-05-31 12:00:00,109.658,109.716,109.653,109.711,109.658,109.659
2021-05-31 13:00:00,109.712,109.729,109.667,109.677,109.712,109.712
2021-05-31 14:00:00,109.677,109.692,109.648,109.665,109.677,109.677
2021-05-31 15:00:00,109.663,109.683,109.647,109.655,109.663,109.663
2021-05-31 16:00:00,109.654,109.655,109.592,109.633,109.654,109.656
2021-05-31 17:00:00,109.634,109.641,109.365,109.395,109.634,109.635
2021-05-31 18:00:00,109.394,109.49,109.355,109.48,109.394,109.394
2021-05-31 19:00:00,109.48,109.515,109.465,109.48,109.48,109.48
2021-05-31 20:00:00,109.48,109.514,109.466,109.484,109.48,109.483
2021-05-31 21:00:00,109.484,109.498,109.464,109.489,109.484,109.489
2021-05-31 22:00:00,109.489,109.554,109.484,109.552,109.489,109.506
2021-05-31 23:00:00,109.552,109.594,109.515,109.555,109.552,109.557
2021-06-01 00:00:00,109.551,109.593,109.539,109.57,109.551,109.622
2021-06-01 01:00:00,109.575,109.58,109.517,109.529,109.575,109.592
2021-06-01 02:00:00,109.529,109.535,109.488,109.493,109.529,109.531
2021-06-01 03:00:00,109.495,109.544,109.383,109.41,109.495,109.496
2021-06-01 04:00:00,109.41,109.428,109.331,109.405,109.41,109.411
2021-06-01 05:00:00,109.406,109.443,109.377,109.392,109.406,109.406
2021-06-01 06:00:00,109.392,109.466,109.391,109.445,109.392,109.392
2021-06-01 07:00:00,109.448,109.516,109.442,109.514,109.448,109.448
2021-06-01 08:00:00,109.514,109.534,109.467,109.471,109.514,109.514
2021-06-01 09:00:00,109.474,109.496,109.418,109.476,109.474,109.474
2021-06-01 10:00:00,109.476,109.54,109.428,109.487,109.476,109.477
2021-06-01 11:00:00,109.487,109.643,109.487,109.578,109.487,109.487
2021-06-01 12:00:00,109.577,109.616,109.557,109.602,109.577,109.578
2021-06-01 13:00:00,109.602,109.679,109.559,109.587,109.602,109.602
2021-06-01 14:00:00,109.587,109.656,109.581,109.631,109.587,109.587
2021-06-01 15:00:00,109.631,109.709,109.618,109.643,109.631,109.631
2021-06-01 16:00:00,109.643,109.669,109.492,109.545,109.643,109.643
2021-06-01 17:00:00,109.546,109.58,109.34,109.394,109.546,109.548
2021-06-01 18:00:00,109.395,109.435,109.367,109.433,109.395,109.395
2021-06-01 19:00:00,109.433,109.476,109.413,109.436,109.433,109.434
2021-06-01 20:00:00,109.436,109.457,109.402,109.408,109.436,109.437
2021-06-01 21:00:00,109.408,109.426,109.389,109.423,109.408,109.408
2021-06-01 22:00:00,109.423,109.486,109.415,109.474,109.423,109.424
2021-06-01 23:00:00,109.475,109.502,109.468,109.491,109.475,109.476
2021-06-02 00:00:00,109.463,109.49,109.42,109.463,109.463,109.502
2021-06-02 01:00:00,109.463,109.491,109.463,109.472,109.463,109.483
2021-06-02 02:00:00,109.472,109.509,109.455,109.496,109.472,109.472
2021-06-02 03:00:00,109.496,109.643,109.482,109.626,109.496,109.497
2021-06-02 04:00:00,109.626,109.658,109.571,109.604,109.626,109.626
2021-06-02 05:00:00,109.604,109.627,109.588,109.607,109.604,109.604
2021-06-02 06:00:00,109.607,109.644,109.584,109.621,109.607,109.607
2021-06-02 07:00:00,109.62,109.7,109.603,109.692,109.62,109.621
2021-06-02 08:00:00,109.692,109.728,109.668,109.715,109.692,109.692
2021-06-02 09:00:00,109.715,109.776,109.708,109.736,109.715,109.716
2021-06-02 10:00:00,109.731,109.786,109.684,109.773,109.731,109.733
2021-06-02 11:00:00,109.772,109.886,109.749,109.855,109.772,109.773
2021-06-02 12:00:00,109.855,109.875,109.776,109.777,109.855,109.855
2021-06-02 13:00:00,109.777,109.862,109.765,109.853,109.777,109.777
2021-06-02 14:00:00,109.853,109.885,109.787,109.796,109.853,109.853
2021-06-02 15:00:00,109.795,109.795,109.686,109.73,109.795,109.797
2021-06-02 16:00:00,109.73,109.76,109.624,109.662,109.73,109.73
2021-06-02 17:00:00,109.663,109.698,109.616,109.624,109.663,109.663
2021-06-02 18:00:00,109.623,109.641,109.566,109.602,109.623,109.623
2021-06-02 19:00:00,109.602,109.631,109.578,109.625,109.602,109.603
2021-06-02 20:00:00,109.625,109.638,109.564,109.566,109.625,109.626
2021-06-02 21:00:00,109.566,109.574,109.529,109.569,109.566,109.567
2021-06-02 22:00:00,109.57,109.586,109.533,109.551,109.57,109.57
2021-06-02 23:00:00,109.551,109.582,109.545,109.573,109.551,109.551
2021-06-03 00:00:00,109.515,109.556,109.515,109.549,109.515,109.596
2021-06-03 01:00:00,109.549,109.608,109.542,109.588,109.549,109.568
2021-06-03 02:00:00,109.588,109.614,109.577,109.597,109.588,109.589
2021-06-03 03:00:00,109.597,109.65,109.569,109.612,109.597,109.597
2021-06-03 04:00:00,109.611,109.692,109.604,109.652,109.611,109.613
2021-06-03 05:00:00,109.652,109.692,109.637,109.681,109.652,109.653
2021-06-03 06:00:00,109.681,109.695,109.658,109.678,109.681,109.682
2021-06-03 07:00:00,109.679,109.726,109.676,109.716,109.679,109.68
2021-06-03 08:00:00,109.716,109.775,109.716,109.768,109.716,109.718
2021-06-03 09:00:00,109.769,109.818,109.755,109.787,109.769,109.769
2021-06-03 10:00:00,109.787,109.841,109.739,109.835,109.787,109.787
2021-06-03 11:00:00,109.835,109.846,109.742,109.793,109.835,109.836
2021-06-03 12:00:00,109.793,109.81,109.737,109.764,109.793,109.793
2021-06-03 13:00:00,109.764,109.769,109.626,109.765,109.764,109.765
2021-06-03 14:00:00,109.766,109.821,109.732,109.796,109.766,109.766
2021-06-03 15:00:00,109.796,109.986,109.766,109.963,109.796,109.797
2021-06-03 16:00:00,109.963,110.161,109.931,110.099,109.963,109.964
2021-06-03 17:00:00,110.1,110.222,110.043,110.17,110.1,110.101
2021-06-03 18:00:00,110.168,110.314,110.149,110.288,110.168,110.168
2021-06-03 19:00:00,110.288,110.316,110.237,110.276,110.288,110.288
2021-06-03 20:00:00,110.276,110.303,110.24,110.27,110.276,110.276
2021-06-03 21:00:00,110.273,110.309,110.248,110.309,110.273,110.273
2021-06-03 22:00:00,110.31,110.31,110.248,110.272,110.31,110.31
2021-06-03 23:00:00,110.272,110.321,110.272,110.308,110.272,110.273
2021-06-04 00:00:00,110.244,110.299,110.244,110.295,110.244,110.332
2021-06-04 01:00:00,110.295,110.332,110.294,110.297,110.295,110.304
2021-06-04 02:00:00,110.297,110.302,110.246,110.29,110.297,110.299
2021-06-04 03:00:00,110.29,110.328,110.197,110.229,110.29,110.292
2021-06-04 04:00:00,110.229,110.236,110.142,110.217,110.229,110.23
2021-06-04 05:00:00,110.217,110.229,110.148,110.168,110.217,110.218
2021-06-04 06:00:00,110.168,110.236,110.156,110.236,110.168,110.169
2021-06-04 07:00:00,110.236,110.273,110.214,110.266,110.236,110.237
2021-06-04 08:00:00,110.266,110.284,110.233,110.276,110.266,110.267
2021-06-04 09:00:00,110.276,110.281,110.207,110.207,110.276,110.276
2021-06-04 10:00:00,110.208,110.231,110.164,110.189,110.208,110.208
2021-06-04 11:00:00,110.187,110.205,110.136,110.143,110.187,110.187
2021-06-04 12:00:00,110.143,110.179,110.103,110.116,110.143,110.143
2021-06-04 13:00:00,110.115,110.163,110.103,110.143,110.115,110.116
2021-06-04 14:00:00,110.143,110.165,110.09,110.102,110.143,110.143
2021-06-04 15:00:00,110.102,110.133,109.727,109.757,110.102,110.102
2021-06-04 16:00:00,109.759,109.773,109.486,109.506,109.759,109.76
2021-06-04 17:00:00,109.505,109.548,109.364,109.514,109.505,109.505
2021-06-04 18:00:00,109.515,109.529,109.424,109.431,109.515,109.515
2021-06-04 19:00:00,109.431,109.508,109.429,109.494,109.431,109.431
2021-06-04 20:00:00,109.495,109.537,109.49,109.504,109.495,109.497
2021-06-04 21:00:00,109.504,109.538,109.499,109.505,109.504,109.504
2021-06-04 22:00:00,109.506,109.56,109.497,109.503,109.506,109.506
2021-06-04 23:00:00,109.504,109.543,109.473,109.523,109.504,109.505
2021-06-07 00:00:00,109.579,109.579,109.422,109.481,109.579,109.6
2021-06-07 01:00:00,109.482,109.596,109.438,109.589,109.482,109.572
2021-06-07 02:00:00,109.586,109.635,109.572,109.619,109.586,109.586
2021-06-07 03:00:00,109.619,109.638,109.471,109.577,109.619,109.62
2021-06-07 04:00:00,109.577,109.618,109.548,109.577,109.577,109.578
2021-06-07 05:00:00,109.577,109.613,109.506,109.576,109.577,109.577
2021-06-07 06:00:00,109.576,109.588,109.542,109.568,109.576,109.577
2021-06-07 07:00:00,109.567,109.574,109.381,109.427,109.567,109.568
2021-06-07 08:00:00,109.428,109.527,109.428,109.525,109.428,109.428
2021-06-07 09:00:00,109.525,109.564,109.445,109.546,109.525,109.525
2021-06-07 10:00:00,109.545,109.593,109.42,109.424,109.545,109.545
2021-06-07 11:00:00,109.424,109.498,109.352,109.367,109.424,109.424
2021-06-07 12:00:00,109.367,109.458,109.367,109.432,109.367,109.368
2021-06-07 13:00:00,109.432,109.484,109.398,109.417,109.432,109.433
2021-06-07 14:00:00,109.417,109.428,109.25,109.303,109.417,109.417
2021-06-07 15:00:00,109.303,109.364,109.244,109.285,109.303,109.303
2021-06-07 16:00:00,109.285,109.299,109.192,109.202,109.285,109.286
2021-06-07 17:00:00,109.202,109.315,109.195,109.278,109.202,109.202
2021-06-07 18:00:00,109.28,109.305,109.233,109.26,109.28,109.28
2021-06-07 19:00:00,109.26,109.3,109.245,109.282,109.26,109.261
2021-06-07 20:00:00,109.282,109.302,109.244,109.255,109.282,109.283
2021-06-07 21:00:00,109.255,109.266,109.234,109.256,109.255,109.255
2021-06-07 22:00:00,109.256,109.268,109.231,109.246,109.256,109.257
2021-06-07 23:00:00,109.246,109.272,109.246,109.256,109.246,109.246
2021-06-08 00:00:00,109.233,109.254,109.232,109.254,109.233,109.277
2021-06-08 01:00:00,109.249,109.272,109.244,109.257,109.249,109.268
2021-06-08 02:00:00,109.256,109.284,109.255,109.274,109.256,109.257
2021-06-08 03:00:00,109.274,109.442,109.199,109.383,109.274,109.274
2021-06-08 04:00:00,109.383,109.424,109.356,109.394,109.383,109.384
2021-06-08 05:00:00,109.397,109.423,109.339,109.365,109.397,109.398
2021-06-08 06:00:00,109.365,109.421,109.362,109.42,109.365,109.365
2021-06-08 07:00:00,109.42,109.433,109.397,109.413,109.42,109.42
2021-06-08 08:00:00,109.413,109.483,109.409,109.482,109.413,109.415
2021-06-08 09:00:00,109.481,109.481,109.407,109.452,109.481,109.481
2021-06-08 10:00:00,109.452,109.538,109.389,109.523,109.452,109.453
2021-06-08 11:00:00,109.523,109.549,109.48,109.486,109.523,109.525
2021-06-08 12:00:00,109.487,109.552,109.474,109.535,109.487,109.487
2021-06-08 13:00:00,109.535,109.559,109.368,109.472,109.535,109.535
2021-06-08 14:00:00,109.47,109.502,109.392,109.409,109.47,109.47
2021-06-08 15:00:00,109.413,109.429,109.275,109.397,109.413,109.413
2021-06-08 16:00:00,109.401,109.502,109.325,109.446,109.401,109.401
2021-06-08 17:00:00,109.446,109.513,109.372,109.436,109.446,109.446
2021-06-08 18:00:00,109.436,109.502,109.434,109.469,109.436,109.436
2021-06-08 19:00:00,109.473,109.495,109.466,109.494,109.473,109.473
2021-06-08 20:00:00,109.494,109.514,109.474,109.493,109.494,109.495
2021-06-08 21:00:00,109.493,109.502,109.456,109.495,109.493,109.493
2021-06-08 22:00:00,109.495,109.514,109.464,109.475,109.495,109.496
2021-06-08 23:00:00,109.475,109.506,109.465,109.483,109.475,109.476
2021-06-09 00:00:00,109.485,109.508,109.482,109.482,109.485,109.516
2021-06-09 01:00:00,109.483,109.513,109.481,109.495,109.483,109.49
2021-06-09 02:00:00,109.494,109.505,109.458,109.471,109.494,109.495
2021-06-09 03:00:00,109.471,109.49,109.41,109.45,109.471,109.473
2021-06-09 04:00:00,109.45,109.463,109.406,109.433,109.45,109.45
2021-06-09 05:00:00,109.433,109.467,109.412,109.439,109.433,109.435
2021-06-09 06:00:00,109.439,109.486,109.422,109.481,109.439,109.44
2021-06-09 07:00:00,109.481,109.505,109.462,109.479,109.481,109.481
2021-06-09 08:00:00,109.479,109.495,109.454,109.473,109.479,109.48
2021-06-09 09:00:00,109.473,109.482,109.33,109.404,109.473,109.473
2021-06-09 10:00:00,109.404,109.478,109.394,109.453,109.404,109.405
2021-06-09 11:00:00,109.453,109.505,109.381,109.481,109.453,109.453
2021-06-09 12:00:00,109.481,109.509,109.452,109.454,109.481,109.482
2021-06-09 13:00:00,109.454,109.476,109.428,109.46,109.454,109.454
2021-06-09 14:00:00,109.46,109.478,109.355,109.387,109.46,109.46
2021-06-09 15:00:00,109.386,109.425,109.355,109.404,109.387,109.388
2021-06-09 16:00:00,109.404,109.404,109.227,109.288,109.404,109.404
2021-06-09 17:00:00,109.289,109.648,109.279,109.597,109.289,109.289
2021-06-09 18:00:00,109.598,109.626,109.568,109.62,109.598,109.598
2021-06-09 19:00:00,109.62,109.652,109.617,109.65,109.62,109.62
2021-06-09 20:00:00,109.65,109.652,109.598,109.604,109.65,109.65
2021-06-09 21:00:00,109.604,109.617,109.566,109.574,109.604,109.604
2021-06-09 22:00:00,109.573,109.657,109.559,109.623,109.573,109.573
2021-06-09 23:00:00,109.624,109.645,109.612,109.636,109.624,109.625
2021-06-10 00:00:00,109.591,109.632,109.588,109.616,109.591,109.675
2021-06-10 01:00:00,109.611,109.66,109.61,109.634,109.611,109.636
2021-06-10 02:00:00,109.634,109.642,109.608,109.614,109.634,109.636
2021-06-10 03:00:00,109.614,109.68,109.58,109.622,109.614,109.615
2021-06-10 04:00:00,109.622,109.628,109.519,109.529,109.622,109.623
2021-06-10 05:00:00,109.529,109.584,109.528,109.569,109.529,109.531
2021-06-10 06:00:00,109.569,109.578,109.535,109.549,109.569,109.569
2021-06-10 07:00:00,109.548,109.581,109.548,109.577,109.548,109.548
2021-06-10 08:00:00,109.577,109.579,109.533,109.552,109.577,109.578
2021-06-10 09:00:00,109.551,109.569,109.451,109.484,109.551,109.552
2021-06-10 10:00:00,109.484,109.572,109.454,109.554,109.484,109.485
2021-06-10 11:00:00,109.554,109.566,109.476,109.487,109.554,109.554
2021-06-10 12:00:00,109.486,109.495,109.461,109.495,109.486,109.487
2021-06-10 13:00:00,109.5,109.514,109.471,109.485,109.511,109.512
2021-06-10 14:00:00,109.485,109.55,109.455,109.525,109.485,109.485
2021-06-10 15:00:00,109.526,109.767,109.526,109.676,109.526,109.527
2021-06-10 16:00:00,109.676,109.794,109.552,109.631,109.676,109.676
2021-06-10 17:00:00,109.631,109.64,109.422,109.484,109.631,109.631
2021-06-10 19:00:00,109.474,109.487,109.415,109.431,109.495,109.495
2021-06-10 20:00:00,109.431,109.48,109.41,109.432,109.431,109.431
2021-06-10 21:00:00,109.433,109.464,109.419,109.427,109.433,109.434
2021-06-10 22:00:00,109.427,109.432,109.317,109.32,109.427,109.427
2021-06-10 23:00:00,109.32,109.342,109.306,109.328,109.32,109.321
2021-06-11 00:00:00,109.304,109.366,109.304,109.334,109.304,109.352
2021-06-11 01:00:00,109.338,109.402,109.327,109.384,109.338,109.364
2021-06-11 02:00:00,109.388,109.41,109.356,109.395,109.388,109.388
2021-06-11 03:00:00,109.395,109.454,109.348,109.417,109.395,109.396
2021-06-11 04:00:00,109.417,109.445,109.373,109.389,109.417,109.419
2021-06-11 05:00:00,109.389,109.421,109.382,109.394,109.389,109.39
2021-06-11 06:00:00,109.394,109.41,109.382,109.401,109.394,109.395
2021-06-11 07:00:00,109.401,109.407,109.381,109.403,109.401,109.402
2021-06-11 08:00:00,109.403,109.437,109.388,109.42,109.403,109.404
2021-06-11 09:00:00,109.417,109.442,109.376,109.414,109.417,109.417
2021-06-11 10:00:00,109.414,109.485,109.318,109.429,109.414,109.414
2021-06-11 11:00:00,109.43,109.57,109.41,109.546,109.43,109.431
2021-06-11 12:00:00,109.545,109.566,109.486,109.532,109.545,109.545
2021-06-11 13:00:00,109.532,109.547,109.446,109.469,109.532,109.533
2021-06-11 14:00:00,109.47,109.588,109.445,109.568,109.47,109.47
2021-06-11 15:00:00,109.567,109.645,109.559,109.632,109.567,109.568
2021-06-11 16:00:00,109.631,109.739,109.598,109.719,109.631,109.631
2021-06-11 17:00:00,109.719,109.842,109.654,109.764,109.719,109.721
2021-06-11 18:00:00,109.764,109.833,109.715,109.753,109.764,109.764
2021-06-11 19:00:00,109.753,109.77,109.677,109.688,109.753,109.753
2021-06-11 20:00:00,109.688,109.718,109.688,109.711,109.688,109.688
2021-06-11 21:00:00,109.711,109.758,109.706,109.708,109.711,109.712
2021-06-11 22:00:00,109.708,109.719,109.659,109.66,109.708,109.708
2021-06-11 23:00:00,109.66,109.693,109.647,109.689,109.66,109.661
2021-06-14 00:00:00,109.603,109.644,109.603,109.632,109.603,109.671
2021-06-14 01:00:00,109.635,109.733,109.635,109.724,109.635,109.661
2021-06-14 02:00:00,109.726,109.734,109.702,109.716,109.726,109.727
2021-06-14 03:00:00,109.716,109.821,109.692,109.818,109.716,109.717
2021-06-14 04:00:00,109.818,109.83,109.76,109.77,109.818,109.818
2021-06-14 05:00:00,109.77,109.783,109.71,109.783,109.77,109.771
2021-06-14 06:00:00,109.784,109.806,109.762,109.775,109.784,109.785
2021-06-14 07:00:00,109.775,109.781,109.745,109.758,109.775,109.775
2021-06-14 08:00:00,109.758,109.78,109.719,109.746,109.758,109.758
2021-06-14 09:00:00,109.748,109.757,109.652,109.69,109.748,109.748
2021-06-14 10:00:00,109.691,109.721,109.633,109.692,109.691,109.691
2021-06-14 11:00:00,109.692,109.703,109.622,109.656,109.692,109.692
2021-06-14 12:00:00,109.656,109.672,109.612,109.667,109.656,109.656
2021-06-14 13:00:00,109.667,109.717,109.643,109.673,109.667,109.668
2021-06-14 14:00:00,109.673,109.762,109.671,109.754,109.673,109.674
2021-06-14 15:00:00,109.754,109.789,109.714,109.755,109.754,109.754
2021-06-14 16:00:00,109.753,109.791,109.743,109.782,109.753,109.754
2021-06-14 18:00:00,109.996,110.0,109.955,109.988,109.983,109.984
2021-06-14 19:00:00,109.988,110.02,109.981,110.018,109.988,109.989
2021-06-14 20:00:00,110.018,110.042,110.007,110.042,110.018,110.018
2021-06-14 21:00:00,110.042,110.095,110.04,110.095,110.042,110.042
2021-06-14 22:00:00,110.094,110.098,110.05,110.05,110.094,110.094
2021-06-14 23:00:00,110.049,110.092,110.049,110.077,110.049,110.05
2021-06-15 00:00:00,110.063,110.073,110.058,110.065,110.063,110.074
2021-06-15 01:00:00,110.071,110.075,110.049,110.053,110.071,110.08
2021-06-15 02:00:00,110.053,110.069,110.026,110.042,110.053,110.053
2021-06-15 03:00:00,110.041,110.107,110.025,110.083,110.041,110.044
2021-06-15 04:00:00,110.082,110.123,110.058,110.12,110.082,110.083
2021-06-15 05:00:00,110.12,110.152,110.094,110.111,110.12,110.122
2021-06-15 06:00:00,110.111,110.118,110.088,110.1,110.111,110.112
2021-06-15 07:00:00,110.101,110.101,110.058,110.085,110.101,110.102
2021-06-15 08:00:00,110.085,110.102,110.032,110.033,110.085,110.086
2021-06-15 09:00:00,110.036,110.106,110.029,110.088,110.036,110.037
2021-06-15 10:00:00,110.088,110.089,110.001,110.028,110.088,110.088
2021-06-15 11:00:00,110.095,110.122,110.086,110.122,110.045,110.046
2021-06-15 12:00:00,110.122,110.168,110.105,110.153,110.122,110.122
2021-06-15 13:00:00,110.154,110.163,110.012,110.073,110.154,110.154
2021-06-15 14:00:00,110.073,110.129,110.052,110.121,110.073,110.073
2021-06-15 15:00:00,110.118,110.14,110.02,110.11,110.118,110.12
2021-06-15 17:00:00,110.126,110.156,110.066,110.08,110.106,110.106
2021-06-15 18:00:00,110.08,110.128,110.072,110.123,110.08,110.08
2021-06-15 19:00:00,110.129,110.156,110.129,110.142,110.129,110.129
2021-06-15 21:00:00,110.09,110.101,110.058,110.096,110.09,110.09
2021-06-15 22:00:00,110.096,110.101,110.038,110.039,110.096,110.096
2021-06-15 23:00:00,110.039,110.066,110.039,110.064,110.039,110.039
2021-06-16 00:00:00,110.024,110.088,110.019,110.031,110.024,110.124
2021-06-16 01:00:00,110.031,110.074,110.031,110.052,110.031,110.079
2021-06-16 02:00:00,110.052,110.095,110.044,110.082,110.052,110.055
2021-06-16 03:00:00,110.082,110.141,110.07,110.136,110.082,110.083
2021-06-16 04:00:00,110.135,110.136,110.083,110.101,110.135,110.136
2021-06-16 05:00:00,110.101,110.114,110.084,110.094,110.101,110.101
2021-06-16 06:00:00,110.094,110.106,110.093,110.102,110.094,110.095
2021-06-16 07:00:00,110.102,110.102,110.05,110.063,110.102,110.104
2021-06-16 08:00:00,110.063,110.081,110.056,110.07,110.063,110.064
2021-06-16 09:00:00,110.07,110.132,110.026,110.048,110.07,110.072
2021-06-16 10:00:00,110.047,110.056,109.898,109.963,110.047,110.047
2021-06-16 13:00:00,109.952,109.983,109.918,109.952,109.952,109.952
2021-06-16 14:00:00,109.952,109.965,109.939,109.95,109.952,109.952
2021-06-16 15:00:00,109.95,109.951,109.805,109.869,109.95,109.951
2021-06-16 16:00:00,109.869,109.927,109.806,109.885,109.869,109.869
2021-06-16 17:00:00,109.885,109.981,109.877,109.948,109.885,109.885
2021-06-16 18:00:00,109.949,109.957,109.871,109.876,109.949,109.949
2021-06-16 19:00:00,109.876,109.916,109.86,109.888,109.876,109.876
2021-06-16 20:00:00,109.888,109.91,109.874,109.88,109.888,109.888
2021-06-16 21:00:00,109.879,110.506,109.872,110.506,109.879,109.882
2021-06-16 22:00:00,110.506,110.643,110.402,110.633,110.506,110.506
2021-06-16 23:00:00,110.633,110.72,110.623,110.706,110.633,110.635
2021-06-17 00:00:00,110.71,110.71,110.586,110.636,110.71,110.717
2021-06-17 01:00:00,110.636,110.71,110.633,110.695,110.636,110.668
2021-06-17 02:00:00,110.698,110.8,110.692,110.77,110.698,110.701
2021-06-17 03:00:00,110.773,110.823,110.701,110.75,110.773,110.774
2021-06-17 04:00:00,110.75,110.754,110.645,110.65,110.75,110.75
2021-06-17 05:00:00,110.652,110.661,110.607,110.618,110.652,110.652
2021-06-17 06:00:00,110.618,110.729,110.616,110.721,110.618,110.62
2021-06-17 07:00:00,110.721,110.729,110.656,110.677,110.721,110.721
2021-06-17 08:00:00,110.677,110.695,110.605,110.642,110.677,110.678
2021-06-17 09:00:00,110.643,110.765,110.641,110.655,110.643,110.645
2021-06-17 10:00:00,110.654,110.73,110.578,110.587,110.654,110.654
2021-06-17 11:00:00,110.589,110.688,110.544,110.648,110.589,110.589
2021-06-17 12:00:00,110.648,110.696,110.626,110.69,110.648,110.648
2021-06-17 13:00:00,110.69,110.769,110.675,110.701,110.69,110.691
2021-06-17 14:00:00,110.701,110.75,110.686,110.713,110.701,110.701
2021-06-17 15:00:00,110.713,110.713,110.452,110.49,110.713,110.714
2021-06-17 16:00:00,110.49,110.5,110.367,110.44,110.49,110.49
2021-06-17 17:00:00,110.44,110.482,110.186,110.236,110.44,110.441
2021-06-17 18:00:00,110.237,110.367,110.226,110.278,110.237,110.237
2021-06-17 19:00:00,110.278,110.314,110.166,110.313,110.278,110.279
2021-06-17 20:00:00,110.311,110.324,110.197,110.217,110.311,110.311
2021-06-17 21:00:00,110.217,110.253,110.194,110.252,110.217,110.218
2021-06-17 22:00:00,110.253,110.318,110.246,110.269,110.253,110.253
2021-06-17 23:00:00,110.271,110.29,110.228,110.236,110.271,110.271
2021-06-18 00:00:00,110.155,110.247,110.155,110.246,110.155,110.24
2021-06-18 01:00:00,110.246,110.29,110.226,110.275,110.246,110.27
2021-06-18 02:00:00,110.274,110.33,110.246,110.324,110.274,110.275
2021-06-18 03:00:00,110.324,110.328,110.24,110.31,110.324,110.327
2021-06-18 04:00:00,110.311,110.327,110.176,110.187,110.311,110.311
2021-06-18 05:00:00,110.187,110.219,110.155,110.205,110.187,110.188
2021-06-18 06:00:00,110.205,110.212,110.172,110.194,110.205,110.207
2021-06-18 07:00:00,110.194,110.245,110.186,110.219,110.194,110.195
2021-06-18 08:00:00,110.219,110.23,109.976,110.045,110.219,110.22
2021-06-18 09:00:00,110.045,110.108,110.001,110.064,110.045,110.047
2021-06-18 10:00:00,110.061,110.128,109.942,110.002,110.061,110.062
2021-06-18 11:00:00,110.001,110.176,109.978,110.137,110.001,110.003
2021-06-18 12:00:00,110.136,110.228,110.123,110.147,110.136,110.137
2021-06-18 13:00:00,110.146,110.156,110.07,110.094,110.146,110.147
2021-06-18 14:00:00,110.094,110.188,110.091,110.128,110.094,110.095
2021-06-18 15:00:00,110.128,110.295,110.124,110.257,110.128,110.128
2021-06-18 16:00:00,110.257,110.448,110.249,110.423,110.257,110.258
2021-06-18 17:00:00,110.422,110.484,110.041,110.222,110.422,110.423
2021-06-18 18:00:00,110.223,110.337,110.203,110.212,110.223,110.223
2021-06-18 19:00:00,110.212,110.26,110.161,110.23,110.212,110.213
2021-06-18 20:00:00,110.23,110.243,110.138,110.157,110.23,110.231
2021-06-18 21:00:00,110.158,110.171,110.108,110.148,110.158,110.159
2021-06-18 22:00:00,110.147,110.182,110.109,110.156,110.147,110.147
2021-06-18 23:00:00,110.156,110.227,110.147,110.222,110.156,110.156
2021-06-21 00:00:00,110.189,110.242,110.15,110.209,110.189,110.289
2021-06-21 01:00:00,110.209,110.215,110.157,110.175,110.209,110.288
2021-06-21 02:00:00,110.175,110.23,110.166,110.204,110.175,110.177
2021-06-21 03:00:00,110.204,110.257,110.149,110.23,110.204,110.204
2021-06-21 04:00:00,110.23,110.245,110.114,110.125,110.23,110.232
2021-06-21 05:00:00,110.125,110.125,109.938,110.036,110.125,110.126
2021-06-21 06:00:00,110.037,110.044,109.717,109.806,110.037,110.037
2021-06-21 07:00:00,109.803,109.853,109.738,109.796,109.803,109.804
2021-06-21 08:00:00,109.796,109.872,109.792,109.866,109.796,109.796
2021-06-21 09:00:00,109.868,109.975,109.829,109.901,109.868,109.868
2021-06-21 10:00:00,109.901,110.066,109.875,110.034,109.901,109.903
2021-06-21 11:00:00,110.033,110.068,109.928,109.934,110.033,110.034
2021-06-21 12:00:00,109.932,110.155,109.917,110.111,109.932,109.933
2021-06-21 13:00:00,110.112,110.154,110.071,110.126,110.112,110.113
2021-06-21 14:00:00,110.125,110.148,110.083,110.097,110.125,110.126
2021-06-21 15:00:00,110.098,110.16,110.076,110.132,110.098,110.098
2021-06-21 16:00:00,110.133,110.335,110.12,110.212,110.133,110.133
2021-06-21 17:00:00,110.212,110.276,110.146,110.194,110.212,110.212
2021-06-21 18:00:00,110.196,110.248,110.151,110.218,110.196,110.196
2021-06-21 19:00:00,110.217,110.219,110.139,110.165,110.217,110.217
2021-06-21 20:00:00,110.165,110.289,110.161,110.28,110.165,110.167
2021-06-21 21:00:00,110.28,110.306,110.235,110.288,110.28,110.28
2021-06-21 22:00:00,110.289,110.309,110.254,110.282,110.289,110.289
2021-06-21 23:00:00,110.282,110.35,110.269,110.327,110.282,110.282
2021-06-22 00:00:00,110.228,110.321,110.228,110.283,110.228,110.328
2021-06-22 01:00:00,110.283,110.337,110.275,110.327,110.283,110.318
2021-06-22 02:00:00,110.327,110.382,110.321,110.378,110.327,110.329
2021-06-22 03:00:00,110.379,110.404,110.211,110.262,110.379,110.379
2021-06-22 04:00:00,110.262,110.314,110.243,110.314,110.262,110.263
2021-06-22 05:00:00,110.314,110.473,110.313,110.359,110.314,110.315
2021-06-22 06:00:00,110.359,110.454,110.359,110.417,110.359,110.361
2021-06-22 07:00:00,110.417,110.454,110.393,110.453,110.417,110.417
2021-06-22 08:00:00,110.453,110.488,110.407,110.488,110.453,110.454
2021-06-22 09:00:00,110.488,110.537,110.384,110.405,110.488,110.488
2021-06-22 10:00:00,110.405,110.489,110.352,110.485,110.405,110.407
2021-06-22 11:00:00,110.485,110.53,110.431,110.48,110.485,110.485
2021-06-22 12:00:00,110.48,110.518,110.434,110.449,110.48,110.481
2021-06-22 13:00:00,110.449,110.456,110.385,110.455,110.449,110.45
2021-06-22 14:00:00,110.455,110.529,110.439,110.523,110.455,110.455
2021-06-22 15:00:00,110.523,110.7,110.512,110.694,110.523,110.523
2021-06-22 16:00:00,110.694,110.723,110.642,110.667,110.694,110.696
2021-06-22 17:00:00,110.667,110.75,110.61,110.727,110.667,110.668
2021-06-22 18:00:00,110.727,110.794,110.684,110.749,110.727,110.729
2021-06-22 19:00:00,110.751,110.768,110.677,110.703,110.751,110.751
2021-06-22 20:00:00,110.703,110.724,110.667,110.707,110.703,110.704
2021-06-22 21:00:00,110.708,110.71,110.612,110.625,110.708,110.709
2021-06-22 22:00:00,110.625,110.644,110.588,110.626,110.625,110.626
2021-06-22 23:00:00,110.626,110.682,110.626,110.669,110.626,110.626
2021-06-23 00:00:00,110.585,110.654,110.585,110.653,110.585,110.685
2021-06-23 01:00:00,110.653,110.673,110.636,110.648,110.653,110.671
2021-06-23 02:00:00,110.648,110.668,110.624,110.654,110.648,110.652
2021-06-23 03:00:00,110.655,110.767,110.647,110.73,110.655,110.657
2021-06-23 04:00:00,110.731,110.854,110.72,110.83,110.731,110.731
2021-06-23 05:00:00,110.83,110.837,110.747,110.749,110.83,110.832
2021-06-23 06:00:00,110.749,110.782,110.71,110.761,110.749,110.75
2021-06-23 07:00:00,110.761,110.811,110.755,110.794,110.761,110.762
2021-06-23 08:00:00,110.794,110.854,110.766,110.768,110.794,110.795
2021-06-23 09:00:00,110.768,110.881,110.768,110.845,110.768,110.769
2021-06-23 10:00:00,110.845,110.92,110.836,110.876,110.845,110.845
2021-06-23 11:00:00,110.876,110.911,110.84,110.906,110.876,110.877
2021-06-23 12:00:00,110.906,110.969,110.881,110.962,110.906,110.906
2021-06-23 13:00:00,110.965,111.104,110.96,111.04,110.965,110.965
2021-06-23 14:00:00,111.039,111.067,110.661,110.865,111.039,111.039
2021-06-23 15:00:00,110.866,110.866,110.76,110.833,110.866,110.866
2021-06-23 16:00:00,110.832,110.915,110.697,110.709,110.832,110.832
2021-06-23 17:00:00,110.709,110.809,110.683,110.797,110.709,110.709
2021-06-23 18:00:00,110.797,110.882,110.79,110.858,110.797,110.797
2021-06-23 19:00:00,110.858,110.96,110.858,110.96,110.858,110.858
2021-06-23 20:00:00,110.96,110.999,110.922,110.942,110.96,110.96
2021-06-23 21:00:00,110.942,111.004,110.942,110.966,110.942,110.943
2021-06-23 22:00:00,110.966,111.011,110.965,110.966,110.966,110.966
2021-06-23 23:00:00,110.966,111.0,110.955,110.956,110.966,110.967
2021-06-24 00:00:00,110.95,111.028,110.95,110.962,110.95,110.957
2021-06-24 01:00:00,110.97,110.989,110.949,110.962,110.97,110.989
2021-06-24 02:00:00,110.962,111.033,110.953,111.014,110.962,110.964
2021-06-24 03:00:00,111.014,111.116,110.981,111.018,111.014,111.015
2021-06-24 04:00:00,111.022,111.053,110.967,110.977,111.022,111.023
2021-06-24 05:00:00,110.976,111.044,110.96,111.023,110.976,110.977
2021-06-24 06:00:00,111.023,111.048,110.989,111.018,111.023,111.023
2021-06-24 07:00:00,111.018,111.024,110.952,110.967,111.018,111.018
2021-06-24 08:00:00,110.966,110.968,110.808,110.857,110.966,110.968
2021-06-24 09:00:00,110.86,110.875,110.762,110.862,110.86,110.86
2021-06-24 10:00:00,110.863,110.919,110.818,110.882,110.863,110.863
2021-06-24 11:00:00,110.882,110.917,110.8,110.871,110.882,110.882
2021-06-24 12:00:00,110.871,110.909,110.833,110.851,110.871,110.871
2021-06-24 13:00:00,110.851,110.872,110.778,110.808,110.851,110.853
2021-06-24 14:00:00,110.807,110.838,110.758,110.813,110.807,110.807
2021-06-24 15:00:00,110.813,110.817,110.717,110.749,110.813,110.813
2021-06-24 16:00:00,110.749,110.824,110.712,110.724,110.749,110.749
2021-06-24 17:00:00,110.724,110.894,110.691,110.853,110.724,110.724
2021-06-24 18:00:00,110.852,110.912,110.816,110.907,110.852,110.853
2021-06-24 19:00:00,110.907,110.909,110.847,110.886,110.907,110.908
2021-06-24 20:00:00,110.886,110.903,110.86,110.891,110.886,110.886
2021-06-24 21:00:00,110.89,110.891,110.834,110.857,110.89,110.891
2021-06-24 22:00:00,110.857,110.87,110.834,110.841,110.857,110.858
2021-06-24 23:00:00,110.841,110.894,110.835,110.882,110.841,110.841
2021-06-25 00:00:00,110.835,110.874,110.822,110.849,110.835,110.897
2021-06-25 01:00:00,110.854,110.88,110.851,110.865,110.854,110.89
2021-06-25 02:00:00,110.865,110.93,110.864,110.921,110.865,110.869
2021-06-25 03:00:00,110.921,110.986,110.912,110.932,110.921,110.922
2021-06-25 04:00:00,110.932,110.934,110.877,110.905,110.932,110.934
2021-06-25 05:00:00,110.905,110.914,110.845,110.87,110.905,110.906
2021-06-25 06:00:00,110.87,110.884,110.85,110.855,110.87,110.871
2021-06-25 07:00:00,110.855,110.87,110.807,110.868,110.855,110.856
2021-06-25 08:00:00,110.868,110.882,110.812,110.835,110.868,110.869
2021-06-25 09:00:00,110.836,110.865,110.755,110.77,110.836,110.836
2021-06-25 10:00:00,110.771,110.799,110.741,110.754,110.771,110.771
2021-06-25 11:00:00,110.754,110.764,110.72,110.729,110.754,110.754
2021-06-25 12:00:00,110.729,110.771,110.677,110.77,110.729,110.729
2021-06-25 13:00:00,110.77,110.795,110.732,110.764,110.77,110.77
2021-06-25 14:00:00,110.764,110.781,110.714,110.735,110.764,110.766
2021-06-25 15:00:00,110.734,110.735,110.501,110.538,110.734,110.734
2021-06-25 16:00:00,110.538,110.611,110.482,110.538,110.538,110.538
2021-06-25 17:00:00,110.537,110.787,110.537,110.76,110.537,110.538
2021-06-25 18:00:00,110.76,110.801,110.744,110.787,110.76,110.762
2021-06-25 19:00:00,110.787,110.837,110.784,110.826,110.787,110.787
2021-06-25 20:00:00,110.827,110.867,110.81,110.86,110.827,110.827
2021-06-25 21:00:00,110.86,110.879,110.82,110.839,110.86,110.86
2021-06-25 22:00:00,110.839,110.843,110.751,110.755,110.839,110.841
2021-06-25 23:00:00,110.756,110.793,110.746,110.788,110.756,110.757
2021-06-28 00:00:00,110.734,110.805,110.734,110.769,110.734,110.834
2021-06-28 01:00:00,110.77,110.863,110.709,110.792,110.77,110.829
2021-06-28 02:00:00,110.79,110.837,110.782,110.81,110.79,110.793
2021-06-28 03:00:00,110.81,110.839,110.653,110.701,110.81,110.813
2021-06-28 04:00:00,110.701,110.727,110.655,110.687,110.701,110.702
2021-06-28 05:00:00,110.687,110.715,110.659,110.708,110.687,110.688
2021-06-28 06:00:00,110.709,110.714,110.629,110.633,110.709,110.709
2021-06-28 07:00:00,110.633,110.654,110.63,110.652,110.633,110.634
2021-06-28 08:00:00,110.652,110.679,110.617,110.655,110.652,110.652
2021-06-28 09:00:00,110.656,110.717,110.652,110.698,110.656,110.656
2021-06-28 10:00:00,110.698,110.73,110.622,110.648,110.698,110.698
2021-06-28 11:00:00,110.648,110.738,110.638,110.72,110.648,110.648
2021-06-28 12:00:00,110.721,110.746,110.7,110.722,110.721,110.721
2021-06-28 13:00:00,110.722,110.743,110.693,110.741,110.722,110.723
2021-06-28 14:00:00,110.741,110.948,110.727,110.935,110.741,110.741
2021-06-28 15:00:00,110.935,110.976,110.829,110.851,110.935,110.936
2021-06-28 16:00:00,110.851,110.9,110.743,110.749,110.851,110.851
2021-06-28 17:00:00,110.749,110.768,110.621,110.628,110.749,110.75
2021-06-28 18:00:00,110.627,110.638,110.513,110.514,110.627,110.627
2021-06-28 19:00:00,110.516,110.587,110.502,110.558,110.516,110.516
2021-06-28 20:00:00,110.558,110.566,110.498,110.516,110.558,110.558
2021-06-28 21:00:00,110.516,110.578,110.515,110.536,110.516,110.516
2021-06-28 22:00:00,110.536,110.609,110.536,110.605,110.536,110.537
2021-06-28 23:00:00,110.605,110.629,110.599,110.612,110.605,110.606
2021-06-29 00:00:00,110.621,110.641,110.593,110.606,110.621,110.672
2021-06-29 01:00:00,110.606,110.61,110.565,110.596,110.606,110.62
2021-06-29 02:00:00,110.597,110.611,110.584,110.605,110.597,110.599
2021-06-29 03:00:00,110.606,110.639,110.509,110.53,110.606,110.608
2021-06-29 04:00:00,110.53,110.538,110.452,110.502,110.53,110.531
2021-06-29 05:00:00,110.502,110.516,110.458,110.512,110.502,110.503
2021-06-29 06:00:00,110.512,110.533,110.493,110.519,110.512,110.513
2021-06-29 07:00:00,110.518,110.592,110.511,110.581,110.518,110.518
2021-06-29 08:00:00,110.581,110.582,110.53,110.552,110.581,110.582
2021-06-29 09:00:00,110.553,110.63,110.551,110.578,110.553,110.554
2021-06-29 10:00:00,110.578,110.694,110.571,110.692,110.578,110.579
2021-06-29 11:00:00,110.695,110.759,110.592,110.601,110.695,110.695
2021-06-29 12:00:00,110.601,110.649,110.525,110.563,110.601,110.601
2021-06-29 13:00:00,110.563,110.612,110.507,110.578,110.563,110.563
2021-06-29 14:00:00,110.578,110.617,110.519,110.607,110.578,110.578
2021-06-29 15:00:00,110.607,110.735,110.601,110.686,110.607,110.608
2021-06-29 16:00:00,110.686,110.706,110.505,110.589,110.686,110.686
2021-06-29 17:00:00,110.589,110.637,110.431,110.493,110.589,110.591
2021-06-29 18:00:00,110.493,110.545,110.441,110.54,110.493,110.493
2021-06-29 19:00:00,110.541,110.546,110.505,110.527,110.541,110.542
2021-06-29 20:00:00,110.527,110.547,110.52,110.527,110.527,110.527
2021-06-29 21:00:00,110.527,110.528,110.487,110.51,110.527,110.528
2021-06-29 22:00:00,110.51,110.56,110.509,110.54,110.51,110.511
2021-06-29 23:00:00,110.54,110.56,110.527,110.547,110.54,110.541
2021-06-30 00:00:00,110.458,110.563,110.458,110.544,110.458,110.558
2021-06-30 01:00:00,110.542,110.554,110.503,110.524,110.542,110.569
2021-06-30 02:00:00,110.522,110.559,110.522,110.534,110.522,110.524
2021-06-30 03:00:00,110.534,110.596,110.512,110.562,110.534,110.535
2021-06-30 04:00:00,110.563,110.576,110.441,110.479,110.563,110.563
2021-06-30 05:00:00,110.476,110.504,110.455,110.504,110.476,110.476
2021-06-30 06:00:00,110.504,110.542,110.478,110.483,110.504,110.505
2021-06-30 07:00:00,110.483,110.511,110.463,110.504,110.483,110.484
2021-06-30 08:00:00,110.504,110.506,110.45,110.5,110.504,110.505
2021-06-30 09:00:00,110.499,110.533,110.445,110.531,110.499,110.499
2021-06-30 10:00:00,110.531,110.592,110.481,110.546,110.531,110.532
2021-06-30 11:00:00,110.546,110.565,110.419,110.465,110.546,110.547
2021-06-30 12:00:00,110.465,110.54,110.451,110.526,110.465,110.466
2021-06-30 13:00:00,110.527,110.53,110.473,110.49,110.527,110.528
2021-06-30 14:00:00,110.489,110.547,110.471,110.523,110.489,110.489
2021-06-30 15:00:00,110.523,110.678,110.511,110.645,110.523,110.524
2021-06-30 16:00:00,110.645,110.732,110.607,110.681,110.645,110.645
2021-06-30 17:00:00,110.681,111.028,110.681,110.975,110.681,110.682
2021-06-30 18:00:00,110.975,111.068,110.906,111.042,110.975,110.975
2021-06-30 19:00:00,111.041,111.098,110.998,111.089,111.041,111.041
2021-06-30 20:00:00,111.089,111.108,111.04,111.098,111.089,111.089
2021-06-30 21:00:00,111.098,111.12,111.085,111.085,111.098,111.098
2021-06-30 22:00:00,111.086,111.104,111.022,111.081,111.086,111.087
2021-06-30 23:00:00,111.082,111.118,111.068,111.106,111.082,111.083
2021-07-01 00:00:00,111.099,111.109,111.068,111.08,111.099,111.118
2021-07-01 01:00:00,111.079,111.119,111.079,111.108,111.079,111.107
2021-07-01 02:00:00,111.108,111.138,111.088,111.131,111.108,111.109
2021-07-01 03:00:00,111.131,111.162,111.073,111.081,111.131,111.133
2021-07-01 04:00:00,111.081,111.081,111.026,111.061,111.081,111.082
2021-07-01 05:00:00,111.061,111.074,111.03,111.064,111.061,111.062
2021-07-01 06:00:00,111.064,111.107,111.06,111.093,111.064,111.066
2021-07-01 07:00:00,111.093,111.106,111.087,111.101,111.093,111.094
2021-07-01 08:00:00,111.1,111.151,111.099,111.121,111.1,111.101
2021-07-01 09:00:00,111.119,111.242,111.118,111.203,111.119,111.12
2021-07-01 10:00:00,111.204,111.275,111.202,111.274,111.204,111.204
2021-07-01 11:00:00,111.274,111.411,111.267,111.404,111.274,111.274
2021-07-01 12:00:00,111.404,111.51,111.38,111.495,111.404,111.404
2021-07-01 13:00:00,111.493,111.628,111.448,111.453,111.493,111.494
2021-07-01 14:00:00,111.453,111.491,111.353,111.467,111.453,111.454
2021-07-01 15:00:00,111.466,111.488,111.358,111.391,111.466,111.467
2021-07-01 16:00:00,111.391,111.479,111.349,111.395,111.391,111.391
2021-07-01 17:00:00,111.393,111.6,111.354,111.535,111.393,111.398
2021-07-01 18:00:00,111.536,111.611,111.517,111.562,111.536,111.537
2021-07-01 19:00:00,111.561,111.586,111.534,111.571,111.561,111.562
2021-07-01 20:00:00,111.571,111.634,111.562,111.618,111.571,111.571
2021-07-01 21:00:00,111.618,111.638,111.602,111.622,111.618,111.619
2021-07-01 22:00:00,111.622,111.626,111.544,111.552,111.622,111.622
2021-07-01 23:00:00,111.552,111.577,111.524,111.527,111.552,111.553
2021-07-02 00:00:00,111.521,111.532,111.492,111.524,111.521,111.529
2021-07-02 01:00:00,111.524,111.546,111.524,111.543,111.524,111.539
2021-07-02 02:00:00,111.543,111.584,111.543,111.572,111.543,111.546
2021-07-02 03:00:00,111.572,111.652,111.55,111.644,111.572,111.573
2021-07-02 04:00:00,111.644,111.658,111.564,111.59,111.644,111.645
2021-07-02 05:00:00,111.589,111.624,111.577,111.582,111.589,111.589
2021-07-02 06:00:00,111.582,111.602,111.566,111.576,111.582,111.583
2021-07-02 07:00:00,111.576,111.587,111.556,111.587,111.576,111.578
2021-07-02 08:00:00,111.586,111.608,111.567,111.607,111.586,111.588
2021-07-02 09:00:00,111.607,111.629,111.571,111.627,111.607,111.609
2021-07-02 10:00:00,111.627,111.658,111.559,111.573,111.627,111.627
2021-07-02 11:00:00,111.574,111.586,111.408,111.471,111.574,111.574
2021-07-02 12:00:00,111.471,111.508,111.408,111.497,111.471,111.472
2021-07-02 13:00:00,111.497,111.518,111.405,111.447,111.497,111.497
2021-07-02 14:00:00,111.448,111.458,111.378,111.443,111.448,111.449
2021-07-02 15:00:00,111.442,111.606,111.244,111.263,111.442,111.443
2021-07-02 16:00:00,111.266,111.363,111.153,111.248,111.266,111.266
2021-07-02 17:00:00,111.247,111.379,111.224,111.312,111.247,111.25
2021-07-02 18:00:00,111.311,111.339,111.27,111.293,111.311,111.311
2021-07-02 19:00:00,111.293,111.3,111.219,111.219,111.293,111.294
2021-07-02 20:00:00,111.219,111.242,111.038,111.043,111.219,111.22
2021-07-02 21:00:00,111.043,111.059,110.951,111.053,111.043,111.043
2021-07-02 22:00:00,111.054,111.067,111.022,111.03,111.054,111.054
2021-07-02 23:00:00,111.03,111.043,111.008,111.031,111.03,111.032
2021-07-05 00:00:00,110.949,111.002,110.949,110.997,110.949,111.022
2021-07-05 01:00:00,110.997,111.152,110.97,111.149,110.997,111.056
2021-07-05 02:00:00,111.149,111.159,111.11,111.142,111.149,111.151
2021-07-05 03:00:00,111.142,111.19,111.11,111.143,111.142,111.143
2021-07-05 04:00:00,111.143,111.157,111.052,111.057,111.143,111.144
2021-07-05 05:00:00,111.057,111.129,111.057,111.091,111.057,111.059
2021-07-05 06:00:00,111.092,111.125,111.076,111.12,111.092,111.092
2021-07-05 07:00:00,111.12,111.144,111.12,111.138,111.12,111.121
2021-07-05 08:00:00,111.138,111.144,111.104,111.139,111.138,111.139
2021-07-05 09:00:00,111.139,111.145,110.968,110.971,111.139,111.14
2021-07-05 10:00:00,110.971,111.06,110.9,110.912,110.971,110.971
2021-07-05 11:00:00,110.912,110.927,110.851,110.901,110.912,110.913
2021-07-05 12:00:00,110.901,110.915,110.802,110.838,110.901,110.901
2021-07-05 13:00:00,110.838,110.858,110.806,110.82,110.838,110.838
2021-07-05 14:00:00,110.82,110.884,110.798,110.846,110.82,110.82
2021-07-05 15:00:00,110.846,110.937,110.846,110.927,110.846,110.846
2021-07-05 16:00:00,110.927,110.976,110.905,110.957,110.927,110.929
2021-07-05 17:00:00,110.957,110.981,110.933,110.942,110.957,110.957
2021-07-05 18:00:00,110.942,110.948,110.904,110.91,110.942,110.943
2021-07-05 19:00:00,110.909,110.924,110.893,110.899,110.909,110.91
2021-07-05 20:00:00,110.899,110.927,110.872,110.906,110.899,110.899
2021-07-05 21:00:00,110.906,110.926,110.883,110.891,110.906,110.921
2021-07-05 22:00:00,110.894,110.972,110.887,110.951,110.894,110.9
2021-07-05 23:00:00,110.951,110.986,110.945,110.983,110.951,110.961
2021-07-06 00:00:00,110.952,110.978,110.888,110.959,110.952,111.003
2021-07-06 01:00:00,110.959,110.959,110.902,110.928,110.959,110.997
2021-07-06 02:00:00,110.928,110.957,110.911,110.916,110.928,110.928
2021-07-06 03:00:00,110.916,110.93,110.811,110.863,110.916,110.919
2021-07-06 04:00:00,110.863,110.882,110.788,110.818,110.863,110.864
2021-07-06 05:00:00,110.819,110.862,110.792,110.852,110.819,110.819
2021-07-06 06:00:00,110.854,110.873,110.827,110.845,110.854,110.854
2021-07-06 07:00:00,110.845,110.864,110.832,110.834,110.845,110.846
2021-07-06 08:00:00,110.834,110.844,110.792,110.82,110.834,110.835
2021-07-06 09:00:00,110.82,110.881,110.765,110.871,110.82,110.821
2021-07-06 10:00:00,110.871,110.917,110.75,110.775,110.871,110.872
2021-07-06 11:00:00,110.776,110.861,110.75,110.792,110.776,110.776
2021-07-06 12:00:00,110.792,110.85,110.762,110.796,110.792,110.792
2021-07-06 13:00:00,110.795,110.805,110.681,110.701,110.795,110.795
2021-07-06 14:00:00,110.701,110.727,110.609,110.656,110.701,110.702
2021-07-06 15:00:00,110.655,110.742,110.598,110.718,110.655,110.655
2021-07-06 16:00:00,110.721,110.806,110.664,110.734,110.721,110.721
2021-07-06 17:00:00,110.734,110.734,110.523,110.57,110.734,110.742
2021-07-06 18:00:00,110.57,110.688,110.53,110.657,110.57,110.57
2021-07-06 19:00:00,110.657,110.682,110.6,110.632,110.657,110.657
2021-07-06 20:00:00,110.631,110.69,110.628,110.654,110.631,110.632
2021-07-06 21:00:00,110.654,110.672,110.604,110.615,110.654,110.654
2021-07-06 22:00:00,110.616,110.669,110.604,110.635,110.616,110.616
2021-07-06 23:00:00,110.635,110.656,110.615,110.617,110.635,110.635
2021-07-07 00:00:00,110.596,110.627,110.596,110.626,110.596,110.691
2021-07-07 01:00:00,110.626,110.665,110.623,110.641,110.626,110.647
2021-07-07 02:00:00,110.641,110.662,110.567,110.602,110.641,110.642
2021-07-07 03:00:00,110.602,110.609,110.404,110.417,110.602,110.604
2021-07-07 04:00:00,110.418,110.484,110.397,110.432,110.418,110.419
2021-07-07 05:00:00,110.432,110.562,110.415,110.547,110.432,110.433
2021-07-07 06:00:00,110.547,110.621,110.525,110.6,110.547,110.547
2021-07-07 07:00:00,110.6,110.643,110.481,110.526,110.6,110.601
2021-07-07 08:00:00,110.527,110.607,110.515,110.595,110.527,110.528
2021-07-07 09:00:00,110.595,110.734,110.591,110.708,110.595,110.596
2021-07-07 10:00:00,110.708,110.741,110.605,110.636,110.708,110.709
2021-07-07 11:00:00,110.635,110.784,110.635,110.75,110.635,110.636
2021-07-07 12:00:00,110.75,110.794,110.718,110.747,110.75,110.75
2021-07-07 13:00:00,110.745,110.817,110.737,110.751,110.745,110.745
2021-07-07 14:00:00,110.752,110.761,110.65,110.682,110.752,110.752
2021-07-07 15:00:00,110.683,110.689,110.508,110.587,110.683,110.683
2021-07-07 16:00:00,110.587,110.801,110.575,110.698,110.587,110.588
2021-07-07 17:00:00,110.698,110.815,110.637,110.661,110.698,110.699
2021-07-07 18:00:00,110.662,110.715,110.605,110.623,110.662,110.662
2021-07-07 19:00:00,110.622,110.688,110.606,110.672,110.622,110.622
2021-07-07 20:00:00,110.673,110.726,110.646,110.664,110.673,110.673
2021-07-07 21:00:00,110.664,110.691,110.54,110.62,110.664,110.669
2021-07-07 22:00:00,110.621,110.634,110.569,110.609,110.621,110.621
2021-07-07 23:00:00,110.609,110.657,110.609,110.62,110.609,110.609
2021-07-08 00:00:00,110.603,110.641,110.594,110.634,110.603,110.703
2021-07-08 01:00:00,110.639,110.672,110.594,110.607,110.639,110.647
2021-07-08 02:00:00,110.607,110.637,110.594,110.637,110.607,110.607
2021-07-08 03:00:00,110.637,110.649,110.51,110.542,110.637,110.637
2021-07-08 04:00:00,110.543,110.544,110.462,110.503,110.543,110.543
2021-07-08 05:00:00,110.503,110.608,110.424,110.583,110.503,110.504
2021-07-08 06:00:00,110.583,110.623,110.557,110.567,110.583,110.583
2021-07-08 07:00:00,110.567,110.567,110.522,110.531,110.567,110.567
2021-07-08 08:00:00,110.532,110.539,110.213,110.277,110.532,110.533
2021-07-08 09:00:00,110.277,110.34,110.153,110.164,110.277,110.277
2021-07-08 10:00:00,110.164,110.198,109.764,109.79,110.164,110.164
2021-07-08 11:00:00,109.79,109.918,109.757,109.852,109.79,109.792
2021-07-08 12:00:00,109.852,110.049,109.848,109.908,109.852,109.852
2021-07-08 13:00:00,109.908,109.959,109.717,109.81,109.908,109.908
2021-07-08 14:00:00,109.81,109.853,109.705,109.752,109.81,109.811
2021-07-08 15:00:00,109.751,109.765,109.602,109.673,109.751,109.751
2021-07-08 16:00:00,109.673,109.741,109.627,109.669,109.673,109.673
2021-07-08 17:00:00,109.672,109.672,109.534,109.574,109.672,109.672
2021-07-08 18:00:00,109.574,109.856,109.552,109.82,109.574,109.574
2021-07-08 19:00:00,109.82,109.868,109.798,109.803,109.82,109.82
2021-07-08 20:00:00,109.803,109.87,109.788,109.843,109.803,109.804
2021-07-08 21:00:00,109.843,109.868,109.798,109.806,109.843,109.843
2021-07-08 22:00:00,109.806,109.843,109.774,109.779,109.806,109.806
2021-07-08 23:00:00,109.779,109.789,109.758,109.761,109.779,109.779
2021-07-09 00:00:00,109.664,109.765,109.664,109.751,109.664,109.764
2021-07-09 01:00:00,109.751,109.799,109.747,109.778,109.751,109.768
2021-07-09 02:00:00,109.778,109.845,109.775,109.802,109.778,109.78
2021-07-09 03:00:00,109.805,109.924,109.789,109.875,109.805,109.805
2021-07-09 04:00:00,109.875,109.901,109.763,109.802,109.875,109.876
2021-07-09 05:00:00,109.802,109.937,109.797,109.918,109.802,109.803
2021-07-09 06:00:00,109.918,109.967,109.885,109.891,109.918,109.919
2021-07-09 07:00:00,109.889,109.996,109.87,109.993,109.889,109.89
2021-07-09 08:00:00,109.993,110.088,109.977,110.011,109.993,109.994
2021-07-09 09:00:00,110.012,110.134,109.994,110.092,110.012,110.013
2021-07-09 10:00:00,110.092,110.134,110.0,110.015,110.092,110.092
2021-07-09 11:00:00,110.015,110.102,110.001,110.096,110.015,110.015
2021-07-09 12:00:00,110.096,110.142,110.019,110.021,110.096,110.096
2021-07-09 13:00:00,110.021,110.028,109.9,110.008,110.021,110.021
2021-07-09 14:00:00,110.008,110.081,109.92,110.057,110.008,110.008
2021-07-09 15:00:00,110.057,110.081,109.936,109.984,110.057,110.057
2021-07-09 16:00:00,109.984,110.198,109.941,110.145,109.984,109.984
2021-07-09 17:00:00,110.146,110.259,110.073,110.143,110.146,110.146
2021-07-09 18:00:00,110.143,110.213,110.118,110.184,110.143,110.143
2021-07-09 19:00:00,110.184,110.218,110.183,110.2,110.184,110.184
2021-07-09 20:00:00,110.2,110.206,110.166,110.17,110.2,110.2
2021-07-09 21:00:00,110.17,110.193,110.144,110.158,110.17,110.17
2021-07-09 22:00:00,110.157,110.199,110.113,110.115,110.157,110.157
2021-07-09 23:00:00,110.114,110.144,110.097,110.103,110.114,110.117
2021-07-12 00:00:00,110.102,110.145,110.077,110.123,110.102,110.202
2021-07-12 01:00:00,110.126,110.247,110.107,110.197,110.126,110.164
2021-07-12 02:00:00,110.197,110.235,110.142,110.217,110.197,110.201
2021-07-12 03:00:00,110.217,110.252,110.115,110.121,110.217,110.218
2021-07-12 04:00:00,110.121,110.134,110.012,110.134,110.121,110.121
2021-07-12 05:00:00,110.134,110.188,110.122,110.175,110.134,110.135
2021-07-12 06:00:00,110.176,110.198,110.136,110.155,110.176,110.176
2021-07-12 07:00:00,110.155,110.193,110.124,110.18,110.155,110.155
2021-07-12 08:00:00,110.18,110.196,110.162,110.171,110.18,110.181
2021-07-12 09:00:00,110.172,110.215,110.14,110.182,110.172,110.172
2021-07-12 10:00:00,110.181,110.278,110.009,110.048,110.181,110.182
2021-07-12 11:00:00,110.048,110.142,109.979,110.093,110.048,110.049
2021-07-12 12:00:00,110.093,110.136,110.055,110.112,110.093,110.093
2021-07-12 13:00:00,110.112,110.181,110.1,110.176,110.112,110.112
2021-07-12 14:00:00,110.176,110.266,110.169,110.211,110.176,110.176
2021-07-12 15:00:00,110.21,110.243,110.103,110.208,110.21,110.21
2021-07-12 16:00:00,110.207,110.394,110.17,110.336,110.207,110.207
2021-07-12 17:00:00,110.336,110.386,110.257,110.283,110.336,110.336
2021-07-12 18:00:00,110.283,110.392,110.266,110.362,110.283,110.283
2021-07-12 19:00:00,110.362,110.403,110.361,110.379,110.362,110.362
2021-07-12 20:00:00,110.379,110.39,110.316,110.33,110.379,110.379
2021-07-12 21:00:00,110.33,110.35,110.318,110.33,110.33,110.33
2021-07-12 22:00:00,110.331,110.373,110.327,110.34,110.331,110.331
2021-07-12 23:00:00,110.34,110.359,110.337,110.351,110.34,110.34
2021-07-13 00:00:00,110.352,110.375,110.321,110.331,110.352,110.422
2021-07-13 01:00:00,110.331,110.349,110.31,110.32,110.331,110.346
2021-07-13 02:00:00,110.322,110.368,110.316,110.328,110.322,110.324
2021-07-13 03:00:00,110.328,110.398,110.288,110.385,110.328,110.329
2021-07-13 04:00:00,110.384,110.402,110.341,110.355,110.384,110.385
2021-07-13 05:00:00,110.354,110.441,110.347,110.364,110.354,110.355
2021-07-13 06:00:00,110.364,110.397,110.347,110.376,110.364,110.365
2021-07-13 07:00:00,110.376,110.431,110.365,110.426,110.376,110.378
2021-07-13 08:00:00,110.425,110.447,110.367,110.373,110.425,110.425
2021-07-13 09:00:00,110.372,110.412,110.351,110.383,110.372,110.372
2021-07-13 10:00:00,110.383,110.396,110.314,110.376,110.383,110.383
2021-07-13 11:00:00,110.372,110.421,110.317,110.349,110.372,110.372
2021-07-13 12:00:00,110.349,110.373,110.239,110.244,110.349,110.349
2021-07-13 13:00:00,110.243,110.291,110.221,110.232,110.243,110.245
2021-07-13 14:00:00,110.232,110.292,110.198,110.216,110.232,110.232
2021-07-13 15:00:00,110.216,110.543,110.204,110.512,110.216,110.218
2021-07-13 16:00:00,110.511,110.557,110.373,110.416,110.511,110.511
2021-07-13 17:00:00,110.416,110.447,110.288,110.317,110.416,110.416
2021-07-13 18:00:00,110.318,110.386,110.288,110.365,110.318,110.319
2021-07-13 19:00:00,110.365,110.429,110.364,110.42,110.365,110.365
2021-07-13 20:00:00,110.42,110.626,110.408,110.614,110.42,110.421
2021-07-13 21:00:00,110.614,110.646,110.562,110.595,110.614,110.614
2021-07-13 22:00:00,110.596,110.615,110.571,110.604,110.596,110.596
2021-07-13 23:00:00,110.603,110.647,110.586,110.632,110.603,110.604
2021-07-14 00:00:00,110.628,110.638,110.588,110.61,110.628,110.65
2021-07-14 01:00:00,110.609,110.638,110.588,110.601,110.609,110.637
2021-07-14 02:00:00,110.601,110.618,110.59,110.598,110.601,110.603
2021-07-14 03:00:00,110.597,110.698,110.582,110.627,110.597,110.599
2021-07-14 04:00:00,110.627,110.628,110.465,110.512,110.627,110.627
2021-07-14 05:00:00,110.512,110.534,110.481,110.512,110.512,110.512
2021-07-14 06:00:00,110.512,110.512,110.479,110.498,110.512,110.513
2021-07-14 07:00:00,110.498,110.504,110.444,110.501,110.498,110.498
2021-07-14 08:00:00,110.501,110.533,110.483,110.502,110.501,110.502
2021-07-14 09:00:00,110.503,110.517,110.416,110.461,110.503,110.503
2021-07-14 10:00:00,110.461,110.533,110.45,110.508,110.461,110.461
2021-07-14 11:00:00,110.508,110.537,110.455,110.51,110.508,110.509
2021-07-14 12:00:00,110.51,110.517,110.453,110.494,110.51,110.51
2021-07-14 13:00:00,110.494,110.516,110.46,110.504,110.494,110.494
2021-07-14 14:00:00,110.504,110.515,110.449,110.46,110.504,110.504
2021-07-14 15:00:00,110.46,110.46,110.14,110.181,110.46,110.46
2021-07-14 16:00:00,110.181,110.191,110.061,110.078,110.181,110.182
2021-07-14 17:00:00,110.078,110.118,109.972,110.086,110.078,110.078
2021-07-14 18:00:00,110.086,110.09,110.018,110.036,110.086,110.086
2021-07-14 19:00:00,110.036,110.052,109.953,109.983,110.036,110.036
2021-07-14 20:00:00,109.983,110.022,109.948,110.014,109.983,109.984
2021-07-14 21:00:00,110.014,110.02,109.967,110.002,110.014,110.014
2021-07-14 22:00:00,110.002,110.012,109.97,109.972,110.002,110.003
2021-07-14 23:00:00,109.972,109.973,109.935,109.947,109.972,109.973
2021-07-15 00:00:00,109.935,109.974,109.927,109.957,109.935,110.015
2021-07-15 01:00:00,109.953,109.989,109.944,109.986,109.953,109.977
2021-07-15 02:00:00,109.987,110.028,109.975,109.996,109.987,109.988
2021-07-15 03:00:00,109.996,110.014,109.835,109.904,109.996,109.998
2021-07-15 04:00:00,109.903,109.925,109.819,109.922,109.903,109.904
2021-07-15 05:00:00,109.922,109.989,109.846,109.879,109.922,109.923
2021-07-15 06:00:00,109.879,109.918,109.847,109.855,109.879,109.88
2021-07-15 07:00:00,109.855,109.893,109.829,109.891,109.855,109.857
2021-07-15 08:00:00,109.889,109.889,109.833,109.84,109.889,109.889
2021-07-15 09:00:00,109.838,109.87,109.75,109.86,109.838,109.838
2021-07-15 10:00:00,109.859,109.865,109.749,109.769,109.859,109.861
2021-07-15 11:00:00,109.769,109.816,109.714,109.75,109.769,109.77
2021-07-15 12:00:00,109.75,109.799,109.729,109.796,109.75,109.75
2021-07-15 13:00:00,109.796,109.986,109.793,109.976,109.796,109.797
2021-07-15 14:00:00,109.976,110.043,109.936,109.993,109.976,109.976
2021-07-15 15:00:00,109.993,110.09,109.987,110.066,109.993,109.993
2021-07-15 16:00:00,110.066,110.086,109.844,109.898,110.066,110.066
2021-07-15 17:00:00,109.9,110.049,109.881,110.03,109.9,109.9
2021-07-15 18:00:00,110.031,110.07,109.976,110.056,110.031,110.032
2021-07-15 19:00:00,110.057,110.063,110.027,110.043,110.057,110.057
2021-07-15 20:00:00,110.043,110.049,109.869,109.876,110.043,110.043
2021-07-15 21:00:00,109.876,109.895,109.816,109.821,109.876,109.876
2021-07-15 22:00:00,109.821,109.835,109.783,109.789,109.821,109.821
2021-07-15 23:00:00,109.79,109.843,109.78,109.841,109.79,109.792
2021-07-16 00:00:00,109.798,109.84,109.793,109.818,109.798,109.861
2021-07-16 01:00:00,109.823,109.841,109.798,109.819,109.823,109.864
2021-07-16 02:00:00,109.82,109.825,109.763,109.78,109.82,109.821
2021-07-16 03:00:00,109.78,109.899,109.731,109.883,109.78,109.782
2021-07-16 04:00:00,109.882,110.015,109.862,109.992,109.882,109.884
2021-07-16 05:00:00,109.992,110.074,109.975,109.985,109.992,109.992
2021-07-16 06:00:00,109.985,110.034,109.941,109.953,109.985,109.987
2021-07-16 07:00:00,109.952,110.03,109.945,110.011,109.952,109.954
2021-07-16 08:00:00,110.011,110.012,109.943,109.988,110.011,110.012
2021-07-16 09:00:00,109.988,110.008,109.949,109.981,109.988,109.988
2021-07-16 10:00:00,109.981,110.22,109.932,110.159,109.981,109.981
2021-07-16 11:00:00,110.16,110.162,110.078,110.085,110.16,110.161
2021-07-16 12:00:00,110.085,110.131,110.06,110.105,110.085,110.086
2021-07-16 13:00:00,110.105,110.24,110.103,110.227,110.105,110.105
2021-07-16 14:00:00,110.228,110.238,110.151,110.198,110.228,110.228
2021-07-16 15:00:00,110.199,110.34,110.162,110.317,110.199,110.199
2021-07-16 16:00:00,110.316,110.341,110.168,110.222,110.316,110.316
2021-07-16 17:00:00,110.222,110.228,110.087,110.104,110.222,110.223
2021-07-16 18:00:00,110.104,110.176,110.085,110.129,110.104,110.104
2021-07-16 19:00:00,110.13,110.144,110.087,110.103,110.13,110.132
2021-07-16 20:00:00,110.104,110.105,110.037,110.082,110.104,110.104
2021-07-16 21:00:00,110.082,110.105,110.039,110.073,110.082,110.082
2021-07-16 22:00:00,110.072,110.094,110.048,110.054,110.072,110.073
2021-07-16 23:00:00,110.055,110.087,110.034,110.082,110.055,110.055
2021-07-19 00:00:00,110.028,110.062,109.971,110.004,110.028,110.11
2021-07-19 01:00:00,110.004,110.098,109.98,109.989,110.004,110.042
2021-07-19 02:00:00,109.989,109.989,109.849,109.877,109.989,109.992
2021-07-19 03:00:00,109.877,109.938,109.853,109.87,109.877,109.879
2021-07-19 04:00:00,109.869,109.929,109.852,109.924,109.869,109.869
2021-07-19 05:00:00,109.924,109.948,109.9,109.927,109.924,109.926
2021-07-19 06:00:00,109.927,109.962,109.909,109.956,109.927,109.927
2021-07-19 07:00:00,109.956,109.963,109.896,109.917,109.956,109.956
2021-07-19 08:00:00,109.917,109.961,109.902,109.947,109.917,109.918
2021-07-19 09:00:00,109.946,110.034,109.932,110.027,109.946,109.947
2021-07-19 10:00:00,110.027,110.033,109.79,109.844,110.027,110.027
2021-07-19 11:00:00,109.844,109.901,109.705,109.735,109.844,109.845
2021-07-19 12:00:00,109.735,109.836,109.724,109.802,109.735,109.735
2021-07-19 13:00:00,109.802,109.82,109.718,109.817,109.802,109.802
2021-07-19 14:00:00,109.816,109.83,109.612,109.667,109.816,109.816
2021-07-19 15:00:00,109.667,109.673,109.431,109.477,109.667,109.668
2021-07-19 16:00:00,109.476,109.478,109.066,109.206,109.476,109.477
2021-07-19 17:00:00,109.203,109.441,109.115,109.358,109.203,109.203
2021-07-19 18:00:00,109.357,109.578,109.357,109.464,109.357,109.358
2021-07-19 19:00:00,109.466,109.468,109.341,109.388,109.466,109.466
2021-07-19 20:00:00,109.388,109.463,109.386,109.443,109.388,109.388
2021-07-19 21:00:00,109.443,109.486,109.431,109.471,109.443,109.443
2021-07-19 22:00:00,109.471,109.511,109.436,109.48,109.471,109.473
2021-07-19 23:00:00,109.478,109.499,109.448,109.454,109.478,109.479
2021-07-20 00:00:00,109.398,109.483,109.395,109.451,109.398,109.498
2021-07-20 01:00:00,109.477,109.508,109.448,109.487,109.477,109.493
2021-07-20 02:00:00,109.484,109.561,109.483,109.53,109.484,109.485
2021-07-20 03:00:00,109.529,109.572,109.476,109.506,109.529,109.529
2021-07-20 04:00:00,109.506,109.571,109.48,109.504,109.506,109.506
2021-07-20 05:00:00,109.504,109.57,109.48,109.554,109.504,109.504
2021-07-20 06:00:00,109.554,109.603,109.373,109.436,109.554,109.554
2021-07-20 07:00:00,109.436,109.481,109.37,109.458,109.436,109.436
2021-07-20 08:00:00,109.46,109.535,109.452,109.492,109.46,109.461
2021-07-20 09:00:00,109.49,109.565,109.461,109.565,109.49,109.49
2021-07-20 10:00:00,109.565,109.707,109.546,109.629,109.565,109.565
2021-07-20 11:00:00,109.63,109.746,109.601,109.617,109.63,109.631
2021-07-20 12:00:00,109.617,109.62,109.388,109.435,109.617,109.617
2021-07-20 13:00:00,109.435,109.44,109.329,109.43,109.435,109.437
2021-07-20 14:00:00,109.43,109.605,109.406,109.592,109.43,109.43
2021-07-20 15:00:00,109.591,109.625,109.431,109.529,109.591,109.593
2021-07-20 16:00:00,109.529,109.606,109.355,109.588,109.529,109.529
2021-07-20 17:00:00,109.588,109.951,109.57,109.926,109.588,109.588
2021-07-20 18:00:00,109.926,109.958,109.868,109.916,109.926,109.926
2021-07-20 19:00:00,109.916,109.937,109.832,109.899,109.916,109.917
2021-07-20 20:00:00,109.899,109.925,109.839,109.846,109.899,109.901
2021-07-20 21:00:00,109.846,109.865,109.818,109.823,109.846,109.848
2021-07-20 22:00:00,109.823,109.886,109.814,109.828,109.823,109.823
2021-07-20 23:00:00,109.828,109.87,109.822,109.859,109.828,109.829
2021-07-21 00:00:00,109.806,109.869,109.781,109.852,109.806,109.872
2021-07-21 01:00:00,109.851,109.881,109.844,109.869,109.851,109.885
2021-07-21 02:00:00,109.869,109.934,109.864,109.92,109.869,109.871
2021-07-21 03:00:00,109.92,109.974,109.864,109.962,109.92,109.921
2021-07-21 04:00:00,109.961,109.983,109.884,109.93,109.961,109.963
2021-07-21 05:00:00,109.93,109.933,109.856,109.897,109.93,109.931
2021-07-21 06:00:00,109.897,109.923,109.863,109.895,109.897,109.899
2021-07-21 07:00:00,109.895,109.918,109.871,109.88,109.895,109.896
2021-07-21 08:00:00,109.88,109.912,109.873,109.905,109.88,109.881
2021-07-21 09:00:00,109.905,109.929,109.803,109.928,109.905,109.907
2021-07-21 10:00:00,109.928,110.138,109.894,110.091,109.928,109.929
2021-07-21 11:00:00,110.091,110.178,110.055,110.098,110.091,110.091
2021-07-21 12:00:00,110.098,110.117,110.001,110.069,110.098,110.098
2021-07-21 13:00:00,110.07,110.155,110.051,110.147,110.07,110.07
2021-07-21 14:00:00,110.146,110.153,110.044,110.08,110.146,110.148
2021-07-21 15:00:00,110.079,110.203,110.077,110.186,110.079,110.079
2021-07-21 16:00:00,110.186,110.389,110.184,110.229,110.186,110.186
2021-07-21 17:00:00,110.228,110.371,110.228,110.315,110.228,110.229
2021-07-21 18:00:00,110.317,110.355,110.205,110.223,110.317,110.317
2021-07-21 19:00:00,110.223,110.326,110.221,110.307,110.223,110.223
2021-07-21 20:00:00,110.306,110.335,110.279,110.297,110.306,110.306
2021-07-21 21:00:00,110.297,110.339,110.261,110.267,110.297,110.298
2021-07-21 22:00:00,110.267,110.296,110.256,110.264,110.267,110.268
2021-07-21 23:00:00,110.264,110.303,110.263,110.297,110.264,110.264
2021-07-22 00:00:00,110.288,110.304,110.269,110.279,110.288,110.295
2021-07-22 01:00:00,110.281,110.297,110.261,110.277,110.281,110.293
2021-07-22 02:00:00,110.277,110.294,110.246,110.25,110.277,110.278
2021-07-22 03:00:00,110.25,110.262,110.182,110.188,110.25,110.252
2021-07-22 04:00:00,110.188,110.2,110.086,110.131,110.188,110.188
2021-07-22 05:00:00,110.131,110.15,110.097,110.148,110.131,110.133
2021-07-22 06:00:00,110.148,110.15,110.117,110.126,110.148,110.15
2021-07-22 07:00:00,110.125,110.149,110.123,110.147,110.125,110.126
2021-07-22 08:00:00,110.147,110.168,110.13,110.168,110.147,110.149
2021-07-22 09:00:00,110.169,110.205,110.07,110.127,110.169,110.169
2021-07-22 10:00:00,110.127,110.271,110.11,110.232,110.127,110.127
2021-07-22 11:00:00,110.232,110.359,110.232,110.252,110.232,110.233
2021-07-22 12:00:00,110.254,110.279,110.221,110.249,110.254,110.254
2021-07-22 13:00:00,110.249,110.343,110.22,110.318,110.249,110.249
2021-07-22 14:00:00,110.318,110.32,110.209,110.271,110.318,110.319
2021-07-22 15:00:00,110.271,110.271,110.014,110.07,110.271,110.271
2021-07-22 16:00:00,110.07,110.205,110.043,110.173,110.07,110.071
2021-07-22 17:00:00,110.173,110.242,110.1,110.142,110.173,110.175
2021-07-22 18:00:00,110.142,110.152,110.076,110.119,110.142,110.143
2021-07-22 19:00:00,110.119,110.145,110.065,110.126,110.119,110.119
2021-07-22 20:00:00,110.126,110.223,110.1,110.21,110.126,110.128
2021-07-22 21:00:00,110.21,110.211,110.145,110.147,110.21,110.211
2021-07-22 22:00:00,110.148,110.151,110.086,110.141,110.148,110.148
2021-07-22 23:00:00,110.141,110.202,110.141,110.162,110.141,110.143
2021-07-23 00:00:00,110.104,110.149,110.094,110.112,110.104,110.158
2021-07-23 01:00:00,110.112,110.165,110.112,110.153,110.112,110.166
2021-07-23 02:00:00,110.153,110.16,110.088,110.143,110.153,110.155
2021-07-23 03:00:00,110.143,110.149,110.115,110.136,110.143,110.146
2021-07-23 04:00:00,110.136,110.173,110.125,110.167,110.136,110.137
2021-07-23 05:00:00,110.167,110.284,110.167,110.243,110.167,110.168
2021-07-23 06:00:00,110.243,110.306,110.229,110.273,110.243,110.244
2021-07-23 07:00:00,110.273,110.273,110.249,110.269,110.273,110.274
2021-07-23 08:00:00,110.269,110.28,110.248,110.274,110.269,110.27
2021-07-23 09:00:00,110.274,110.31,110.263,110.293,110.274,110.274
2021-07-23 10:00:00,110.293,110.415,110.277,110.336,110.293,110.293
2021-07-23 11:00:00,110.338,110.488,110.312,110.485,110.338,110.338
2021-07-23 12:00:00,110.485,110.498,110.435,110.452,110.485,110.486
2021-07-23 13:00:00,110.452,110.488,110.416,110.482,110.452,110.452
2021-07-23 14:00:00,110.482,110.575,110.454,110.529,110.482,110.483
2021-07-23 15:00:00,110.53,110.589,110.459,110.484,110.53,110.53
2021-07-23 16:00:00,110.484,110.549,110.388,110.419,110.484,110.485
2021-07-23 17:00:00,110.419,110.594,110.405,110.567,110.419,110.419
2021-07-23 18:00:00,110.566,110.578,110.507,110.514,110.566,110.567
2021-07-23 19:00:00,110.514,110.548,110.492,110.545,110.514,110.515
2021-07-23 20:00:00,110.545,110.546,110.513,110.533,110.545,110.546
2021-07-23 21:00:00,110.534,110.562,110.503,110.557,110.534,110.534
2021-07-23 22:00:00,110.557,110.562,110.516,110.546,110.557,110.557
2021-07-23 23:00:00,110.548,110.565,110.524,110.552,110.548,110.548
2021-07-26 00:00:00,110.463,110.528,110.456,110.502,110.463,110.517
2021-07-26 01:00:00,110.502,110.565,110.502,110.544,110.502,110.544
2021-07-26 02:00:00,110.545,110.567,110.507,110.546,110.545,110.548
2021-07-26 03:00:00,110.545,110.583,110.452,110.454,110.545,110.547
2021-07-26 04:00:00,110.454,110.459,110.344,110.41,110.454,110.454
2021-07-26 05:00:00,110.409,110.412,110.326,110.364,110.409,110.41
2021-07-26 06:00:00,110.364,110.367,110.317,110.327,110.364,110.365
2021-07-26 07:00:00,110.327,110.372,110.327,110.338,110.327,110.328
2021-07-26 08:00:00,110.339,110.339,110.267,110.319,110.339,110.339
2021-07-26 09:00:00,110.318,110.334,110.22,110.265,110.318,110.319
2021-07-26 10:00:00,110.266,110.3,110.117,110.208,110.266,110.266
2021-07-26 11:00:00,110.207,110.263,110.142,110.224,110.207,110.209
2021-07-26 12:00:00,110.225,110.336,110.224,110.303,110.225,110.225
2021-07-26 13:00:00,110.303,110.328,110.26,110.296,110.303,110.304
2021-07-26 14:00:00,110.296,110.318,110.219,110.284,110.296,110.298
2021-07-26 15:00:00,110.284,110.424,110.267,110.367,110.284,110.286
2021-07-26 16:00:00,110.367,110.394,110.262,110.312,110.367,110.371
2021-07-26 17:00:00,110.312,110.353,110.154,110.289,110.312,110.312
2021-07-26 18:00:00,110.289,110.317,110.249,110.311,110.289,110.29
2021-07-26 19:00:00,110.312,110.342,110.295,110.321,110.312,110.312
2021-07-26 20:00:00,110.321,110.355,110.314,110.332,110.321,110.322
2021-07-26 21:00:00,110.332,110.387,110.329,110.38,110.332,110.332
2021-07-26 22:00:00,110.38,110.409,110.37,110.375,110.38,110.38
2021-07-26 23:00:00,110.375,110.393,110.371,110.383,110.375,110.377
2021-07-27 00:00:00,110.377,110.392,110.355,110.374,110.377,110.399
2021-07-27 01:00:00,110.374,110.381,110.359,110.379,110.374,110.394
2021-07-27 02:00:00,110.379,110.387,110.299,110.307,110.379,110.381
2021-07-27 03:00:00,110.307,110.329,110.214,110.222,110.307,110.308
2021-07-27 04:00:00,110.222,110.309,110.201,110.262,110.222,110.222
2021-07-27 05:00:00,110.263,110.265,110.193,110.216,110.263,110.263
2021-07-27 06:00:00,110.215,110.223,110.166,110.2,110.215,110.216
2021-07-27 07:00:00,110.2,110.257,110.183,110.208,110.2,110.201
2021-07-27 08:00:00,110.21,110.234,110.191,110.204,110.21,110.21
2021-07-27 09:00:00,110.205,110.221,110.132,110.166,110.205,110.206
2021-07-27 10:00:00,110.167,110.181,109.978,110.088,110.167,110.168
2021-07-27 11:00:00,110.089,110.17,110.056,110.074,110.089,110.09
2021-07-27 12:00:00,110.075,110.145,110.024,110.128,110.075,110.075
2021-07-27 13:00:00,110.128,110.156,110.087,110.119,110.128,110.128
2021-07-27 14:00:00,110.118,110.172,110.112,110.127,110.118,110.118
2021-07-27 15:00:00,110.127,110.127,109.945,109.953,110.127,110.127
2021-07-27 16:00:00,109.953,109.954,109.84,109.902,109.953,109.953
2021-07-27 17:00:00,109.903,110.024,109.786,109.8,109.903,109.907
2021-07-27 18:00:00,109.8,109.82,109.62,109.642,109.8,109.8
2021-07-27 19:00:00,109.642,109.651,109.584,109.625,109.642,109.642
2021-07-27 20:00:00,109.625,109.657,109.602,109.651,109.625,109.625
2021-07-27 21:00:00,109.651,109.721,109.65,109.718,109.651,109.651
2021-07-27 22:00:00,109.718,109.755,109.708,109.713,109.718,109.718
2021-07-27 23:00:00,109.712,109.812,109.709,109.789,109.712,109.712
2021-07-28 00:00:00,109.76,109.769,109.74,109.758,109.76,109.798
2021-07-28 01:00:00,109.77,109.795,109.751,109.79,109.77,109.783
2021-07-28 02:00:00,109.788,109.813,109.761,109.808,109.788,109.79
2021-07-28 03:00:00,109.807,109.908,109.762,109.871,109.807,109.808
2021-07-28 04:00:00,109.871,109.912,109.816,109.85,109.871,109.872
2021-07-28 05:00:00,109.847,109.848,109.758,109.8,109.847,109.847
2021-07-28 06:00:00,109.802,109.823,109.752,109.796,109.802,109.802
2021-07-28 07:00:00,109.796,109.814,109.743,109.772,109.796,109.797
2021-07-28 08:00:00,109.771,109.845,109.755,109.838,109.771,109.771
2021-07-28 09:00:00,109.837,109.894,109.79,109.857,109.837,109.837
2021-07-28 10:00:00,109.857,109.968,109.789,109.967,109.857,109.858
2021-07-28 11:00:00,109.968,109.995,109.909,109.922,109.968,109.969
2021-07-28 12:00:00,109.922,109.987,109.879,109.977,109.922,109.923
2021-07-28 13:00:00,109.977,109.997,109.911,109.969,109.977,109.979
2021-07-28 14:00:00,109.97,110.105,109.952,110.077,109.97,109.97
2021-07-28 15:00:00,110.077,110.162,110.046,110.146,110.077,110.077
2021-07-28 16:00:00,110.146,110.216,110.102,110.2,110.146,110.146
2021-07-28 17:00:00,110.201,110.226,110.08,110.105,110.201,110.201
2021-07-28 18:00:00,110.105,110.122,110.064,110.066,110.105,110.106
2021-07-28 19:00:00,110.066,110.074,110.026,110.045,110.066,110.066
2021-07-28 20:00:00,110.045,110.103,110.031,110.091,110.045,110.046
2021-07-28 21:00:00,110.091,110.286,109.927,109.98,110.091,110.097
2021-07-28 22:00:00,109.979,110.026,109.842,109.864,109.979,109.98
2021-07-28 23:00:00,109.864,109.923,109.852,109.917,109.864,109.865
2021-07-29 00:00:00,109.908,109.923,109.884,109.916,109.908,109.92
2021-07-29 01:00:00,109.917,109.948,109.896,109.908,109.917,109.956
2021-07-29 02:00:00,109.907,109.91,109.865,109.891,109.907,109.909
2021-07-29 03:00:00,109.891,109.891,109.721,109.747,109.891,109.892
2021-07-29 04:00:00,109.746,109.757,109.686,109.746,109.746,109.748
2021-07-29 05:00:00,109.748,109.819,109.72,109.803,109.748,109.748
2021-07-29 06:00:00,109.803,109.812,109.759,109.787,109.803,109.805
2021-07-29 07:00:00,109.787,109.831,109.766,109.781,109.787,109.788
2021-07-29 08:00:00,109.781,109.789,109.68,109.733,109.781,109.783
2021-07-29 09:00:00,109.733,109.841,109.726,109.834,109.733,109.733
2021-07-29 10:00:00,109.834,109.89,109.783,109.855,109.834,109.834
2021-07-29 11:00:00,109.855,109.886,109.728,109.811,109.855,109.855
2021-07-29 12:00:00,109.811,109.868,109.8,109.839,109.811,109.811
2021-07-29 13:00:00,109.839,109.877,109.777,109.863,109.839,109.84
2021-07-29 14:00:00,109.863,109.876,109.791,109.846,109.863,109.863
2021-07-29 15:00:00,109.845,109.846,109.605,109.757,109.845,109.846
2021-07-29 16:00:00,109.757,109.91,109.718,109.757,109.757,109.758
2021-07-29 17:00:00,109.757,109.816,109.586,109.602,109.757,109.757
2021-07-29 18:00:00,109.603,109.645,109.47,109.542,109.603,109.603
2021-07-29 19:00:00,109.541,109.595,109.525,109.527,109.541,109.542
2021-07-29 20:00:00,109.526,109.565,109.483,109.506,109.526,109.528
2021-07-29 21:00:00,109.506,109.521,109.458,109.458,109.506,109.506
2021-07-29 22:00:00,109.458,109.467,109.422,109.452,109.458,109.46
2021-07-29 23:00:00,109.453,109.491,109.452,109.482,109.453,109.453
2021-07-30 00:00:00,109.46,109.498,109.441,109.46,109.46,109.499
2021-07-30 01:00:00,109.457,109.481,109.441,109.455,109.457,109.504
2021-07-30 02:00:00,109.455,109.456,109.401,109.411,109.455,109.457
2021-07-30 03:00:00,109.412,109.552,109.36,109.549,109.412,109.412
2021-07-30 04:00:00,109.548,109.606,109.466,109.473,109.548,109.548
2021-07-30 05:00:00,109.474,109.542,109.464,109.529,109.474,109.474
2021-07-30 06:00:00,109.531,109.561,109.495,109.519,109.531,109.531
2021-07-30 07:00:00,109.521,109.537,109.483,109.525,109.521,109.521
2021-07-30 08:00:00,109.527,109.556,109.498,109.545,109.527,109.528
2021-07-30 09:00:00,109.545,109.626,109.523,109.606,109.545,109.545
2021-07-30 10:00:00,109.606,109.628,109.49,109.525,109.606,109.606
2021-07-30 11:00:00,109.525,109.559,109.48,109.496,109.525,109.527
2021-07-30 12:00:00,109.497,109.574,109.496,109.556,109.497,109.497
2021-07-30 13:00:00,109.555,109.624,109.552,109.595,109.555,109.556
2021-07-30 14:00:00,109.596,109.665,109.594,109.658,109.596,109.597
2021-07-30 15:00:00,109.658,109.793,109.586,109.773,109.658,109.658
2021-07-30 16:00:00,109.772,109.788,109.632,109.704,109.772,109.772
2021-07-30 17:00:00,109.704,109.799,109.659,109.762,109.704,109.704
2021-07-30 18:00:00,109.762,109.766,109.703,109.721,109.762,109.762
2021-07-30 19:00:00,109.722,109.789,109.697,109.787,109.722,109.722
2021-07-30 20:00:00,109.787,109.828,109.776,109.8,109.787,109.788
2021-07-30 21:00:00,109.802,109.806,109.753,109.753,109.802,109.802
2021-07-30 22:00:00,109.753,109.774,109.692,109.707,109.753,109.753
2021-07-30 23:00:00,109.708,109.732,109.646,109.685,109.708,109.708
2021-08-02 00:00:00,109.628,109.678,109.586,109.621,109.628,109.785
2021-08-02 01:00:00,109.621,109.756,109.621,109.713,109.621,109.694
2021-08-02 02:00:00,109.713,109.771,109.707,109.715,109.713,109.716
2021-08-02 03:00:00,109.714,109.715,109.601,109.632,109.714,109.715
2021-08-02 04:00:00,109.632,109.744,109.611,109.712,109.632,109.633
2021-08-02 05:00:00,109.712,109.735,109.653,109.683,109.712,109.712
2021-08-02 06:00:00,109.683,109.697,109.651,109.67,109.683,109.684
2021-08-02 07:00:00,109.668,109.721,109.666,109.702,109.668,109.669
2021-08-02 08:00:00,109.702,109.705,109.649,109.677,109.702,109.703
2021-08-02 09:00:00,109.677,109.695,109.63,109.656,109.677,109.677
2021-08-02 10:00:00,109.656,109.746,109.62,109.68,109.656,109.657
2021-08-02 11:00:00,109.679,109.705,109.632,109.649,109.679,109.679
2021-08-02 12:00:00,109.649,109.67,109.556,109.56,109.649,109.651
2021-08-02 13:00:00,109.56,109.592,109.511,109.514,109.56,109.56
2021-08-02 14:00:00,109.514,109.576,109.5,109.508,109.514,109.514
2021-08-02 15:00:00,109.508,109.543,109.477,109.536,109.508,109.508
2021-08-02 16:00:00,109.536,109.544,109.422,109.474,109.536,109.537
2021-08-02 17:00:00,109.477,109.477,109.23,109.27,109.477,109.489
2021-08-02 18:00:00,109.27,109.307,109.188,109.235,109.27,109.27
2021-08-02 19:00:00,109.235,109.257,109.188,109.251,109.235,109.235
2021-08-02 20:00:00,109.251,109.278,109.242,109.273,109.251,109.252
2021-08-02 21:00:00,109.272,109.289,109.246,109.246,109.272,109.273
2021-08-02 22:00:00,109.246,109.375,109.245,109.302,109.246,109.246
2021-08-02 23:00:00,109.306,109.352,109.294,109.315,109.306,109.306
2021-08-03 00:00:00,109.303,109.314,109.288,109.3,109.303,109.323
2021-08-03 01:00:00,109.3,109.342,109.298,109.328,109.3,109.341
2021-08-03 02:00:00,109.327,109.335,109.267,109.271,109.327,109.328
2021-08-03 03:00:00,109.274,109.318,109.222,109.307,109.274,109.274
2021-08-03 04:00:00,109.307,109.333,109.235,109.25,109.307,109.309
2021-08-03 05:00:00,109.25,109.251,109.191,109.216,109.25,109.252
2021-08-03 06:00:00,109.216,109.276,109.216,109.25,109.216,109.217
2021-08-03 07:00:00,109.25,109.252,109.135,109.183,109.25,109.251
2021-08-03 08:00:00,109.183,109.228,109.162,109.175,109.183,109.183
2021-08-03 09:00:00,109.175,109.182,109.11,109.134,109.175,109.175
2021-08-03 10:00:00,109.134,109.239,109.098,109.214,109.134,109.135
2021-08-03 11:00:00,109.213,109.248,109.122,109.15,109.213,109.215
2021-08-03 12:00:00,109.151,109.208,109.127,109.183,109.151,109.152
2021-08-03 13:00:00,109.182,109.216,109.126,109.174,109.182,109.184
2021-08-03 14:00:00,109.174,109.218,109.164,109.172,109.174,109.174
2021-08-03 15:00:00,109.172,109.185,109.028,109.036,109.172,109.172
2021-08-03 16:00:00,109.035,109.035,108.877,108.903,109.035,109.035
2021-08-03 17:00:00,108.903,108.994,108.878,108.95,108.903,108.904
2021-08-03 18:00:00,108.95,109.105,108.928,109.101,108.95,108.95
2021-08-03 19:00:00,109.101,109.104,109.053,109.063,109.101,109.101
2021-08-03 20:00:00,109.064,109.142,109.062,109.134,109.064,109.064
2021-08-03 21:00:00,109.134,109.157,109.1,109.108,109.134,109.134
2021-08-03 22:00:00,109.108,109.11,109.048,109.053,109.108,109.109
2021-08-03 23:00:00,109.053,109.061,109.026,109.027,109.053,109.054
2021-08-04 00:00:00,109.003,109.072,109.003,109.042,109.003,109.081
2021-08-04 01:00:00,109.042,109.065,109.017,109.018,109.042,109.06
2021-08-04 02:00:00,109.019,109.02,108.984,108.992,109.019,109.021
2021-08-04 03:00:00,108.992,109.041,108.947,109.017,108.992,108.992
2021-08-04 04:00:00,109.018,109.025,108.926,109.023,109.018,109.018
2021-08-04 05:00:00,109.022,109.11,109.002,109.039,109.022,109.023
2021-08-04 06:00:00,109.039,109.058,109.012,109.055,109.039,109.039
2021-08-04 07:00:00,109.055,109.084,109.042,109.082,109.055,109.055
2021-08-04 08:00:00,109.082,109.082,109.026,109.053,109.082,109.082
2021-08-04 09:00:00,109.054,109.131,109.045,109.072,109.054,109.055
2021-08-04 10:00:00,109.073,109.107,109.068,109.096,109.073,109.073
2021-08-04 12:00:00,109.192,109.213,109.159,109.166,109.192,109.193
2021-08-04 13:00:00,109.167,109.198,109.121,109.13,109.167,109.167
2021-08-04 14:00:00,109.131,109.142,109.013,109.039,109.131,109.131
2021-08-04 15:00:00,109.039,109.056,108.76,108.768,109.039,109.04
2021-08-04 16:00:00,108.768,108.877,108.721,108.833,108.768,108.768
2021-08-04 17:00:00,108.831,109.626,108.831,109.564,108.831,108.836
2021-08-04 18:00:00,109.564,109.674,109.427,109.429,109.564,109.564
2021-08-04 19:00:00,109.429,109.549,109.429,109.519,109.429,109.43
2021-08-04 20:00:00,109.518,109.518,109.466,109.499,109.518,109.519
2021-08-04 21:00:00,109.498,109.514,109.452,109.466,109.498,109.499
2021-08-04 22:00:00,109.466,109.479,109.436,109.467,109.466,109.466
2021-08-04 23:00:00,109.467,109.489,109.446,109.482,109.467,109.468
2021-08-05 00:00:00,109.48,109.483,109.467,109.476,109.48,109.496
2021-08-05 01:00:00,109.468,109.525,109.459,109.487,109.468,109.487
2021-08-05 02:00:00,109.485,109.538,109.476,109.533,109.485,109.488
2021-08-05 03:00:00,109.533,109.691,109.514,109.685,109.533,109.536
2021-08-05 04:00:00,109.685,109.686,109.634,109.681,109.685,109.687
2021-08-05 05:00:00,109.681,109.716,109.628,109.672,109.681,109.682
2021-08-05 06:00:00,109.672,109.691,109.646,109.674,109.672,109.673
2021-08-05 07:00:00,109.674,109.699,109.657,109.669,109.674,109.676
2021-08-05 08:00:00,109.669,109.691,109.643,109.659,109.669,109.669
2021-08-05 09:00:00,109.66,109.753,109.634,109.655,109.66,109.66
2021-08-05 10:00:00,109.655,109.709,109.549,109.57,109.655,109.656
2021-08-05 11:00:00,109.571,109.666,109.546,109.601,109.571,109.571
2021-08-05 12:00:00,109.601,109.639,109.572,109.592,109.601,109.602
2021-08-05 13:00:00,109.594,109.595,109.433,109.463,109.594,109.594
2021-08-05 14:00:00,109.464,109.483,109.404,109.428,109.464,109.465
2021-08-05 15:00:00,109.428,109.632,109.422,109.594,109.428,109.428
2021-08-05 16:00:00,109.594,109.75,109.558,109.697,109.594,109.594
2021-08-05 17:00:00,109.698,109.779,109.648,109.7,109.698,109.698
2021-08-05 18:00:00,109.7,109.783,109.671,109.76,109.7,109.7
2021-08-05 19:00:00,109.761,109.763,109.693,109.739,109.761,109.761
2021-08-05 20:00:00,109.739,109.79,109.736,109.767,109.739,109.739
2021-08-05 21:00:00,109.767,109.786,109.742,109.748,109.767,109.767
2021-08-05 22:00:00,109.749,109.765,109.725,109.755,109.749,109.75
2021-08-05 23:00:00,109.755,109.787,109.749,109.782,109.755,109.756
2021-08-06 00:00:00,109.768,109.779,109.75,109.753,109.768,109.778
2021-08-06 01:00:00,109.753,109.789,109.753,109.784,109.753,109.772
2021-08-06 02:00:00,109.783,109.785,109.751,109.753,109.783,109.785
2021-08-06 03:00:00,109.753,109.881,109.742,109.864,109.753,109.754
2021-08-06 04:00:00,109.864,109.887,109.83,109.875,109.864,109.865
2021-08-06 05:00:00,109.874,109.883,109.851,109.862,109.874,109.875
2021-08-06 06:00:00,109.862,109.875,109.852,109.857,109.862,109.863
2021-08-06 07:00:00,109.857,109.87,109.813,109.816,109.857,109.858
2021-08-06 08:00:00,109.816,109.827,109.802,109.815,109.816,109.818
2021-08-06 09:00:00,109.815,109.845,109.729,109.77,109.815,109.815
2021-08-06 10:00:00,109.771,109.795,109.699,109.722,109.771,109.771
2021-08-06 11:00:00,109.722,109.788,109.713,109.782,109.722,109.723
2021-08-06 12:00:00,109.782,109.827,109.755,109.811,109.782,109.782
2021-08-06 13:00:00,109.811,109.846,109.782,109.827,109.811,109.811
2021-08-06 14:00:00,109.827,109.846,109.776,109.792,109.827,109.827
2021-08-06 15:00:00,109.792,110.118,109.784,110.113,109.792,109.792
2021-08-06 16:00:00,110.114,110.283,110.114,110.282,110.114,110.115
2021-08-06 17:00:00,110.278,110.352,110.256,110.322,110.278,110.279
2021-08-06 18:00:00,110.323,110.331,110.192,110.236,110.323,110.323
2021-08-06 19:00:00,110.237,110.285,110.233,110.267,110.237,110.237
2021-08-06 20:00:00,110.267,110.269,110.22,110.254,110.267,110.268
2021-08-06 21:00:00,110.254,110.254,110.202,110.227,110.254,110.255
2021-08-06 22:00:00,110.226,110.239,110.194,110.219,110.226,110.228
2021-08-06 23:00:00,110.219,110.249,110.21,110.224,110.219,110.22
2021-08-09 00:00:00,110.317,110.319,110.083,110.228,110.317,110.348
2021-08-09 01:00:00,110.227,110.29,110.202,110.261,110.227,110.285
2021-08-09 02:00:00,110.261,110.294,110.249,110.264,110.261,110.263
2021-08-09 03:00:00,110.264,110.318,110.252,110.263,110.264,110.265
2021-08-09 04:00:00,110.263,110.264,110.188,110.232,110.263,110.264
2021-08-09 05:00:00,110.232,110.239,110.205,110.208,110.232,110.233
2021-08-09 06:00:00,110.208,110.238,110.201,110.219,110.208,110.208
2021-08-09 07:00:00,110.219,110.228,110.207,110.215,110.219,110.219
2021-08-09 08:00:00,110.214,110.221,110.175,110.189,110.214,110.215
2021-08-09 09:00:00,110.19,110.194,110.108,110.18,110.19,110.191
2021-08-09 10:00:00,110.18,110.24,110.136,110.188,110.18,110.18
2021-08-09 11:00:00,110.189,110.237,110.147,110.189,110.189,110.19
2021-08-09 12:00:00,110.189,110.194,110.107,110.137,110.189,110.189
2021-08-09 13:00:00,110.137,110.187,110.113,110.15,110.137,110.137
2021-08-09 14:00:00,110.15,110.15,110.045,110.103,110.15,110.15
2021-08-09 15:00:00,110.103,110.158,110.061,110.141,110.103,110.103
2021-08-09 16:00:00,110.142,110.148,110.027,110.111,110.142,110.144
2021-08-09 17:00:00,110.11,110.299,110.071,110.286,110.11,110.11
2021-08-09 18:00:00,110.286,110.306,110.21,110.257,110.286,110.286
2021-08-09 19:00:00,110.258,110.319,110.254,110.274,110.258,110.258
2021-08-09 20:00:00,110.274,110.298,110.258,110.272,110.274,110.274
2021-08-09 21:00:00,110.272,110.291,110.23,110.29,110.272,110.272
2021-08-09 22:00:00,110.289,110.334,110.283,110.33,110.289,110.289
2021-08-09 23:00:00,110.33,110.354,110.318,110.337,110.33,110.33
2021-08-10 00:00:00,110.205,110.32,110.205,110.314,110.205,110.345
2021-08-10 01:00:00,110.314,110.342,110.28,110.301,110.314,110.338
2021-08-10 02:00:00,110.299,110.332,110.299,110.323,110.299,110.303
2021-08-10 03:00:00,110.322,110.405,110.303,110.328,110.322,110.324
2021-08-10 04:00:00,110.328,110.357,110.311,110.336,110.328,110.329
2021-08-10 05:00:00,110.338,110.354,110.308,110.346,110.338,110.338
2021-08-10 06:00:00,110.346,110.363,110.31,110.338,110.346,110.346
2021-08-10 07:00:00,110.339,110.353,110.316,110.326,110.339,110.339
2021-08-10 08:00:00,110.326,110.36,110.318,110.359,110.326,110.328
2021-08-10 09:00:00,110.359,110.403,110.348,110.382,110.359,110.359
2021-08-10 10:00:00,110.382,110.468,110.371,110.443,110.382,110.382
2021-08-10 11:00:00,110.443,110.501,110.441,110.489,110.443,110.443
2021-08-10 12:00:00,110.489,110.53,110.448,110.508,110.489,110.489
2021-08-10 13:00:00,110.508,110.549,110.437,110.46,110.508,110.508
2021-08-10 14:00:00,110.46,110.526,110.46,110.488,110.46,110.461
2021-08-10 15:00:00,110.488,110.506,110.4,110.49,110.488,110.488
2021-08-10 16:00:00,110.491,110.598,110.468,110.568,110.491,110.491
2021-08-10 17:00:00,110.57,110.591,110.526,110.552,110.57,110.57
2021-08-10 18:00:00,110.552,110.571,110.508,110.552,110.552,110.552
2021-08-10 19:00:00,110.552,110.6,110.542,110.597,110.552,110.552
2021-08-10 20:00:00,110.596,110.6,110.569,110.581,110.596,110.599
2021-08-10 21:00:00,110.581,110.595,110.544,110.578,110.581,110.582
2021-08-10 22:00:00,110.577,110.581,110.57,110.574,110.577,110.578
2021-08-10 23:00:00,110.577,110.599,110.565,110.583,110.577,110.579
2021-08-11 00:00:00,110.554,110.566,110.475,110.549,110.554,110.582
2021-08-11 01:00:00,110.547,110.582,110.535,110.555,110.547,110.578
2021-08-11 02:00:00,110.554,110.602,110.547,110.6,110.554,110.556
2021-08-11 03:00:00,110.6,110.685,110.586,110.674,110.6,110.601
2021-08-11 04:00:00,110.674,110.688,110.634,110.645,110.674,110.674
2021-08-11 05:00:00,110.645,110.646,110.606,110.643,110.645,110.646
2021-08-11 06:00:00,110.643,110.665,110.632,110.642,110.643,110.644
2021-08-11 07:00:00,110.642,110.683,110.639,110.678,110.642,110.643
2021-08-11 08:00:00,110.678,110.688,110.646,110.688,110.678,110.679
2021-08-11 09:00:00,110.688,110.754,110.672,110.739,110.688,110.688
2021-08-11 10:00:00,110.739,110.789,110.722,110.75,110.739,110.74
2021-08-11 11:00:00,110.751,110.801,110.746,110.798,110.751,110.752
2021-08-11 12:00:00,110.797,110.8,110.752,110.782,110.797,110.798
2021-08-11 13:00:00,110.783,110.786,110.726,110.741,110.783,110.783
2021-08-11 14:00:00,110.74,110.761,110.679,110.698,110.74,110.741
2021-08-11 15:00:00,110.698,110.707,110.398,110.478,110.698,110.698
2021-08-11 16:00:00,110.478,110.579,110.386,110.519,110.478,110.478
2021-08-11 17:00:00,110.519,110.533,110.434,110.466,110.519,110.519
2021-08-11 18:00:00,110.466,110.503,110.441,110.468,110.466,110.466
2021-08-11 19:00:00,110.468,110.495,110.415,110.418,110.468,110.468
2021-08-11 20:00:00,110.417,110.443,110.31,110.403,110.417,110.418
2021-08-11 21:00:00,110.403,110.458,110.391,110.457,110.403,110.403
2021-08-11 22:00:00,110.457,110.48,110.39,110.416,110.457,110.458
2021-08-11 23:00:00,110.416,110.443,110.401,110.441,110.416,110.417
2021-08-12 00:00:00,110.399,110.422,110.386,110.414,110.399,110.441
2021-08-12 01:00:00,110.417,110.448,110.417,110.42,110.417,110.436
2021-08-12 02:00:00,110.42,110.425,110.36,110.378,110.42,110.423
2021-08-12 03:00:00,110.378,110.407,110.337,110.348,110.378,110.379
2021-08-12 04:00:00,110.347,110.368,110.317,110.354,110.347,110.349
2021-08-12 05:00:00,110.353,110.433,110.342,110.404,110.353,110.353
2021-08-12 06:00:00,110.404,110.416,110.337,110.352,110.404,110.404
2021-08-12 07:00:00,110.353,110.421,110.352,110.418,110.353,110.353
2021-08-12 08:00:00,110.418,110.418,110.378,110.39,110.418,110.418
2021-08-12 09:00:00,110.39,110.448,110.366,110.436,110.39,110.39
2021-08-12 10:00:00,110.437,110.476,110.377,110.384,110.437,110.437
2021-08-12 11:00:00,110.384,110.417,110.347,110.359,110.384,110.385
2021-08-12 12:00:00,110.36,110.442,110.358,110.424,110.36,110.36
2021-08-12 13:00:00,110.424,110.448,110.405,110.442,110.424,110.425
2021-08-12 14:00:00,110.442,110.464,110.431,110.44,110.442,110.442
2021-08-12 15:00:00,110.44,110.534,110.396,110.461,110.44,110.44
2021-08-12 16:00:00,110.462,110.548,110.462,110.488,110.462,110.462
2021-08-12 17:00:00,110.487,110.492,110.334,110.355,110.487,110.487
2021-08-12 18:00:00,110.356,110.375,110.322,110.366,110.356,110.356
2021-08-12 19:00:00,110.366,110.404,110.356,110.403,110.366,110.366
2021-08-12 20:00:00,110.403,110.441,110.383,110.395,110.403,110.403
2021-08-12 21:00:00,110.396,110.476,110.393,110.463,110.396,110.397
2021-08-12 22:00:00,110.463,110.465,110.401,110.413,110.463,110.463
2021-08-12 23:00:00,110.412,110.445,110.412,110.441,110.412,110.412
2021-08-13 00:00:00,110.359,110.436,110.323,110.419,110.359,110.459
2021-08-13 01:00:00,110.419,110.431,110.392,110.396,110.419,110.451
2021-08-13 02:00:00,110.394,110.417,110.371,110.402,110.394,110.396
2021-08-13 03:00:00,110.403,110.458,110.389,110.422,110.403,110.404
2021-08-13 04:00:00,110.422,110.426,110.371,110.424,110.422,110.424
2021-08-13 05:00:00,110.422,110.427,110.382,110.394,110.422,110.423
2021-08-13 06:00:00,110.394,110.419,110.381,110.41,110.394,110.395
2021-08-13 07:00:00,110.41,110.419,110.399,110.411,110.41,110.411
2021-08-13 08:00:00,110.411,110.415,110.391,110.406,110.411,110.411
2021-08-13 09:00:00,110.407,110.417,110.348,110.375,110.407,110.407
2021-08-13 10:00:00,110.375,110.375,110.248,110.294,110.375,110.375
2021-08-13 11:00:00,110.295,110.307,110.235,110.274,110.295,110.295
2021-08-13 12:00:00,110.274,110.333,110.273,110.301,110.274,110.274
2021-08-13 13:00:00,110.3,110.303,110.254,110.274,110.3,110.3
2021-08-13 14:00:00,110.274,110.275,110.203,110.237,110.274,110.275
2021-08-13 15:00:00,110.238,110.245,110.184,110.196,110.238,110.238
2021-08-13 16:00:00,110.196,110.203,110.096,110.108,110.196,110.198
2021-08-13 17:00:00,110.109,110.109,109.852,109.868,110.109,110.111
2021-08-13 18:00:00,109.868,109.877,109.735,109.758,109.868,109.869
2021-08-13 19:00:00,109.758,109.777,109.646,109.673,109.758,109.758
2021-08-13 20:00:00,109.673,109.674,109.593,109.636,109.673,109.674
2021-08-13 21:00:00,109.632,109.632,109.585,109.585,109.632,109.632
2021-08-13 22:00:00,109.585,109.614,109.547,109.559,109.585,109.585
2021-08-13 23:00:00,109.559,109.609,109.558,109.6,109.559,109.56
2021-08-16 00:00:00,109.616,109.643,109.553,109.606,109.616,109.716
2021-08-16 01:00:00,109.601,109.751,109.549,109.663,109.601,109.686
2021-08-16 02:00:00,109.663,109.663,109.6,109.628,109.663,109.665
2021-08-16 03:00:00,109.627,109.627,109.441,109.501,109.627,109.63
2021-08-16 04:00:00,109.499,109.531,109.405,109.442,109.499,109.499
2021-08-16 05:00:00,109.442,109.442,109.328,109.382,109.442,109.442
2021-08-16 06:00:00,109.382,109.4,109.346,109.38,109.382,109.383
2021-08-16 07:00:00,109.38,109.444,109.376,109.436,109.38,109.382
2021-08-16 08:00:00,109.436,109.452,109.408,109.423,109.436,109.436
2021-08-16 09:00:00,109.42,109.432,109.345,109.351,109.42,109.42
2021-08-16 10:00:00,109.353,109.424,109.297,109.413,109.353,109.353
2021-08-16 11:00:00,109.412,109.454,109.305,109.314,109.412,109.412
2021-08-16 12:00:00,109.314,109.427,109.306,109.338,109.314,109.314
2021-08-16 13:00:00,109.338,109.353,109.256,109.326,109.338,109.339
2021-08-16 14:00:00,109.326,109.426,109.322,109.385,109.326,109.326
2021-08-16 15:00:00,109.385,109.439,109.27,109.313,109.385,109.386
2021-08-16 16:00:00,109.313,109.328,109.114,109.173,109.313,109.314
2021-08-16 17:00:00,109.173,109.292,109.12,109.138,109.173,109.173
2021-08-16 18:00:00,109.138,109.281,109.136,109.269,109.138,109.138
2021-08-16 19:00:00,109.269,109.278,109.228,109.238,109.269,109.269
2021-08-16 20:00:00,109.24,109.247,109.211,109.222,109.24,109.24
2021-08-16 21:00:00,109.222,109.258,109.2,109.237,109.222,109.222
2021-08-16 22:00:00,109.235,109.256,109.227,109.234,109.235,109.235
2021-08-16 23:00:00,109.235,109.272,109.233,109.267,109.235,109.236
2021-08-17 00:00:00,109.15,109.294,109.15,109.265,109.15,109.298
2021-08-17 01:00:00,109.263,109.266,109.229,109.256,109.263,109.297
2021-08-17 02:00:00,109.256,109.329,109.229,109.299,109.256,109.258
2021-08-17 03:00:00,109.3,109.318,109.221,109.238,109.3,109.302
2021-08-17 04:00:00,109.238,109.279,109.203,109.23,109.238,109.239
2021-08-17 05:00:00,109.23,109.34,109.207,109.27,109.23,109.232
2021-08-17 06:00:00,109.27,109.328,109.265,109.303,109.27,109.271
2021-08-17 07:00:00,109.303,109.354,109.302,109.342,109.303,109.303
2021-08-17 08:00:00,109.343,109.344,109.289,109.342,109.343,109.344
2021-08-17 09:00:00,109.342,109.346,109.242,109.291,109.342,109.342
2021-08-17 10:00:00,109.29,109.369,109.116,109.326,109.29,109.291
2021-08-17 11:00:00,109.325,109.429,109.286,109.303,109.325,109.326
2021-08-17 12:00:00,109.303,109.354,109.29,109.308,109.303,109.306
2021-08-17 13:00:00,109.309,109.327,109.256,109.284,109.309,109.309
2021-08-17 14:00:00,109.285,109.305,109.207,109.296,109.285,109.285
2021-08-17 15:00:00,109.294,109.556,109.171,109.531,109.294,109.294
2021-08-17 16:00:00,109.531,109.566,109.412,109.439,109.531,109.532
2021-08-17 17:00:00,109.439,109.631,109.426,109.593,109.439,109.44
2021-08-17 18:00:00,109.594,109.655,109.572,109.605,109.594,109.594
2021-08-17 19:00:00,109.605,109.607,109.532,109.545,109.605,109.607
2021-08-17 20:00:00,109.545,109.558,109.507,109.526,109.545,109.545
2021-08-17 21:00:00,109.526,109.579,109.525,109.56,109.526,109.526
2021-08-17 22:00:00,109.56,109.603,109.56,109.584,109.56,109.56
2021-08-17 23:00:00,109.584,109.61,109.572,109.587,109.584,109.584
2021-08-18 00:00:00,109.551,109.587,109.498,109.568,109.551,109.651
2021-08-18 01:00:00,109.568,109.609,109.565,109.595,109.568,109.605
2021-08-18 02:00:00,109.594,109.616,109.539,109.54,109.594,109.595
2021-08-18 03:00:00,109.54,109.59,109.509,109.514,109.54,109.541
2021-08-18 04:00:00,109.514,109.552,109.478,109.5,109.514,109.515
2021-08-18 05:00:00,109.5,109.576,109.489,109.564,109.5,109.505
2021-08-18 06:00:00,109.564,109.647,109.549,109.641,109.564,109.566
2021-08-18 07:00:00,109.642,109.683,109.609,109.616,109.642,109.643
2021-08-18 08:00:00,109.616,109.654,109.604,109.605,109.616,109.616
2021-08-18 09:00:00,109.605,109.636,109.562,109.605,109.605,109.609
2021-08-18 10:00:00,109.605,109.618,109.537,109.615,109.605,109.605
2021-08-18 11:00:00,109.615,109.671,109.581,109.625,109.615,109.615
2021-08-18 12:00:00,109.625,109.665,109.607,109.662,109.625,109.625
2021-08-18 13:00:00,109.662,109.752,109.631,109.746,109.662,109.662
2021-08-18 14:00:00,109.746,109.818,109.744,109.745,109.746,109.748
2021-08-18 15:00:00,109.746,109.879,109.719,109.865,109.746,109.746
2021-08-18 16:00:00,109.865,109.874,109.777,109.798,109.865,109.866
2021-08-18 17:00:00,109.797,109.898,109.775,109.886,109.797,109.797
2021-08-18 18:00:00,109.884,109.947,109.876,109.92,109.884,109.884
2021-08-18 19:00:00,109.921,110.0,109.919,109.984,109.921,109.921
2021-08-18 20:00:00,109.984,110.051,109.956,110.039,109.984,109.984
2021-08-18 21:00:00,110.038,110.066,109.791,109.887,110.038,110.038
2021-08-18 22:00:00,109.887,109.898,109.768,109.771,109.887,109.887
2021-08-18 23:00:00,109.774,109.808,109.755,109.767,109.774,109.774
2021-08-19 00:00:00,109.763,109.789,109.747,109.767,109.763,109.778
2021-08-19 01:00:00,109.778,109.817,109.773,109.803,109.778,109.806
2021-08-19 02:00:00,109.803,109.848,109.785,109.842,109.803,109.803
2021-08-19 03:00:00,109.841,109.995,109.837,109.983,109.841,109.841
2021-08-19 04:00:00,109.983,110.119,109.963,110.108,109.983,109.984
2021-08-19 05:00:00,110.107,110.192,110.067,110.15,110.107,110.108
2021-08-19 06:00:00,110.149,110.226,110.144,110.169,110.149,110.15
2021-08-19 07:00:00,110.17,110.186,110.143,110.171,110.17,110.17
2021-08-19 08:00:00,110.171,110.199,110.122,110.135,110.171,110.172
2021-08-19 09:00:00,110.136,110.155,109.924,109.93,110.136,110.136
2021-08-19 10:00:00,109.931,109.941,109.746,109.792,109.931,109.931
2021-08-19 11:00:00,109.792,109.793,109.497,109.605,109.792,109.794
2021-08-19 12:00:00,109.605,109.689,109.484,109.66,109.605,109.605
2021-08-19 13:00:00,109.66,109.744,109.633,109.659,109.66,109.66
2021-08-19 14:00:00,109.658,109.684,109.546,109.572,109.658,109.658
2021-08-19 15:00:00,109.573,109.769,109.514,109.683,109.573,109.573
2021-08-19 16:00:00,109.682,109.835,109.664,109.728,109.682,109.683
2021-08-19 17:00:00,109.728,109.838,109.658,109.723,109.728,109.729
2021-08-19 18:00:00,109.723,109.768,109.704,109.75,109.723,109.723
2021-08-19 19:00:00,109.749,109.804,109.749,109.777,109.749,109.75
2021-08-19 20:00:00,109.776,109.833,109.76,109.784,109.776,109.778
2021-08-19 21:00:00,109.784,109.82,109.769,109.789,109.784,109.785
2021-08-19 22:00:00,109.789,109.82,109.778,109.785,109.789,109.789
2021-08-19 23:00:00,109.786,109.795,109.758,109.765,109.786,109.786
2021-08-20 00:00:00,109.681,109.759,109.656,109.745,109.681,109.781
2021-08-20 01:00:00,109.744,109.774,109.736,109.759,109.744,109.788
2021-08-20 02:00:00,109.761,109.783,109.749,109.77,109.761,109.764
2021-08-20 03:00:00,109.77,109.885,109.77,109.845,109.77,109.772
2021-08-20 04:00:00,109.845,109.848,109.632,109.699,109.845,109.845
2021-08-20 05:00:00,109.699,109.755,109.688,109.712,109.699,109.701
2021-08-20 06:00:00,109.711,109.774,109.704,109.75,109.711,109.713
2021-08-20 07:00:00,109.75,109.766,109.706,109.746,109.75,109.753
2021-08-20 08:00:00,109.746,109.747,109.622,109.695,109.746,109.747
2021-08-20 09:00:00,109.695,109.741,109.613,109.663,109.695,109.696
2021-08-20 10:00:00,109.659,109.706,109.579,109.614,109.659,109.659
2021-08-20 11:00:00,109.615,109.712,109.596,109.68,109.615,109.616
2021-08-20 12:00:00,109.68,109.693,109.624,109.646,109.68,109.68
2021-08-20 13:00:00,109.647,109.649,109.586,109.628,109.647,109.647
2021-08-20 14:00:00,109.627,109.75,109.604,109.695,109.627,109.627
2021-08-20 15:00:00,109.697,109.777,109.654,109.777,109.697,109.697
2021-08-20 16:00:00,109.776,109.865,109.732,109.827,109.776,109.776
2021-08-20 17:00:00,109.827,109.878,109.788,109.803,109.827,109.827
2021-08-20 18:00:00,109.803,109.838,109.76,109.768,109.803,109.803
2021-08-20 19:00:00,109.768,109.82,109.75,109.811,109.768,109.768
2021-08-20 20:00:00,109.812,109.849,109.807,109.829,109.812,109.812
2021-08-20 21:00:00,109.829,109.845,109.803,109.808,109.829,109.829
2021-08-20 22:00:00,109.808,109.821,109.78,109.78,109.808,109.808
2021-08-20 23:00:00,109.78,109.805,109.76,109.792,109.78,109.78
2021-08-23 00:00:00,109.724,109.727,109.692,109.724,109.724,109.824
2021-08-23 01:00:00,109.687,109.853,109.687,109.842,109.687,109.85
2021-08-23 02:00:00,109.841,109.883,109.83,109.842,109.841,109.843
2021-08-23 03:00:00,109.844,109.935,109.835,109.869,109.844,109.844
2021-08-23 04:00:00,109.869,109.885,109.819,109.851,109.869,109.869
2021-08-23 05:00:00,109.851,109.862,109.817,109.819,109.851,109.852
2021-08-23 06:00:00,109.82,109.874,109.808,109.868,109.82,109.82
2021-08-23 07:00:00,109.868,109.887,109.851,109.864,109.868,109.87
2021-08-23 08:00:00,109.863,109.953,109.847,109.949,109.863,109.864
2021-08-23 09:00:00,109.948,109.984,109.912,109.94,109.948,109.949
2021-08-23 10:00:00,109.94,109.991,109.84,109.903,109.94,109.94
2021-08-23 11:00:00,109.903,109.987,109.897,109.935,109.903,109.903
2021-08-23 12:00:00,109.936,110.1,109.936,110.047,109.936,109.936
2021-08-23 13:00:00,110.047,110.097,110.018,110.068,110.047,110.047
2021-08-23 14:00:00,110.067,110.148,110.056,110.132,110.067,110.068
2021-08-23 15:00:00,110.132,110.141,110.031,110.04,110.132,110.132
2021-08-23 16:00:00,110.041,110.041,109.741,109.848,110.041,110.042
2021-08-23 17:00:00,109.848,109.889,109.722,109.743,109.848,109.848
2021-08-23 18:00:00,109.743,109.844,109.731,109.783,109.743,109.743
2021-08-23 19:00:00,109.784,109.81,109.772,109.773,109.784,109.785
2021-08-23 20:00:00,109.773,109.774,109.735,109.737,109.773,109.775
2021-08-23 21:00:00,109.737,109.741,109.686,109.687,109.737,109.738
2021-08-23 22:00:00,109.687,109.696,109.654,109.671,109.687,109.687
2021-08-23 23:00:00,109.671,109.718,109.663,109.691,109.671,109.672
2021-08-24 00:00:00,109.691,109.697,109.648,109.674,109.691,109.709
2021-08-24 01:00:00,109.672,109.714,109.666,109.705,109.672,109.696
2021-08-24 02:00:00,109.704,109.707,109.67,109.678,109.704,109.707
2021-08-24 03:00:00,109.678,109.768,109.642,109.762,109.678,109.68
2021-08-24 04:00:00,109.762,109.778,109.701,109.742,109.762,109.763
2021-08-24 05:00:00,109.742,109.768,109.708,109.731,109.742,109.743
2021-08-24 06:00:00,109.731,109.765,109.724,109.761,109.731,109.732
2021-08-24 07:00:00,109.761,109.789,109.746,109.772,109.761,109.763
2021-08-24 08:00:00,109.772,109.84,109.771,109.829,109.772,109.773
2021-08-24 09:00:00,109.828,109.882,109.774,109.877,109.828,109.829
2021-08-24 10:00:00,109.878,109.878,109.728,109.772,109.878,109.879
2021-08-24 11:00:00,109.772,109.798,109.711,109.794,109.772,109.773
2021-08-24 12:00:00,109.795,109.795,109.649,109.698,109.795,109.795
2021-08-24 13:00:00,109.698,109.752,109.694,109.715,109.698,109.699
2021-08-24 14:00:00,109.715,109.718,109.653,109.701,109.715,109.716
2021-08-24 15:00:00,109.701,109.723,109.513,109.532,109.701,109.702
2021-08-24 16:00:00,109.533,109.749,109.414,109.626,109.533,109.533
2021-08-24 17:00:00,109.626,109.695,109.512,109.685,109.626,109.628
2021-08-24 18:00:00,109.685,109.71,109.649,109.686,109.685,109.686
2021-08-24 19:00:00,109.687,109.741,109.685,109.705,109.687,109.688
2021-08-24 20:00:00,109.705,109.713,109.647,109.693,109.705,109.705
2021-08-24 21:00:00,109.693,109.704,109.661,109.692,109.693,109.693
2021-08-24 22:00:00,109.692,109.696,109.64,109.655,109.692,109.692
2021-08-24 23:00:00,109.655,109.701,109.655,109.683,109.655,109.656
2021-08-25 00:00:00,109.591,109.68,109.591,109.638,109.591,109.715
2021-08-25 01:00:00,109.641,109.7,109.639,109.687,109.641,109.674
2021-08-25 02:00:00,109.687,109.733,109.68,109.731,109.687,109.689
2021-08-25 03:00:00,109.731,109.846,109.726,109.819,109.731,109.732
2021-08-25 04:00:00,109.819,109.87,109.779,109.842,109.819,109.82
2021-08-25 05:00:00,109.842,109.856,109.786,109.796,109.842,109.844
2021-08-25 06:00:00,109.797,109.823,109.76,109.776,109.797,109.797
2021-08-25 07:00:00,109.776,109.793,109.745,109.75,109.776,109.777
2021-08-25 08:00:00,109.75,109.762,109.691,109.712,109.75,109.751
2021-08-25 09:00:00,109.713,109.788,109.687,109.782,109.713,109.713
2021-08-25 10:00:00,109.78,109.827,109.721,109.75,109.78,109.78
2021-08-25 11:00:00,109.751,109.841,109.732,109.745,109.751,109.751
2021-08-25 12:00:00,109.746,109.815,109.744,109.808,109.746,109.746
2021-08-25 13:00:00,109.808,109.848,109.779,109.829,109.808,109.808
2021-08-25 14:00:00,109.83,109.941,109.828,109.888,109.83,109.83
2021-08-25 15:00:00,109.888,109.996,109.87,109.984,109.888,109.888
2021-08-25 16:00:00,109.986,110.05,109.889,109.983,109.986,109.986
2021-08-25 17:00:00,109.981,110.105,109.937,110.095,109.981,109.982
2021-08-25 18:00:00,110.095,110.095,110.021,110.039,110.095,110.095
2021-08-25 19:00:00,110.04,110.058,110.007,110.054,110.04,110.04
2021-08-25 20:00:00,110.054,110.125,110.046,110.076,110.054,110.054
2021-08-25 21:00:00,110.076,110.076,109.969,109.986,110.076,110.076
2021-08-25 22:00:00,109.987,110.042,109.974,109.989,109.987,109.987
2021-08-25 23:00:00,109.989,110.014,109.982,109.988,109.989,109.99
2021-08-26 00:00:00,109.957,110.022,109.951,109.984,109.957,110.057
2021-08-26 01:00:00,109.984,110.05,109.983,110.007,109.984,110.013
2021-08-26 02:00:00,110.007,110.027,109.977,109.979,110.007,110.008
2021-08-26 03:00:00,109.979,110.063,109.966,110.047,109.979,109.981
2021-08-26 04:00:00,110.047,110.113,109.988,110.032,110.047,110.048
2021-08-26 05:00:00,110.032,110.032,109.971,109.99,110.032,110.033
2021-08-26 06:00:00,109.99,110.002,109.928,109.935,109.99,109.991
2021-08-26 07:00:00,109.936,109.992,109.934,109.991,109.936,109.937
2021-08-26 08:00:00,109.991,110.004,109.954,109.996,109.991,109.992
2021-08-26 09:00:00,109.996,110.159,109.977,110.14,109.996,109.998
2021-08-26 10:00:00,110.143,110.225,110.092,110.163,110.143,110.143
2021-08-26 11:00:00,110.163,110.227,110.163,110.182,110.163,110.163
2021-08-26 12:00:00,110.182,110.195,110.106,110.143,110.182,110.183
2021-08-26 13:00:00,110.143,110.161,110.049,110.095,110.143,110.143
2021-08-26 14:00:00,110.095,110.124,110.022,110.116,110.095,110.096
2021-08-26 15:00:00,110.116,110.198,109.973,110.135,110.116,110.117
2021-08-26 16:00:00,110.133,110.229,110.109,110.168,110.133,110.133
2021-08-26 17:00:00,110.169,110.202,110.048,110.052,110.169,110.17
2021-08-26 18:00:00,110.053,110.102,109.938,110.081,110.053,110.053
2021-08-26 19:00:00,110.082,110.164,110.082,110.138,110.082,110.082
2021-08-26 20:00:00,110.138,110.159,110.033,110.069,110.138,110.14
2021-08-26 21:00:00,110.069,110.069,110.001,110.03,110.069,110.069
2021-08-26 22:00:00,110.03,110.047,110.018,110.023,110.03,110.03
2021-08-26 23:00:00,110.023,110.085,110.023,110.082,110.023,110.024
2021-08-27 00:00:00,110.086,110.091,109.978,110.058,110.086,110.091
2021-08-27 01:00:00,110.057,110.074,110.046,110.051,110.057,110.071
2021-08-27 02:00:00,110.05,110.071,110.041,110.051,110.05,110.052
2021-08-27 03:00:00,110.051,110.072,109.965,110.056,110.051,110.052
2021-08-27 04:00:00,110.056,110.087,109.957,110.003,110.056,110.058
2021-08-27 05:00:00,110.003,110.023,109.967,110.003,110.003,110.004
2021-08-27 06:00:00,110.003,110.006,109.967,109.977,110.003,110.003
2021-08-27 07:00:00,109.977,110.008,109.887,109.924,109.977,109.977
2021-08-27 08:00:00,109.924,109.992,109.924,109.989,109.924,109.926
2021-08-27 09:00:00,109.989,110.031,109.976,110.014,109.989,109.989
2021-08-27 10:00:00,110.014,110.121,109.989,110.106,110.014,110.014
2021-08-27 11:00:00,110.106,110.154,110.098,110.114,110.106,110.106
2021-08-27 12:00:00,110.114,110.142,110.074,110.1,110.114,110.114
2021-08-27 13:00:00,110.101,110.158,110.093,110.146,110.101,110.101
2021-08-27 14:00:00,110.146,110.191,110.139,110.145,110.146,110.146
2021-08-27 15:00:00,110.145,110.21,110.028,110.083,110.145,110.146
2021-08-27 16:00:00,110.082,110.267,110.069,110.153,110.082,110.083
2021-08-27 17:00:00,110.155,110.264,109.862,109.982,110.155,110.155
2021-08-27 18:00:00,109.984,109.984,109.836,109.841,109.984,109.984
2021-08-27 19:00:00,109.841,109.869,109.8,109.805,109.841,109.841
2021-08-27 20:00:00,109.804,109.841,109.797,109.84,109.804,109.805
2021-08-27 21:00:00,109.84,109.861,109.827,109.829,109.84,109.841
2021-08-27 22:00:00,109.828,109.85,109.78,109.819,109.828,109.828
2021-08-27 23:00:00,109.82,109.858,109.809,109.84,109.82,109.821
2021-08-30 00:00:00,109.841,109.853,109.822,109.847,109.841,109.881
2021-08-30 01:00:00,109.847,109.864,109.77,109.858,109.847,109.862
2021-08-30 02:00:00,109.858,109.874,109.836,109.863,109.858,109.858
2021-08-30 03:00:00,109.863,109.877,109.711,109.725,109.863,109.866
2021-08-30 04:00:00,109.725,109.769,109.703,109.767,109.725,109.726
2021-08-30 05:00:00,109.767,109.799,109.729,109.794,109.767,109.768
2021-08-30 06:00:00,109.794,109.801,109.746,109.764,109.794,109.795
2021-08-30 07:00:00,109.765,109.778,109.729,109.75,109.765,109.767
2021-08-30 08:00:00,109.75,109.765,109.736,109.754,109.75,109.753
2021-08-30 09:00:00,109.752,109.798,109.747,109.774,109.752,109.754
2021-08-30 10:00:00,109.774,109.846,109.759,109.806,109.774,109.774
2021-08-30 11:00:00,109.806,109.869,109.806,109.844,109.806,109.807
2021-08-30 12:00:00,109.845,109.85,109.817,109.828,109.845,109.845
2021-08-30 13:00:00,109.828,109.848,109.802,109.837,109.828,109.828
2021-08-30 14:00:00,109.836,109.891,109.827,109.874,109.836,109.836
2021-08-30 15:00:00,109.874,109.945,109.84,109.942,109.874,109.874
2021-08-30 16:00:00,109.941,109.963,109.902,109.942,109.941,109.941
2021-08-30 17:00:00,109.942,109.952,109.846,109.892,109.942,109.943
2021-08-30 18:00:00,109.892,109.913,109.862,109.904,109.892,109.892
2021-08-30 19:00:00,109.905,109.927,109.896,109.903,109.905,109.906
2021-08-30 20:00:00,109.903,109.91,109.881,109.902,109.903,109.904
2021-08-30 21:00:00,109.902,109.905,109.878,109.887,109.902,109.904
2021-08-30 22:00:00,109.887,109.91,109.868,109.885,109.887,109.887
2021-08-30 23:00:00,109.887,109.941,109.887,109.92,109.887,109.887
2021-08-31 00:00:00,109.923,109.929,109.852,109.885,109.923,109.966
2021-08-31 01:00:00,109.884,109.981,109.884,109.978,109.884,109.934
2021-08-31 02:00:00,109.979,109.981,109.942,109.945,109.979,109.979
2021-08-31 03:00:00,109.947,109.964,109.854,109.878,109.947,109.947
2021-08-31 04:00:00,109.878,109.896,109.847,109.867,109.878,109.881
2021-08-31 05:00:00,109.864,109.881,109.834,109.855,109.864,109.865
2021-08-31 06:00:00,109.855,109.894,109.836,109.865,109.855,109.856
2021-08-31 07:00:00,109.865,109.907,109.846,109.906,109.865,109.866
2021-08-31 08:00:00,109.906,109.908,109.798,109.811,109.906,109.908
2021-08-31 09:00:00,109.811,109.887,109.808,109.879,109.811,109.811
2021-08-31 10:00:00,109.879,109.879,109.779,109.815,109.879,109.88
2021-08-31 11:00:00,109.815,109.918,109.815,109.901,109.815,109.815
2021-08-31 12:00:00,109.901,109.956,109.882,109.904,109.901,109.902
2021-08-31 13:00:00,109.903,109.957,109.874,109.936,109.903,109.903
2021-08-31 14:00:00,109.936,109.944,109.844,109.854,109.936,109.936
2021-08-31 15:00:00,109.854,109.856,109.65,109.713,109.854,109.854
2021-08-31 16:00:00,109.713,109.882,109.682,109.712,109.713,109.713
2021-08-31 17:00:00,109.712,109.864,109.586,109.856,109.712,109.712
2021-08-31 18:00:00,109.856,110.079,109.845,110.052,109.856,109.857
2021-08-31 19:00:00,110.052,110.065,109.966,109.968,110.052,110.052
2021-08-31 20:00:00,109.97,110.011,109.932,109.991,109.97,109.971
2021-08-31 21:00:00,109.991,109.996,109.955,109.992,109.991,109.992
2021-08-31 22:00:00,109.991,110.023,109.983,110.011,109.991,109.991
2021-08-31 23:00:00,110.012,110.033,109.988,109.995,110.012,110.012
2021-09-01 00:00:00,109.989,110.007,109.986,109.986,109.989,110.048
2021-09-01 01:00:00,109.986,109.998,109.982,109.989,109.986,110.002
2021-09-01 02:00:00,109.989,110.066,109.986,110.058,109.989,109.991
2021-09-01 03:00:00,110.058,110.203,110.052,110.181,110.058,110.058
2021-09-01 04:00:00,110.182,110.237,110.166,110.204,110.182,110.183
2021-09-01 05:00:00,110.208,110.237,110.188,110.218,110.208,110.208
2021-09-01 06:00:00,110.218,110.218,110.155,110.178,110.218,110.22
2021-09-01 07:00:00,110.178,110.234,110.17,110.233,110.178,110.179
2021-09-01 08:00:00,110.233,110.256,110.219,110.22,110.233,110.233
2021-09-01 09:00:00,110.22,110.256,110.167,110.215,110.22,110.22
2021-09-01 10:00:00,110.217,110.42,110.203,110.4,110.217,110.217
2021-09-01 11:00:00,110.399,110.4,110.329,110.372,110.399,110.4
2021-09-01 12:00:00,110.372,110.372,110.28,110.29,110.372,110.372
2021-09-01 13:00:00,110.29,110.338,110.271,110.286,110.29,110.29
2021-09-01 14:00:00,110.286,110.378,110.282,110.371,110.286,110.286
2021-09-01 15:00:00,110.371,110.39,110.018,110.028,110.371,110.371
2021-09-01 16:00:00,110.028,110.049,109.88,109.928,110.028,110.028
2021-09-01 17:00:00,109.929,110.128,109.929,110.01,109.929,109.931
2021-09-01 18:00:00,110.014,110.068,109.998,110.029,110.014,110.015
2021-09-01 19:00:00,110.028,110.045,109.971,110.04,110.028,110.03
2021-09-01 20:00:00,110.04,110.054,110.01,110.017,110.04,110.04
2021-09-01 21:00:00,110.017,110.017,109.926,109.926,110.017,110.018
2021-09-01 22:00:00,109.927,110.014,109.927,110.013,109.927,109.928
2021-09-01 23:00:00,110.013,110.077,110.01,110.027,110.013,110.014
2021-09-02 00:00:00,109.958,110.042,109.944,109.991,109.958,110.07
2021-09-02 01:00:00,109.991,110.053,109.987,110.039,109.991,110.042
2021-09-02 02:00:00,110.038,110.102,110.033,110.094,110.038,110.041
2021-09-02 03:00:00,110.093,110.12,109.917,109.976,110.093,110.095
2021-09-02 04:00:00,109.976,109.993,109.927,109.961,109.976,109.977
2021-09-02 05:00:00,109.961,109.979,109.943,109.967,109.961,109.962
2021-09-02 06:00:00,109.967,110.014,109.957,110.009,109.967,109.968
2021-09-02 07:00:00,110.009,110.028,109.997,110.027,110.009,110.01
2021-09-02 08:00:00,110.027,110.027,109.973,109.974,110.027,110.028
2021-09-02 09:00:00,109.974,110.069,109.945,110.064,109.974,109.974
2021-09-02 10:00:00,110.064,110.076,109.998,110.008,110.064,110.064
2021-09-02 11:00:00,110.008,110.043,109.983,110.002,110.008,110.008
2021-09-02 12:00:00,110.002,110.014,109.951,109.965,110.002,110.002
2021-09-02 13:00:00,109.967,110.015,109.966,109.983,109.967,109.967
2021-09-02 14:00:00,109.983,110.016,109.97,109.997,109.983,109.983
2021-09-02 15:00:00,109.997,110.06,109.969,110.022,109.997,109.997
2021-09-02 16:00:00,110.022,110.059,109.952,109.999,110.022,110.022
2021-09-02 17:00:00,109.998,110.092,109.967,109.971,109.998,109.999
2021-09-02 18:00:00,109.971,110.025,109.955,110.014,109.971,109.971
2021-09-02 19:00:00,110.014,110.027,110.001,110.007,110.014,110.014
2021-09-02 20:00:00,110.007,110.012,109.992,110.004,110.007,110.009
2021-09-02 21:00:00,110.004,110.005,109.963,109.967,110.004,110.005
2021-09-02 22:00:00,109.966,109.98,109.929,109.935,109.966,109.967
2021-09-02 23:00:00,109.935,109.956,109.928,109.933,109.935,109.935
2021-09-03 00:00:00,109.914,109.943,109.913,109.935,109.914,109.964
2021-09-03 01:00:00,109.935,109.961,109.923,109.959,109.935,109.961
2021-09-03 02:00:00,109.959,109.965,109.937,109.947,109.959,109.96
2021-09-03 03:00:00,109.947,109.978,109.883,109.887,109.947,109.948
2021-09-03 04:00:00,109.887,109.898,109.842,109.892,109.887,109.888
2021-09-03 05:00:00,109.892,110.055,109.794,110.053,109.892,109.893
2021-09-03 06:00:00,110.054,110.072,109.975,110.013,110.054,110.056
2021-09-03 07:00:00,110.013,110.047,109.992,110.03,110.013,110.015
2021-09-03 08:00:00,110.03,110.052,110.005,110.006,110.03,110.031
2021-09-03 09:00:00,110.006,110.039,109.997,110.022,110.006,110.007
2021-09-03 10:00:00,110.022,110.052,109.93,110.029,110.022,110.023
2021-09-03 11:00:00,110.029,110.035,109.941,109.972,110.029,110.03
2021-09-03 12:00:00,109.972,109.988,109.909,109.92,109.972,109.973
2021-09-03 13:00:00,109.919,109.956,109.902,109.923,109.919,109.919
2021-09-03 14:00:00,109.923,109.95,109.904,109.949,109.923,109.923
2021-09-03 15:00:00,109.949,109.971,109.631,109.856,109.949,109.949
2021-09-03 16:00:00,109.855,109.888,109.623,109.686,109.855,109.856
2021-09-03 17:00:00,109.688,109.775,109.592,109.657,109.688,109.69
2021-09-03 18:00:00,109.66,109.685,109.617,109.648,109.66,109.66
2021-09-03 19:00:00,109.648,109.652,109.597,109.636,109.648,109.648
2021-09-03 20:00:00,109.636,109.662,109.624,109.637,109.636,109.638
2021-09-03 21:00:00,109.637,109.658,109.609,109.629,109.637,109.639
2021-09-03 22:00:00,109.629,109.69,109.621,109.689,109.629,109.63
2021-09-03 23:00:00,109.689,109.743,109.688,109.702,109.689,109.692
2021-09-06 00:00:00,109.689,109.788,109.655,109.744,109.689,109.805
2021-09-06 01:00:00,109.744,109.771,109.631,109.766,109.744,109.789
2021-09-06 02:00:00,109.766,109.783,109.728,109.78,109.766,109.768
2021-09-06 03:00:00,109.78,109.836,109.747,109.811,109.78,109.782
2021-09-06 04:00:00,109.811,109.83,109.799,109.81,109.811,109.811
2021-09-06 05:00:00,109.81,109.821,109.763,109.789,109.81,109.811
2021-09-06 06:00:00,109.789,109.838,109.779,109.827,109.789,109.79
2021-09-06 07:00:00,109.827,109.842,109.785,109.806,109.827,109.828
2021-09-06 08:00:00,109.806,109.807,109.777,109.781,109.806,109.806
2021-09-06 09:00:00,109.783,109.829,109.781,109.826,109.783,109.784
2021-09-06 10:00:00,109.826,109.946,109.819,109.898,109.826,109.827
2021-09-06 11:00:00,109.898,109.905,109.87,109.891,109.898,109.898
2021-09-06 12:00:00,109.891,109.932,109.867,109.901,109.891,109.892
2021-09-06 13:00:00,109.902,109.916,109.86,109.867,109.902,109.902
2021-09-06 14:00:00,109.868,109.889,109.845,109.852,109.868,109.868
2021-09-06 15:00:00,109.85,109.876,109.825,109.835,109.85,109.85
2021-09-06 16:00:00,109.836,109.865,109.829,109.852,109.836,109.837
2021-09-06 17:00:00,109.852,109.86,109.825,109.848,109.852,109.853
2021-09-06 18:00:00,109.848,109.868,109.827,109.848,109.848,109.848
2021-09-06 19:00:00,109.848,109.864,109.844,109.863,109.848,109.848
2021-09-06 20:00:00,109.861,109.862,109.841,109.851,109.861,109.862
2021-09-06 21:00:00,109.851,109.86,109.83,109.841,109.851,109.858
2021-09-06 22:00:00,109.841,109.857,109.837,109.847,109.841,109.845
2021-09-06 23:00:00,109.847,109.865,109.815,109.825,109.847,109.853
2021-09-07 00:00:00,109.798,109.845,109.798,109.823,109.798,109.904
2021-09-07 01:00:00,109.823,109.853,109.823,109.83,109.823,109.866
2021-09-07 02:00:00,109.83,109.843,109.816,109.825,109.83,109.832
2021-09-07 03:00:00,109.825,109.827,109.747,109.781,109.825,109.826
2021-09-07 04:00:00,109.781,109.793,109.75,109.792,109.781,109.783
2021-09-07 05:00:00,109.791,109.84,109.688,109.739,109.791,109.792
2021-09-07 06:00:00,109.739,109.843,109.733,109.799,109.739,109.739
2021-09-07 07:00:00,109.799,109.822,109.777,109.814,109.799,109.799
2021-09-07 08:00:00,109.814,109.835,109.783,109.826,109.814,109.816
2021-09-07 09:00:00,109.827,109.95,109.822,109.92,109.827,109.827
2021-09-07 10:00:00,109.92,109.963,109.873,109.903,109.92,109.92
2021-09-07 11:00:00,109.902,109.997,109.898,109.925,109.902,109.902
2021-09-07 12:00:00,109.925,109.972,109.915,109.964,109.925,109.925
2021-09-07 13:00:00,109.963,109.982,109.938,109.942,109.963,109.963
2021-09-07 14:00:00,109.941,110.048,109.936,110.026,109.941,109.941
2021-09-07 15:00:00,110.026,110.104,110.022,110.085,110.026,110.026
2021-09-07 16:00:00,110.087,110.176,110.068,110.12,110.087,110.087
2021-09-07 17:00:00,110.12,110.243,110.117,110.215,110.12,110.12
2021-09-07 18:00:00,110.215,110.254,110.152,110.175,110.215,110.215
2021-09-07 19:00:00,110.175,110.223,110.147,110.215,110.175,110.175
2021-09-07 20:00:00,110.215,110.243,110.187,110.215,110.215,110.216
2021-09-07 21:00:00,110.216,110.29,110.208,110.29,110.216,110.216
2021-09-07 22:00:00,110.289,110.318,110.279,110.287,110.289,110.289
2021-09-07 23:00:00,110.287,110.317,110.28,110.287,110.287,110.288
2021-09-08 00:00:00,110.23,110.274,110.227,110.263,110.23,110.302
2021-09-08 01:00:00,110.262,110.292,110.26,110.289,110.262,110.274
2021-09-08 02:00:00,110.289,110.322,110.28,110.298,110.289,110.292
2021-09-08 03:00:00,110.298,110.334,110.255,110.257,110.298,110.298
2021-09-08 04:00:00,110.257,110.306,110.256,110.294,110.257,110.258
2021-09-08 05:00:00,110.294,110.295,110.256,110.275,110.294,110.295
2021-09-08 06:00:00,110.275,110.307,110.268,110.29,110.275,110.276
2021-09-08 07:00:00,110.29,110.311,110.277,110.306,110.29,110.29
2021-09-08 08:00:00,110.306,110.412,110.305,110.4,110.306,110.306
2021-09-08 09:00:00,110.401,110.447,110.374,110.403,110.401,110.401
2021-09-08 10:00:00,110.405,110.405,110.173,110.244,110.405,110.405
2021-09-08 11:00:00,110.244,110.264,110.142,110.159,110.244,110.244
2021-09-08 12:00:00,110.159,110.242,110.159,110.234,110.159,110.16
2021-09-08 13:00:00,110.234,110.258,110.178,110.24,110.234,110.235
2021-09-08 14:00:00,110.239,110.317,110.22,110.297,110.239,110.241
2021-09-08 15:00:00,110.298,110.298,110.149,110.242,110.298,110.298
2021-09-08 16:00:00,110.242,110.372,110.22,110.317,110.242,110.242
2021-09-08 17:00:00,110.317,110.393,110.303,110.315,110.317,110.317
2021-09-08 18:00:00,110.316,110.372,110.293,110.322,110.316,110.316
2021-09-08 19:00:00,110.322,110.342,110.237,110.282,110.322,110.322
2021-09-08 20:00:00,110.282,110.29,110.222,110.236,110.282,110.282
2021-09-08 21:00:00,110.237,110.237,110.172,110.225,110.237,110.237
2021-09-08 22:00:00,110.224,110.258,110.221,110.258,110.224,110.224
2021-09-08 23:00:00,110.258,110.273,110.251,110.267,110.258,110.259
2021-09-09 00:00:00,110.202,110.271,110.196,110.267,110.202,110.266
2021-09-09 01:00:00,110.267,110.267,110.226,110.245,110.267,110.292
2021-09-09 02:00:00,110.245,110.263,110.221,110.221,110.245,110.246
2021-09-09 03:00:00,110.221,110.271,110.195,110.211,110.221,110.223
2021-09-09 04:00:00,110.211,110.213,110.153,110.159,110.211,110.211
2021-09-09 05:00:00,110.157,110.163,110.098,110.139,110.157,110.157
2021-09-09 06:00:00,110.139,110.207,110.135,110.196,110.139,110.14
2021-09-09 07:00:00,110.196,110.204,110.138,110.152,110.196,110.196
2021-09-09 08:00:00,110.152,110.165,110.11,110.124,110.152,110.153
2021-09-09 09:00:00,110.125,110.143,110.058,110.088,110.125,110.125
2021-09-09 10:00:00,110.09,110.091,109.894,109.95,110.09,110.09
2021-09-09 11:00:00,109.951,109.956,109.875,109.889,109.951,109.951
2021-09-09 12:00:00,109.89,109.918,109.864,109.913,109.89,109.89
2021-09-09 13:00:00,109.914,109.92,109.887,109.903,109.914,109.914
2021-09-09 14:00:00,109.904,109.955,109.849,109.861,109.904,109.905
2021-09-09 15:00:00,109.86,109.96,109.849,109.899,109.86,109.863
2021-09-09 16:00:00,109.899,109.92,109.799,109.862,109.899,109.899
2021-09-09 17:00:00,109.862,109.887,109.78,109.827,109.862,109.862
2021-09-09 18:00:00,109.823,109.848,109.751,109.763,109.823,109.823
2021-09-09 19:00:00,109.763,109.783,109.695,109.702,109.763,109.763
2021-09-09 20:00:00,109.702,109.705,109.621,109.635,109.702,109.702
2021-09-09 21:00:00,109.635,109.711,109.633,109.694,109.635,109.635
2021-09-09 22:00:00,109.692,109.741,109.688,109.694,109.692,109.692
2021-09-09 23:00:00,109.694,109.743,109.694,109.737,109.694,109.695
2021-09-10 00:00:00,109.652,109.737,109.652,109.73,109.652,109.744
2021-09-10 01:00:00,109.731,109.809,109.731,109.803,109.731,109.751
2021-09-10 02:00:00,109.803,109.806,109.773,109.773,109.803,109.803
2021-09-10 03:00:00,109.771,109.791,109.699,109.703,109.771,109.771
2021-09-10 04:00:00,109.703,109.764,109.698,109.755,109.703,109.705
2021-09-10 05:00:00,109.755,109.796,109.742,109.77,109.755,109.755
2021-09-10 06:00:00,109.771,109.873,109.771,109.869,109.771,109.771
2021-09-10 07:00:00,109.868,109.886,109.855,109.879,109.868,109.868
2021-09-10 08:00:00,109.879,109.903,109.845,109.902,109.879,109.881
2021-09-10 09:00:00,109.906,109.959,109.885,109.931,109.906,109.906
2021-09-10 10:00:00,109.933,109.99,109.916,109.946,109.933,109.933
2021-09-10 11:00:00,109.947,109.956,109.856,109.894,109.947,109.947
2021-09-10 12:00:00,109.893,109.975,109.865,109.963,109.893,109.894
2021-09-10 13:00:00,109.963,109.977,109.937,109.951,109.963,109.964
2021-09-10 14:00:00,109.951,109.954,109.867,109.869,109.951,109.951
2021-09-10 15:00:00,109.87,109.91,109.791,109.889,109.87,109.87
2021-09-10 16:00:00,109.889,109.929,109.838,109.877,109.889,109.889
2021-09-10 17:00:00,109.877,109.894,109.807,109.836,109.877,109.877
2021-09-10 18:00:00,109.836,109.954,109.827,109.934,109.836,109.836
2021-09-10 19:00:00,109.934,109.945,109.907,109.928,109.934,109.934
2021-09-10 20:00:00,109.928,109.941,109.904,109.934,109.928,109.929
2021-09-10 21:00:00,109.934,109.946,109.888,109.904,109.934,109.935
2021-09-10 22:00:00,109.904,109.904,109.858,109.86,109.904,109.905
2021-09-10 23:00:00,109.859,109.92,109.854,109.913,109.859,109.861
2021-09-13 00:00:00,109.882,109.889,109.781,109.821,109.882,109.902
2021-09-13 01:00:00,109.821,109.926,109.819,109.874,109.821,109.92
2021-09-13 02:00:00,109.874,109.928,109.859,109.917,109.874,109.877
2021-09-13 03:00:00,109.919,109.977,109.899,109.968,109.919,109.919
2021-09-13 04:00:00,109.969,109.976,109.92,109.942,109.969,109.971
2021-09-13 05:00:00,109.942,109.973,109.891,109.946,109.942,109.942
2021-09-13 06:00:00,109.946,109.954,109.899,109.952,109.946,109.948
2021-09-13 07:00:00,109.952,109.98,109.919,109.974,109.952,109.953
2021-09-13 08:00:00,109.974,110.036,109.955,110.033,109.974,109.974
2021-09-13 09:00:00,110.033,110.122,110.032,110.109,110.033,110.033
2021-09-13 10:00:00,110.109,110.16,110.068,110.082,110.109,110.109
2021-09-13 11:00:00,110.082,110.14,110.082,110.118,110.082,110.082
2021-09-13 12:00:00,110.118,110.139,110.092,110.094,110.118,110.118
2021-09-13 13:00:00,110.094,110.126,110.092,110.11,110.094,110.094
2021-09-13 14:00:00,110.11,110.126,110.075,110.097,110.11,110.11
2021-09-13 15:00:00,110.097,110.105,110.016,110.064,110.097,110.098
2021-09-13 16:00:00,110.064,110.076,109.947,109.953,110.064,110.065
2021-09-13 17:00:00,109.953,109.983,109.9,109.929,109.953,109.953
2021-09-13 18:00:00,109.928,109.969,109.918,109.956,109.928,109.929
2021-09-13 19:00:00,109.956,110.005,109.943,110.0,109.956,109.956
2021-09-13 20:00:00,110.0,110.036,109.997,110.011,110.0,110.0
2021-09-13 21:00:00,110.013,110.018,109.984,110.013,110.013,110.013
2021-09-13 22:00:00,110.013,110.028,109.995,110.011,110.013,110.013
2021-09-13 23:00:00,110.011,110.02,110.001,110.003,110.011,110.011
2021-09-14 00:00:00,109.928,110.014,109.928,109.992,109.928,110.028
2021-09-14 01:00:00,110.002,110.033,109.998,110.024,110.002,110.018
2021-09-14 02:00:00,110.024,110.031,109.984,109.997,110.024,110.027
2021-09-14 03:00:00,109.997,110.051,109.963,110.036,109.997,109.997
2021-09-14 04:00:00,110.036,110.086,110.036,110.082,110.036,110.037
2021-09-14 05:00:00,110.081,110.092,110.039,110.073,110.081,110.081
2021-09-14 06:00:00,110.073,110.109,110.052,110.063,110.073,110.073
2021-09-14 07:00:00,110.063,110.08,110.052,110.062,110.063,110.063
2021-09-14 08:00:00,110.062,110.09,110.055,110.08,110.062,110.062
2021-09-14 09:00:00,110.081,110.095,109.996,110.038,110.081,110.082
2021-09-14 10:00:00,110.038,110.059,109.956,110.005,110.038,110.039
2021-09-14 11:00:00,110.005,110.056,109.994,110.04,110.005,110.005
2021-09-14 12:00:00,110.04,110.066,110.024,110.059,110.04,110.04
2021-09-14 13:00:00,110.059,110.142,110.051,110.135,110.059,110.059
2021-09-14 14:00:00,110.135,110.163,110.102,110.116,110.135,110.135
2021-09-14 15:00:00,110.115,110.139,109.866,109.879,110.115,110.115
2021-09-14 16:00:00,109.879,109.909,109.789,109.819,109.879,109.879
2021-09-14 17:00:00,109.819,109.838,109.647,109.66,109.819,109.819
2021-09-14 18:00:00,109.66,109.705,109.598,109.663,109.66,109.66
2021-09-14 19:00:00,109.663,109.702,109.631,109.632,109.663,109.664
2021-09-14 20:00:00,109.634,109.64,109.527,109.609,109.634,109.634
2021-09-14 21:00:00,109.609,109.641,109.595,109.627,109.609,109.61
2021-09-14 22:00:00,109.627,109.654,109.615,109.653,109.627,109.627
2021-09-14 23:00:00,109.656,109.694,109.649,109.693,109.656,109.658
2021-09-15 00:00:00,109.689,109.701,109.633,109.691,109.689,109.699
2021-09-15 01:00:00,109.701,109.742,109.679,109.735,109.701,109.714
2021-09-15 02:00:00,109.736,109.737,109.707,109.717,109.736,109.736
2021-09-15 03:00:00,109.717,109.745,109.561,109.574,109.717,109.717
2021-09-15 04:00:00,109.574,109.615,109.547,109.574,109.574,109.574
2021-09-15 05:00:00,109.574,109.658,109.568,109.626,109.574,109.576
2021-09-15 06:00:00,109.626,109.634,109.58,109.617,109.626,109.627
2021-09-15 07:00:00,109.617,109.643,109.597,109.622,109.617,109.617
2021-09-15 08:00:00,109.622,109.623,109.548,109.584,109.622,109.622
2021-09-15 09:00:00,109.584,109.59,109.468,109.504,109.584,109.589
2021-09-15 10:00:00,109.504,109.563,109.423,109.439,109.504,109.504
2021-09-15 11:00:00,109.44,109.466,109.308,109.327,109.44,109.44
2021-09-15 12:00:00,109.328,109.368,109.265,109.343,109.328,109.328
2021-09-15 13:00:00,109.343,109.346,109.225,109.256,109.343,109.344
2021-09-15 14:00:00,109.256,109.302,109.223,109.24,109.256,109.256
2021-09-15 15:00:00,109.241,109.43,109.112,109.381,109.241,109.241
2021-09-15 16:00:00,109.381,109.404,109.205,109.307,109.381,109.381
2021-09-15 17:00:00,109.306,109.364,109.21,109.293,109.306,109.307
2021-09-15 18:00:00,109.292,109.411,109.284,109.402,109.292,109.293
2021-09-15 19:00:00,109.402,109.407,109.38,109.394,109.402,109.404
2021-09-15 20:00:00,109.394,109.427,109.361,109.415,109.394,109.394
2021-09-15 21:00:00,109.415,109.454,109.394,109.394,109.415,109.415
2021-09-15 22:00:00,109.394,109.426,109.356,109.362,109.394,109.394
2021-09-15 23:00:00,109.362,109.382,109.348,109.373,109.362,109.362
2021-09-16 00:00:00,109.371,109.374,109.316,109.363,109.371,109.376
2021-09-16 01:00:00,109.363,109.366,109.336,109.354,109.363,109.378
2021-09-16 02:00:00,109.353,109.383,109.315,109.382,109.353,109.354
2021-09-16 03:00:00,109.384,109.464,109.38,109.387,109.384,109.384
2021-09-16 04:00:00,109.387,109.388,109.249,109.265,109.387,109.387
2021-09-16 05:00:00,109.265,109.311,109.224,109.27,109.265,109.266
2021-09-16 06:00:00,109.27,109.312,109.269,109.291,109.27,109.27
2021-09-16 07:00:00,109.291,109.325,109.274,109.285,109.291,109.291
2021-09-16 08:00:00,109.285,109.286,109.215,109.236,109.285,109.287
2021-09-16 09:00:00,109.234,109.365,109.228,109.356,109.234,109.234
2021-09-16 10:00:00,109.356,109.376,109.273,109.358,109.356,109.357
2021-09-16 11:00:00,109.358,109.394,109.315,109.385,109.358,109.358
2021-09-16 12:00:00,109.385,109.434,109.375,109.415,109.385,109.385
2021-09-16 13:00:00,109.414,109.426,109.326,109.363,109.414,109.415
2021-09-16 14:00:00,109.363,109.422,109.362,109.399,109.363,109.363
2021-09-16 15:00:00,109.399,109.702,109.367,109.691,109.399,109.4
2021-09-16 16:00:00,109.692,109.828,109.656,109.671,109.692,109.692
2021-09-16 17:00:00,109.671,109.714,109.608,109.656,109.671,109.671
2021-09-16 18:00:00,109.656,109.707,109.614,109.672,109.656,109.656
2021-09-16 19:00:00,109.672,109.738,109.664,109.736,109.672,109.673
2021-09-16 20:00:00,109.734,109.737,109.696,109.708,109.734,109.734
2021-09-16 21:00:00,109.708,109.719,109.694,109.699,109.708,109.708
2021-09-16 22:00:00,109.7,109.731,109.688,109.707,109.7,109.7
2021-09-16 23:00:00,109.707,109.751,109.691,109.746,109.707,109.708
2021-09-17 00:00:00,109.716,109.728,109.669,109.723,109.716,109.739
2021-09-17 01:00:00,109.724,109.748,109.71,109.732,109.724,109.739
2021-09-17 02:00:00,109.732,109.744,109.695,109.699,109.732,109.733
2021-09-17 03:00:00,109.699,109.817,109.668,109.8,109.699,109.7
2021-09-17 04:00:00,109.801,109.901,109.777,109.894,109.801,109.801
2021-09-17 05:00:00,109.894,109.919,109.853,109.856,109.894,109.894
2021-09-17 06:00:00,109.856,109.867,109.828,109.846,109.856,109.856
2021-09-17 07:00:00,109.845,109.854,109.813,109.832,109.845,109.845
2021-09-17 08:00:00,109.832,109.895,109.831,109.879,109.832,109.832
2021-09-17 09:00:00,109.88,109.91,109.851,109.877,109.88,109.88
2021-09-17 10:00:00,109.877,109.953,109.816,109.946,109.877,109.877
2021-09-17 11:00:00,109.947,109.982,109.909,109.977,109.947,109.947
2021-09-17 12:00:00,109.977,109.99,109.922,109.979,109.977,109.979
2021-09-17 13:00:00,109.979,109.998,109.94,109.989,109.979,109.98
2021-09-17 14:00:00,109.988,110.003,109.961,109.989,109.988,109.988
2021-09-17 15:00:00,109.989,110.033,109.946,110.022,109.989,109.989
2021-09-17 16:00:00,110.022,110.081,109.929,110.011,110.022,110.023
2021-09-17 17:00:00,110.009,110.049,109.924,109.971,110.009,110.012
2021-09-17 18:00:00,109.97,109.98,109.873,109.946,109.97,109.97
2021-09-17 19:00:00,109.946,110.003,109.944,109.98,109.946,109.946
2021-09-17 20:00:00,109.98,109.98,109.922,109.936,109.98,109.98
2021-09-17 21:00:00,109.935,109.961,109.92,109.922,109.935,109.936
2021-09-17 22:00:00,109.922,109.976,109.911,109.945,109.922,109.922
2021-09-17 23:00:00,109.945,109.987,109.927,109.98,109.945,109.947
2021-09-20 00:00:00,109.92,109.948,109.86,109.905,109.92,110.02
2021-09-20 01:00:00,109.916,110.001,109.894,109.965,109.916,109.99
2021-09-20 02:00:00,109.964,109.993,109.956,109.978,109.964,109.967
2021-09-20 03:00:00,109.98,110.037,109.967,110.014,109.98,109.98
2021-09-20 04:00:00,110.014,110.016,109.916,109.923,110.014,110.014
2021-09-20 05:00:00,109.921,109.949,109.858,109.878,109.921,109.922
2021-09-20 06:00:00,109.878,109.961,109.873,109.93,109.878,109.879
2021-09-20 07:00:00,109.93,109.936,109.9,109.917,109.93,109.931
2021-09-20 08:00:00,109.916,109.926,109.895,109.906,109.916,109.917
2021-09-20 09:00:00,109.906,109.927,109.803,109.832,109.906,109.906
2021-09-20 10:00:00,109.832,109.848,109.728,109.762,109.832,109.832
2021-09-20 11:00:00,109.765,109.774,109.656,109.679,109.765,109.765
2021-09-20 12:00:00,109.679,109.714,109.622,109.672,109.679,109.68
2021-09-20 13:00:00,109.672,109.676,109.495,109.51,109.672,109.673
2021-09-20 14:00:00,109.51,109.593,109.501,109.526,109.51,109.51
2021-09-20 15:00:00,109.526,109.57,109.431,109.497,109.526,109.526
2021-09-20 16:00:00,109.497,109.646,109.494,109.623,109.497,109.498
2021-09-20 17:00:00,109.623,109.647,109.503,109.519,109.623,109.624
2021-09-20 18:00:00,109.52,109.533,109.45,109.474,109.52,109.52
2021-09-20 19:00:00,109.474,109.474,109.397,109.408,109.474,109.475
2021-09-20 20:00:00,109.407,109.416,109.344,109.403,109.407,109.407
2021-09-20 21:00:00,109.403,109.415,109.322,109.366,109.403,109.404
2021-09-20 22:00:00,109.366,109.429,109.353,109.375,109.366,109.366
2021-09-20 23:00:00,109.375,109.407,109.368,109.39,109.375,109.375
2021-09-21 00:00:00,109.385,109.415,109.351,109.4,109.385,109.484
2021-09-21 01:00:00,109.4,109.433,109.371,109.414,109.4,109.42
2021-09-21 02:00:00,109.414,109.455,109.347,109.436,109.414,109.414
2021-09-21 03:00:00,109.436,109.58,109.398,109.55,109.436,109.437
2021-09-21 04:00:00,109.552,109.599,109.511,109.517,109.552,109.552
2021-09-21 05:00:00,109.517,109.587,109.477,109.583,109.517,109.517
2021-09-21 06:00:00,109.584,109.631,109.555,109.627,109.584,109.585
2021-09-21 07:00:00,109.627,109.633,109.557,109.576,109.627,109.627
2021-09-21 08:00:00,109.576,109.586,109.507,109.517,109.576,109.576
2021-09-21 09:00:00,109.517,109.608,109.498,109.577,109.517,109.517
2021-09-21 10:00:00,109.577,109.706,109.573,109.637,109.577,109.578
2021-09-21 11:00:00,109.637,109.686,109.545,109.555,109.637,109.637
2021-09-21 12:00:00,109.555,109.583,109.531,109.563,109.555,109.555
2021-09-21 13:00:00,109.563,109.577,109.507,109.511,109.563,109.564
2021-09-21 14:00:00,109.511,109.515,109.361,109.398,109.511,109.511
2021-09-21 15:00:00,109.398,109.471,109.264,109.287,109.398,109.398
2021-09-21 16:00:00,109.285,109.364,109.212,109.312,109.285,109.285
2021-09-21 17:00:00,109.312,109.336,109.187,109.212,109.312,109.312
2021-09-21 18:00:00,109.213,109.337,109.188,109.333,109.213,109.213
2021-09-21 19:00:00,109.333,109.354,109.246,109.254,109.333,109.333
2021-09-21 20:00:00,109.254,109.302,109.233,109.253,109.254,109.255
2021-09-21 21:00:00,109.253,109.261,109.219,109.22,109.253,109.254
2021-09-21 22:00:00,109.221,109.237,109.184,109.2,109.221,109.221
2021-09-21 23:00:00,109.2,109.225,109.187,109.219,109.2,109.202
2021-09-22 00:00:00,109.211,109.235,109.187,109.215,109.211,109.257
2021-09-22 01:00:00,109.215,109.257,109.204,109.237,109.215,109.229
2021-09-22 02:00:00,109.237,109.238,109.134,109.152,109.237,109.239
2021-09-22 03:00:00,109.152,109.286,109.121,109.247,109.152,109.153
2021-09-22 04:00:00,109.247,109.486,109.183,109.378,109.247,109.247
2021-09-22 05:00:00,109.378,109.442,109.336,109.431,109.378,109.378
2021-09-22 06:00:00,109.431,109.477,109.417,109.474,109.431,109.431
2021-09-22 07:00:00,109.474,109.522,109.447,109.518,109.474,109.474
2021-09-22 08:00:00,109.518,109.553,109.497,109.52,109.518,109.518
2021-09-22 09:00:00,109.522,109.599,109.521,109.567,109.522,109.522
2021-09-22 10:00:00,109.568,109.605,109.41,109.441,109.568,109.568
2021-09-22 11:00:00,109.441,109.537,109.441,109.507,109.441,109.442
2021-09-22 12:00:00,109.506,109.555,109.475,109.508,109.506,109.506
2021-09-22 13:00:00,109.508,109.558,109.504,109.513,109.508,109.508
2021-09-22 14:00:00,109.513,109.543,109.478,109.53,109.513,109.513
2021-09-22 15:00:00,109.53,109.612,109.503,109.6,109.53,109.53
2021-09-22 16:00:00,109.599,109.621,109.545,109.558,109.599,109.6
2021-09-22 17:00:00,109.558,109.644,109.496,109.615,109.558,109.558
2021-09-22 18:00:00,109.615,109.636,109.56,109.603,109.615,109.616
2021-09-22 19:00:00,109.603,109.628,109.592,109.6,109.603,109.603
2021-09-22 20:00:00,109.6,109.64,109.581,109.592,109.6,109.6
2021-09-22 21:00:00,109.588,109.893,109.514,109.855,109.588,109.615
2021-09-22 22:00:00,109.854,109.9,109.728,109.777,109.854,109.854
2021-09-22 23:00:00,109.777,109.815,109.771,109.805,109.777,109.778
2021-09-23 00:00:00,109.761,109.793,109.734,109.78,109.761,109.804
2021-09-23 01:00:00,109.781,109.814,109.773,109.784,109.781,109.795
2021-09-23 02:00:00,109.784,109.837,109.774,109.824,109.784,109.784
2021-09-23 03:00:00,109.824,109.887,109.805,109.849,109.824,109.825
2021-09-23 04:00:00,109.85,109.902,109.836,109.885,109.85,109.85
2021-09-23 05:00:00,109.885,109.923,109.863,109.869,109.885,109.885
2021-09-23 06:00:00,109.87,109.87,109.795,109.816,109.87,109.87
2021-09-23 07:00:00,109.816,109.827,109.801,109.809,109.816,109.816
2021-09-23 08:00:00,109.809,109.842,109.798,109.836,109.809,109.811
2021-09-23 09:00:00,109.839,109.902,109.825,109.882,109.839,109.839
2021-09-23 10:00:00,109.882,109.989,109.853,109.951,109.882,109.882
2021-09-23 11:00:00,109.95,109.964,109.906,109.942,109.95,109.95
2021-09-23 12:00:00,109.942,110.002,109.94,109.957,109.942,109.942
2021-09-23 13:00:00,109.958,109.968,109.758,109.84,109.958,109.959
2021-09-23 14:00:00,109.839,110.045,109.818,110.026,109.839,109.841
2021-09-23 15:00:00,110.026,110.099,109.935,110.076,110.026,110.027
2021-09-23 16:00:00,110.076,110.134,110.054,110.061,110.076,110.076
2021-09-23 17:00:00,110.061,110.147,110.05,110.126,110.061,110.061
2021-09-23 18:00:00,110.126,110.201,110.124,110.176,110.126,110.126
2021-09-23 19:00:00,110.176,110.197,110.135,110.176,110.176,110.176
2021-09-23 20:00:00,110.175,110.187,110.156,110.18,110.175,110.175
2021-09-23 21:00:00,110.18,110.242,110.18,110.242,110.18,110.181
2021-09-23 22:00:00,110.242,110.29,110.234,110.265,110.242,110.242
2021-09-23 23:00:00,110.265,110.347,110.262,110.327,110.265,110.266
2021-09-24 00:00:00,110.324,110.325,110.22,110.301,110.324,110.329
2021-09-24 01:00:00,110.304,110.313,110.253,110.288,110.304,110.32
2021-09-24 02:00:00,110.287,110.342,110.274,110.328,110.287,110.288
2021-09-24 03:00:00,110.328,110.418,110.311,110.37,110.328,110.329
2021-09-24 04:00:00,110.371,110.412,110.315,110.319,110.371,110.372
2021-09-24 05:00:00,110.319,110.396,110.319,110.395,110.319,110.32
2021-09-24 06:00:00,110.395,110.447,110.387,110.42,110.395,110.395
2021-09-24 07:00:00,110.419,110.441,110.388,110.438,110.419,110.421
2021-09-24 08:00:00,110.438,110.488,110.414,110.476,110.438,110.439
2021-09-24 09:00:00,110.477,110.571,110.473,110.568,110.477,110.477
2021-09-24 10:00:00,110.567,110.567,110.463,110.467,110.567,110.568
2021-09-24 11:00:00,110.47,110.483,110.314,110.421,110.47,110.47
2021-09-24 12:00:00,110.421,110.442,110.352,110.384,110.421,110.422
2021-09-24 13:00:00,110.384,110.455,110.37,110.433,110.384,110.384
2021-09-24 14:00:00,110.432,110.561,110.415,110.535,110.432,110.432
2021-09-24 15:00:00,110.535,110.588,110.474,110.554,110.535,110.535
2021-09-24 16:00:00,110.554,110.696,110.54,110.683,110.554,110.554
2021-09-24 17:00:00,110.682,110.744,110.616,110.717,110.682,110.683
2021-09-24 18:00:00,110.719,110.74,110.62,110.712,110.719,110.719
2021-09-24 19:00:00,110.712,110.765,110.67,110.755,110.712,110.712
2021-09-24 20:00:00,110.755,110.766,110.732,110.753,110.755,110.755
2021-09-24 21:00:00,110.753,110.794,110.739,110.792,110.753,110.755
2021-09-24 22:00:00,110.792,110.792,110.748,110.749,110.792,110.792
2021-09-24 23:00:00,110.749,110.775,110.728,110.738,110.749,110.75
2021-09-27 00:00:00,110.619,110.719,110.619,110.67,110.619,110.702
2021-09-27 01:00:00,110.692,110.797,110.679,110.793,110.692,110.742
2021-09-27 02:00:00,110.793,110.798,110.74,110.769,110.793,110.793
2021-09-27 03:00:00,110.768,110.808,110.654,110.738,110.768,110.768
2021-09-27 04:00:00,110.738,110.743,110.629,110.658,110.738,110.739
2021-09-27 05:00:00,110.658,110.672,110.61,110.627,110.658,110.659
2021-09-27 06:00:00,110.627,110.63,110.535,110.576,110.627,110.628
2021-09-27 07:00:00,110.576,110.58,110.547,110.551,110.576,110.576
2021-09-27 08:00:00,110.551,110.638,110.55,110.631,110.551,110.553
2021-09-27 09:00:00,110.634,110.717,110.634,110.709,110.634,110.634
2021-09-27 10:00:00,110.71,110.78,110.617,110.779,110.71,110.71
2021-09-27 11:00:00,110.778,110.949,110.72,110.912,110.778,110.778
2021-09-27 12:00:00,110.912,110.971,110.881,110.949,110.912,110.912
2021-09-27 13:00:00,110.948,110.986,110.878,110.907,110.948,110.948
2021-09-27 14:00:00,110.908,111.066,110.907,111.032,110.908,110.908
2021-09-27 15:00:00,111.032,111.032,110.814,110.869,111.032,111.032
2021-09-27 16:00:00,110.869,110.952,110.83,110.83,110.869,110.87
2021-09-27 17:00:00,110.829,110.991,110.782,110.986,110.829,110.829
2021-09-27 18:00:00,110.986,111.024,110.917,110.967,110.986,110.986
2021-09-27 19:00:00,110.967,111.004,110.922,110.998,110.967,110.967
2021-09-27 20:00:00,110.998,111.0,110.958,110.984,110.998,110.998
2021-09-27 21:00:00,110.983,111.02,110.953,111.014,110.983,110.984
2021-09-27 22:00:00,111.014,111.034,110.993,111.0,111.014,111.014
2021-09-27 23:00:00,111.0,111.02,110.997,111.015,111.0,111.0
2021-09-28 00:00:00,111.002,111.002,110.954,110.981,111.002,111.011
2021-09-28 01:00:00,110.981,111.006,110.973,110.988,110.981,110.996
2021-09-28 02:00:00,110.987,111.007,110.947,110.965,110.987,110.987
2021-09-28 03:00:00,110.965,111.043,110.936,111.034,110.965,110.967
2021-09-28 04:00:00,111.034,111.135,111.006,111.093,111.034,111.035
2021-09-28 05:00:00,111.093,111.191,111.058,111.181,111.093,111.094
2021-09-28 06:00:00,111.181,111.242,111.154,111.238,111.181,111.182
2021-09-28 07:00:00,111.229,111.23,111.156,111.157,111.229,111.23
2021-09-28 08:00:00,111.157,111.232,111.12,111.217,111.157,111.158
2021-09-28 09:00:00,111.217,111.38,111.206,111.352,111.217,111.217
2021-09-28 10:00:00,111.354,111.425,111.232,111.245,111.354,111.355
2021-09-28 11:00:00,111.248,111.326,111.163,111.288,111.248,111.248
2021-09-28 12:00:00,111.288,111.346,111.244,111.31,111.288,111.288
2021-09-28 13:00:00,111.309,111.447,111.302,111.445,111.309,111.31
2021-09-28 14:00:00,111.446,111.468,111.375,111.439,111.446,111.446
2021-09-28 15:00:00,111.439,111.64,111.431,111.557,111.439,111.439
2021-09-28 16:00:00,111.561,111.628,111.418,111.537,111.561,111.561
2021-09-28 17:00:00,111.539,111.56,111.235,111.451,111.539,111.539
2021-09-28 18:00:00,111.451,111.46,111.245,111.336,111.451,111.452
2021-09-28 19:00:00,111.337,111.425,111.322,111.421,111.337,111.337
2021-09-28 20:00:00,111.417,111.537,111.417,111.527,111.417,111.417
2021-09-28 21:00:00,111.527,111.598,111.509,111.595,111.527,111.527
2021-09-28 22:00:00,111.595,111.62,111.457,111.468,111.595,111.595
2021-09-28 23:00:00,111.467,111.56,111.454,111.508,111.467,111.467
2021-09-29 00:00:00,111.465,111.509,111.46,111.496,111.465,111.542
2021-09-29 01:00:00,111.495,111.547,111.491,111.542,111.495,111.513
2021-09-29 02:00:00,111.542,111.584,111.527,111.53,111.542,111.543
2021-09-29 03:00:00,111.53,111.682,111.493,111.649,111.53,111.531
2021-09-29 04:00:00,111.651,111.684,111.547,111.562,111.651,111.652
2021-09-29 05:00:00,111.562,111.597,111.413,111.415,111.562,111.562
2021-09-29 06:00:00,111.415,111.468,111.343,111.423,111.415,111.415
2021-09-29 07:00:00,111.423,111.552,111.417,111.498,111.423,111.423
2021-09-29 08:00:00,111.498,111.542,111.374,111.485,111.498,111.499
2021-09-29 09:00:00,111.485,111.564,111.368,111.433,111.485,111.487
2021-09-29 10:00:00,111.433,111.503,111.276,111.3,111.433,111.433
2021-09-29 11:00:00,111.301,111.334,111.207,111.323,111.301,111.302
2021-09-29 12:00:00,111.323,111.338,111.241,111.294,111.323,111.324
2021-09-29 13:00:00,111.294,111.382,111.278,111.341,111.294,111.295
2021-09-29 14:00:00,111.341,111.457,111.33,111.402,111.341,111.342
2021-09-29 15:00:00,111.402,111.586,111.391,111.577,111.402,111.402
2021-09-29 16:00:00,111.576,111.61,111.501,111.601,111.576,111.577
2021-09-29 17:00:00,111.604,111.928,111.56,111.913,111.604,111.604
2021-09-29 18:00:00,111.917,111.919,111.823,111.83,111.917,111.917
2021-09-29 19:00:00,111.831,111.95,111.821,111.949,111.831,111.831
2021-09-29 20:00:00,111.949,112.05,111.928,112.018,111.949,111.949
2021-09-29 21:00:00,112.017,112.033,111.964,111.981,112.017,112.017
2021-09-29 22:00:00,111.981,112.002,111.956,111.957,111.981,111.982
2021-09-29 23:00:00,111.958,112.009,111.958,111.981,111.958,111.959
2021-09-30 00:00:00,111.957,112.008,111.941,111.952,111.957,111.972
2021-09-30 01:00:00,111.952,111.972,111.938,111.966,111.952,111.983
2021-09-30 02:00:00,111.966,111.975,111.933,111.939,111.966,111.968
2021-09-30 03:00:00,111.939,111.946,111.855,111.885,111.939,111.939
2021-09-30 04:00:00,111.885,111.937,111.796,111.845,111.885,111.886
2021-09-30 05:00:00,111.845,111.87,111.807,111.854,111.845,111.846
2021-09-30 06:00:00,111.852,111.908,111.818,111.908,111.852,111.853
2021-09-30 07:00:00,111.911,111.988,111.9,111.933,111.911,111.911
2021-09-30 08:00:00,111.933,111.956,111.837,111.853,111.933,111.935
2021-09-30 09:00:00,111.855,111.983,111.853,111.972,111.855,111.855
2021-09-30 10:00:00,111.972,112.062,111.872,111.874,111.972,111.973
2021-09-30 11:00:00,111.874,111.952,111.816,111.95,111.874,111.874
2021-09-30 12:00:00,111.95,111.968,111.863,111.919,111.95,111.95
2021-09-30 13:00:00,111.919,112.042,111.877,112.038,111.919,111.919
2021-09-30 14:00:00,112.038,112.08,111.973,111.99,112.038,112.04
2021-09-30 15:00:00,111.99,112.013,111.862,111.879,111.99,111.99
2021-09-30 16:00:00,111.878,111.968,111.706,111.786,111.878,111.878
2021-09-30 17:00:00,111.786,111.877,111.544,111.579,111.786,111.786
2021-09-30 18:00:00,111.579,111.604,111.412,111.509,111.579,111.579
2021-09-30 19:00:00,111.51,111.526,111.434,111.435,111.51,111.51
2021-09-30 20:00:00,111.437,111.454,111.321,111.41,111.437,111.438
2021-09-30 21:00:00,111.41,111.486,111.394,111.402,111.41,111.41
2021-09-30 22:00:00,111.402,111.402,111.289,111.291,111.402,111.402
2021-09-30 23:00:00,111.291,111.304,111.241,111.275,111.291,111.292
2021-10-01 00:00:00,111.252,111.3,111.228,111.287,111.252,111.342
2021-10-01 01:00:00,111.288,111.379,111.288,111.353,111.288,111.304
2021-10-01 02:00:00,111.353,111.473,111.346,111.466,111.353,111.353
2021-10-01 03:00:00,111.466,111.488,111.357,111.399,111.466,111.466
2021-10-01 04:00:00,111.399,111.418,111.247,111.302,111.399,111.399
2021-10-01 05:00:00,111.302,111.325,111.233,111.26,111.302,111.302
2021-10-01 06:00:00,111.261,111.304,111.145,111.156,111.261,111.261
2021-10-01 07:00:00,111.156,111.187,111.117,111.173,111.156,111.156
2021-10-01 08:00:00,111.173,111.219,111.132,111.19,111.173,111.173
2021-10-01 09:00:00,111.192,111.264,111.062,111.115,111.192,111.192
2021-10-01 10:00:00,111.115,111.298,111.05,111.258,111.115,111.115
2021-10-01 11:00:00,111.258,111.283,111.078,111.111,111.258,111.258
2021-10-01 12:00:00,111.111,111.159,111.051,111.128,111.111,111.111
2021-10-01 13:00:00,111.128,111.194,111.082,111.187,111.128,111.128
2021-10-01 14:00:00,111.185,111.261,111.087,111.161,111.185,111.185
2021-10-01 15:00:00,111.161,111.208,110.963,110.991,111.161,111.163
2021-10-01 16:00:00,110.991,111.114,110.907,110.95,110.991,110.991
2021-10-01 17:00:00,110.95,111.138,110.911,110.959,110.95,110.953
2021-10-01 18:00:00,110.959,111.108,110.958,110.985,110.959,110.959
2021-10-01 19:00:00,110.985,111.021,110.955,111.002,110.985,110.985
2021-10-01 20:00:00,111.003,111.038,110.987,111.018,111.003,111.003
2021-10-01 21:00:00,111.018,111.063,111.014,111.053,111.018,111.019
2021-10-01 22:00:00,111.053,111.121,111.022,111.025,111.053,111.053
2021-10-01 23:00:00,111.025,111.076,111.019,111.07,111.025,111.026
2021-10-04 00:00:00,110.881,110.969,110.878,110.918,110.881,110.908
2021-10-04 01:00:00,110.918,111.029,110.901,111.0,110.918,110.984
2021-10-04 02:00:00,110.999,111.005,110.927,110.95,110.999,110.999
2021-10-04 03:00:00,110.953,111.001,110.883,110.951,110.953,110.954
2021-10-04 04:00:00,110.95,111.05,110.927,110.99,110.95,110.95
2021-10-04 05:00:00,110.99,111.102,110.978,111.082,110.99,110.991
2021-10-04 06:00:00,111.082,111.114,111.036,111.062,111.082,111.083
2021-10-04 07:00:00,111.062,111.07,111.017,111.044,111.062,111.063
2021-10-04 08:00:00,111.044,111.079,111.018,111.061,111.044,111.045
2021-10-04 09:00:00,111.063,111.082,110.966,111.014,111.063,111.063
2021-10-04 10:00:00,111.017,111.197,111.004,111.166,111.017,111.017
2021-10-04 11:00:00,111.165,111.249,111.122,111.205,111.165,111.165
2021-10-04 12:00:00,111.205,111.26,111.189,111.24,111.205,111.206
2021-10-04 13:00:00,111.24,111.302,111.22,111.294,111.24,111.24
2021-10-04 14:00:00,111.293,111.293,111.064,111.082,111.293,111.293
2021-10-04 15:00:00,111.082,111.12,110.911,111.067,111.082,111.082
2021-10-04 16:00:00,111.067,111.233,111.066,111.144,111.067,111.067
2021-10-04 17:00:00,111.144,111.178,110.823,110.884,111.144,111.146
2021-10-04 18:00:00,110.884,110.982,110.838,110.943,110.884,110.885
2021-10-04 19:00:00,110.942,110.958,110.834,110.869,110.942,110.942
2021-10-04 20:00:00,110.869,110.925,110.868,110.899,110.869,110.869
2021-10-04 21:00:00,110.898,110.91,110.849,110.904,110.898,110.899
2021-10-04 22:00:00,110.903,110.999,110.898,110.92,110.903,110.903
2021-10-04 23:00:00,110.922,110.939,110.912,110.92,110.922,110.922
2021-10-05 00:00:00,110.921,110.93,110.841,110.905,110.921,110.933
2021-10-05 01:00:00,110.905,111.0,110.905,110.977,110.905,110.936
2021-10-05 02:00:00,110.976,110.984,110.925,110.969,110.976,110.978
2021-10-05 03:00:00,110.969,110.983,110.871,110.932,110.969,110.97
2021-10-05 04:00:00,110.932,111.121,110.925,111.09,110.932,110.932
2021-10-05 05:00:00,111.088,111.117,111.056,111.107,111.088,111.088
2021-10-05 06:00:00,111.108,111.192,111.085,111.169,111.108,111.108
2021-10-05 07:00:00,111.169,111.202,111.163,111.189,111.169,111.169
2021-10-05 08:00:00,111.19,111.225,111.152,111.187,111.19,111.19
2021-10-05 09:00:00,111.188,111.226,111.112,111.165,111.188,111.188
2021-10-05 10:00:00,111.163,111.258,111.086,111.093,111.163,111.163
2021-10-05 11:00:00,111.094,111.198,111.075,111.168,111.094,111.094
2021-10-05 12:00:00,111.168,111.187,111.115,111.167,111.168,111.169
2021-10-05 13:00:00,111.167,111.235,111.156,111.229,111.167,111.169
2021-10-05 14:00:00,111.229,111.313,111.197,111.218,111.229,111.229
2021-10-05 15:00:00,111.218,111.285,111.132,111.266,111.218,111.218
2021-10-05 16:00:00,111.266,111.422,111.237,111.368,111.266,111.267
2021-10-05 17:00:00,111.369,111.563,111.369,111.544,111.369,111.373
2021-10-05 18:00:00,111.544,111.554,111.351,111.39,111.544,111.544
2021-10-05 19:00:00,111.39,111.462,111.39,111.456,111.39,111.391
2021-10-05 20:00:00,111.456,111.478,111.415,111.422,111.456,111.456
2021-10-05 21:00:00,111.422,111.49,111.409,111.49,111.422,111.422
2021-10-05 22:00:00,111.491,111.523,111.458,111.465,111.491,111.491
2021-10-05 23:00:00,111.466,111.518,111.453,111.47,111.466,111.466
2021-10-06 00:00:00,111.464,111.496,111.426,111.466,111.464,111.472
2021-10-06 01:00:00,111.465,111.518,111.461,111.494,111.465,111.499
2021-10-06 02:00:00,111.494,111.514,111.477,111.487,111.494,111.496
2021-10-06 03:00:00,111.487,111.64,111.487,111.638,111.487,111.487
2021-10-06 04:00:00,111.637,111.647,111.551,111.586,111.637,111.641
2021-10-06 05:00:00,111.586,111.631,111.547,111.613,111.586,111.587
2021-10-06 06:00:00,111.612,111.662,111.587,111.631,111.612,111.612
2021-10-06 07:00:00,111.631,111.769,111.626,111.758,111.631,111.631
2021-10-06 08:00:00,111.758,111.778,111.722,111.767,111.758,111.759
2021-10-06 09:00:00,111.768,111.788,111.667,111.708,111.768,111.769
2021-10-06 10:00:00,111.708,111.737,111.59,111.673,111.708,111.708
2021-10-06 11:00:00,111.673,111.678,111.485,111.579,111.673,111.673
2021-10-06 12:00:00,111.579,111.589,111.444,111.522,111.579,111.579
2021-10-06 13:00:00,111.522,111.531,111.362,111.417,111.522,111.523
2021-10-06 14:00:00,111.417,111.492,111.347,111.372,111.417,111.418
2021-10-06 15:00:00,111.372,111.413,111.277,111.346,111.372,111.372
2021-10-06 16:00:00,111.347,111.431,111.295,111.315,111.347,111.347
2021-10-06 17:00:00,111.315,111.32,111.201,111.248,111.315,111.315
2021-10-06 18:00:00,111.248,111.391,111.234,111.34,111.248,111.249
2021-10-06 19:00:00,111.341,111.406,111.316,111.387,111.341,111.342
2021-10-06 20:00:00,111.388,111.473,111.348,111.448,111.388,111.388
2021-10-06 21:00:00,111.449,111.497,111.424,111.434,111.449,111.449
2021-10-06 22:00:00,111.434,111.44,111.38,111.388,111.434,111.434
2021-10-06 23:00:00,111.388,111.437,111.386,111.426,111.388,111.388
2021-10-07 00:00:00,111.394,111.417,111.38,111.416,111.394,111.421
2021-10-07 01:00:00,111.417,111.441,111.413,111.435,111.417,111.427
2021-10-07 02:00:00,111.439,111.439,111.377,111.409,111.439,111.439
2021-10-07 03:00:00,111.407,111.442,111.314,111.382,111.407,111.408
2021-10-07 04:00:00,111.382,111.47,111.366,111.469,111.382,111.384
2021-10-07 05:00:00,111.469,111.506,111.466,111.486,111.469,111.469
2021-10-07 06:00:00,111.486,111.486,111.419,111.424,111.486,111.486
2021-10-07 07:00:00,111.424,111.44,111.394,111.414,111.424,111.424
2021-10-07 08:00:00,111.415,111.483,111.395,111.479,111.415,111.416
2021-10-07 09:00:00,111.48,111.51,111.344,111.357,111.48,111.482
2021-10-07 10:00:00,111.357,111.424,111.23,111.293,111.357,111.357
2021-10-07 11:00:00,111.293,111.439,111.27,111.415,111.293,111.293
2021-10-07 12:00:00,111.415,111.529,111.411,111.464,111.415,111.415
2021-10-07 13:00:00,111.464,111.482,111.395,111.399,111.464,111.464
2021-10-07 14:00:00,111.399,111.409,111.285,111.352,111.399,111.4
2021-10-07 15:00:00,111.351,111.469,111.319,111.454,111.351,111.351
2021-10-07 16:00:00,111.453,111.552,111.415,111.442,111.453,111.454
2021-10-07 17:00:00,111.444,111.54,111.384,111.52,111.444,111.444
2021-10-07 18:00:00,111.522,111.527,111.446,111.5,111.522,111.522
2021-10-07 19:00:00,111.5,111.626,111.482,111.625,111.5,111.5
2021-10-07 20:00:00,111.625,111.63,111.56,111.595,111.625,111.625
2021-10-07 21:00:00,111.595,111.642,111.594,111.623,111.595,111.595
2021-10-07 22:00:00,111.625,111.636,111.594,111.595,111.625,111.625
2021-10-07 23:00:00,111.595,111.649,111.595,111.621,111.595,111.596
2021-10-08 00:00:00,111.621,111.626,111.593,111.613,111.621,111.64
2021-10-08 01:00:00,111.615,111.664,111.614,111.661,111.615,111.632
2021-10-08 02:00:00,111.661,111.676,111.637,111.662,111.661,111.662
2021-10-08 03:00:00,111.662,111.759,111.656,111.718,111.662,111.662
2021-10-08 04:00:00,111.718,111.875,111.716,111.846,111.718,111.718
2021-10-08 05:00:00,111.846,111.895,111.821,111.829,111.846,111.847
2021-10-08 06:00:00,111.829,111.876,111.807,111.838,111.829,111.83
2021-10-08 07:00:00,111.838,111.928,111.837,111.925,111.838,111.838
2021-10-08 08:00:00,111.926,111.928,111.88,111.917,111.926,111.926
2021-10-08 09:00:00,111.917,111.938,111.863,111.901,111.917,111.918
2021-10-08 10:00:00,111.901,111.993,111.886,111.957,111.901,111.901
2021-10-08 11:00:00,111.956,111.998,111.935,111.959,111.956,111.957
2021-10-08 12:00:00,111.96,111.96,111.829,111.868,111.96,111.96
2021-10-08 13:00:00,111.869,111.892,111.792,111.8,111.869,111.87
2021-10-08 14:00:00,111.8,111.82,111.696,111.749,111.8,111.8
2021-10-08 15:00:00,111.749,111.854,111.51,111.596,111.749,111.75
2021-10-08 16:00:00,111.592,111.952,111.551,111.857,111.592,111.592
2021-10-08 17:00:00,111.857,112.044,111.833,112.036,111.857,111.857
2021-10-08 18:00:00,112.036,112.179,111.98,112.155,112.036,112.036
2021-10-08 19:00:00,112.156,112.214,112.133,112.197,112.156,112.156
2021-10-08 20:00:00,112.197,112.247,112.164,112.174,112.197,112.197
2021-10-08 21:00:00,112.173,112.199,112.135,112.194,112.173,112.175
2021-10-08 22:00:00,112.194,112.244,112.186,112.212,112.194,112.195
2021-10-08 23:00:00,112.212,112.253,112.211,112.213,112.212,112.214
2021-10-11 00:00:00,112.151,112.203,112.107,112.191,112.151,112.251
2021-10-11 01:00:00,112.216,112.327,112.216,112.272,112.216,112.249
2021-10-11 02:00:00,112.273,112.313,112.244,112.276,112.273,112.274
2021-10-11 03:00:00,112.276,112.305,112.176,112.301,112.276,112.277
2021-10-11 04:00:00,112.301,112.413,112.296,112.37,112.301,112.303
2021-10-11 05:00:00,112.37,112.556,112.369,112.538,112.37,112.371
2021-10-11 06:00:00,112.538,112.726,112.528,112.693,112.538,112.538
2021-10-11 07:00:00,112.693,112.721,112.618,112.678,112.693,112.694
2021-10-11 08:00:00,112.676,112.752,112.644,112.73,112.676,112.678
2021-10-11 09:00:00,112.73,112.741,112.64,112.709,112.73,112.73
2021-10-11 10:00:00,112.708,112.845,112.671,112.792,112.708,112.708
2021-10-11 11:00:00,112.791,112.954,112.791,112.912,112.791,112.792
2021-10-11 12:00:00,112.912,113.036,112.904,112.964,112.912,112.912
2021-10-11 13:00:00,112.964,112.988,112.874,112.929,112.964,112.964
2021-10-11 14:00:00,112.93,112.966,112.872,112.931,112.93,112.93
2021-10-11 15:00:00,112.931,113.241,112.888,113.19,112.931,112.931
2021-10-11 16:00:00,113.193,113.193,113.051,113.101,113.193,113.193
2021-10-11 17:00:00,113.101,113.343,113.1,113.29,113.101,113.102
2021-10-11 18:00:00,113.294,113.378,113.23,113.367,113.294,113.294
2021-10-11 19:00:00,113.368,113.414,113.349,113.408,113.368,113.368
2021-10-11 20:00:00,113.407,113.407,113.276,113.318,113.407,113.407
2021-10-11 21:00:00,113.319,113.34,113.292,113.339,113.319,113.319
2021-10-11 22:00:00,113.339,113.373,113.328,113.367,113.339,113.339
2021-10-11 23:00:00,113.367,113.401,113.289,113.331,113.367,113.369
2021-10-12 00:00:00,113.25,113.319,113.184,113.297,113.25,113.329
2021-10-12 01:00:00,113.298,113.415,113.298,113.391,113.298,113.362
2021-10-12 02:00:00,113.391,113.399,113.329,113.391,113.391,113.393
2021-10-12 03:00:00,113.39,113.488,113.363,113.452,113.39,113.39
2021-10-12 04:00:00,113.452,113.488,113.308,113.354,113.452,113.454
2021-10-12 05:00:00,113.353,113.394,113.247,113.27,113.353,113.354
2021-10-12 06:00:00,113.27,113.308,113.209,113.296,113.27,113.27
2021-10-12 07:00:00,113.296,113.35,113.279,113.341,113.296,113.296
2021-10-12 08:00:00,113.341,113.345,113.243,113.313,113.341,113.341
2021-10-12 09:00:00,113.313,113.32,113.003,113.074,113.313,113.314
2021-10-12 10:00:00,113.074,113.306,113.05,113.295,113.074,113.074
2021-10-12 11:00:00,113.295,113.428,113.266,113.378,113.295,113.295
2021-10-12 12:00:00,113.381,113.431,113.233,113.276,113.381,113.381
2021-10-12 13:00:00,113.278,113.365,113.269,113.36,113.278,113.278
2021-10-12 14:00:00,113.358,113.404,113.264,113.394,113.358,113.358
2021-10-12 15:00:00,113.395,113.788,113.356,113.663,113.395,113.395
2021-10-12 16:00:00,113.664,113.729,113.467,113.501,113.664,113.664
2021-10-12 17:00:00,113.499,113.713,113.454,113.615,113.499,113.5
2021-10-12 18:00:00,113.615,113.725,113.583,113.689,113.615,113.615
2021-10-12 19:00:00,113.689,113.701,113.569,113.641,113.689,113.689
2021-10-12 20:00:00,113.642,113.685,113.601,113.64,113.642,113.642
2021-10-12 21:00:00,113.641,113.671,113.592,113.665,113.641,113.641
2021-10-12 22:00:00,113.664,113.667,113.562,113.595,113.664,113.664
2021-10-12 23:00:00,113.597,113.646,113.597,113.608,113.597,113.597
2021-10-13 00:00:00,113.577,113.611,113.553,113.609,113.577,113.607
2021-10-13 01:00:00,113.604,113.617,113.567,113.576,113.604,113.617
2021-10-13 02:00:00,113.579,113.581,113.514,113.539,113.579,113.58
2021-10-13 03:00:00,113.538,113.588,113.439,113.441,113.538,113.539
2021-10-13 04:00:00,113.441,113.459,113.386,113.398,113.441,113.442
2021-10-13 05:00:00,113.398,113.456,113.348,113.399,113.398,113.4
2021-10-13 06:00:00,113.399,113.493,113.397,113.464,113.399,113.4
2021-10-13 07:00:00,113.464,113.481,113.443,113.465,113.464,113.464
2021-10-13 08:00:00,113.467,113.54,113.457,113.472,113.467,113.468
2021-10-13 09:00:00,113.472,113.518,113.404,113.511,113.472,113.472
2021-10-13 10:00:00,113.513,113.61,113.506,113.574,113.513,113.513
2021-10-13 11:00:00,113.574,113.588,113.482,113.556,113.574,113.574
2021-10-13 12:00:00,113.556,113.595,113.528,113.582,113.556,113.556
2021-10-13 13:00:00,113.582,113.61,113.528,113.545,113.582,113.582
2021-10-13 14:00:00,113.545,113.612,113.506,113.546,113.545,113.546
2021-10-13 15:00:00,113.545,113.803,113.514,113.661,113.545,113.546
2021-10-13 16:00:00,113.672,113.721,113.345,113.426,113.672,113.673
2021-10-13 17:00:00,113.425,113.483,113.23,113.347,113.425,113.425
2021-10-13 18:00:00,113.345,113.494,113.34,113.488,113.345,113.345
2021-10-13 19:00:00,113.489,113.503,113.388,113.45,113.489,113.489
2021-10-13 20:00:00,113.45,113.45,113.322,113.374,113.45,113.452
2021-10-13 21:00:00,113.375,113.49,113.355,113.356,113.375,113.378
2021-10-13 22:00:00,113.355,113.365,113.245,113.264,113.355,113.355
2021-10-13 23:00:00,113.264,113.32,113.25,113.253,113.264,113.264
2021-10-14 00:00:00,113.248,113.27,113.219,113.251,113.248,113.255
2021-10-14 01:00:00,113.258,113.259,113.212,113.24,113.258,113.267
2021-10-14 02:00:00,113.239,113.311,113.239,113.309,113.239,113.242
2021-10-14 03:00:00,113.309,113.394,113.278,113.368,113.309,113.31
2021-10-14 04:00:00,113.368,113.544,113.361,113.536,113.368,113.369
2021-10-14 05:00:00,113.533,113.535,113.477,113.489,113.533,113.534
2021-10-14 06:00:00,113.489,113.582,113.488,113.547,113.489,113.489
2021-10-14 07:00:00,113.548,113.579,113.528,113.544,113.548,113.549
2021-10-14 08:00:00,113.545,113.594,113.508,113.533,113.545,113.546
2021-10-14 09:00:00,113.534,113.572,113.432,113.445,113.534,113.534
2021-10-14 10:00:00,113.445,113.491,113.343,113.371,113.445,113.445
2021-10-14 11:00:00,113.371,113.448,113.311,113.423,113.371,113.372
2021-10-14 12:00:00,113.423,113.441,113.298,113.333,113.423,113.424
2021-10-14 13:00:00,113.332,113.436,113.286,113.424,113.332,113.332
2021-10-14 14:00:00,113.423,113.446,113.323,113.423,113.423,113.424
2021-10-14 15:00:00,113.423,113.55,113.388,113.511,113.423,113.423
2021-10-14 16:00:00,113.51,113.658,113.466,113.566,113.51,113.511
2021-10-14 17:00:00,113.565,113.719,113.541,113.697,113.565,113.566
2021-10-14 18:00:00,113.697,113.713,113.538,113.582,113.697,113.698
2021-10-14 19:00:00,113.583,113.671,113.486,113.639,113.583,113.584
2021-10-14 20:00:00,113.642,113.704,113.64,113.684,113.642,113.642
2021-10-14 21:00:00,113.684,113.69,113.641,113.662,113.684,113.684
2021-10-14 22:00:00,113.661,113.676,113.595,113.646,113.661,113.662
2021-10-14 23:00:00,113.647,113.699,113.647,113.678,113.647,113.647
2021-10-15 00:00:00,113.676,113.693,113.657,113.658,113.67,113.682
2021-10-15 01:00:00,113.657,113.762,113.657,113.735,113.657,113.697
2021-10-15 02:00:00,113.735,113.887,113.719,113.833,113.735,113.737
2021-10-15 03:00:00,113.833,113.926,113.813,113.884,113.833,113.835
2021-10-15 04:00:00,113.883,113.927,113.818,113.924,113.883,113.885
2021-10-15 05:00:00,113.923,113.949,113.842,113.916,113.923,113.925
2021-10-15 06:00:00,113.917,113.954,113.903,113.931,113.917,113.917
2021-10-15 07:00:00,113.933,113.978,113.928,113.968,113.933,113.933
2021-10-15 08:00:00,113.967,114.164,113.957,114.153,113.967,113.968
2021-10-15 09:00:00,114.155,114.169,113.959,114.041,114.155,114.156
2021-10-15 10:00:00,114.042,114.18,114.023,114.1,114.042,114.042
2021-10-15 11:00:00,114.1,114.315,114.094,114.3,114.1,114.1
2021-10-15 12:00:00,114.3,114.401,114.246,114.368,114.3,114.3
2021-10-15 13:00:00,114.369,114.391,114.251,114.339,114.369,114.369
2021-10-15 14:00:00,114.339,114.376,114.279,114.328,114.339,114.34
2021-10-15 15:00:00,114.328,114.465,114.267,114.451,114.328,114.329
2021-10-15 16:00:00,114.448,114.462,114.355,114.387,114.448,114.449
2021-10-15 17:00:00,114.387,114.427,113.988,114.064,114.387,114.389
2021-10-15 18:00:00,114.063,114.317,114.055,114.309,114.063,114.063
2021-10-15 19:00:00,114.309,114.334,114.205,114.281,114.309,114.309
2021-10-15 20:00:00,114.28,114.319,114.255,114.311,114.28,114.282
2021-10-15 21:00:00,114.311,114.331,114.247,114.261,114.311,114.311
2021-10-15 22:00:00,114.261,114.267,114.189,114.209,114.261,114.262
2021-10-15 23:00:00,114.21,114.287,114.209,114.262,114.21,114.21
2021-10-18 00:00:00,114.208,114.262,114.118,114.262,114.208,114.297
2021-10-18 01:00:00,114.266,114.366,114.191,114.336,114.266,114.317
2021-10-18 02:00:00,114.336,114.356,114.281,114.333,114.336,114.336
2021-10-18 03:00:00,114.332,114.341,114.216,114.251,114.332,114.332
2021-10-18 04:00:00,114.251,114.251,114.022,114.118,114.251,114.252
2021-10-18 05:00:00,114.118,114.166,114.014,114.152,114.118,114.119
2021-10-18 06:00:00,114.152,114.45,114.141,114.391,114.152,114.152
2021-10-18 07:00:00,114.392,114.403,114.297,114.341,114.392,114.392
2021-10-18 08:00:00,114.343,114.367,114.276,114.325,114.343,114.343
2021-10-18 09:00:00,114.325,114.35,114.223,114.327,114.325,114.325
2021-10-18 10:00:00,114.329,114.453,114.247,114.295,114.329,114.329
2021-10-18 11:00:00,114.295,114.4,114.228,114.368,114.295,114.295
2021-10-18 12:00:00,114.368,114.413,114.312,114.381,114.368,114.368
2021-10-18 13:00:00,114.381,114.433,114.328,114.34,114.381,114.381
2021-10-18 14:00:00,114.339,114.403,114.288,114.372,114.339,114.34
2021-10-18 15:00:00,114.372,114.374,114.122,114.275,114.372,114.372
2021-10-18 16:00:00,114.274,114.321,114.172,114.213,114.274,114.276
2021-10-18 17:00:00,114.213,114.292,114.138,114.241,114.213,114.214
2021-10-18 18:00:00,114.24,114.301,114.224,114.224,114.24,114.24
2021-10-18 19:00:00,114.223,114.272,114.222,114.222,114.223,114.223
2021-10-18 20:00:00,114.221,114.263,114.18,114.213,114.221,114.221
2021-10-18 21:00:00,114.213,114.27,114.182,114.27,114.213,114.215
2021-10-18 22:00:00,114.268,114.32,114.254,114.32,114.268,114.269
2021-10-18 23:00:00,114.32,114.345,114.294,114.317,114.32,114.32
2021-10-19 00:00:00,114.303,114.315,114.298,114.314,114.303,114.319
2021-10-19 01:00:00,114.314,114.317,114.254,114.282,114.314,114.326
2021-10-19 02:00:00,114.282,114.32,114.273,114.288,114.282,114.283
2021-10-19 03:00:00,114.288,114.353,114.106,114.121,114.288,114.288
2021-10-19 04:00:00,114.121,114.218,114.079,114.216,114.121,114.122
2021-10-19 05:00:00,114.215,114.24,114.164,114.178,114.215,114.216
2021-10-19 06:00:00,114.18,114.202,114.122,114.148,114.18,114.18
2021-10-19 07:00:00,114.147,114.188,114.1,114.187,114.147,114.148
2021-10-19 08:00:00,114.186,114.197,114.086,114.11,114.186,114.186
2021-10-19 09:00:00,114.113,114.145,113.952,113.953,114.113,114.113
2021-10-19 10:00:00,113.952,114.072,113.879,114.029,113.952,113.952
2021-10-19 11:00:00,114.028,114.054,113.914,113.947,114.028,114.029
2021-10-19 12:00:00,113.947,114.177,113.923,114.086,113.947,113.947
2021-10-19 13:00:00,114.087,114.172,114.077,114.162,114.087,114.087
2021-10-19 14:00:00,114.162,114.214,114.152,114.202,114.162,114.162
2021-10-19 15:00:00,114.201,114.334,114.201,114.276,114.201,114.202
2021-10-19 16:00:00,114.276,114.286,114.166,114.172,114.276,114.276
2021-10-19 17:00:00,114.172,114.295,114.167,114.26,114.172,114.172
2021-10-19 18:00:00,114.26,114.292,114.201,114.28,114.26,114.261
2021-10-19 19:00:00,114.28,114.298,114.233,114.289,114.28,114.281
2021-10-19 20:00:00,114.29,114.298,114.232,114.275,114.29,114.29
2021-10-19 21:00:00,114.275,114.307,114.263,114.294,114.275,114.276
2021-10-19 22:00:00,114.294,114.34,114.289,114.336,114.294,114.295
2021-10-19 23:00:00,114.338,114.398,114.336,114.38,114.338,114.338
2021-10-20 00:00:00,114.366,114.369,114.271,114.369,114.366,114.403
2021-10-20 01:00:00,114.369,114.391,114.35,114.387,114.369,114.387
2021-10-20 02:00:00,114.389,114.58,114.389,114.546,114.389,114.39
2021-10-20 03:00:00,114.545,114.7,114.515,114.623,114.545,114.547
2021-10-20 04:00:00,114.623,114.638,114.445,114.457,114.623,114.624
2021-10-20 05:00:00,114.457,114.563,114.451,114.512,114.457,114.457
2021-10-20 06:00:00,114.512,114.517,114.462,114.517,114.512,114.512
2021-10-20 07:00:00,114.516,114.571,114.477,114.533,114.516,114.516
2021-10-20 08:00:00,114.533,114.583,114.526,114.558,114.533,114.534
2021-10-20 09:00:00,114.56,114.561,114.426,114.432,114.56,114.56
2021-10-20 10:00:00,114.432,114.469,114.295,114.346,114.432,114.432
2021-10-20 11:00:00,114.347,114.432,114.32,114.428,114.347,114.347
2021-10-20 12:00:00,114.428,114.476,114.395,114.456,114.428,114.428
2021-10-20 13:00:00,114.454,114.531,114.418,114.436,114.454,114.454
2021-10-20 14:00:00,114.436,114.436,114.369,114.399,114.436,114.436
2021-10-20 15:00:00,114.399,114.4,114.139,114.203,114.399,114.4
2021-10-20 16:00:00,114.203,114.358,114.124,114.256,114.203,114.204
2021-10-20 17:00:00,114.257,114.338,114.208,114.299,114.257,114.257
2021-10-20 18:00:00,114.299,114.329,114.195,114.243,114.299,114.3
2021-10-20 19:00:00,114.242,114.269,114.086,114.096,114.242,114.244
2021-10-20 20:00:00,114.095,114.238,114.08,114.212,114.095,114.096
2021-10-20 21:00:00,114.212,114.25,114.172,114.195,114.212,114.212
2021-10-20 22:00:00,114.198,114.286,114.196,114.269,114.198,114.198
2021-10-20 23:00:00,114.269,114.365,114.269,114.329,114.269,114.269
2021-10-21 00:00:00,114.249,114.346,114.191,114.329,114.249,114.349
2021-10-21 01:00:00,114.329,114.417,114.318,114.393,114.329,114.358
2021-10-21 02:00:00,114.393,114.407,114.318,114.388,114.393,114.395
2021-10-21 03:00:00,114.39,114.408,114.225,114.28,114.39,114.39
2021-10-21 04:00:00,114.281,114.408,114.272,114.35,114.281,114.281
2021-10-21 05:00:00,114.35,114.361,114.29,114.31,114.35,114.35
2021-10-21 06:00:00,114.311,114.32,114.191,114.213,114.311,114.311
2021-10-21 07:00:00,114.213,114.213,113.946,114.088,114.213,114.213
2021-10-21 08:00:00,114.088,114.125,113.979,114.02,114.088,114.09
2021-10-21 09:00:00,114.02,114.101,113.909,113.976,114.02,114.021
2021-10-21 10:00:00,113.976,114.136,113.962,114.128,113.976,113.976
2021-10-21 11:00:00,114.126,114.129,113.981,114.012,114.126,114.127
2021-10-21 12:00:00,114.012,114.089,114.011,114.052,114.012,114.012
2021-10-21 13:00:00,114.053,114.064,113.978,114.012,114.053,114.054
2021-10-21 14:00:00,114.011,114.185,113.971,114.17,114.011,114.011
2021-10-21 15:00:00,114.168,114.208,113.845,113.957,114.168,114.168
2021-10-21 16:00:00,113.956,113.961,113.65,113.772,113.956,113.956
2021-10-21 17:00:00,113.775,113.958,113.765,113.874,113.775,113.777
2021-10-21 18:00:00,113.874,113.929,113.726,113.745,113.874,113.874
2021-10-21 19:00:00,113.747,113.829,113.677,113.677,113.747,113.748
2021-10-21 20:00:00,113.679,113.838,113.678,113.838,113.679,113.679
2021-10-21 21:00:00,113.838,113.943,113.836,113.923,113.838,113.838
2021-10-21 22:00:00,113.923,114.025,113.91,114.02,113.923,113.923
2021-10-21 23:00:00,114.021,114.046,113.998,114.004,114.021,114.022
2021-10-22 00:00:00,113.933,114.009,113.927,113.989,113.933,113.986
2021-10-22 01:00:00,113.989,114.023,113.961,113.975,113.989,114.025
2021-10-22 02:00:00,113.974,113.992,113.816,113.849,113.974,113.974
2021-10-22 03:00:00,113.849,114.133,113.839,114.106,113.849,113.849
2021-10-22 04:00:00,114.104,114.206,114.067,114.158,114.104,114.105
2021-10-22 05:00:00,114.158,114.167,114.004,114.051,114.158,114.158
2021-10-22 06:00:00,114.051,114.107,114.025,114.069,114.051,114.051
2021-10-22 07:00:00,114.069,114.077,114.0,114.038,114.069,114.072
2021-10-22 08:00:00,114.037,114.048,113.938,114.007,114.037,114.038
2021-10-22 09:00:00,114.009,114.016,113.909,113.962,114.009,114.009
2021-10-22 10:00:00,113.961,114.077,113.847,113.889,113.961,113.961
2021-10-22 11:00:00,113.889,113.963,113.887,113.937,113.889,113.889
2021-10-22 12:00:00,113.937,113.988,113.838,113.848,113.937,113.938
2021-10-22 13:00:00,113.848,113.871,113.749,113.809,113.848,113.848
2021-10-22 14:00:00,113.808,113.881,113.74,113.881,113.808,113.808
2021-10-22 15:00:00,113.881,113.916,113.742,113.747,113.881,113.882
2021-10-22 16:00:00,113.747,113.842,113.711,113.75,113.747,113.747
2021-10-22 17:00:00,113.752,113.785,113.57,113.588,113.752,113.752
2021-10-22 18:00:00,113.591,113.872,113.507,113.557,113.591,113.591
2021-10-22 19:00:00,113.557,113.639,113.437,113.464,113.557,113.559
2021-10-22 20:00:00,113.464,113.572,113.453,113.523,113.464,113.465
2021-10-22 21:00:00,113.522,113.531,113.414,113.425,113.522,113.524
2021-10-22 22:00:00,113.426,113.471,113.414,113.442,113.426,113.426
2021-10-22 23:00:00,113.442,113.502,113.419,113.499,113.442,113.442
2021-10-25 00:00:00,113.535,113.538,113.481,113.506,113.535,113.587
2021-10-25 01:00:00,113.502,113.565,113.438,113.558,113.502,113.578
2021-10-25 02:00:00,113.557,113.694,113.526,113.669,113.557,113.559
2021-10-25 03:00:00,113.67,113.734,113.534,113.688,113.67,113.671
2021-10-25 04:00:00,113.688,113.829,113.635,113.645,113.688,113.689
2021-10-25 05:00:00,113.644,113.803,113.598,113.762,113.644,113.644
2021-10-25 06:00:00,113.761,113.765,113.625,113.63,113.761,113.762
2021-10-25 07:00:00,113.629,113.681,113.586,113.655,113.629,113.63
2021-10-25 08:00:00,113.652,113.66,113.56,113.599,113.652,113.653
2021-10-25 09:00:00,113.598,113.739,113.517,113.731,113.598,113.598
2021-10-25 10:00:00,113.731,113.737,113.608,113.633,113.731,113.731
2021-10-25 11:00:00,113.633,113.676,113.561,113.587,113.633,113.633
2021-10-25 12:00:00,113.587,113.692,113.562,113.622,113.587,113.588
2021-10-25 13:00:00,113.621,113.733,113.616,113.702,113.621,113.622
2021-10-25 14:00:00,113.701,113.713,113.628,113.699,113.701,113.703
2021-10-25 15:00:00,113.699,113.923,113.648,113.88,113.699,113.7
2021-10-25 16:00:00,113.881,113.897,113.594,113.692,113.881,113.881
2021-10-25 17:00:00,113.692,113.738,113.596,113.618,113.692,113.692
2021-10-25 18:00:00,113.621,113.712,113.618,113.701,113.621,113.621
2021-10-25 19:00:00,113.702,113.738,113.68,113.727,113.702,113.703
2021-10-25 20:00:00,113.728,113.747,113.687,113.711,113.728,113.729
2021-10-25 21:00:00,113.711,113.713,113.626,113.711,113.711,113.712
2021-10-25 22:00:00,113.714,113.729,113.674,113.702,113.714,113.714
2021-10-25 23:00:00,113.703,113.731,113.697,113.714,113.703,113.703
2021-10-26 00:00:00,113.709,113.715,113.677,113.705,113.709,113.726
2021-10-26 01:00:00,113.709,113.746,113.693,113.734,113.709,113.717
2021-10-26 02:00:00,113.734,113.789,113.715,113.766,113.734,113.736
2021-10-26 03:00:00,113.764,113.858,113.721,113.848,113.764,113.764
2021-10-26 04:00:00,113.847,113.904,113.818,113.84,113.847,113.848
2021-10-26 05:00:00,113.838,113.942,113.817,113.926,113.838,113.84
2021-10-26 06:00:00,113.925,113.951,113.9,113.912,113.925,113.927
2021-10-26 07:00:00,113.912,113.964,113.881,113.942,113.912,113.913
2021-10-26 08:00:00,113.942,113.983,113.932,113.978,113.942,113.943
2021-10-26 09:00:00,113.979,113.979,113.87,113.907,113.979,113.979
2021-10-26 10:00:00,113.908,114.082,113.874,114.046,113.908,113.909
2021-10-26 11:00:00,114.048,114.053,113.957,113.999,114.048,114.048
2021-10-26 12:00:00,113.999,114.036,113.949,114.019,113.999,114.001
2021-10-26 13:00:00,114.019,114.046,113.96,114.015,114.019,114.019
2021-10-26 14:00:00,114.015,114.017,113.908,113.948,114.015,114.016
2021-10-26 15:00:00,113.947,114.185,113.94,114.139,113.947,113.948
2021-10-26 16:00:00,114.139,114.206,114.075,114.155,114.139,114.141
2021-10-26 17:00:00,114.156,114.313,114.155,114.25,114.156,114.158
2021-10-26 18:00:00,114.25,114.276,114.166,114.204,114.25,114.25
2021-10-26 19:00:00,114.204,114.237,114.136,114.175,114.204,114.204
2021-10-26 20:00:00,114.176,114.183,114.09,114.161,114.176,114.176
2021-10-26 21:00:00,114.16,114.168,114.12,114.16,114.16,114.161
2021-10-26 22:00:00,114.161,114.161,114.11,114.119,114.161,114.161
2021-10-26 23:00:00,114.119,114.162,114.116,114.153,114.119,114.12
2021-10-27 00:00:00,114.149,114.15,114.109,114.144,114.149,114.182
2021-10-27 01:00:00,114.142,114.218,114.135,114.169,114.142,114.169
2021-10-27 02:00:00,114.169,114.208,114.152,114.186,114.169,114.172
2021-10-27 03:00:00,114.186,114.222,114.071,114.167,114.186,114.187
2021-10-27 04:00:00,114.168,114.209,114.053,114.065,114.168,114.169
2021-10-27 05:00:00,114.065,114.136,114.025,114.027,114.065,114.066
2021-10-27 06:00:00,114.027,114.059,113.962,113.991,114.027,114.028
2021-10-27 07:00:00,113.99,114.009,113.935,114.002,113.99,113.991
2021-10-27 08:00:00,114.002,114.098,114.0,114.095,114.002,114.004
2021-10-27 09:00:00,114.095,114.099,113.996,114.026,114.095,114.095
2021-10-27 10:00:00,114.027,114.048,113.67,113.743,114.027,114.027
2021-10-27 11:00:00,113.743,113.786,113.643,113.7,113.743,113.743
2021-10-27 12:00:00,113.7,113.703,113.539,113.649,113.7,113.701
2021-10-27 13:00:00,113.649,113.799,113.636,113.761,113.649,113.65
2021-10-27 14:00:00,113.76,113.809,113.652,113.659,113.76,113.76
2021-10-27 15:00:00,113.659,113.746,113.615,113.704,113.659,113.659
2021-10-27 16:00:00,113.704,113.753,113.389,113.498,113.704,113.704
2021-10-27 17:00:00,113.498,113.83,113.498,113.728,113.498,113.498
2021-10-27 18:00:00,113.729,113.84,113.703,113.754,113.729,113.729
2021-10-27 19:00:00,113.753,113.755,113.652,113.728,113.753,113.753
2021-10-27 20:00:00,113.727,113.799,113.637,113.789,113.727,113.728
2021-10-27 21:00:00,113.789,113.819,113.767,113.773,113.789,113.79
2021-10-27 22:00:00,113.772,113.834,113.757,113.829,113.772,113.772
2021-10-27 23:00:00,113.829,113.872,113.808,113.811,113.829,113.83
2021-10-28 00:00:00,113.809,113.832,113.793,113.809,113.809,113.844
2021-10-28 01:00:00,113.809,113.85,113.779,113.801,113.809,113.825
2021-10-28 02:00:00,113.801,113.826,113.731,113.778,113.801,113.802
2021-10-28 03:00:00,113.775,113.867,113.751,113.796,113.775,113.775
2021-10-28 04:00:00,113.797,113.814,113.671,113.68,113.797,113.798
2021-10-28 05:00:00,113.681,113.681,113.548,113.608,113.681,113.682
2021-10-28 06:00:00,113.607,113.642,113.562,113.625,113.607,113.607
2021-10-28 07:00:00,113.625,113.636,113.504,113.562,113.625,113.627
2021-10-28 08:00:00,113.562,113.588,113.514,113.578,113.562,113.562
2021-10-28 09:00:00,113.578,113.695,113.503,113.683,113.578,113.578
2021-10-28 10:00:00,113.684,113.748,113.592,113.602,113.684,113.684
2021-10-28 11:00:00,113.602,113.662,113.526,113.65,113.602,113.603
2021-10-28 12:00:00,113.65,113.723,113.611,113.667,113.65,113.651
2021-10-28 13:00:00,113.666,113.675,113.569,113.587,113.666,113.668
2021-10-28 14:00:00,113.587,113.631,113.518,113.619,113.587,113.587
2021-10-28 15:00:00,113.619,113.706,113.552,113.688,113.619,113.619
2021-10-28 16:00:00,113.69,113.72,113.357,113.468,113.69,113.69
2021-10-28 17:00:00,113.468,113.487,113.318,113.394,113.468,113.468
2021-10-28 18:00:00,113.395,113.418,113.257,113.386,113.395,113.396
2021-10-28 19:00:00,113.385,113.454,113.36,113.45,113.385,113.385
2021-10-28 20:00:00,113.45,113.559,113.439,113.473,113.45,113.451
2021-10-28 21:00:00,113.473,113.508,113.437,113.456,113.473,113.473
2021-10-28 22:00:00,113.456,113.58,113.447,113.568,113.456,113.457
2021-10-28 23:00:00,113.569,113.597,113.549,113.565,113.569,113.569
2021-10-29 00:00:00,113.573,113.575,113.52,113.559,113.573,113.585
2021-10-29 01:00:00,113.563,113.585,113.546,113.564,113.563,113.566
2021-10-29 02:00:00,113.564,113.617,113.558,113.617,113.564,113.566
2021-10-29 03:00:00,113.618,113.713,113.522,113.549,113.618,113.618
2021-10-29 04:00:00,113.549,113.605,113.394,113.581,113.549,113.549
2021-10-29 05:00:00,113.581,113.613,113.531,113.612,113.581,113.581
2021-10-29 06:00:00,113.612,113.67,113.588,113.604,113.612,113.612
2021-10-29 07:00:00,113.604,113.687,113.604,113.629,113.604,113.605
2021-10-29 08:00:00,113.628,113.689,113.579,113.67,113.628,113.628
2021-10-29 09:00:00,113.67,113.675,113.522,113.624,113.67,113.671
2021-10-29 10:00:00,113.625,113.635,113.504,113.605,113.625,113.625
2021-10-29 11:00:00,113.607,113.744,113.577,113.708,113.607,113.607
2021-10-29 12:00:00,113.71,113.784,113.684,113.71,113.71,113.711
2021-10-29 13:00:00,113.708,113.76,113.693,113.744,113.708,113.708
2021-10-29 14:00:00,113.744,113.89,113.741,113.869,113.744,113.744
2021-10-29 15:00:00,113.869,113.938,113.752,113.878,113.869,113.869
2021-10-29 16:00:00,113.878,113.979,113.864,113.944,113.878,113.878
2021-10-29 17:00:00,113.946,114.05,113.723,114.032,113.946,113.946
2021-10-29 18:00:00,114.032,114.091,113.995,114.053,114.032,114.032
2021-10-29 19:00:00,114.054,114.097,114.036,114.09,114.054,114.054
2021-10-29 20:00:00,114.089,114.089,113.931,113.999,114.089,114.089
2021-10-29 21:00:00,113.998,113.999,113.895,113.922,113.998,113.998
2021-10-29 22:00:00,113.922,113.98,113.874,113.98,113.922,113.922
2021-10-29 23:00:00,113.98,114.039,113.903,113.998,113.98,113.98
2021-11-01 00:00:00,114.022,114.086,114.022,114.074,114.05,114.076
2021-11-01 01:00:00,114.074,114.177,114.072,114.15,114.074,114.143
2021-11-01 02:00:00,114.147,114.255,114.1,114.238,114.147,114.148
2021-11-01 03:00:00,114.236,114.247,114.063,114.071,114.236,114.238
2021-11-01 04:00:00,114.071,114.169,114.025,114.155,114.071,114.073
2021-11-01 05:00:00,114.154,114.156,114.061,114.093,114.154,114.156
2021-11-01 06:00:00,114.093,114.216,114.093,114.2,114.093,114.094
2021-11-01 07:00:00,114.2,114.303,114.199,114.256,114.2,114.201
2021-11-01 08:00:00,114.256,114.314,114.229,114.235,114.256,114.257
2021-11-01 09:00:00,114.236,114.354,114.205,114.35,114.236,114.237
2021-11-01 10:00:00,114.352,114.426,114.302,114.418,114.352,114.352
2021-11-01 11:00:00,114.42,114.442,114.198,114.228,114.42,114.421
2021-11-01 12:00:00,114.227,114.279,114.202,114.246,114.227,114.228
2021-11-01 13:00:00,114.246,114.267,114.156,114.245,114.246,114.248
2021-11-01 14:00:00,114.245,114.311,114.158,114.238,114.245,114.246
2021-11-01 15:00:00,114.241,114.287,114.126,114.177,114.241,114.241
2021-11-01 16:00:00,114.175,114.263,114.162,114.181,114.175,114.176
2021-11-01 17:00:00,114.18,114.24,114.105,114.175,114.18,114.186
2021-11-01 18:00:00,114.175,114.26,114.142,114.2,114.175,114.175
2021-11-01 19:00:00,114.2,114.211,114.129,114.178,114.2,114.2
2021-11-01 20:00:00,114.177,114.18,114.077,114.087,114.177,114.178
2021-11-01 21:00:00,114.087,114.094,113.938,113.983,114.087,114.089
2021-11-01 22:00:00,113.983,114.053,113.98,114.019,113.983,113.983
2021-11-01 23:00:00,114.02,114.032,113.962,113.996,114.02,114.021
2021-11-02 00:00:00,113.994,114.02,113.973,113.992,113.994,114.001
2021-11-02 01:00:00,113.986,114.096,113.986,114.044,113.986,114.024
2021-11-02 02:00:00,114.043,114.133,114.023,114.091,114.043,114.046
2021-11-02 03:00:00,114.092,114.133,114.013,114.099,114.092,114.092
2021-11-02 04:00:00,114.099,114.133,113.936,113.96,114.099,114.099
2021-11-02 05:00:00,113.96,114.004,113.919,113.938,113.96,113.96
2021-11-02 06:00:00,113.939,113.962,113.873,113.948,113.939,113.939
2021-11-02 07:00:00,113.948,113.969,113.595,113.65,113.948,113.949
2021-11-02 08:00:00,113.65,113.766,113.65,113.687,113.65,113.65
2021-11-02 09:00:00,113.687,113.708,113.619,113.666,113.687,113.689
2021-11-02 10:00:00,113.667,113.689,113.582,113.657,113.667,113.667
2021-11-02 11:00:00,113.658,113.73,113.504,113.508,113.658,113.658
2021-11-02 12:00:00,113.508,113.598,113.462,113.526,113.508,113.509
2021-11-02 13:00:00,113.527,113.583,113.492,113.569,113.527,113.527
2021-11-02 14:00:00,113.569,113.701,113.568,113.695,113.569,113.569
2021-11-02 15:00:00,113.695,113.864,113.653,113.777,113.695,113.696
2021-11-02 16:00:00,113.777,113.845,113.738,113.762,113.777,113.777
2021-11-02 17:00:00,113.76,113.86,113.706,113.798,113.76,113.76
2021-11-02 18:00:00,113.797,113.805,113.677,113.797,113.797,113.797
2021-11-02 19:00:00,113.797,113.939,113.768,113.882,113.797,113.797
2021-11-02 20:00:00,113.881,113.943,113.86,113.868,113.881,113.881
2021-11-02 21:00:00,113.868,113.966,113.868,113.953,113.868,113.868
2021-11-02 22:00:00,113.953,113.985,113.908,113.955,113.953,113.953
2021-11-02 23:00:00,113.955,113.988,113.934,113.963,113.955,113.955
2021-11-03 00:00:00,113.959,113.972,113.898,113.947,113.959,113.961
2021-11-03 01:00:00,113.945,113.997,113.94,113.964,113.945,113.954
2021-11-03 02:00:00,113.964,114.009,113.957,113.966,113.964,113.966
2021-11-03 03:00:00,113.966,113.97,113.862,113.866,113.966,113.966
2021-11-03 04:00:00,113.866,113.93,113.841,113.876,113.866,113.867
2021-11-03 05:00:00,113.876,113.89,113.847,113.855,113.876,113.877
2021-11-03 06:00:00,113.853,113.853,113.743,113.807,113.853,113.856
2021-11-03 07:00:00,113.807,113.841,113.786,113.841,113.807,113.808
2021-11-03 08:00:00,113.843,113.872,113.829,113.86,113.843,113.843
2021-11-03 09:00:00,113.86,113.867,113.813,113.829,113.86,113.863
2021-11-03 10:00:00,113.825,113.944,113.818,113.911,113.825,113.826
2021-11-03 11:00:00,113.911,113.945,113.841,113.885,113.911,113.911
2021-11-03 12:00:00,113.885,113.885,113.821,113.852,113.885,113.886
2021-11-03 13:00:00,113.852,113.889,113.826,113.855,113.852,113.853
2021-11-03 14:00:00,113.856,113.857,113.757,113.775,113.856,113.856
2021-11-03 15:00:00,113.774,113.876,113.721,113.874,113.774,113.774
2021-11-03 16:00:00,113.874,113.992,113.864,113.95,113.874,113.874
2021-11-03 17:00:00,113.95,114.15,113.95,114.075,113.95,113.953
2021-11-03 18:00:00,114.074,114.124,113.966,114.063,114.074,114.074
2021-11-03 19:00:00,114.066,114.096,114.039,114.069,114.066,114.066
2021-11-03 20:00:00,114.069,114.083,113.934,113.962,114.069,114.069
2021-11-03 21:00:00,113.96,114.22,113.776,113.924,113.96,113.969
2021-11-03 22:00:00,113.925,114.076,113.894,113.997,113.925,113.926
2021-11-03 23:00:00,113.999,114.028,113.981,114.02,113.999,113.999
2021-11-04 00:00:00,113.991,114.013,113.947,113.976,113.991,114.013
2021-11-04 01:00:00,113.976,114.02,113.968,113.985,113.976,114.013
2021-11-04 02:00:00,113.985,114.085,113.983,114.069,113.985,113.987
2021-11-04 03:00:00,114.069,114.143,114.034,114.136,114.069,114.069
2021-11-04 04:00:00,114.136,114.239,114.111,114.209,114.136,114.138
2021-11-04 05:00:00,114.21,114.243,114.144,114.164,114.21,114.212
2021-11-04 06:00:00,114.164,114.236,114.147,114.207,114.164,114.164
2021-11-04 07:00:00,114.208,114.224,114.162,114.182,114.208,114.208
2021-11-04 08:00:00,114.182,114.198,114.122,114.16,114.182,114.184
2021-11-04 09:00:00,114.16,114.224,114.155,114.221,114.16,114.16
2021-11-04 10:00:00,114.221,114.277,114.206,114.212,114.221,114.221
2021-11-04 11:00:00,114.212,114.265,113.917,114.009,114.212,114.212
2021-11-04 12:00:00,114.009,114.088,114.001,114.039,114.009,114.01
2021-11-04 13:00:00,114.04,114.049,113.911,113.937,114.04,114.04
2021-11-04 14:00:00,113.937,113.945,113.79,113.815,113.937,113.938
2021-11-04 15:00:00,113.811,114.026,113.759,113.912,113.811,113.817
2021-11-04 16:00:00,113.912,113.948,113.801,113.814,113.912,113.913
2021-11-04 17:00:00,113.811,113.849,113.506,113.595,113.811,113.811
2021-11-04 18:00:00,113.595,113.737,113.535,113.637,113.595,113.595
2021-11-04 19:00:00,113.638,113.767,113.616,113.75,113.638,113.639
2021-11-04 20:00:00,113.75,113.75,113.652,113.68,113.75,113.75
2021-11-04 21:00:00,113.682,113.74,113.673,113.74,113.682,113.683
2021-11-04 22:00:00,113.74,113.787,113.701,113.704,113.74,113.74
2021-11-04 23:00:00,113.704,113.778,113.701,113.757,113.704,113.704
2021-11-05 00:00:00,113.746,113.749,113.72,113.749,113.746,113.763
2021-11-05 01:00:00,113.753,113.86,113.75,113.821,113.753,113.761
2021-11-05 02:00:00,113.821,113.856,113.805,113.834,113.821,113.825
2021-11-05 03:00:00,113.834,113.839,113.706,113.736,113.834,113.835
2021-11-05 04:00:00,113.732,113.734,113.585,113.592,113.732,113.732
2021-11-05 05:00:00,113.593,113.738,113.556,113.706,113.593,113.594
2021-11-05 06:00:00,113.706,113.74,113.67,113.7,113.706,113.707
2021-11-05 07:00:00,113.7,113.701,113.621,113.678,113.7,113.7
2021-11-05 08:00:00,113.678,113.706,113.648,113.651,113.678,113.68
2021-11-05 09:00:00,113.651,113.684,113.599,113.645,113.651,113.651
2021-11-05 10:00:00,113.645,113.787,113.643,113.761,113.645,113.646
2021-11-05 11:00:00,113.761,113.839,113.732,113.778,113.761,113.762
2021-11-05 12:00:00,113.778,113.83,113.718,113.816,113.778,113.779
2021-11-05 13:00:00,113.816,113.872,113.816,113.853,113.816,113.816
2021-11-05 14:00:00,113.853,113.918,113.821,113.831,113.853,113.854
2021-11-05 15:00:00,113.831,114.028,113.77,113.914,113.831,113.832
2021-11-05 16:00:00,113.914,113.917,113.498,113.638,113.914,113.914
2021-11-05 17:00:00,113.636,113.721,113.491,113.549,113.636,113.636
2021-11-05 18:00:00,113.549,113.62,113.418,113.456,113.549,113.55
2021-11-05 19:00:00,113.455,113.515,113.357,113.372,113.455,113.456
2021-11-05 20:00:00,113.372,113.394,113.3,113.374,113.372,113.372
2021-11-05 21:00:00,113.374,113.398,113.335,113.398,113.374,113.375
2021-11-05 22:00:00,113.398,113.417,113.318,113.332,113.398,113.398
2021-11-05 23:00:00,113.331,113.404,113.326,113.396,113.331,113.332
2021-11-08 00:00:00,113.336,113.405,113.327,113.401,113.336,113.412
2021-11-08 01:00:00,113.401,113.528,113.401,113.477,113.401,113.474
2021-11-08 02:00:00,113.478,113.617,113.436,113.609,113.478,113.478
2021-11-08 03:00:00,113.609,113.636,113.554,113.598,113.609,113.61
2021-11-08 04:00:00,113.596,113.626,113.561,113.61,113.596,113.596
2021-11-08 05:00:00,113.61,113.666,113.598,113.652,113.61,113.61
2021-11-08 06:00:00,113.652,113.654,113.56,113.579,113.652,113.652
2021-11-08 07:00:00,113.579,113.59,113.549,113.571,113.579,113.58
2021-11-08 08:00:00,113.572,113.636,113.557,113.593,113.572,113.572
2021-11-08 09:00:00,113.592,113.613,113.526,113.566,113.592,113.593
2021-11-08 10:00:00,113.566,113.575,113.443,113.478,113.566,113.566
2021-11-08 11:00:00,113.478,113.505,113.361,113.391,113.478,113.479
2021-11-08 12:00:00,113.391,113.462,113.388,113.423,113.391,113.392
2021-11-08 13:00:00,113.423,113.507,113.409,113.48,113.423,113.423
2021-11-08 14:00:00,113.481,113.488,113.374,113.429,113.481,113.481
2021-11-08 15:00:00,113.429,113.429,113.316,113.359,113.429,113.429
2021-11-08 16:00:00,113.359,113.425,113.088,113.116,113.359,113.359
2021-11-08 17:00:00,113.116,113.21,113.08,113.191,113.116,113.116
2021-11-08 18:00:00,113.192,113.246,113.136,113.152,113.192,113.192
2021-11-08 19:00:00,113.152,113.252,113.152,113.237,113.152,113.152
2021-11-08 20:00:00,113.237,113.274,113.209,113.21,113.237,113.238
2021-11-08 21:00:00,113.211,113.241,113.192,113.23,113.211,113.211
2021-11-08 22:00:00,113.23,113.292,113.224,113.227,113.23,113.231
2021-11-08 23:00:00,113.228,113.242,113.199,113.227,113.228,113.229
2021-11-09 00:00:00,113.217,113.255,113.198,113.255,113.217,113.233
2021-11-09 01:00:00,113.254,113.29,113.222,113.255,113.254,113.257
2021-11-09 02:00:00,113.255,113.261,113.168,113.212,113.255,113.256
2021-11-09 03:00:00,113.211,113.236,113.086,113.131,113.211,113.213
2021-11-09 04:00:00,113.131,113.131,112.925,112.947,113.131,113.132
2021-11-09 05:00:00,112.947,112.968,112.797,112.842,112.947,112.948
2021-11-09 06:00:00,112.842,112.882,112.82,112.823,112.842,112.843
2021-11-09 07:00:00,112.823,112.831,112.726,112.77,112.823,112.824
2021-11-09 08:00:00,112.77,112.901,112.743,112.9,112.77,112.772
2021-11-09 09:00:00,112.9,112.921,112.808,112.852,112.9,112.9
2021-11-09 10:00:00,112.852,113.005,112.845,112.915,112.852,112.852
2021-11-09 11:00:00,112.914,112.915,112.819,112.85,112.914,112.914
2021-11-09 12:00:00,112.85,112.885,112.808,112.846,112.85,112.85
2021-11-09 13:00:00,112.846,112.968,112.834,112.965,112.846,112.848
2021-11-09 14:00:00,112.965,113.076,112.929,113.063,112.965,112.966
2021-11-09 15:00:00,113.064,113.114,112.833,112.875,113.064,113.064
2021-11-09 16:00:00,112.876,113.0,112.744,112.795,112.876,112.877
2021-11-09 17:00:00,112.799,112.992,112.775,112.917,112.799,112.799
2021-11-09 18:00:00,112.921,113.005,112.85,112.88,112.921,112.921
2021-11-09 19:00:00,112.879,112.915,112.811,112.837,112.879,112.879
2021-11-09 20:00:00,112.838,112.932,112.823,112.835,112.838,112.838
2021-11-09 21:00:00,112.835,112.892,112.828,112.833,112.835,112.836
2021-11-09 22:00:00,112.833,112.886,112.807,112.869,112.833,112.834
2021-11-09 23:00:00,112.868,112.889,112.847,112.879,112.868,112.871
2021-11-10 00:00:00,112.841,112.907,112.796,112.897,112.841,112.902
2021-11-10 01:00:00,112.896,112.956,112.888,112.913,112.896,112.905
2021-11-10 02:00:00,112.914,112.953,112.808,112.865,112.914,112.915
2021-11-10 03:00:00,112.866,112.923,112.809,112.91,112.866,112.868
2021-11-10 04:00:00,112.91,112.918,112.818,112.854,112.91,112.912
2021-11-10 05:00:00,112.854,112.891,112.775,112.845,112.854,112.855
2021-11-10 06:00:00,112.847,112.869,112.788,112.853,112.847,112.848
2021-11-10 07:00:00,112.853,112.896,112.826,112.88,112.853,112.854
2021-11-10 08:00:00,112.88,112.942,112.862,112.925,112.88,112.88
2021-11-10 09:00:00,112.925,113.138,112.91,113.099,112.925,112.926
2021-11-10 10:00:00,113.097,113.185,113.063,113.144,113.097,113.098
2021-11-10 11:00:00,113.143,113.236,113.124,113.215,113.143,113.143
2021-11-10 12:00:00,113.215,113.218,113.164,113.198,113.215,113.217
2021-11-10 13:00:00,113.199,113.252,113.14,113.228,113.199,113.201
2021-11-10 14:00:00,113.227,113.338,113.188,113.267,113.227,113.228
2021-11-10 15:00:00,113.267,113.492,113.21,113.442,113.267,113.268
2021-11-10 16:00:00,113.445,113.665,113.346,113.653,113.445,113.445
2021-11-10 17:00:00,113.654,113.94,113.64,113.895,113.654,113.656
2021-11-10 18:00:00,113.898,113.91,113.807,113.884,113.898,113.898
2021-11-10 19:00:00,113.885,113.98,113.885,113.93,113.885,113.885
2021-11-10 20:00:00,113.93,114.015,113.812,113.822,113.93,113.931
2021-11-10 21:00:00,113.823,113.86,113.732,113.816,113.823,113.823
2021-11-10 22:00:00,113.815,113.901,113.77,113.895,113.815,113.816
2021-11-10 23:00:00,113.897,113.952,113.895,113.91,113.897,113.899
2021-11-11 00:00:00,113.906,113.917,113.842,113.881,113.906,113.923
2021-11-11 01:00:00,113.88,113.906,113.854,113.906,113.88,113.892
2021-11-11 02:00:00,113.906,113.987,113.903,113.955,113.906,113.906
2021-11-11 03:00:00,113.955,114.088,113.945,114.064,113.955,113.956
2021-11-11 04:00:00,114.064,114.156,114.041,114.09,114.064,114.065
2021-11-11 05:00:00,114.091,114.097,113.972,114.001,114.091,114.093
2021-11-11 06:00:00,113.999,114.002,113.919,113.967,113.999,114.0
2021-11-11 07:00:00,113.966,113.98,113.919,113.943,113.966,113.967
2021-11-11 08:00:00,113.944,113.982,113.889,113.931,113.944,113.946
2021-11-11 09:00:00,113.931,114.091,113.876,114.082,113.931,113.931
2021-11-11 10:00:00,114.08,114.134,113.997,114.043,114.08,114.08
2021-11-11 11:00:00,114.043,114.091,114.015,114.079,114.043,114.044
2021-11-11 12:00:00,114.08,114.081,113.962,113.982,114.08,114.08
2021-11-11 13:00:00,113.983,114.009,113.935,113.957,113.983,113.984
2021-11-11 14:00:00,113.954,113.971,113.893,113.951,113.954,113.954
2021-11-11 15:00:00,113.95,113.99,113.808,113.874,113.95,113.95
2021-11-11 16:00:00,113.875,113.966,113.807,113.964,113.875,113.875
2021-11-11 17:00:00,113.965,114.004,113.896,113.969,113.965,113.965
2021-11-11 18:00:00,113.97,114.046,113.94,114.017,113.97,113.97
2021-11-11 19:00:00,114.016,114.089,113.989,114.088,114.016,114.016
2021-11-11 20:00:00,114.088,114.093,114.044,114.084,114.088,114.088
2021-11-11 21:00:00,114.084,114.098,114.047,114.097,114.084,114.086
2021-11-11 22:00:00,114.097,114.107,114.053,114.073,114.097,114.097
2021-11-11 23:00:00,114.072,114.09,114.058,114.063,114.072,114.073
2021-11-12 00:00:00,114.057,114.061,114.038,114.057,114.057,114.067
2021-11-12 01:00:00,114.058,114.074,114.032,114.045,114.058,114.069
2021-11-12 02:00:00,114.044,114.251,114.039,114.25,114.044,114.045
2021-11-12 03:00:00,114.25,114.301,114.214,114.281,114.25,114.25
2021-11-12 04:00:00,114.281,114.281,114.217,114.24,114.281,114.281
2021-11-12 05:00:00,114.239,114.277,114.226,114.256,114.239,114.241
2021-11-12 06:00:00,114.255,114.268,114.235,114.26,114.255,114.257
2021-11-12 07:00:00,114.26,114.284,114.162,114.206,114.26,114.26
2021-11-12 08:00:00,114.205,114.247,114.184,114.22,114.205,114.206
2021-11-12 09:00:00,114.22,114.253,114.021,114.047,114.22,114.221
2021-11-12 10:00:00,114.047,114.094,113.951,114.006,114.047,114.049
2021-11-12 11:00:00,114.006,114.074,113.966,114.03,114.006,114.006
2021-11-12 12:00:00,114.03,114.093,114.012,114.086,114.03,114.032
2021-11-12 13:00:00,114.086,114.131,114.031,114.057,114.086,114.087
2021-11-12 14:00:00,114.053,114.063,113.934,114.0,114.053,114.054
2021-11-12 15:00:00,114.0,114.034,113.922,113.96,114.0,114.0
2021-11-12 16:00:00,113.96,114.008,113.899,114.003,113.96,113.961
2021-11-12 17:00:00,113.993,113.993,113.76,113.942,113.993,113.993
2021-11-12 18:00:00,113.942,113.965,113.855,113.902,113.942,113.942
2021-11-12 19:00:00,113.901,113.946,113.879,113.909,113.901,113.902
2021-11-12 20:00:00,113.909,113.909,113.821,113.845,113.909,113.91
2021-11-12 21:00:00,113.846,113.957,113.828,113.956,113.846,113.847
2021-11-12 22:00:00,113.956,113.957,113.862,113.879,113.956,113.956
2021-11-12 23:00:00,113.88,113.936,113.872,113.928,113.88,113.881
2021-11-15 00:00:00,113.909,113.938,113.897,113.934,113.909,113.948
2021-11-15 01:00:00,113.934,114.048,113.927,113.985,113.934,114.004
2021-11-15 02:00:00,113.986,114.008,113.912,113.997,113.986,113.986
2021-11-15 03:00:00,113.997,114.007,113.755,113.782,113.997,113.999
2021-11-15 04:00:00,113.783,113.881,113.774,113.842,113.783,113.785
2021-11-15 05:00:00,113.842,113.881,113.829,113.854,113.842,113.842
2021-11-15 06:00:00,113.855,113.877,113.839,113.862,113.855,113.856
2021-11-15 07:00:00,113.861,113.863,113.807,113.823,113.861,113.862
2021-11-15 08:00:00,113.824,113.958,113.81,113.947,113.824,113.824
2021-11-15 09:00:00,113.947,113.997,113.916,113.95,113.947,113.949
2021-11-15 10:00:00,113.947,114.013,113.876,113.959,113.947,113.948
2021-11-15 11:00:00,113.96,113.968,113.807,113.826,113.96,113.96
2021-11-15 12:00:00,113.824,113.892,113.824,113.88,113.824,113.825
2021-11-15 13:00:00,113.88,113.89,113.809,113.826,113.88,113.88
2021-11-15 14:00:00,113.825,113.9,113.819,113.886,113.825,113.826
2021-11-15 15:00:00,113.884,113.898,113.834,113.876,113.884,113.885
2021-11-15 16:00:00,113.876,114.014,113.871,113.973,113.876,113.876
2021-11-15 17:00:00,113.974,114.051,113.945,113.968,113.974,113.975
2021-11-15 18:00:00,113.969,113.998,113.923,113.967,113.969,113.969
2021-11-15 19:00:00,113.966,114.085,113.952,114.071,113.966,113.967
2021-11-15 20:00:00,114.072,114.091,114.037,114.064,114.072,114.072
2021-11-15 21:00:00,114.064,114.089,114.039,114.087,114.064,114.065
2021-11-15 22:00:00,114.087,114.215,114.077,114.169,114.087,114.088
2021-11-15 23:00:00,114.169,114.169,114.12,114.14,114.169,114.169
2021-11-16 00:00:00,114.119,114.153,114.067,114.133,114.119,114.139
2021-11-16 01:00:00,114.133,114.209,114.112,114.133,114.133,114.145
2021-11-16 02:00:00,114.133,114.203,114.116,114.188,114.133,114.135
2021-11-16 03:00:00,114.186,114.307,114.137,114.29,114.186,114.188
2021-11-16 04:00:00,114.291,114.313,114.136,114.152,114.291,114.292
2021-11-16 05:00:00,114.152,114.201,114.151,114.179,114.152,114.155
2021-11-16 06:00:00,114.179,114.181,114.102,114.152,114.179,114.18
2021-11-16 07:00:00,114.153,114.16,114.117,114.144,114.153,114.154
2021-11-16 08:00:00,114.147,114.202,114.117,114.193,114.147,114.147
2021-11-16 09:00:00,114.195,114.274,114.159,114.265,114.195,114.197
2021-11-16 10:00:00,114.266,114.293,114.128,114.176,114.266,114.266
2021-11-16 11:00:00,114.176,114.208,114.144,114.193,114.176,114.178
2021-11-16 12:00:00,114.193,114.26,114.193,114.236,114.193,114.194
2021-11-16 13:00:00,114.236,114.288,114.217,114.234,114.236,114.236
2021-11-16 14:00:00,114.235,114.356,114.233,114.328,114.235,114.235
2021-11-16 15:00:00,114.327,114.439,114.245,114.427,114.327,114.329
2021-11-16 16:00:00,114.427,114.63,114.413,114.613,114.427,114.427
2021-11-16 17:00:00,114.614,114.638,114.423,114.578,114.614,114.614
2021-11-16 18:00:00,114.579,114.634,114.501,114.624,114.579,114.579
2021-11-16 19:00:00,114.623,114.656,114.572,114.621,114.623,114.623
2021-11-16 20:00:00,114.621,114.659,114.57,114.631,114.621,114.621
2021-11-16 21:00:00,114.631,114.698,114.616,114.697,114.631,114.631
2021-11-16 22:00:00,114.697,114.845,114.629,114.827,114.697,114.697
2021-11-16 23:00:00,114.826,114.85,114.759,114.819,114.826,114.826
2021-11-17 00:00:00,114.818,114.84,114.763,114.829,114.818,114.842
2021-11-17 01:00:00,114.829,114.972,114.829,114.906,114.829,114.842
2021-11-17 02:00:00,114.906,114.937,114.779,114.814,114.906,114.908
2021-11-17 03:00:00,114.813,114.846,114.699,114.8,114.813,114.815
2021-11-17 04:00:00,114.8,114.866,114.777,114.802,114.8,114.8
2021-11-17 05:00:00,114.802,114.939,114.798,114.889,114.802,114.802
2021-11-17 06:00:00,114.889,114.92,114.841,114.86,114.889,114.889
2021-11-17 07:00:00,114.86,114.913,114.846,114.913,114.86,114.862
2021-11-17 08:00:00,114.912,114.913,114.822,114.866,114.912,114.912
2021-11-17 09:00:00,114.867,114.938,114.844,114.89,114.867,114.869
2021-11-17 10:00:00,114.891,114.948,114.797,114.831,114.891,114.892
2021-11-17 11:00:00,114.831,114.912,114.8,114.836,114.831,114.831
2021-11-17 12:00:00,114.835,114.841,114.747,114.797,114.835,114.835
2021-11-17 13:00:00,114.797,114.831,114.71,114.743,114.797,114.798
2021-11-17 14:00:00,114.742,114.742,114.618,114.704,114.742,114.742
2021-11-17 15:00:00,114.703,114.747,114.554,114.733,114.703,114.703
2021-11-17 16:00:00,114.733,114.766,114.532,114.548,114.733,114.733
2021-11-17 17:00:00,114.548,114.595,114.433,114.523,114.548,114.549
2021-11-17 18:00:00,114.524,114.555,114.331,114.345,114.524,114.524
2021-11-17 19:00:00,114.345,114.379,113.997,114.076,114.345,114.346
2021-11-17 20:00:00,114.076,114.119,113.934,114.062,114.076,114.077
2021-11-17 21:00:00,114.063,114.134,114.026,114.134,114.063,114.063
2021-11-17 22:00:00,114.134,114.198,114.106,114.107,114.134,114.134
2021-11-17 23:00:00,114.107,114.159,114.09,114.118,114.107,114.109
2021-11-18 00:00:00,114.027,114.161,113.977,114.153,114.027,114.127
2021-11-18 01:00:00,114.153,114.234,114.139,114.191,114.153,114.164
2021-11-18 02:00:00,114.191,114.241,114.106,114.208,114.191,114.193
2021-11-18 03:00:00,114.206,114.206,114.008,114.051,114.206,114.207
2021-11-18 04:00:00,114.051,114.09,113.878,114.045,114.051,114.053
2021-11-18 05:00:00,114.046,114.117,114.018,114.101,114.046,114.046
2021-11-18 06:00:00,114.099,114.12,114.036,114.069,114.099,114.1
2021-11-18 07:00:00,114.069,114.272,114.067,114.182,114.069,114.072
2021-11-18 08:00:00,114.181,114.254,114.153,114.172,114.181,114.181
2021-11-18 09:00:00,114.175,114.177,113.981,114.019,114.175,114.175
2021-11-18 10:00:00,114.02,114.228,114.011,114.17,114.02,114.02
2021-11-18 11:00:00,114.169,114.228,114.148,114.186,114.169,114.171
2021-11-18 12:00:00,114.185,114.225,114.17,114.177,114.185,114.185
2021-11-18 13:00:00,114.174,114.193,114.126,114.183,114.174,114.175
2021-11-18 14:00:00,114.184,114.242,114.133,114.178,114.184,114.184
2021-11-18 15:00:00,114.178,114.392,114.166,114.359,114.178,114.178
2021-11-18 16:00:00,114.359,114.448,114.263,114.415,114.359,114.359
2021-11-18 17:00:00,114.415,114.486,114.178,114.282,114.415,114.415
2021-11-18 18:00:00,114.283,114.315,114.209,114.218,114.283,114.283
2021-11-18 19:00:00,114.218,114.268,114.163,114.242,114.218,114.219
2021-11-18 20:00:00,114.241,114.281,114.191,114.232,114.241,114.241
2021-11-18 21:00:00,114.232,114.271,114.22,114.264,114.232,114.232
2021-11-18 22:00:00,114.262,114.278,114.227,114.229,114.262,114.264
2021-11-18 23:00:00,114.23,114.259,114.225,114.256,114.23,114.231
2021-11-19 00:00:00,114.253,114.263,114.217,114.252,114.253,114.262
2021-11-19 01:00:00,114.253,114.294,114.234,114.285,114.253,114.261
2021-11-19 02:00:00,114.285,114.36,114.276,114.331,114.285,114.286
2021-11-19 03:00:00,114.332,114.37,114.246,114.321,114.332,114.332
2021-11-19 04:00:00,114.32,114.377,114.31,114.37,114.32,114.321
2021-11-19 05:00:00,114.374,114.4,114.348,114.367,114.374,114.374
2021-11-19 06:00:00,114.367,114.377,114.342,114.368,114.367,114.368
2021-11-19 07:00:00,114.369,114.375,114.316,114.352,114.369,114.37
2021-11-19 08:00:00,114.352,114.366,114.293,114.304,114.352,114.353
2021-11-19 09:00:00,114.305,114.375,114.302,114.362,114.305,114.306
2021-11-19 10:00:00,114.362,114.468,114.335,114.457,114.362,114.363
2021-11-19 11:00:00,114.456,114.542,113.898,114.007,114.456,114.456
2021-11-19 12:00:00,114.007,114.044,113.811,113.964,114.007,114.008
2021-11-19 13:00:00,113.965,113.994,113.838,113.843,113.965,113.966
2021-11-19 14:00:00,113.843,113.846,113.588,113.761,113.843,113.843
2021-11-19 15:00:00,113.761,113.922,113.723,113.815,113.761,113.762
2021-11-19 16:00:00,113.815,114.063,113.675,113.883,113.815,113.815
2021-11-19 17:00:00,113.885,114.044,113.756,113.869,113.885,113.886
2021-11-19 18:00:00,113.868,113.9,113.728,113.797,113.868,113.869
2021-11-19 19:00:00,113.796,114.071,113.787,113.98,113.796,113.796
2021-11-19 20:00:00,113.98,114.059,113.887,113.946,113.98,113.982
2021-11-19 21:00:00,113.945,113.959,113.907,113.936,113.945,113.946
2021-11-19 22:00:00,113.935,114.032,113.935,113.993,113.935,113.936
2021-11-19 23:00:00,113.993,114.033,113.968,114.02,113.993,113.996
2021-11-22 00:00:00,113.938,114.023,113.924,114.015,113.938,114.038
2021-11-22 01:00:00,114.014,114.143,114.014,114.143,114.014,114.051
2021-11-22 02:00:00,114.14,114.144,114.02,114.067,114.14,114.143
2021-11-22 03:00:00,114.066,114.183,114.046,114.163,114.066,114.067
2021-11-22 04:00:00,114.163,114.213,114.13,114.134,114.163,114.164
2021-11-22 05:00:00,114.134,114.187,114.104,114.114,114.134,114.135
2021-11-22 06:00:00,114.113,114.176,114.11,114.14,114.113,114.114
2021-11-22 07:00:00,114.139,114.167,114.123,114.131,114.139,114.141
2021-11-22 08:00:00,114.131,114.196,114.129,114.189,114.131,114.132
2021-11-22 09:00:00,114.187,114.268,114.161,114.224,114.187,114.187
2021-11-22 10:00:00,114.222,114.253,114.094,114.147,114.222,114.223
2021-11-22 11:00:00,114.147,114.166,114.067,114.132,114.147,114.147
2021-11-22 12:00:00,114.132,114.194,114.093,114.161,114.132,114.132
2021-11-22 13:00:00,114.16,114.236,114.066,114.116,114.16,114.16
2021-11-22 14:00:00,114.118,114.162,114.085,114.133,114.118,114.118
2021-11-22 15:00:00,114.133,114.18,114.067,114.15,114.133,114.133
2021-11-22 16:00:00,114.151,114.742,114.149,114.608,114.151,114.151
2021-11-22 17:00:00,114.609,114.753,114.608,114.736,114.609,114.61
2021-11-22 18:00:00,114.737,114.818,114.61,114.684,114.737,114.737
2021-11-22 19:00:00,114.685,114.846,114.683,114.831,114.685,114.686
2021-11-22 20:00:00,114.829,114.936,114.81,114.915,114.829,114.831
2021-11-22 21:00:00,114.914,114.952,114.857,114.948,114.914,114.915
2021-11-22 22:00:00,114.949,114.961,114.833,114.847,114.949,114.949
2021-11-22 23:00:00,114.847,114.893,114.842,114.872,114.847,114.849
2021-11-23 00:00:00,114.869,114.898,114.818,114.836,114.869,114.884
2021-11-23 01:00:00,114.836,114.871,114.787,114.79,114.836,114.854
2021-11-23 02:00:00,114.79,114.821,114.738,114.772,114.79,114.792
2021-11-23 03:00:00,114.772,114.847,114.749,114.829,114.772,114.773
2021-11-23 04:00:00,114.829,115.099,114.825,115.083,114.829,114.83
2021-11-23 05:00:00,115.083,115.14,115.056,115.081,115.083,115.085
2021-11-23 06:00:00,115.081,115.135,115.076,115.101,115.081,115.082
2021-11-23 07:00:00,115.101,115.139,115.051,115.113,115.101,115.101
2021-11-23 08:00:00,115.11,115.122,115.042,115.075,115.11,115.112
2021-11-23 09:00:00,115.074,115.152,114.49,114.699,115.074,115.076
2021-11-23 10:00:00,114.7,114.845,114.526,114.609,114.7,114.701
2021-11-23 11:00:00,114.611,114.803,114.61,114.765,114.611,114.611
2021-11-23 12:00:00,114.765,114.858,114.712,114.838,114.765,114.766
2021-11-23 13:00:00,114.838,115.01,114.793,114.96,114.838,114.838
2021-11-23 14:00:00,114.964,115.041,114.918,115.01,114.964,114.964
2021-11-23 15:00:00,115.01,115.03,114.837,114.983,115.01,115.01
2021-11-23 16:00:00,114.982,115.081,114.91,115.033,114.982,114.983
2021-11-23 17:00:00,115.035,115.099,114.908,114.974,115.035,115.036
2021-11-23 18:00:00,114.973,115.021,114.899,114.998,114.973,114.973
2021-11-23 19:00:00,114.999,115.004,114.929,114.995,114.999,114.999
2021-11-23 20:00:00,114.995,115.084,114.93,115.068,114.995,114.996
2021-11-23 21:00:00,115.069,115.083,114.998,115.076,115.069,115.069
2021-11-23 22:00:00,115.076,115.155,115.038,115.154,115.076,115.076
2021-11-23 23:00:00,115.156,115.191,115.108,115.132,115.156,115.156
2021-11-24 00:00:00,115.125,115.126,115.033,115.102,115.125,115.202
2021-11-24 01:00:00,115.102,115.219,115.1,115.143,115.102,115.109
2021-11-24 02:00:00,115.143,115.224,115.096,115.199,115.143,115.145
2021-11-24 03:00:00,115.199,115.238,115.115,115.157,115.199,115.203
2021-11-24 04:00:00,115.156,115.16,115.001,115.067,115.156,115.158
2021-11-24 05:00:00,115.067,115.092,115.021,115.07,115.067,115.069
2021-11-24 06:00:00,115.069,115.073,114.917,114.951,115.069,115.072
2021-11-24 07:00:00,114.951,115.011,114.91,114.928,114.951,114.953
2021-11-24 08:00:00,114.929,115.002,114.867,114.928,114.929,114.93
2021-11-24 09:00:00,114.929,114.95,114.855,114.896,114.929,114.93
2021-11-24 10:00:00,114.896,115.075,114.826,115.069,114.896,114.897
2021-11-24 11:00:00,115.069,115.113,114.838,114.972,115.069,115.069
2021-11-24 12:00:00,114.972,115.072,114.95,115.052,114.972,114.974
2021-11-24 13:00:00,115.053,115.063,114.981,115.002,115.053,115.053
2021-11-24 14:00:00,115.002,115.164,114.982,115.123,115.002,115.004
2021-11-24 15:00:00,115.124,115.254,115.097,115.163,115.124,115.124
2021-11-24 16:00:00,115.162,115.378,115.119,115.321,115.162,115.163
2021-11-24 17:00:00,115.33,115.469,115.265,115.439,115.33,115.331
2021-11-24 18:00:00,115.441,115.48,115.28,115.346,115.441,115.441
2021-11-24 19:00:00,115.345,115.479,115.309,115.448,115.345,115.346
2021-11-24 20:00:00,115.446,115.486,115.401,115.476,115.446,115.447
2021-11-24 21:00:00,115.476,115.521,115.396,115.468,115.476,115.48
2021-11-24 22:00:00,115.467,115.468,115.366,115.374,115.467,115.467
2021-11-24 23:00:00,115.375,115.429,115.374,115.41,115.375,115.375
2021-11-25 00:00:00,115.416,115.428,115.373,115.422,115.416,115.466
2021-11-25 01:00:00,115.422,115.457,115.408,115.409,115.422,115.434
2021-11-25 02:00:00,115.408,115.447,115.304,115.326,115.408,115.411
2021-11-25 03:00:00,115.327,115.401,115.309,115.39,115.327,115.328
2021-11-25 04:00:00,115.391,115.402,115.362,115.372,115.391,115.392
2021-11-25 05:00:00,115.374,115.381,115.361,115.37,115.374,115.374
2021-11-25 06:00:00,115.37,115.378,115.349,115.366,115.37,115.372
2021-11-25 07:00:00,115.366,115.389,115.364,115.384,115.366,115.367
2021-11-25 08:00:00,115.387,115.406,115.37,115.405,115.387,115.387
2021-11-25 09:00:00,115.405,115.432,115.306,115.38,115.405,115.407
2021-11-25 10:00:00,115.38,115.388,115.307,115.346,115.38,115.38
2021-11-25 11:00:00,115.346,115.37,115.334,115.362,115.346,115.347
2021-11-25 12:00:00,115.361,115.362,115.333,115.349,115.361,115.361
2021-11-25 13:00:00,115.348,115.359,115.334,115.341,115.348,115.35
2021-11-25 14:00:00,115.341,115.342,115.241,115.328,115.341,115.342
2021-11-25 15:00:00,115.328,115.346,115.288,115.327,115.328,115.329
2021-11-25 16:00:00,115.326,115.333,115.304,115.32,115.326,115.327
2021-11-25 17:00:00,115.32,115.388,115.317,115.366,115.32,115.32
2021-11-25 18:00:00,115.366,115.367,115.331,115.351,115.366,115.368
2021-11-25 19:00:00,115.351,115.394,115.336,115.348,115.351,115.351
2021-11-25 20:00:00,115.351,115.381,115.339,115.378,115.351,115.355
2021-11-25 21:00:00,115.378,115.385,115.354,115.37,115.378,115.385
2021-11-25 22:00:00,115.37,115.376,115.354,115.362,115.37,115.379
2021-11-25 23:00:00,115.358,115.399,115.32,115.32,115.358,115.358
2021-11-26 00:00:00,115.318,115.365,115.288,115.362,115.318,115.411
2021-11-26 01:00:00,115.362,115.362,115.031,115.076,115.362,115.379
2021-11-26 02:00:00,115.078,115.113,114.68,114.947,115.078,115.078
2021-11-26 03:00:00,114.947,115.04,114.843,114.872,114.947,114.949
2021-11-26 04:00:00,114.872,114.957,114.635,114.696,114.872,114.872
2021-11-26 05:00:00,114.696,114.729,114.594,114.69,114.696,114.697
2021-11-26 06:00:00,114.691,114.783,114.597,114.73,114.691,114.693
2021-11-26 07:00:00,114.73,114.732,114.628,114.653,114.73,114.731
2021-11-26 08:00:00,114.653,114.663,114.452,114.577,114.653,114.655
2021-11-26 09:00:00,114.58,114.586,114.142,114.164,114.58,114.581
2021-11-26 10:00:00,114.163,114.42,113.654,114.358,114.163,114.164
2021-11-26 11:00:00,114.358,114.365,113.899,113.96,114.358,114.361
2021-11-26 12:00:00,113.962,114.161,113.929,113.994,113.962,113.964
2021-11-26 13:00:00,113.993,114.062,113.832,113.908,113.993,113.994
2021-11-26 14:00:00,113.907,114.029,113.854,114.006,113.907,113.907
2021-11-26 15:00:00,114.005,114.21,113.793,113.865,114.005,114.009
2021-11-26 16:00:00,113.865,113.924,113.527,113.561,113.865,113.865
2021-11-26 17:00:00,113.559,113.572,113.052,113.182,113.559,113.559
2021-11-26 18:00:00,113.18,113.564,113.147,113.445,113.18,113.18
2021-11-26 19:00:00,113.444,113.493,113.055,113.068,113.444,113.445
2021-11-26 20:00:00,113.068,113.272,113.068,113.259,113.068,113.071
2021-11-26 21:00:00,113.259,113.267,113.069,113.185,113.259,113.27
2021-11-26 22:00:00,113.184,113.24,113.087,113.098,113.184,113.219
2021-11-26 23:00:00,113.102,113.5,113.102,113.261,113.102,113.194
2021-11-29 00:00:00,113.685,113.693,113.322,113.495,113.685,113.738
2021-11-29 01:00:00,113.496,113.871,113.387,113.721,113.496,113.526
2021-11-29 02:00:00,113.722,113.877,113.631,113.701,113.722,113.726
2021-11-29 03:00:00,113.7,113.751,113.434,113.659,113.7,113.7
2021-11-29 04:00:00,113.671,113.713,113.451,113.483,113.671,113.671
2021-11-29 05:00:00,113.483,113.708,113.477,113.678,113.483,113.485
2021-11-29 06:00:00,113.68,113.747,113.554,113.602,113.68,113.681
2021-11-29 07:00:00,113.603,113.622,113.245,113.284,113.603,113.604
2021-11-29 08:00:00,113.287,113.321,112.992,113.319,113.287,113.289
2021-11-29 09:00:00,113.317,113.609,113.313,113.579,113.317,113.319
2021-11-29 10:00:00,113.575,113.639,113.27,113.308,113.575,113.575
2021-11-29 11:00:00,113.307,113.441,113.234,113.338,113.307,113.309
2021-11-29 12:00:00,113.339,113.474,113.315,113.445,113.339,113.339
2021-11-29 13:00:00,113.445,113.547,113.43,113.446,113.445,113.445
2021-11-29 14:00:00,113.447,113.643,113.41,113.613,113.447,113.448
2021-11-29 15:00:00,113.614,113.796,113.595,113.782,113.614,113.615
2021-11-29 16:00:00,113.781,113.946,113.71,113.928,113.781,113.782
2021-11-29 17:00:00,113.928,113.956,113.557,113.619,113.928,113.928
2021-11-29 18:00:00,113.619,113.787,113.611,113.757,113.619,113.621
2021-11-29 19:00:00,113.758,113.83,113.717,113.77,113.758,113.759
2021-11-29 20:00:00,113.771,113.778,113.687,113.772,113.771,113.772
2021-11-29 21:00:00,113.772,113.803,113.713,113.714,113.772,113.772
2021-11-29 22:00:00,113.711,113.736,113.643,113.658,113.711,113.711
2021-11-29 23:00:00,113.658,113.678,113.524,113.536,113.658,113.658
2021-11-30 00:00:00,113.524,113.637,113.508,113.629,113.524,113.532
2021-11-30 01:00:00,113.631,113.84,113.625,113.806,113.631,113.639
2021-11-30 02:00:00,113.806,113.891,113.727,113.777,113.806,113.809
2021-11-30 03:00:00,113.776,113.839,113.706,113.722,113.776,113.778
2021-11-30 04:00:00,113.722,113.733,113.624,113.728,113.722,113.723
2021-11-30 05:00:00,113.732,113.746,113.623,113.661,113.732,113.732
2021-11-30 06:00:00,113.661,113.668,113.563,113.577,113.661,113.664
2021-11-30 07:00:00,113.578,113.585,113.035,113.081,113.578,113.578
2021-11-30 08:00:00,113.081,113.237,112.955,113.198,113.081,113.084
2021-11-30 09:00:00,113.198,113.242,113.078,113.182,113.198,113.2
2021-11-30 10:00:00,113.184,113.194,112.858,112.892,113.184,113.184
2021-11-30 11:00:00,112.893,112.92,112.686,112.849,112.893,112.894
2021-11-30 12:00:00,112.848,112.923,112.772,112.84,112.848,112.848
2021-11-30 13:00:00,112.842,113.118,112.745,113.076,112.842,112.842
2021-11-30 14:00:00,113.075,113.119,112.899,112.952,113.075,113.075
2021-11-30 15:00:00,112.953,112.958,112.695,112.807,112.953,112.953
2021-11-30 16:00:00,112.81,112.856,112.532,112.622,112.81,112.811
2021-11-30 17:00:00,112.624,113.602,112.544,113.527,112.624,112.625
2021-11-30 18:00:00,113.528,113.707,113.12,113.204,113.528,113.528
2021-11-30 19:00:00,113.203,113.254,113.079,113.109,113.203,113.203
2021-11-30 20:00:00,113.107,113.129,112.998,113.106,113.107,113.108
2021-11-30 21:00:00,113.106,113.208,113.099,113.106,113.106,113.106
2021-11-30 22:00:00,113.108,113.139,113.01,113.028,113.108,113.108
2021-11-30 23:00:00,113.026,113.171,113.005,113.142,113.026,113.027
2021-12-01 00:00:00,113.133,113.186,113.066,113.184,113.133,113.179
2021-12-01 01:00:00,113.182,113.329,113.182,113.301,113.182,113.19
2021-12-01 02:00:00,113.302,113.322,113.104,113.245,113.302,113.304
2021-12-01 03:00:00,113.244,113.552,113.215,113.488,113.244,113.246
2021-12-01 04:00:00,113.489,113.532,113.386,113.466,113.489,113.491
2021-12-01 05:00:00,113.468,113.472,113.337,113.428,113.468,113.469
2021-12-01 06:00:00,113.428,113.514,113.397,113.5,113.428,113.429
2021-12-01 07:00:00,113.501,113.512,113.42,113.446,113.501,113.502
2021-12-01 08:00:00,113.446,113.629,113.433,113.562,113.446,113.446
2021-12-01 09:00:00,113.561,113.579,113.374,113.429,113.561,113.561
2021-12-01 10:00:00,113.426,113.578,113.287,113.51,113.426,113.426
2021-12-01 11:00:00,113.508,113.592,113.425,113.465,113.508,113.508
2021-12-01 12:00:00,113.466,113.478,113.366,113.428,113.466,113.466
2021-12-01 13:00:00,113.428,113.435,113.325,113.383,113.428,113.429
2021-12-01 14:00:00,113.382,113.428,113.306,113.398,113.382,113.383
2021-12-01 15:00:00,113.398,113.398,113.116,113.139,113.398,113.398
2021-12-01 16:00:00,113.139,113.158,112.838,112.839,113.139,113.14
2021-12-01 17:00:00,112.839,113.099,112.747,112.983,112.839,112.841
2021-12-01 18:00:00,112.985,113.089,112.782,112.828,112.985,112.985
2021-12-01 19:00:00,112.828,112.949,112.709,112.76,112.828,112.828
2021-12-01 20:00:00,112.762,112.836,112.671,112.785,112.762,112.762
2021-12-01 21:00:00,112.785,112.868,112.725,112.789,112.785,112.785
2021-12-01 22:00:00,112.785,112.888,112.784,112.808,112.785,112.785
2021-12-01 23:00:00,112.809,112.842,112.76,112.769,112.809,112.809
2021-12-02 00:00:00,112.769,112.832,112.625,112.829,112.769,112.782
2021-12-02 01:00:00,112.829,112.924,112.805,112.884,112.829,112.84
2021-12-02 02:00:00,112.882,113.013,112.818,112.979,112.882,112.884
2021-12-02 03:00:00,112.979,113.079,112.84,113.06,112.979,112.982
2021-12-02 04:00:00,113.06,113.104,112.935,113.067,113.06,113.062
2021-12-02 05:00:00,113.067,113.068,112.966,113.061,113.067,113.067
2021-12-02 06:00:00,113.061,113.091,112.984,113.064,113.061,113.062
2021-12-02 07:00:00,113.063,113.132,113.047,113.115,113.063,113.063
2021-12-02 08:00:00,113.116,113.181,113.015,113.176,113.116,113.116
2021-12-02 09:00:00,113.176,113.33,113.146,113.277,113.176,113.176
2021-12-02 10:00:00,113.276,113.29,113.148,113.207,113.276,113.278
2021-12-02 11:00:00,113.207,113.301,113.14,113.149,113.207,113.209
2021-12-02 12:00:00,113.149,113.163,112.913,113.077,113.149,113.149
2021-12-02 13:00:00,113.08,113.082,112.884,112.934,113.08,113.08
2021-12-02 14:00:00,112.935,112.99,112.707,112.821,112.935,112.936
2021-12-02 15:00:00,112.818,112.908,112.752,112.845,112.818,112.82
2021-12-02 16:00:00,112.846,113.006,112.733,112.973,112.846,112.848
2021-12-02 17:00:00,112.975,112.983,112.817,112.966,112.975,112.975
2021-12-02 18:00:00,112.964,113.112,112.931,113.081,112.964,112.964
2021-12-02 19:00:00,113.082,113.242,113.082,113.196,113.082,113.082
2021-12-02 20:00:00,113.197,113.2,113.108,113.146,113.197,113.197
2021-12-02 21:00:00,113.147,113.208,113.106,113.167,113.147,113.148
2021-12-02 22:00:00,113.166,113.186,113.102,113.178,113.166,113.166
2021-12-02 23:00:00,113.176,113.2,113.139,113.188,113.176,113.177
2021-12-03 00:00:00,113.139,113.222,113.139,113.194,113.139,113.212
2021-12-03 01:00:00,113.193,113.222,113.002,113.024,113.193,113.205
2021-12-03 02:00:00,113.023,113.148,112.958,113.129,113.023,113.024
2021-12-03 03:00:00,113.13,113.21,112.988,113.073,113.13,113.13
2021-12-03 04:00:00,113.073,113.16,113.073,113.118,113.073,113.075
2021-12-03 05:00:00,113.119,113.194,113.083,113.185,113.119,113.12
2021-12-03 06:00:00,113.185,113.24,113.134,113.213,113.185,113.187
2021-12-03 07:00:00,113.213,113.258,113.185,113.215,113.213,113.214
2021-12-03 08:00:00,113.214,113.359,113.182,113.35,113.214,113.214
2021-12-03 09:00:00,113.344,113.407,113.294,113.379,113.344,113.344
2021-12-03 10:00:00,113.379,113.488,113.33,113.367,113.379,113.38
2021-12-03 11:00:00,113.367,113.388,113.312,113.317,113.367,113.369
2021-12-03 12:00:00,113.317,113.342,113.221,113.256,113.317,113.317
2021-12-03 13:00:00,113.253,113.364,113.227,113.328,113.253,113.254
2021-12-03 14:00:00,113.331,113.383,113.307,113.329,113.331,113.332
2021-12-03 15:00:00,113.33,113.459,112.991,113.417,113.33,113.33
2021-12-03 16:00:00,113.419,113.611,113.305,113.392,113.419,113.42
2021-12-03 17:00:00,113.408,113.494,113.13,113.222,113.408,113.408
2021-12-03 18:00:00,113.223,113.255,112.856,112.864,113.223,113.224
2021-12-03 19:00:00,112.864,112.953,112.802,112.832,112.864,112.864
2021-12-03 20:00:00,112.832,112.866,112.566,112.599,112.832,112.833
2021-12-03 21:00:00,112.599,112.687,112.56,112.619,112.599,112.6
2021-12-03 22:00:00,112.62,112.84,112.606,112.77,112.62,112.62
2021-12-03 23:00:00,112.77,112.85,112.727,112.799,112.77,112.771
2021-12-06 00:00:00,112.827,112.921,112.814,112.88,112.827,112.853
2021-12-06 01:00:00,112.879,113.081,112.864,113.044,112.879,112.911
2021-12-06 02:00:00,113.044,113.07,112.851,113.03,113.044,113.046
2021-12-06 03:00:00,113.029,113.057,112.988,113.016,113.029,113.031
2021-12-06 04:00:00,113.014,113.052,112.953,112.99,113.014,113.014
2021-12-06 05:00:00,112.99,113.01,112.962,112.997,112.99,112.992
2021-12-06 06:00:00,112.998,113.018,112.983,113.006,112.998,112.999
2021-12-06 07:00:00,113.007,113.067,113.004,113.041,113.007,113.008
2021-12-06 08:00:00,113.039,113.144,113.012,113.108,113.039,113.041
2021-12-06 09:00:00,113.107,113.185,113.031,113.145,113.107,113.107
2021-12-06 10:00:00,113.146,113.204,113.114,113.159,113.146,113.147
2021-12-06 11:00:00,113.159,113.373,113.15,113.25,113.159,113.161
2021-12-06 12:00:00,113.252,113.262,113.151,113.23,113.252,113.252
2021-12-06 13:00:00,113.229,113.26,113.153,113.204,113.229,113.23
2021-12-06 14:00:00,113.204,113.213,113.071,113.123,113.204,113.206
2021-12-06 15:00:00,113.123,113.254,113.114,113.221,113.123,113.124
2021-12-06 16:00:00,113.221,113.239,113.085,113.231,113.221,113.222
2021-12-06 17:00:00,113.231,113.485,113.169,113.446,113.231,113.231
2021-12-06 18:00:00,113.446,113.486,113.304,113.314,113.446,113.446
2021-12-06 19:00:00,113.316,113.463,113.303,113.462,113.316,113.316
2021-12-06 20:00:00,113.463,113.552,113.453,113.505,113.463,113.463
2021-12-06 21:00:00,113.504,113.529,113.468,113.495,113.504,113.504
2021-12-06 22:00:00,113.495,113.502,113.439,113.482,113.495,113.495
2021-12-06 23:00:00,113.482,113.515,113.47,113.489,113.482,113.483
2021-12-07 00:00:00,113.438,113.498,113.433,113.491,113.438,113.491
2021-12-07 01:00:00,113.491,113.506,113.444,113.468,113.491,113.503
2021-12-07 02:00:00,113.47,113.508,113.399,113.489,113.47,113.47
2021-12-07 03:00:00,113.489,113.589,113.482,113.555,113.489,113.491
2021-12-07 04:00:00,113.555,113.556,113.455,113.48,113.555,113.557
2021-12-07 05:00:00,113.48,113.573,113.473,113.554,113.48,113.482
2021-12-07 06:00:00,113.555,113.681,113.555,113.64,113.555,113.556
2021-12-07 07:00:00,113.64,113.732,113.622,113.726,113.64,113.642
2021-12-07 08:00:00,113.726,113.737,113.657,113.704,113.726,113.727
2021-12-07 09:00:00,113.705,113.74,113.586,113.642,113.705,113.705
2021-12-07 10:00:00,113.64,113.728,113.629,113.693,113.64,113.64
2021-12-07 11:00:00,113.694,113.736,113.648,113.658,113.694,113.694
2021-12-07 12:00:00,113.658,113.702,113.563,113.589,113.658,113.659
2021-12-07 13:00:00,113.589,113.618,113.502,113.557,113.589,113.591
2021-12-07 14:00:00,113.552,113.555,113.457,113.519,113.552,113.553
2021-12-07 15:00:00,113.519,113.779,113.511,113.766,113.519,113.521
2021-12-07 16:00:00,113.765,113.77,113.619,113.652,113.765,113.765
2021-12-07 17:00:00,113.652,113.692,113.527,113.66,113.652,113.652
2021-12-07 18:00:00,113.661,113.667,113.552,113.623,113.661,113.661
2021-12-07 19:00:00,113.623,113.745,113.601,113.734,113.623,113.624
2021-12-07 20:00:00,113.732,113.732,113.531,113.592,113.732,113.732
2021-12-07 21:00:00,113.591,113.632,113.542,113.628,113.591,113.592
2021-12-07 22:00:00,113.623,113.647,113.464,113.486,113.623,113.623
2021-12-07 23:00:00,113.486,113.572,113.486,113.569,113.486,113.486
2021-12-08 01:00:00,113.568,113.568,113.476,113.528,113.568,113.571
2021-12-08 02:00:00,113.528,113.574,113.357,113.545,113.528,113.528
2021-12-08 03:00:00,113.545,113.545,113.415,113.481,113.545,113.545
2021-12-08 04:00:00,113.481,113.553,113.43,113.511,113.481,113.482
2021-12-08 05:00:00,113.511,113.512,113.439,113.473,113.511,113.512
2021-12-08 06:00:00,113.475,113.535,113.472,113.525,113.475,113.475
2021-12-08 07:00:00,113.525,113.527,113.482,113.501,113.525,113.526
2021-12-08 08:00:00,113.502,113.539,113.482,113.493,113.502,113.502
2021-12-08 09:00:00,113.494,113.496,113.324,113.416,113.494,113.495
2021-12-08 10:00:00,113.413,113.633,113.389,113.568,113.413,113.414
2021-12-08 11:00:00,113.568,113.604,113.479,113.508,113.568,113.568
2021-12-08 12:00:00,113.508,113.572,113.34,113.393,113.508,113.508
2021-12-08 13:00:00,113.393,113.798,113.31,113.694,113.393,113.395
2021-12-08 14:00:00,113.694,113.851,113.65,113.759,113.694,113.694
2021-12-08 15:00:00,113.758,113.927,113.712,113.872,113.758,113.76
2021-12-08 16:00:00,113.872,113.955,113.803,113.87,113.872,113.873
2021-12-08 17:00:00,113.87,113.924,113.761,113.881,113.87,113.871
2021-12-08 18:00:00,113.88,113.922,113.79,113.835,113.88,113.881
2021-12-08 19:00:00,113.837,113.85,113.652,113.662,113.837,113.837
2021-12-08 20:00:00,113.661,113.701,113.595,113.682,113.661,113.662
2021-12-08 21:00:00,113.682,113.69,113.609,113.667,113.682,113.682
2021-12-08 22:00:00,113.666,113.675,113.619,113.668,113.666,113.666
2021-12-08 23:00:00,113.668,113.732,113.659,113.695,113.668,113.668
2021-12-09 00:00:00,113.656,113.747,113.651,113.739,113.656,113.685
2021-12-09 01:00:00,113.739,113.747,113.682,113.686,113.739,113.748
2021-12-09 02:00:00,113.686,113.808,113.686,113.781,113.686,113.688
2021-12-09 03:00:00,113.781,113.811,113.713,113.719,113.781,113.781
2021-12-09 04:00:00,113.722,113.772,113.719,113.73,113.722,113.722
2021-12-09 05:00:00,113.732,113.764,113.642,113.658,113.732,113.732
2021-12-09 06:00:00,113.658,113.687,113.585,113.603,113.658,113.661
2021-12-09 07:00:00,113.602,113.669,113.601,113.632,113.602,113.603
2021-12-09 08:00:00,113.633,113.67,113.595,113.659,113.633,113.634
2021-12-09 09:00:00,113.66,113.66,113.46,113.49,113.66,113.661
2021-12-09 10:00:00,113.49,113.494,113.349,113.45,113.49,113.49
2021-12-09 11:00:00,113.45,113.586,113.449,113.559,113.45,113.45
2021-12-09 12:00:00,113.559,113.567,113.469,113.531,113.559,113.559
2021-12-09 13:00:00,113.531,113.559,113.453,113.5,113.531,113.533
2021-12-09 14:00:00,113.499,113.551,113.369,113.432,113.499,113.499
2021-12-09 15:00:00,113.433,113.459,113.273,113.345,113.433,113.433
2021-12-09 16:00:00,113.346,113.531,113.342,113.497,113.346,113.346
2021-12-09 17:00:00,113.499,113.548,113.404,113.44,113.499,113.499
2021-12-09 18:00:00,113.442,113.564,113.408,113.537,113.442,113.443
2021-12-09 19:00:00,113.537,113.565,113.506,113.544,113.537,113.537
2021-12-09 20:00:00,113.544,113.652,113.486,113.493,113.544,113.545
2021-12-09 21:00:00,113.493,113.552,113.445,113.474,113.493,113.494
2021-12-09 22:00:00,113.473,113.473,113.384,113.446,113.473,113.473
2021-12-09 23:00:00,113.448,113.492,113.44,113.462,113.448,113.448
2021-12-10 01:00:00,113.465,113.473,113.399,113.441,113.465,113.477
2021-12-10 02:00:00,113.442,113.491,113.381,113.411,113.442,113.442
2021-12-10 03:00:00,113.411,113.418,113.333,113.394,113.411,113.412
2021-12-10 04:00:00,113.394,113.516,113.389,113.484,113.394,113.394
2021-12-10 05:00:00,113.484,113.574,113.468,113.529,113.484,113.484
2021-12-10 06:00:00,113.53,113.572,113.509,113.518,113.53,113.53
2021-12-10 07:00:00,113.521,113.536,113.428,113.461,113.521,113.521
2021-12-10 08:00:00,113.461,113.568,113.445,113.549,113.461,113.461
2021-12-10 09:00:00,113.55,113.623,113.542,113.581,113.55,113.552
2021-12-10 10:00:00,113.582,113.697,113.557,113.678,113.582,113.582
2021-12-10 11:00:00,113.678,113.682,113.61,113.674,113.678,113.679
2021-12-10 12:00:00,113.676,113.744,113.659,113.73,113.676,113.676
2021-12-10 13:00:00,113.732,113.791,113.723,113.765,113.732,113.732
2021-12-10 14:00:00,113.765,113.767,113.674,113.689,113.765,113.765
2021-12-10 15:00:00,113.689,113.777,113.468,113.511,113.689,113.689
2021-12-10 16:00:00,113.516,113.536,113.354,113.394,113.516,113.517
2021-12-10 17:00:00,113.395,113.439,113.288,113.425,113.395,113.399
2021-12-10 18:00:00,113.423,113.439,113.224,113.367,113.423,113.423
2021-12-10 19:00:00,113.367,113.368,113.292,113.341,113.367,113.368
2021-12-10 20:00:00,113.341,113.4,113.33,113.396,113.341,113.343
2021-12-10 21:00:00,113.396,113.465,113.384,113.429,113.396,113.396
2021-12-10 22:00:00,113.429,113.456,113.407,113.417,113.429,113.429
2021-12-10 23:00:00,113.419,113.442,113.374,113.379,113.419,113.421
2021-12-13 00:00:00,113.281,113.427,113.259,113.425,113.281,113.31
2021-12-13 01:00:00,113.425,113.52,113.407,113.514,113.425,113.456
2021-12-13 02:00:00,113.514,113.545,113.482,113.532,113.514,113.515
2021-12-13 03:00:00,113.531,113.554,113.499,113.531,113.531,113.532
2021-12-13 04:00:00,113.531,113.565,113.513,113.552,113.531,113.533
2021-12-13 05:00:00,113.552,113.572,113.531,113.553,113.552,113.553
2021-12-13 06:00:00,113.553,113.572,113.492,113.511,113.553,113.553
2021-12-13 07:00:00,113.511,113.53,113.445,113.501,113.511,113.512
2021-12-13 08:00:00,113.5,113.562,113.493,113.555,113.5,113.501
2021-12-13 09:00:00,113.555,113.594,113.508,113.545,113.555,113.555
2021-12-13 10:00:00,113.545,113.673,113.539,113.646,113.545,113.545
2021-12-13 11:00:00,113.645,113.726,113.644,113.707,113.645,113.645
2021-12-13 12:00:00,113.708,113.727,113.646,113.66,113.708,113.708
2021-12-13 13:00:00,113.659,113.707,113.615,113.638,113.659,113.66
2021-12-13 14:00:00,113.638,113.638,113.558,113.606,113.638,113.64
2021-12-13 15:00:00,113.606,113.68,113.588,113.645,113.606,113.607
2021-12-13 16:00:00,113.645,113.652,113.506,113.52,113.645,113.645
2021-12-13 17:00:00,113.518,113.597,113.45,113.572,113.518,113.518
2021-12-13 18:00:00,113.572,113.594,113.371,113.432,113.572,113.572
2021-12-13 19:00:00,113.432,113.471,113.394,113.47,113.432,113.432
2021-12-13 20:00:00,113.47,113.485,113.42,113.465,113.47,113.471
2021-12-13 21:00:00,113.465,113.535,113.464,113.528,113.465,113.465
2021-12-13 22:00:00,113.526,113.608,113.496,113.598,113.526,113.528
2021-12-13 23:00:00,113.597,113.606,113.548,113.582,113.597,113.597
2021-12-14 00:00:00,113.486,113.593,113.486,113.576,113.486,113.584
2021-12-14 01:00:00,113.581,113.598,113.564,113.579,113.581,113.588
2021-12-14 02:00:00,113.579,113.664,113.527,113.632,113.579,113.581
2021-12-14 03:00:00,113.632,113.667,113.588,113.618,113.632,113.632
2021-12-14 04:00:00,113.618,113.647,113.602,113.644,113.618,113.62
2021-12-14 05:00:00,113.644,113.647,113.472,113.603,113.644,113.644
2021-12-14 06:00:00,113.604,113.623,113.565,113.591,113.604,113.605
2021-12-14 07:00:00,113.592,113.604,113.55,113.593,113.592,113.592
2021-12-14 08:00:00,113.592,113.658,113.543,113.632,113.592,113.592
2021-12-14 09:00:00,113.632,113.746,113.602,113.712,113.632,113.632
2021-12-14 10:00:00,113.713,113.755,113.65,113.668,113.713,113.713
2021-12-14 11:00:00,113.668,113.742,113.523,113.601,113.668,113.669
2021-12-14 12:00:00,113.602,113.617,113.513,113.571,113.602,113.604
2021-12-14 13:00:00,113.572,113.598,113.475,113.536,113.572,113.572
2021-12-14 14:00:00,113.536,113.602,113.526,113.544,113.536,113.538
2021-12-14 15:00:00,113.543,113.588,113.428,113.557,113.543,113.545
2021-12-14 16:00:00,113.55,113.714,113.545,113.651,113.55,113.55
2021-12-14 17:00:00,113.651,113.741,113.651,113.721,113.651,113.651
2021-12-14 18:00:00,113.725,113.731,113.633,113.638,113.725,113.725
2021-12-14 19:00:00,113.638,113.705,113.605,113.663,113.638,113.638
2021-12-14 20:00:00,113.663,113.73,113.662,113.724,113.663,113.663
2021-12-14 21:00:00,113.724,113.754,113.712,113.745,113.724,113.724
2021-12-14 22:00:00,113.746,113.758,113.728,113.744,113.746,113.746
2021-12-14 23:00:00,113.742,113.757,113.734,113.753,113.742,113.743
2021-12-15 00:00:00,113.708,113.753,113.657,113.742,113.708,113.757
2021-12-15 01:00:00,113.741,113.754,113.713,113.742,113.741,113.753
2021-12-15 02:00:00,113.742,113.801,113.738,113.756,113.742,113.744
2021-12-15 03:00:00,113.756,113.756,113.681,113.731,113.756,113.756
2021-12-15 04:00:00,113.731,113.745,113.685,113.726,113.731,113.732
2021-12-15 05:00:00,113.725,113.776,113.712,113.774,113.725,113.727
2021-12-15 06:00:00,113.774,113.774,113.732,113.772,113.774,113.775
2021-12-15 07:00:00,113.772,113.772,113.714,113.729,113.772,113.772
2021-12-15 08:00:00,113.729,113.744,113.629,113.669,113.729,113.729
2021-12-15 09:00:00,113.672,113.743,113.647,113.725,113.672,113.674
2021-12-15 10:00:00,113.725,113.755,113.654,113.696,113.725,113.725
2021-12-15 11:00:00,113.698,113.749,113.667,113.743,113.698,113.698
2021-12-15 12:00:00,113.743,113.832,113.724,113.824,113.743,113.744
2021-12-15 13:00:00,113.825,113.838,113.783,113.798,113.825,113.825
2021-12-15 14:00:00,113.799,113.885,113.769,113.884,113.799,113.799
2021-12-15 15:00:00,113.882,113.895,113.798,113.842,113.882,113.883
2021-12-15 16:00:00,113.842,113.9,113.75,113.789,113.842,113.844
2021-12-15 17:00:00,113.79,113.886,113.773,113.841,113.79,113.79
2021-12-15 18:00:00,113.842,113.842,113.772,113.835,113.842,113.842
2021-12-15 19:00:00,113.832,113.914,113.823,113.909,113.832,113.833
2021-12-15 20:00:00,113.908,113.985,113.879,113.892,113.908,113.91
2021-12-15 21:00:00,113.906,114.271,113.906,114.023,113.906,113.923
2021-12-15 22:00:00,114.023,114.121,113.952,114.046,114.023,114.025
2021-12-15 23:00:00,114.048,114.07,114.013,114.059,114.048,114.048
2021-12-16 00:00:00,114.002,114.076,113.987,114.042,114.002,114.079
2021-12-16 01:00:00,114.043,114.183,114.039,114.144,114.043,114.053
2021-12-16 02:00:00,114.145,114.249,114.138,114.17,114.145,114.147
2021-12-16 03:00:00,114.167,114.167,114.037,114.102,114.167,114.168
2021-12-16 04:00:00,114.103,114.131,114.073,114.126,114.103,114.103
2021-12-16 05:00:00,114.126,114.145,114.105,114.132,114.126,114.126
2021-12-16 06:00:00,114.135,114.163,114.039,114.074,114.135,114.135
2021-12-16 07:00:00,114.075,114.166,114.072,114.153,114.075,114.075
2021-12-16 08:00:00,114.153,114.216,114.148,114.165,114.153,114.153
2021-12-16 09:00:00,114.166,114.185,114.101,114.118,114.166,114.166
2021-12-16 10:00:00,114.116,114.155,114.09,114.092,114.116,114.116
2021-12-16 11:00:00,114.093,114.155,114.056,114.147,114.093,114.094
2021-12-16 12:00:00,114.147,114.168,114.122,114.168,114.147,114.148
2021-12-16 13:00:00,114.166,114.196,114.141,114.174,114.166,114.168
2021-12-16 14:00:00,114.174,114.197,114.105,114.168,114.174,114.179
2021-12-16 15:00:00,114.168,114.193,114.08,114.124,114.168,114.168
2021-12-16 16:00:00,114.123,114.125,113.656,113.674,114.123,114.124
2021-12-16 17:00:00,113.673,113.778,113.56,113.749,113.673,113.673
2021-12-16 18:00:00,113.751,113.758,113.597,113.675,113.751,113.751
2021-12-16 19:00:00,113.674,113.693,113.61,113.636,113.674,113.675
2021-12-16 20:00:00,113.638,113.708,113.6,113.684,113.638,113.639
2021-12-16 21:00:00,113.683,113.691,113.587,113.601,113.683,113.684
2021-12-16 22:00:00,113.602,113.664,113.576,113.642,113.602,113.603
2021-12-16 23:00:00,113.649,113.74,113.647,113.704,113.649,113.649
2021-12-17 00:00:00,113.633,113.727,113.622,113.711,113.633,113.717
2021-12-17 01:00:00,113.711,113.715,113.656,113.667,113.711,113.725
2021-12-17 02:00:00,113.67,113.854,113.662,113.816,113.67,113.67
2021-12-17 03:00:00,113.816,113.829,113.607,113.68,113.816,113.818
2021-12-17 04:00:00,113.68,113.725,113.595,113.618,113.68,113.68
2021-12-17 05:00:00,113.617,113.657,113.473,113.529,113.617,113.617
2021-12-17 06:00:00,113.528,113.608,113.446,113.597,113.528,113.528
2021-12-17 07:00:00,113.597,113.61,113.507,113.578,113.597,113.598
2021-12-17 08:00:00,113.577,113.598,113.491,113.546,113.577,113.578
2021-12-17 09:00:00,113.548,113.675,113.533,113.667,113.548,113.55
2021-12-17 10:00:00,113.667,113.7,113.551,113.562,113.667,113.667
2021-12-17 11:00:00,113.562,113.602,113.488,113.588,113.562,113.563
2021-12-17 12:00:00,113.588,113.603,113.498,113.512,113.588,113.588
2021-12-17 13:00:00,113.511,113.545,113.42,113.48,113.511,113.512
2021-12-17 14:00:00,113.48,113.495,113.205,113.239,113.48,113.48
2021-12-17 15:00:00,113.237,113.386,113.142,113.337,113.237,113.237
2021-12-17 16:00:00,113.336,113.41,113.286,113.363,113.336,113.337
2021-12-17 17:00:00,113.364,113.646,113.335,113.636,113.364,113.365
2021-12-17 18:00:00,113.636,113.649,113.536,113.565,113.636,113.636
2021-12-17 19:00:00,113.565,113.643,113.556,113.641,113.565,113.565
2021-12-17 20:00:00,113.642,113.759,113.6,113.733,113.642,113.642
2021-12-17 21:00:00,113.731,113.739,113.671,113.698,113.731,113.734
2021-12-17 22:00:00,113.699,113.749,113.679,113.743,113.699,113.7
2021-12-17 23:00:00,113.743,113.766,113.699,113.708,113.743,113.743
2021-12-20 00:00:00,113.571,113.71,113.571,113.678,113.571,113.741
2021-12-20 01:00:00,113.68,113.702,113.513,113.518,113.68,113.711
2021-12-20 02:00:00,113.517,113.632,113.501,113.58,113.517,113.518
2021-12-20 03:00:00,113.58,113.708,113.517,113.523,113.58,113.582
2021-12-20 04:00:00,113.522,113.603,113.466,113.593,113.522,113.522
2021-12-20 05:00:00,113.592,113.601,113.474,113.512,113.592,113.594
2021-12-20 06:00:00,113.512,113.54,113.482,113.521,113.512,113.512
2021-12-20 07:00:00,113.52,113.52,113.41,113.453,113.52,113.52
2021-12-20 08:00:00,113.454,113.487,113.426,113.428,113.454,113.454
2021-12-20 09:00:00,113.429,113.466,113.342,113.454,113.429,113.43
2021-12-20 10:00:00,113.454,113.548,113.401,113.416,113.454,113.455
2021-12-20 11:00:00,113.416,113.545,113.366,113.495,113.416,113.417
2021-12-20 12:00:00,113.494,113.64,113.494,113.606,113.494,113.496
2021-12-20 13:00:00,113.606,113.691,113.549,113.683,113.606,113.608
2021-12-20 14:00:00,113.684,113.69,113.499,113.522,113.684,113.684
2021-12-20 15:00:00,113.524,113.617,113.496,113.529,113.524,113.525
2021-12-20 16:00:00,113.529,113.577,113.405,113.511,113.529,113.529
2021-12-20 17:00:00,113.511,113.527,113.378,113.407,113.511,113.514
2021-12-20 18:00:00,113.407,113.463,113.327,113.457,113.407,113.407
2021-12-20 19:00:00,113.456,113.561,113.454,113.521,113.456,113.457
2021-12-20 20:00:00,113.521,113.65,113.512,113.646,113.521,113.522
2021-12-20 21:00:00,113.644,113.716,113.632,113.713,113.644,113.645
2021-12-20 22:00:00,113.711,113.732,113.662,113.664,113.711,113.711
2021-12-20 23:00:00,113.668,113.673,113.621,113.628,113.668,113.668
2021-12-21 00:00:00,113.56,113.656,113.56,113.615,113.56,113.637
2021-12-21 01:00:00,113.615,113.68,113.615,113.665,113.615,113.639
2021-12-21 02:00:00,113.665,113.677,113.611,113.616,113.665,113.666
2021-12-21 03:00:00,113.615,113.708,113.553,113.666,113.615,113.615
2021-12-21 04:00:00,113.666,113.702,113.631,113.65,113.666,113.668
2021-12-21 05:00:00,113.65,113.695,113.64,113.662,113.65,113.652
2021-12-21 06:00:00,113.663,113.69,113.632,113.679,113.663,113.664
2021-12-21 07:00:00,113.68,113.747,113.666,113.729,113.68,113.681
2021-12-21 08:00:00,113.728,113.775,113.721,113.742,113.728,113.728
2021-12-21 09:00:00,113.742,113.774,113.625,113.664,113.742,113.742
2021-12-21 10:00:00,113.663,113.689,113.555,113.611,113.663,113.663
2021-12-21 11:00:00,113.61,113.674,113.588,113.639,113.61,113.612
2021-12-21 12:00:00,113.639,113.724,113.619,113.702,113.639,113.64
2021-12-21 13:00:00,113.703,113.721,113.679,113.696,113.703,113.704
2021-12-21 14:00:00,113.696,113.752,113.688,113.708,113.696,113.697
2021-12-21 15:00:00,113.708,113.779,113.664,113.764,113.708,113.709
2021-12-21 16:00:00,113.765,113.894,113.765,113.862,113.765,113.766
2021-12-21 17:00:00,113.863,114.091,113.863,114.08,113.863,113.863
2021-12-21 18:00:00,114.08,114.167,114.07,114.133,114.08,114.08
2021-12-21 19:00:00,114.133,114.22,114.116,114.21,114.133,114.133
2021-12-21 20:00:00,114.205,114.206,114.13,114.156,114.205,114.205
2021-12-21 21:00:00,114.156,114.163,114.107,114.108,114.156,114.157
2021-12-21 22:00:00,114.108,114.115,114.075,114.09,114.108,114.108
2021-12-21 23:00:00,114.092,114.115,114.086,114.086,114.092,114.092
2021-12-22 00:00:00,114.057,114.107,114.045,114.073,114.057,114.121
2021-12-22 01:00:00,114.072,114.085,113.949,113.992,114.072,114.082
2021-12-22 02:00:00,113.995,114.176,113.995,114.146,113.995,113.996
2021-12-22 03:00:00,114.146,114.175,114.068,114.108,114.146,114.147
2021-12-22 04:00:00,114.108,114.129,114.039,114.073,114.108,114.11
2021-12-22 05:00:00,114.074,114.116,114.062,114.114,114.074,114.076
2021-12-22 06:00:00,114.115,114.145,114.082,114.135,114.115,114.116
2021-12-22 07:00:00,114.134,114.152,114.087,114.124,114.134,114.137
2021-12-22 08:00:00,114.125,114.164,114.117,114.164,114.125,114.126
2021-12-22 09:00:00,114.16,114.194,114.128,114.154,114.16,114.16
2021-12-22 10:00:00,114.153,114.319,114.146,114.297,114.153,114.154
2021-12-22 11:00:00,114.298,114.318,114.258,114.292,114.298,114.298
2021-12-22 12:00:00,114.292,114.336,114.246,114.282,114.292,114.293
2021-12-22 13:00:00,114.282,114.294,114.195,114.224,114.282,114.283
2021-12-22 14:00:00,114.226,114.265,114.164,114.224,114.226,114.226
2021-12-22 15:00:00,114.224,114.247,114.176,114.181,114.224,114.224
2021-12-22 16:00:00,114.18,114.288,114.122,114.218,114.18,114.181
2021-12-22 17:00:00,114.217,114.369,114.216,114.312,114.217,114.22
2021-12-22 18:00:00,114.312,114.321,114.154,114.219,114.312,114.312
2021-12-22 19:00:00,114.223,114.244,114.193,114.212,114.223,114.223
2021-12-22 20:00:00,114.213,114.25,114.193,114.202,114.213,114.213
2021-12-22 21:00:00,114.202,114.208,114.169,114.174,114.202,114.205
2021-12-22 22:00:00,114.175,114.175,114.077,114.081,114.175,114.176
2021-12-22 23:00:00,114.084,114.127,114.084,114.115,114.084,114.084
2021-12-23 00:00:00,114.057,114.129,114.047,114.113,114.057,114.108
2021-12-23 01:00:00,114.114,114.148,114.097,114.127,114.114,114.124
2021-12-23 02:00:00,114.131,114.211,114.11,114.18,114.131,114.131
2021-12-23 03:00:00,114.18,114.184,114.118,114.119,114.18,114.181
2021-12-23 04:00:00,114.119,114.16,114.114,114.133,114.119,114.12
2021-12-23 05:00:00,114.134,114.137,114.106,114.127,114.134,114.134
2021-12-23 06:00:00,114.127,114.146,114.111,114.144,114.127,114.127
2021-12-23 07:00:00,114.145,114.178,114.137,114.177,114.145,114.145
2021-12-23 08:00:00,114.177,114.267,114.158,114.229,114.177,114.178
2021-12-23 09:00:00,114.228,114.286,114.187,114.251,114.228,114.23
2021-12-23 10:00:00,114.251,114.34,114.249,114.325,114.251,114.252
2021-12-23 11:00:00,114.325,114.33,114.269,114.306,114.325,114.327
2021-12-23 12:00:00,114.306,114.333,114.288,114.304,114.306,114.307
2021-12-23 13:00:00,114.304,114.313,114.248,114.293,114.304,114.305
2021-12-23 14:00:00,114.293,114.393,114.288,114.361,114.293,114.294
2021-12-23 15:00:00,114.36,114.414,114.284,114.302,114.36,114.362
2021-12-23 16:00:00,114.303,114.433,114.24,114.37,114.303,114.304
2021-12-23 17:00:00,114.37,114.45,114.344,114.397,114.37,114.371
2021-12-23 18:00:00,114.4,114.434,114.338,114.415,114.4,114.4
2021-12-23 19:00:00,114.416,114.448,114.4,114.415,114.416,114.416
2021-12-23 20:00:00,114.416,114.467,114.412,114.446,114.416,114.416
2021-12-23 21:00:00,114.446,114.458,114.437,114.446,114.446,114.448
2021-12-23 22:00:00,114.446,114.447,114.384,114.387,114.446,114.446
2021-12-23 23:00:00,114.388,114.426,114.386,114.408,114.388,114.392
2021-12-24 00:00:00,114.377,114.437,114.375,114.429,114.377,114.411
2021-12-24 01:00:00,114.43,114.473,114.429,114.462,114.43,114.445
2021-12-24 02:00:00,114.462,114.513,114.357,114.363,114.462,114.462
2021-12-24 03:00:00,114.362,114.42,114.35,114.351,114.362,114.368
2021-12-24 04:00:00,114.353,114.391,114.339,114.378,114.353,114.353
2021-12-24 05:00:00,114.378,114.389,114.32,114.325,114.378,114.38
2021-12-24 06:00:00,114.325,114.34,114.3,114.316,114.325,114.331
2021-12-24 07:00:00,114.317,114.45,114.314,114.387,114.317,114.322
2021-12-24 08:00:00,114.387,114.414,114.374,114.387,114.387,114.389
2021-12-24 09:00:00,114.386,114.395,114.338,114.363,114.386,114.393
2021-12-24 10:00:00,114.362,114.393,114.358,114.387,114.362,114.364
2021-12-24 11:00:00,114.386,114.409,114.374,114.399,114.386,114.388
2021-12-24 12:00:00,114.4,114.401,114.335,114.368,114.4,114.402
2021-12-24 13:00:00,114.368,114.389,114.345,114.38,114.368,114.374
2021-12-24 14:00:00,114.38,114.399,114.367,114.392,114.38,114.387
2021-12-24 15:00:00,114.392,114.395,114.349,114.364,114.392,114.394
2021-12-24 16:00:00,114.364,114.382,114.343,114.364,114.364,114.372
2021-12-24 17:00:00,114.364,114.392,114.345,114.384,114.364,114.367
2021-12-24 18:00:00,114.383,114.386,114.347,114.357,114.383,114.388
2021-12-24 19:00:00,114.357,114.365,114.34,114.344,114.357,114.365
2021-12-24 20:00:00,114.344,114.357,114.328,114.34,114.344,114.36
2021-12-27 01:00:00,114.377,114.401,114.312,114.342,114.377,114.405
2021-12-27 02:00:00,114.342,114.424,114.321,114.412,114.342,114.344
2021-12-27 03:00:00,114.412,114.412,114.349,114.404,114.412,114.414
2021-12-27 04:00:00,114.411,114.429,114.387,114.403,114.411,114.411
2021-12-27 05:00:00,114.405,114.431,114.378,114.425,114.405,114.405
2021-12-27 06:00:00,114.425,114.473,114.403,114.458,114.425,114.426
2021-12-27 07:00:00,114.458,114.467,114.427,114.43,114.458,114.46
2021-12-27 08:00:00,114.43,114.484,114.409,114.471,114.43,114.43
2021-12-27 09:00:00,114.469,114.489,114.451,114.465,114.469,114.471
2021-12-27 10:00:00,114.467,114.653,114.463,114.629,114.467,114.467
2021-12-27 11:00:00,114.629,114.697,114.607,114.669,114.629,114.63
2021-12-27 12:00:00,114.669,114.68,114.611,114.677,114.669,114.671
2021-12-27 13:00:00,114.677,114.686,114.628,114.665,114.677,114.679
2021-12-27 14:00:00,114.665,114.745,114.662,114.729,114.665,114.665
2021-12-27 15:00:00,114.728,114.752,114.717,114.743,114.728,114.73
2021-12-27 16:00:00,114.742,114.78,114.683,114.73,114.742,114.742
2021-12-27 17:00:00,114.73,114.896,114.722,114.887,114.73,114.73
2021-12-27 18:00:00,114.885,114.912,114.826,114.851,114.885,114.886
2021-12-27 19:00:00,114.852,114.914,114.845,114.892,114.852,114.853
2021-12-27 20:00:00,114.898,114.914,114.862,114.901,114.898,114.899
2021-12-27 21:00:00,114.9,114.911,114.888,114.908,114.9,114.901
2021-12-27 22:00:00,114.908,114.91,114.868,114.882,114.908,114.908
2021-12-27 23:00:00,114.882,114.91,114.878,114.888,114.882,114.883
2021-12-28 00:00:00,114.816,114.901,114.798,114.869,114.816,114.907
2021-12-28 01:00:00,114.87,114.889,114.789,114.794,114.87,114.88
2021-12-28 02:00:00,114.794,114.951,114.762,114.896,114.794,114.796
2021-12-28 03:00:00,114.894,114.902,114.839,114.882,114.894,114.894
2021-12-28 04:00:00,114.882,114.9,114.85,114.859,114.882,114.882
2021-12-28 05:00:00,114.859,114.928,114.856,114.895,114.859,114.86
2021-12-28 06:00:00,114.895,114.895,114.84,114.858,114.895,114.896
2021-12-28 07:00:00,114.858,114.887,114.807,114.875,114.858,114.858
2021-12-28 08:00:00,114.875,114.908,114.858,114.908,114.875,114.876
2021-12-28 09:00:00,114.908,114.909,114.832,114.847,114.908,114.908
2021-12-28 10:00:00,114.848,114.869,114.804,114.811,114.848,114.849
2021-12-28 11:00:00,114.811,114.826,114.747,114.787,114.811,114.814
2021-12-28 12:00:00,114.787,114.836,114.757,114.827,114.787,114.789
2021-12-28 13:00:00,114.827,114.882,114.814,114.847,114.827,114.827
2021-12-28 14:00:00,114.847,114.896,114.847,114.861,114.847,114.849
2021-12-28 15:00:00,114.861,114.884,114.712,114.727,114.861,114.861
2021-12-28 16:00:00,114.728,114.875,114.708,114.81,114.728,114.73
2021-12-28 17:00:00,114.814,114.862,114.751,114.767,114.814,114.814
2021-12-28 18:00:00,114.765,114.768,114.707,114.759,114.765,114.765
2021-12-28 19:00:00,114.759,114.763,114.715,114.753,114.759,114.759
2021-12-28 20:00:00,114.755,114.828,114.754,114.806,114.755,114.755
2021-12-28 21:00:00,114.806,114.839,114.785,114.828,114.806,114.809
2021-12-28 22:00:00,114.827,114.83,114.803,114.816,114.827,114.827
2021-12-28 23:00:00,114.816,114.828,114.8,114.822,114.816,114.817
2021-12-29 00:00:00,114.821,114.821,114.725,114.815,114.821,114.827
2021-12-29 01:00:00,114.815,114.815,114.743,114.771,114.815,114.824
2021-12-29 02:00:00,114.771,114.858,114.767,114.842,114.771,114.772
2021-12-29 03:00:00,114.843,114.843,114.764,114.796,114.843,114.843
2021-12-29 04:00:00,114.797,114.82,114.747,114.815,114.797,114.797
2021-12-29 05:00:00,114.814,114.847,114.784,114.828,114.814,114.817
2021-12-29 06:00:00,114.828,114.849,114.82,114.845,114.828,114.831
2021-12-29 07:00:00,114.846,114.888,114.839,114.874,114.846,114.847
2021-12-29 08:00:00,114.872,114.924,114.872,114.92,114.872,114.875
2021-12-29 09:00:00,114.919,114.926,114.879,114.888,114.919,114.923
2021-12-29 10:00:00,114.887,114.995,114.886,114.991,114.887,114.888
2021-12-29 11:00:00,114.991,115.008,114.966,114.999,114.991,114.992
2021-12-29 12:00:00,114.998,115.028,114.984,114.998,114.998,114.998
2021-12-29 13:00:00,114.998,115.038,114.832,114.883,114.998,115.0
2021-12-29 14:00:00,114.884,114.957,114.861,114.948,114.884,114.884
2021-12-29 15:00:00,114.947,115.019,114.871,114.951,114.947,114.948
2021-12-29 16:00:00,114.95,114.96,114.712,114.811,114.95,114.95
2021-12-29 17:00:00,114.805,114.951,114.669,114.938,114.805,114.805
2021-12-29 18:00:00,114.937,114.988,114.892,114.978,114.937,114.937
2021-12-29 19:00:00,114.978,114.979,114.904,114.961,114.978,114.978
2021-12-29 20:00:00,114.956,115.003,114.945,114.965,114.956,114.957
2021-12-29 21:00:00,114.965,115.004,114.95,114.955,114.965,114.965
2021-12-29 22:00:00,114.954,114.984,114.929,114.975,114.954,114.955
2021-12-29 23:00:00,114.975,114.999,114.965,114.967,114.975,114.976
2021-12-30 00:00:00,114.894,114.983,114.894,114.981,114.894,114.973
2021-12-30 01:00:00,114.982,114.986,114.941,114.95,114.982,114.993
2021-12-30 02:00:00,114.951,115.002,114.946,114.994,114.951,114.952
2021-12-30 03:00:00,114.996,115.061,114.986,115.032,114.996,114.996
2021-12-30 04:00:00,115.033,115.048,115.007,115.032,115.033,115.033
2021-12-30 05:00:00,115.033,115.049,114.981,115.049,115.033,115.034
2021-12-30 06:00:00,115.049,115.056,115.028,115.042,115.049,115.049
2021-12-30 07:00:00,115.043,115.125,115.043,115.116,115.043,115.043
2021-12-30 08:00:00,115.115,115.206,115.092,115.184,115.115,115.116
2021-12-30 09:00:00,115.185,115.209,115.109,115.119,115.185,115.186
2021-12-30 10:00:00,115.12,115.201,115.115,115.166,115.12,115.12
2021-12-30 11:00:00,115.166,115.196,115.129,115.167,115.166,115.166
2021-12-30 12:00:00,115.168,115.172,115.131,115.133,115.168,115.168
2021-12-30 13:00:00,115.133,115.16,115.098,115.111,115.133,115.134
2021-12-30 14:00:00,115.111,115.147,115.021,115.033,115.111,115.112
2021-12-30 15:00:00,115.031,115.189,115.031,115.177,115.031,115.031
2021-12-30 16:00:00,115.177,115.195,115.057,115.084,115.177,115.179
2021-12-30 17:00:00,115.085,115.187,115.059,115.15,115.085,115.086
2021-12-30 18:00:00,115.15,115.197,115.114,115.18,115.15,115.151
2021-12-30 19:00:00,115.18,115.201,115.155,115.182,115.18,115.18
2021-12-30 20:00:00,115.182,115.182,115.147,115.149,115.182,115.183
2021-12-30 21:00:00,115.15,115.158,115.065,115.066,115.15,115.15
2021-12-30 22:00:00,115.066,115.089,115.038,115.076,115.066,115.066
2021-12-30 23:00:00,115.076,115.086,115.037,115.063,115.076,115.078
2021-12-31 00:00:00,115.042,115.072,115.041,115.056,115.042,115.132
2021-12-31 01:00:00,115.056,115.082,115.045,115.067,115.056,115.073
2021-12-31 02:00:00,115.066,115.075,115.032,115.058,115.066,115.066
2021-12-31 03:00:00,115.059,115.067,115.025,115.061,115.059,115.06
2021-12-31 04:00:00,115.061,115.098,115.05,115.071,115.061,115.064
2021-12-31 05:00:00,115.072,115.104,115.058,115.089,115.072,115.073
2021-12-31 06:00:00,115.089,115.106,115.078,115.091,115.089,115.092
2021-12-31 07:00:00,115.092,115.11,115.084,115.096,115.092,115.094
2021-12-31 08:00:00,115.097,115.132,115.097,115.117,115.097,115.099
2021-12-31 09:00:00,115.118,115.159,115.107,115.15,115.118,115.12
2021-12-31 10:00:00,115.15,115.158,115.08,115.093,115.15,115.151
2021-12-31 11:00:00,115.093,115.125,115.006,115.118,115.093,115.094
2021-12-31 12:00:00,115.118,115.127,115.084,115.113,115.118,115.118
2021-12-31 13:00:00,115.112,115.136,115.082,115.129,115.112,115.115
2021-12-31 14:00:00,115.131,115.156,115.085,115.144,115.131,115.131
2021-12-31 15:00:00,115.144,115.154,115.086,115.107,115.144,115.144
2021-12-31 16:00:00,115.109,115.126,115.022,115.087,115.109,115.109
2021-12-31 17:00:00,115.086,115.158,115.012,115.143,115.086,115.086
2021-12-31 18:00:00,115.147,115.197,115.094,115.096,115.147,115.147
2021-12-31 19:00:00,115.096,115.111,115.022,115.028,115.096,115.097
2021-12-31 20:00:00,115.029,115.106,115.025,115.058,115.029,115.029
2022-01-03 01:00:00,115.102,115.156,115.099,115.144,115.102,115.12
2022-01-03 02:00:00,115.143,115.291,115.124,115.281,115.143,115.146
2022-01-03 03:00:00,115.281,115.281,115.184,115.214,115.281,115.281
2022-01-03 04:00:00,115.214,115.278,115.207,115.277,115.214,115.216
2022-01-03 05:00:00,115.276,115.304,115.249,115.277,115.276,115.276
2022-01-03 06:00:00,115.278,115.305,115.268,115.271,115.278,115.279
2022-01-03 07:00:00,115.275,115.316,115.275,115.308,115.275,115.276
2022-01-03 08:00:00,115.31,115.363,115.31,115.335,115.31,115.31
2022-01-03 09:00:00,115.335,115.344,115.267,115.292,115.335,115.336
2022-01-03 10:00:00,115.291,115.308,115.241,115.26,115.291,115.292
2022-01-03 11:00:00,115.26,115.274,115.15,115.177,115.26,115.261
2022-01-03 12:00:00,115.177,115.177,115.061,115.082,115.177,115.178
2022-01-03 13:00:00,115.083,115.096,114.995,115.066,115.083,115.084
2022-01-03 14:00:00,115.065,115.143,115.051,115.068,115.065,115.067
2022-01-03 15:00:00,115.07,115.166,114.95,115.147,115.07,115.07
2022-01-03 16:00:00,115.148,115.335,115.139,115.306,115.148,115.15
2022-01-03 17:00:00,115.306,115.368,115.261,115.294,115.306,115.306
2022-01-03 18:00:00,115.293,115.338,115.245,115.268,115.293,115.294
2022-01-03 19:00:00,115.268,115.339,115.259,115.319,115.268,115.268
2022-01-03 20:00:00,115.322,115.325,115.27,115.28,115.322,115.323
2022-01-03 21:00:00,115.28,115.335,115.263,115.335,115.28,115.28
2022-01-03 22:00:00,115.336,115.35,115.267,115.347,115.336,115.336
2022-01-03 23:00:00,115.346,115.356,115.321,115.328,115.346,115.346
2022-01-04 00:00:00,115.319,115.352,115.284,115.329,115.319,115.349
2022-01-04 01:00:00,115.329,115.355,115.292,115.33,115.329,115.347
2022-01-04 02:00:00,115.332,115.434,115.293,115.39,115.332,115.334
2022-01-04 03:00:00,115.39,115.486,115.343,115.419,115.39,115.391
2022-01-04 04:00:00,115.418,115.628,115.406,115.599,115.418,115.418
2022-01-04 05:00:00,115.598,115.817,115.56,115.712,115.598,115.599
2022-01-04 06:00:00,115.712,115.813,115.706,115.79,115.712,115.712
2022-01-04 07:00:00,115.789,115.802,115.744,115.748,115.789,115.791
2022-01-04 08:00:00,115.748,115.804,115.707,115.803,115.748,115.748
2022-01-04 09:00:00,115.803,115.803,115.654,115.739,115.803,115.804
2022-01-04 10:00:00,115.739,115.855,115.714,115.843,115.739,115.739
2022-01-04 11:00:00,115.846,115.89,115.794,115.83,115.846,115.846
2022-01-04 12:00:00,115.83,115.898,115.811,115.896,115.83,115.83
2022-01-04 13:00:00,115.896,116.175,115.896,116.147,115.896,115.898
2022-01-04 14:00:00,116.147,116.347,116.128,116.307,116.147,116.147
2022-01-04 15:00:00,116.307,116.347,116.241,116.262,116.307,116.307
2022-01-04 16:00:00,116.261,116.338,116.228,116.234,116.261,116.262
2022-01-04 17:00:00,116.2,116.26,116.04,116.141,116.2,116.2
2022-01-04 18:00:00,116.142,116.168,115.956,116.141,116.142,116.142
2022-01-04 19:00:00,116.142,116.197,116.131,116.173,116.142,116.143
2022-01-04 20:00:00,116.172,116.185,116.091,116.162,116.172,116.173
2022-01-04 21:00:00,116.163,116.18,116.08,116.113,116.163,116.163
2022-01-04 22:00:00,116.114,116.148,116.088,116.101,116.114,116.114
2022-01-04 23:00:00,116.103,116.151,116.101,116.126,116.103,116.104
2022-01-05 00:00:00,116.124,116.141,116.079,116.138,116.124,116.175
2022-01-05 01:00:00,116.142,116.236,116.129,116.177,116.142,116.154
2022-01-05 02:00:00,116.178,116.244,116.12,116.2,116.178,116.178
2022-01-05 03:00:00,116.2,116.203,115.908,116.012,116.2,116.2
2022-01-05 04:00:00,116.017,116.059,115.956,115.989,116.017,116.017
2022-01-05 05:00:00,115.989,116.013,115.9,116.009,115.989,115.991
2022-01-05 06:00:00,116.01,116.081,115.955,116.056,116.01,116.011
2022-01-05 07:00:00,116.059,116.102,115.992,116.002,116.059,116.061
2022-01-05 08:00:00,116.004,116.031,115.97,115.985,116.004,116.004
2022-01-05 09:00:00,115.986,116.045,115.911,116.034,115.986,115.986
2022-01-05 10:00:00,116.034,116.045,115.866,115.92,116.034,116.035
2022-01-05 11:00:00,115.92,115.955,115.783,115.856,115.92,115.92
2022-01-05 12:00:00,115.858,115.87,115.73,115.768,115.858,115.859
2022-01-05 13:00:00,115.768,115.796,115.621,115.675,115.768,115.768
2022-01-05 14:00:00,115.673,115.81,115.648,115.8,115.673,115.675
2022-01-05 15:00:00,115.8,115.935,115.738,115.803,115.8,115.8
2022-01-05 16:00:00,115.803,115.835,115.675,115.733,115.803,115.804
2022-01-05 17:00:00,115.732,115.848,115.714,115.786,115.732,115.732
2022-01-05 18:00:00,115.788,115.977,115.765,115.915,115.788,115.788
2022-01-05 19:00:00,115.915,116.002,115.91,115.971,115.915,115.915
2022-01-05 20:00:00,115.971,116.042,115.954,116.023,115.971,115.971
2022-01-05 21:00:00,116.023,116.185,116.004,116.158,116.023,116.026
2022-01-05 22:00:00,116.157,116.169,116.098,116.122,116.157,116.158
2022-01-05 23:00:00,116.122,116.129,116.079,116.103,116.122,116.124
2022-01-06 00:00:00,116.074,116.135,116.053,116.122,116.074,116.157
2022-01-06 01:00:00,116.124,116.138,116.084,116.127,116.124,116.134
2022-01-06 02:00:00,116.125,116.185,116.007,116.095,116.125,116.127
2022-01-06 03:00:00,116.095,116.099,115.909,115.926,116.095,116.095
2022-01-06 04:00:00,115.927,115.956,115.821,115.948,115.927,115.928
2022-01-06 05:00:00,115.948,115.965,115.852,115.86,115.948,115.95
2022-01-06 06:00:00,115.86,115.9,115.827,115.885,115.86,115.861
2022-01-06 07:00:00,115.885,115.975,115.842,115.865,115.885,115.887
2022-01-06 08:00:00,115.866,115.901,115.789,115.887,115.866,115.868
2022-01-06 09:00:00,115.887,115.955,115.852,115.87,115.887,115.888
2022-01-06 10:00:00,115.871,115.914,115.673,115.793,115.871,115.872
2022-01-06 11:00:00,115.792,115.802,115.658,115.748,115.792,115.792
2022-01-06 12:00:00,115.748,115.891,115.733,115.866,115.748,115.748
2022-01-06 13:00:00,115.866,115.881,115.757,115.802,115.866,115.866
2022-01-06 14:00:00,115.799,115.881,115.777,115.815,115.799,115.8
2022-01-06 15:00:00,115.815,115.854,115.698,115.751,115.815,115.816
2022-01-06 16:00:00,115.751,115.867,115.723,115.774,115.751,115.751
2022-01-06 17:00:00,115.774,115.807,115.629,115.748,115.774,115.782
2022-01-06 18:00:00,115.749,115.819,115.69,115.78,115.749,115.752
2022-01-06 19:00:00,115.78,115.835,115.761,115.812,115.78,115.78
2022-01-06 20:00:00,115.812,115.89,115.761,115.852,115.812,115.812
2022-01-06 21:00:00,115.852,115.952,115.814,115.948,115.852,115.852
2022-01-06 22:00:00,115.949,115.954,115.866,115.905,115.949,115.949
2022-01-06 23:00:00,115.904,115.938,115.841,115.848,115.904,115.905
2022-01-07 00:00:00,115.823,115.854,115.787,115.85,115.823,115.845
2022-01-07 01:00:00,115.854,115.893,115.843,115.865,115.854,115.861
2022-01-07 02:00:00,115.866,116.048,115.861,115.955,115.866,115.868
2022-01-07 03:00:00,115.954,115.976,115.872,115.9,115.954,115.956
2022-01-07 04:00:00,115.898,115.938,115.832,115.874,115.898,115.898
2022-01-07 05:00:00,115.874,115.899,115.859,115.869,115.874,115.875
2022-01-07 06:00:00,115.869,115.922,115.861,115.917,115.869,115.869
2022-01-07 07:00:00,115.916,115.93,115.885,115.912,115.916,115.918
2022-01-07 08:00:00,115.913,115.948,115.892,115.94,115.913,115.914
2022-01-07 09:00:00,115.94,115.947,115.847,115.876,115.94,115.94
2022-01-07 10:00:00,115.877,115.933,115.754,115.786,115.877,115.877
2022-01-07 11:00:00,115.786,115.863,115.78,115.847,115.786,115.786
2022-01-07 12:00:00,115.845,115.853,115.801,115.838,115.845,115.845
2022-01-07 13:00:00,115.839,115.842,115.777,115.798,115.839,115.839
2022-01-07 14:00:00,115.799,115.857,115.767,115.856,115.799,115.801
2022-01-07 15:00:00,115.856,115.927,115.69,115.853,115.856,115.857
2022-01-07 16:00:00,115.854,115.883,115.669,115.694,115.854,115.854
2022-01-07 17:00:00,115.694,115.788,115.591,115.639,115.694,115.694
2022-01-07 18:00:00,115.64,115.717,115.583,115.613,115.64,115.64
2022-01-07 19:00:00,115.613,115.667,115.597,115.624,115.613,115.613
2022-01-07 20:00:00,115.624,115.64,115.551,115.586,115.624,115.624
2022-01-07 21:00:00,115.586,115.603,115.549,115.556,115.586,115.586
2022-01-07 22:00:00,115.556,115.618,115.551,115.558,115.556,115.557
2022-01-07 23:00:00,115.558,115.604,115.54,115.548,115.558,115.559
2022-01-10 00:00:00,115.605,115.629,115.554,115.601,115.605,115.705
2022-01-10 01:00:00,115.602,115.668,115.583,115.622,115.602,115.627
2022-01-10 02:00:00,115.621,115.664,115.576,115.591,115.621,115.622
2022-01-10 03:00:00,115.591,115.662,115.546,115.641,115.591,115.593
2022-01-10 04:00:00,115.64,115.788,115.639,115.776,115.64,115.641
2022-01-10 05:00:00,115.776,115.85,115.747,115.795,115.776,115.777
2022-01-10 06:00:00,115.8,115.813,115.769,115.808,115.8,115.8
2022-01-10 07:00:00,115.808,115.823,115.787,115.81,115.808,115.809
2022-01-10 08:00:00,115.81,115.825,115.76,115.776,115.81,115.812
2022-01-10 09:00:00,115.775,115.802,115.741,115.796,115.775,115.777
2022-01-10 10:00:00,115.796,115.814,115.65,115.65,115.796,115.796
2022-01-10 11:00:00,115.65,115.688,115.619,115.669,115.65,115.651
2022-01-10 12:00:00,115.669,115.681,115.561,115.571,115.669,115.669
2022-01-10 13:00:00,115.572,115.584,115.3,115.312,115.572,115.572
2022-01-10 14:00:00,115.314,115.326,115.18,115.242,115.314,115.314
2022-01-10 15:00:00,115.243,115.418,115.209,115.391,115.243,115.243
2022-01-10 16:00:00,115.389,115.459,115.242,115.357,115.389,115.39
2022-01-10 17:00:00,115.356,115.384,115.084,115.114,115.356,115.356
2022-01-10 18:00:00,115.112,115.162,115.046,115.146,115.112,115.112
2022-01-10 19:00:00,115.147,115.163,115.052,115.089,115.147,115.147
2022-01-10 20:00:00,115.09,115.242,115.088,115.225,115.09,115.09
2022-01-10 21:00:00,115.224,115.25,115.165,115.215,115.224,115.224
2022-01-10 22:00:00,115.216,115.251,115.193,115.25,115.216,115.216
2022-01-10 23:00:00,115.25,115.266,115.19,115.191,115.25,115.252
2022-01-11 00:00:00,115.134,115.23,115.128,115.217,115.134,115.231
2022-01-11 01:00:00,115.223,115.304,115.211,115.279,115.223,115.228
2022-01-11 02:00:00,115.281,115.334,115.173,115.316,115.281,115.281
2022-01-11 03:00:00,115.317,115.363,115.248,115.338,115.317,115.318
2022-01-11 04:00:00,115.339,115.386,115.307,115.347,115.339,115.339
2022-01-11 05:00:00,115.346,115.387,115.331,115.371,115.346,115.348
2022-01-11 06:00:00,115.371,115.371,115.244,115.247,115.371,115.371
2022-01-11 07:00:00,115.247,115.293,115.226,115.272,115.247,115.247
2022-01-11 08:00:00,115.272,115.281,115.2,115.222,115.272,115.272
2022-01-11 09:00:00,115.22,115.286,115.125,115.251,115.22,115.221
2022-01-11 10:00:00,115.257,115.32,115.222,115.316,115.257,115.259
2022-01-11 11:00:00,115.316,115.417,115.302,115.377,115.316,115.317
2022-01-11 12:00:00,115.377,115.462,115.354,115.444,115.377,115.378
2022-01-11 13:00:00,115.443,115.477,115.352,115.403,115.443,115.445
2022-01-11 14:00:00,115.402,115.501,115.391,115.495,115.402,115.402
2022-01-11 15:00:00,115.497,115.645,115.492,115.61,115.497,115.497
2022-01-11 16:00:00,115.61,115.68,115.516,115.548,115.61,115.611
2022-01-11 17:00:00,115.55,115.579,115.387,115.465,115.55,115.55
2022-01-11 18:00:00,115.466,115.492,115.355,115.396,115.466,115.466
2022-01-11 19:00:00,115.396,115.483,115.384,115.458,115.396,115.396
2022-01-11 20:00:00,115.457,115.459,115.361,115.367,115.457,115.457
2022-01-11 22:00:00,115.349,115.371,115.273,115.295,115.35,115.35
2022-01-11 23:00:00,115.293,115.308,115.27,115.294,115.296,115.296
2022-01-12 00:00:00,115.294,115.327,115.284,115.324,115.301,115.309
2022-01-12 01:00:00,115.324,115.355,115.292,115.335,115.32,115.334
2022-01-12 02:00:00,115.335,115.356,115.249,115.25,115.335,115.335
2022-01-12 03:00:00,115.251,115.327,115.231,115.291,115.251,115.251
2022-01-12 04:00:00,115.294,115.399,115.253,115.35,115.294,115.294
2022-01-12 05:00:00,115.349,115.375,115.31,115.373,115.349,115.35
2022-01-12 06:00:00,115.374,115.402,115.353,115.386,115.374,115.376
2022-01-12 07:00:00,115.385,115.385,115.313,115.354,115.385,115.386
2022-01-12 08:00:00,115.355,115.355,115.309,115.336,115.355,115.356
2022-01-12 09:00:00,115.337,115.43,115.286,115.4,115.337,115.337
2022-01-12 10:00:00,115.4,115.447,115.353,115.356,115.4,115.401
2022-01-12 11:00:00,115.354,115.378,115.29,115.36,115.354,115.356
2022-01-12 12:00:00,115.359,115.466,115.326,115.456,115.359,115.36
2022-01-12 13:00:00,115.457,115.46,115.376,115.4,115.457,115.457
2022-01-12 14:00:00,115.399,115.444,115.357,115.427,115.399,115.399
2022-01-12 15:00:00,115.428,115.46,115.114,115.208,115.428,115.428
2022-01-12 16:00:00,115.208,115.312,115.046,115.101,115.208,115.208
2022-01-12 17:00:00,115.1,115.127,114.832,114.852,115.1,115.1
2022-01-12 18:00:00,114.848,114.896,114.717,114.728,114.848,114.849
2022-01-12 19:00:00,114.728,114.749,114.52,114.522,114.728,114.729
2022-01-12 20:00:00,114.525,114.639,114.524,114.601,114.525,114.525
2022-01-12 21:00:00,114.6,114.608,114.382,114.385,114.6,114.6
2022-01-12 22:00:00,114.385,114.562,114.384,114.532,114.385,114.387
2022-01-12 23:00:00,114.532,114.645,114.497,114.63,114.532,114.532
2022-01-13 00:00:00,114.645,114.679,114.618,114.674,114.645,114.648
2022-01-13 01:00:00,114.673,114.703,114.63,114.673,114.673,114.692
2022-01-13 02:00:00,114.674,114.701,114.573,114.647,114.674,114.674
2022-01-13 03:00:00,114.645,114.654,114.497,114.566,114.645,114.646
2022-01-13 04:00:00,114.568,114.658,114.565,114.637,114.568,114.568
2022-01-13 05:00:00,114.637,114.637,114.523,114.538,114.637,114.637
2022-01-13 06:00:00,114.539,114.598,114.537,114.565,114.539,114.54
2022-01-13 07:00:00,114.566,114.573,114.496,114.56,114.566,114.567
2022-01-13 08:00:00,114.559,114.649,114.551,114.62,114.559,114.559
2022-01-13 09:00:00,114.62,114.648,114.409,114.412,114.62,114.621
2022-01-13 10:00:00,114.41,114.506,114.362,114.488,114.41,114.411
2022-01-13 11:00:00,114.488,114.596,114.485,114.535,114.488,114.488
2022-01-13 12:00:00,114.535,114.575,114.463,114.521,114.535,114.536
2022-01-13 13:00:00,114.521,114.524,114.435,114.508,114.521,114.521
2022-01-13 14:00:00,114.506,114.542,114.24,114.353,114.506,114.506
2022-01-13 15:00:00,114.353,114.385,114.211,114.28,114.353,114.353
2022-01-13 16:00:00,114.28,114.328,114.162,114.308,114.28,114.281
2022-01-13 17:00:00,114.31,114.369,114.072,114.122,114.31,114.31
2022-01-13 18:00:00,114.122,114.15,114.009,114.054,114.122,114.124
2022-01-13 19:00:00,114.053,114.088,113.999,114.06,114.053,114.054
2022-01-13 20:00:00,114.06,114.155,114.059,114.136,114.06,114.06
2022-01-13 21:00:00,114.136,114.152,114.066,114.068,114.136,114.138
2022-01-13 22:00:00,114.067,114.143,114.052,114.139,114.067,114.067
2022-01-13 23:00:00,114.139,114.175,114.109,114.162,114.139,114.139
2022-01-14 00:00:00,114.164,114.188,114.11,114.183,114.164,114.221
2022-01-14 01:00:00,114.18,114.227,114.102,114.117,114.18,114.19
2022-01-14 02:00:00,114.117,114.176,113.908,113.925,114.117,114.118
2022-01-14 03:00:00,113.925,114.027,113.8,113.839,113.925,113.925
2022-01-14 04:00:00,113.839,113.897,113.745,113.821,113.839,113.84
2022-01-14 05:00:00,113.821,113.832,113.637,113.724,113.821,113.822
2022-01-14 06:00:00,113.724,113.835,113.723,113.74,113.724,113.724
2022-01-14 07:00:00,113.74,113.743,113.654,113.722,113.74,113.742
2022-01-14 08:00:00,113.72,113.799,113.689,113.782,113.72,113.72
2022-01-14 09:00:00,113.783,113.866,113.711,113.797,113.783,113.783
2022-01-14 10:00:00,113.798,113.846,113.698,113.841,113.798,113.798
2022-01-14 11:00:00,113.843,113.931,113.81,113.91,113.843,113.843
2022-01-14 12:00:00,113.911,113.99,113.87,113.887,113.911,113.911
2022-01-14 13:00:00,113.887,113.984,113.877,113.885,113.887,113.888
2022-01-14 14:00:00,113.885,113.906,113.68,113.706,113.885,113.886
2022-01-14 15:00:00,113.707,113.766,113.482,113.574,113.707,113.707
2022-01-14 16:00:00,113.573,113.798,113.5,113.7,113.573,113.573
2022-01-14 17:00:00,113.705,113.88,113.64,113.788,113.705,113.705
2022-01-14 18:00:00,113.791,113.957,113.726,113.909,113.791,113.791
2022-01-14 19:00:00,113.909,114.143,113.9,114.127,113.909,113.909
2022-01-14 20:00:00,114.127,114.142,114.018,114.114,114.127,114.127
2022-01-14 21:00:00,114.114,114.147,114.107,114.143,114.114,114.114
2022-01-14 22:00:00,114.141,114.193,114.123,114.188,114.141,114.141
2022-01-14 23:00:00,114.189,114.264,114.182,114.191,114.189,114.191
2022-01-17 00:00:00,114.119,114.253,114.119,114.216,114.119,114.194
2022-01-17 01:00:00,114.219,114.342,114.217,114.31,114.219,114.247
2022-01-17 02:00:00,114.311,114.428,114.276,114.332,114.311,114.311
2022-01-17 03:00:00,114.332,114.514,114.284,114.472,114.332,114.332
2022-01-17 04:00:00,114.476,114.488,114.388,114.413,114.476,114.477
2022-01-17 05:00:00,114.413,114.452,114.398,114.426,114.413,114.413
2022-01-17 06:00:00,114.427,114.444,114.405,114.41,114.427,114.427
2022-01-17 07:00:00,114.41,114.498,114.409,114.493,114.41,114.411
2022-01-17 08:00:00,114.494,114.547,114.457,114.511,114.494,114.496
2022-01-17 09:00:00,114.511,114.511,114.399,114.402,114.511,114.513
2022-01-17 10:00:00,114.4,114.411,114.311,114.399,114.4,114.402
2022-01-17 11:00:00,114.399,114.524,114.385,114.501,114.399,114.4
2022-01-17 12:00:00,114.5,114.522,114.449,114.456,114.5,114.502
2022-01-17 13:00:00,114.456,114.528,114.452,114.481,114.456,114.457
2022-01-17 14:00:00,114.481,114.59,114.449,114.585,114.481,114.481
2022-01-17 15:00:00,114.586,114.598,114.528,114.537,114.586,114.587
2022-01-17 16:00:00,114.537,114.567,114.527,114.542,114.537,114.537
2022-01-17 17:00:00,114.541,114.65,114.531,114.611,114.541,114.541
2022-01-17 18:00:00,114.611,114.626,114.553,114.559,114.611,114.611
2022-01-17 19:00:00,114.558,114.634,114.554,114.624,114.558,114.558
2022-01-17 20:00:00,114.623,114.633,114.589,114.6,114.623,114.626
2022-01-17 21:00:00,114.6,114.602,114.578,114.588,114.6,114.6
2022-01-17 22:00:00,114.588,114.621,114.584,114.62,114.588,114.588
2022-01-17 23:00:00,114.62,114.62,114.59,114.613,114.62,114.621
2022-01-18 00:00:00,114.599,114.63,114.568,114.587,114.599,114.638
2022-01-18 01:00:00,114.587,114.639,114.568,114.576,114.587,114.614
2022-01-18 02:00:00,114.575,114.603,114.45,114.534,114.575,114.575
2022-01-18 03:00:00,114.531,114.572,114.473,114.475,114.531,114.531
2022-01-18 04:00:00,114.475,114.832,114.467,114.757,114.475,114.475
2022-01-18 05:00:00,114.757,115.06,114.705,114.979,114.757,114.757
2022-01-18 06:00:00,114.977,115.005,114.819,114.855,114.977,114.979
2022-01-18 07:00:00,114.853,114.897,114.756,114.817,114.853,114.854
2022-01-18 08:00:00,114.816,114.941,114.799,114.873,114.816,114.818
2022-01-18 09:00:00,114.874,114.989,114.775,114.876,114.874,114.874
2022-01-18 10:00:00,114.872,114.901,114.666,114.708,114.872,114.873
2022-01-18 11:00:00,114.708,114.721,114.513,114.664,114.708,114.71
2022-01-18 12:00:00,114.665,114.751,114.577,114.747,114.665,114.665
2022-01-18 13:00:00,114.747,114.748,114.653,114.691,114.747,114.747
2022-01-18 14:00:00,114.691,114.706,114.551,114.633,114.691,114.691
2022-01-18 15:00:00,114.631,114.734,114.534,114.625,114.631,114.631
2022-01-18 16:00:00,114.627,114.704,114.455,114.525,114.627,114.627
2022-01-18 17:00:00,114.524,114.683,114.498,114.549,114.524,114.524
2022-01-18 18:00:00,114.55,114.645,114.528,114.599,114.55,114.551
2022-01-18 19:00:00,114.599,114.637,114.545,114.592,114.599,114.599
2022-01-18 20:00:00,114.59,114.634,114.57,114.613,114.59,114.59
2022-01-18 21:00:00,114.613,114.626,114.509,114.626,114.613,114.614
2022-01-18 22:00:00,114.627,114.647,114.593,114.626,114.627,114.627
2022-01-18 23:00:00,114.623,114.641,114.57,114.587,114.623,114.623
2022-01-19 00:00:00,114.613,114.613,114.557,114.596,114.613,114.662
2022-01-19 01:00:00,114.596,114.617,114.558,114.558,114.596,114.604
2022-01-19 02:00:00,114.557,114.716,114.54,114.703,114.557,114.558
2022-01-19 03:00:00,114.702,114.788,114.638,114.656,114.702,114.703
2022-01-19 04:00:00,114.661,114.724,114.647,114.65,114.661,114.661
2022-01-19 05:00:00,114.65,114.661,114.493,114.555,114.65,114.65
2022-01-19 06:00:00,114.556,114.578,114.365,114.379,114.556,114.557
2022-01-19 07:00:00,114.38,114.385,114.207,114.254,114.38,114.381
2022-01-19 08:00:00,114.255,114.312,114.23,114.259,114.255,114.256
2022-01-19 09:00:00,114.259,114.437,114.228,114.422,114.259,114.263
2022-01-19 10:00:00,114.424,114.474,114.358,114.457,114.424,114.425
2022-01-19 11:00:00,114.457,114.541,114.438,114.522,114.457,114.459
2022-01-19 12:00:00,114.522,114.554,114.473,114.484,114.522,114.523
2022-01-19 13:00:00,114.484,114.536,114.414,114.502,114.484,114.485
2022-01-19 14:00:00,114.502,114.547,114.418,114.544,114.502,114.503
2022-01-19 15:00:00,114.544,114.546,114.422,114.517,114.544,114.544
2022-01-19 16:00:00,114.518,114.535,114.314,114.351,114.518,114.518
2022-01-19 17:00:00,114.351,114.386,114.222,114.349,114.351,114.353
2022-01-19 18:00:00,114.35,114.372,114.213,114.286,114.35,114.35
2022-01-19 19:00:00,114.286,114.354,114.275,114.312,114.286,114.286
2022-01-19 20:00:00,114.312,114.326,114.237,114.279,114.312,114.312
2022-01-19 21:00:00,114.279,114.299,114.234,114.241,114.279,114.28
2022-01-19 22:00:00,114.241,114.288,114.21,114.286,114.241,114.241
2022-01-19 23:00:00,114.285,114.329,114.259,114.326,114.285,114.287
2022-01-20 00:00:00,114.321,114.358,114.29,114.355,114.321,114.333
2022-01-20 01:00:00,114.36,114.418,114.334,114.349,114.36,114.368
2022-01-20 02:00:00,114.349,114.409,114.251,114.268,114.349,114.35
2022-01-20 03:00:00,114.267,114.297,114.025,114.202,114.267,114.267
2022-01-20 04:00:00,114.202,114.345,114.187,114.289,114.202,114.204
2022-01-20 05:00:00,114.289,114.454,114.255,114.392,114.289,114.289
2022-01-20 06:00:00,114.391,114.442,114.375,114.423,114.391,114.391
2022-01-20 07:00:00,114.423,114.548,114.421,114.472,114.423,114.424
2022-01-20 08:00:00,114.472,114.517,114.438,114.445,114.472,114.475
2022-01-20 09:00:00,114.446,114.494,114.344,114.396,114.446,114.446
2022-01-20 10:00:00,114.396,114.398,114.281,114.289,114.396,114.397
2022-01-20 11:00:00,114.289,114.299,114.186,114.29,114.289,114.29
2022-01-20 12:00:00,114.291,114.33,114.24,114.255,114.291,114.292
2022-01-20 13:00:00,114.255,114.347,114.255,114.281,114.255,114.255
2022-01-20 14:00:00,114.281,114.336,114.224,114.248,114.281,114.281
2022-01-20 15:00:00,114.248,114.269,114.039,114.056,114.248,114.249
2022-01-20 16:00:00,114.055,114.192,114.005,114.102,114.055,114.055
2022-01-20 17:00:00,114.102,114.15,113.964,113.986,114.102,114.103
2022-01-20 18:00:00,113.99,114.1,113.98,114.088,113.99,113.99
2022-01-20 19:00:00,114.088,114.151,114.054,114.132,114.088,114.088
2022-01-20 20:00:00,114.132,114.193,114.114,114.175,114.132,114.132
2022-01-20 21:00:00,114.176,114.198,114.134,114.175,114.176,114.176
2022-01-20 22:00:00,114.176,114.211,114.104,114.2,114.176,114.176
2022-01-20 23:00:00,114.201,114.232,114.109,114.109,114.201,114.201
2022-01-21 00:00:00,114.089,114.149,114.078,114.106,114.089,114.168
2022-01-21 01:00:00,114.106,114.121,113.86,113.995,114.106,114.117
2022-01-21 02:00:00,113.995,114.001,113.773,113.805,113.995,113.996
2022-01-21 03:00:00,113.803,113.868,113.737,113.807,113.803,113.803
2022-01-21 04:00:00,113.804,113.9,113.646,113.657,113.804,113.804
2022-01-21 05:00:00,113.657,113.754,113.626,113.747,113.657,113.659
2022-01-21 06:00:00,113.748,113.791,113.72,113.769,113.748,113.748
2022-01-21 07:00:00,113.77,113.872,113.769,113.857,113.77,113.77
2022-01-21 08:00:00,113.857,113.892,113.798,113.835,113.857,113.858
2022-01-21 09:00:00,113.835,113.884,113.799,113.86,113.835,113.836
2022-01-21 10:00:00,113.859,114.035,113.841,114.01,113.859,113.859
2022-01-21 11:00:00,114.01,114.014,113.895,113.968,114.01,114.01
2022-01-21 12:00:00,113.968,113.978,113.878,113.898,113.968,113.968
2022-01-21 13:00:00,113.897,113.9,113.801,113.846,113.897,113.898
2022-01-21 14:00:00,113.846,113.867,113.695,113.761,113.846,113.846
2022-01-21 15:00:00,113.762,113.853,113.665,113.68,113.762,113.763
2022-01-21 16:00:00,113.681,113.816,113.615,113.676,113.681,113.681
2022-01-21 17:00:00,113.676,113.76,113.604,113.67,113.676,113.676
2022-01-21 18:00:00,113.67,113.818,113.636,113.733,113.67,113.671
2022-01-21 19:00:00,113.733,113.749,113.63,113.641,113.733,113.734
2022-01-21 20:00:00,113.642,113.721,113.634,113.681,113.642,113.644
2022-01-21 21:00:00,113.681,113.698,113.643,113.663,113.681,113.681
2022-01-21 22:00:00,113.663,113.7,113.627,113.646,113.663,113.663
2022-01-21 23:00:00,113.647,113.708,113.631,113.69,113.647,113.648
2022-01-24 00:00:00,113.635,113.685,113.625,113.653,113.635,113.711
2022-01-24 01:00:00,113.65,113.802,113.65,113.787,113.65,113.69
2022-01-24 02:00:00,113.79,113.856,113.713,113.842,113.79,113.791
2022-01-24 03:00:00,113.842,113.943,113.829,113.892,113.842,113.843
2022-01-24 04:00:00,113.892,113.908,113.815,113.822,113.892,113.894
2022-01-24 05:00:00,113.821,113.872,113.798,113.862,113.821,113.822
2022-01-24 06:00:00,113.862,113.921,113.856,113.913,113.862,113.863
2022-01-24 07:00:00,113.913,113.975,113.759,113.797,113.913,113.913
2022-01-24 08:00:00,113.797,113.861,113.772,113.792,113.797,113.797
2022-01-24 09:00:00,113.794,113.808,113.711,113.754,113.794,113.794
2022-01-24 10:00:00,113.755,113.802,113.555,113.585,113.755,113.755
2022-01-24 11:00:00,113.584,113.61,113.499,113.608,113.584,113.585
2022-01-24 12:00:00,113.606,113.737,113.47,113.723,113.606,113.606
2022-01-24 13:00:00,113.724,113.82,113.677,113.82,113.724,113.724
2022-01-24 14:00:00,113.817,113.821,113.748,113.809,113.817,113.818
2022-01-24 15:00:00,113.809,113.831,113.682,113.741,113.809,113.81
2022-01-24 16:00:00,113.742,113.936,113.65,113.835,113.742,113.743
2022-01-24 17:00:00,113.836,113.998,113.812,113.938,113.836,113.836
2022-01-24 18:00:00,113.938,113.949,113.785,113.828,113.938,113.938
2022-01-24 19:00:00,113.828,113.832,113.726,113.745,113.828,113.828
2022-01-24 20:00:00,113.745,113.758,113.655,113.758,113.745,113.746
2022-01-24 21:00:00,113.759,113.797,113.68,113.788,113.759,113.759
2022-01-24 22:00:00,113.79,113.985,113.776,113.982,113.79,113.79
2022-01-24 23:00:00,113.982,113.999,113.959,113.98,113.982,113.982
2022-01-25 00:00:00,113.873,113.975,113.867,113.956,113.873,113.964
2022-01-25 01:00:00,113.956,114.094,113.956,114.014,113.956,113.983
2022-01-25 02:00:00,114.014,114.05,113.915,113.996,114.014,114.014
2022-01-25 03:00:00,113.996,114.0,113.806,113.842,113.996,113.997
2022-01-25 04:00:00,113.843,113.845,113.751,113.807,113.843,113.843
2022-01-25 05:00:00,113.808,113.823,113.752,113.776,113.808,113.809
2022-01-25 06:00:00,113.776,113.778,113.668,113.723,113.776,113.777
2022-01-25 07:00:00,113.723,113.817,113.672,113.801,113.723,113.724
2022-01-25 08:00:00,113.802,113.892,113.776,113.866,113.802,113.803
2022-01-25 09:00:00,113.866,113.891,113.746,113.887,113.866,113.866
2022-01-25 10:00:00,113.887,113.954,113.809,113.899,113.887,113.888
2022-01-25 11:00:00,113.9,114.108,113.899,114.053,113.9,113.902
2022-01-25 12:00:00,114.055,114.15,114.039,114.108,114.055,114.056
2022-01-25 13:00:00,114.108,114.156,113.976,114.007,114.108,114.109
2022-01-25 14:00:00,114.01,114.067,113.944,114.049,114.01,114.01
2022-01-25 15:00:00,114.049,114.06,113.874,113.9,114.049,114.049
2022-01-25 16:00:00,113.898,113.947,113.815,113.877,113.898,113.899
2022-01-25 17:00:00,113.879,113.993,113.78,113.95,113.879,113.886
2022-01-25 18:00:00,113.951,113.956,113.859,113.871,113.951,113.951
2022-01-25 19:00:00,113.871,113.91,113.828,113.843,113.871,113.871
2022-01-25 20:00:00,113.844,113.925,113.803,113.87,113.844,113.844
2022-01-25 21:00:00,113.87,113.94,113.852,113.921,113.87,113.87
2022-01-25 22:00:00,113.922,113.944,113.885,113.901,113.922,113.922
2022-01-25 23:00:00,113.902,113.904,113.843,113.862,113.902,113.902
2022-01-26 00:00:00,113.845,113.872,113.831,113.847,113.845,113.928
2022-01-26 01:00:00,113.851,113.927,113.836,113.895,113.851,113.863
2022-01-26 02:00:00,113.896,113.9,113.785,113.826,113.896,113.896
2022-01-26 03:00:00,113.826,113.872,113.778,113.867,113.826,113.826
2022-01-26 04:00:00,113.868,113.894,113.829,113.862,113.868,113.868
2022-01-26 05:00:00,113.862,113.889,113.854,113.866,113.862,113.862
2022-01-26 06:00:00,113.868,113.931,113.861,113.92,113.868,113.868
2022-01-26 07:00:00,113.921,113.921,113.874,113.896,113.921,113.922
2022-01-26 08:00:00,113.896,113.97,113.871,113.968,113.896,113.896
2022-01-26 09:00:00,113.97,113.986,113.925,113.984,113.97,113.97
2022-01-26 10:00:00,113.984,114.154,113.973,114.146,113.984,113.985
2022-01-26 11:00:00,114.146,114.181,114.073,114.126,114.146,114.146
2022-01-26 12:00:00,114.124,114.236,114.1,114.162,114.124,114.126
2022-01-26 13:00:00,114.163,114.199,114.129,114.199,114.163,114.163
2022-01-26 14:00:00,114.199,114.21,114.154,114.187,114.199,114.199
2022-01-26 15:00:00,114.187,114.315,114.182,114.305,114.187,114.187
2022-01-26 16:00:00,114.304,114.362,114.226,114.354,114.304,114.304
2022-01-26 17:00:00,114.35,114.385,114.219,114.321,114.35,114.355
2022-01-26 18:00:00,114.32,114.362,114.271,114.334,114.32,114.321
2022-01-26 19:00:00,114.334,114.374,114.318,114.35,114.334,114.334
2022-01-26 20:00:00,114.35,114.363,114.282,114.325,114.35,114.35
2022-01-26 21:00:00,114.325,114.693,114.21,114.532,114.325,114.357
2022-01-26 22:00:00,114.536,114.623,114.403,114.594,114.536,114.536
2022-01-26 23:00:00,114.595,114.694,114.579,114.669,114.595,114.597
2022-01-27 00:00:00,114.621,114.675,114.62,114.667,114.621,114.679
2022-01-27 01:00:00,114.667,114.742,114.662,114.722,114.667,114.69
2022-01-27 02:00:00,114.721,114.785,114.642,114.672,114.721,114.722
2022-01-27 03:00:00,114.672,114.691,114.547,114.605,114.672,114.673
2022-01-27 04:00:00,114.602,114.644,114.474,114.552,114.602,114.604
2022-01-27 05:00:00,114.552,114.687,114.519,114.654,114.552,114.553
2022-01-27 06:00:00,114.656,114.671,114.593,114.652,114.656,114.657
2022-01-27 07:00:00,114.653,114.676,114.604,114.668,114.653,114.654
2022-01-27 08:00:00,114.668,114.748,114.647,114.666,114.668,114.669
2022-01-27 09:00:00,114.666,114.793,114.626,114.764,114.666,114.666
2022-01-27 10:00:00,114.763,114.952,114.725,114.924,114.763,114.765
2022-01-27 11:00:00,114.924,115.061,114.894,115.007,114.924,114.925
2022-01-27 12:00:00,115.007,115.207,114.998,115.16,115.007,115.009
2022-01-27 13:00:00,115.158,115.248,115.137,115.2,115.158,115.158
2022-01-27 14:00:00,115.2,115.349,115.152,115.322,115.2,115.201
2022-01-27 15:00:00,115.324,115.437,115.278,115.378,115.324,115.324
2022-01-27 16:00:00,115.378,115.467,115.236,115.304,115.378,115.378
2022-01-27 17:00:00,115.308,115.454,115.294,115.441,115.308,115.308
2022-01-27 18:00:00,115.441,115.49,115.33,115.48,115.441,115.441
2022-01-27 19:00:00,115.48,115.488,115.305,115.381,115.48,115.48
2022-01-27 20:00:00,115.38,115.38,115.18,115.21,115.38,115.38
2022-01-27 21:00:00,115.209,115.31,115.16,115.31,115.209,115.209
2022-01-27 22:00:00,115.307,115.367,115.259,115.356,115.307,115.307
2022-01-27 23:00:00,115.356,115.376,115.331,115.358,115.356,115.356
2022-01-28 00:00:00,115.357,115.357,115.291,115.306,115.357,115.369
2022-01-28 01:00:00,115.306,115.399,115.269,115.352,115.306,115.318
2022-01-28 02:00:00,115.351,115.467,115.347,115.45,115.351,115.351
2022-01-28 03:00:00,115.45,115.476,115.407,115.444,115.45,115.451
2022-01-28 04:00:00,115.446,115.459,115.409,115.44,115.446,115.446
2022-01-28 05:00:00,115.442,115.45,115.333,115.357,115.442,115.442
2022-01-28 06:00:00,115.358,115.443,115.357,115.416,115.358,115.358
2022-01-28 07:00:00,115.415,115.516,115.315,115.431,115.415,115.416
2022-01-28 08:00:00,115.432,115.488,115.338,115.482,115.432,115.433
2022-01-28 09:00:00,115.479,115.675,115.455,115.652,115.479,115.479
2022-01-28 10:00:00,115.653,115.685,115.499,115.532,115.653,115.653
2022-01-28 11:00:00,115.532,115.636,115.447,115.614,115.532,115.534
2022-01-28 12:00:00,115.614,115.649,115.554,115.574,115.614,115.614
2022-01-28 13:00:00,115.575,115.647,115.566,115.644,115.575,115.577
2022-01-28 14:00:00,115.645,115.669,115.562,115.646,115.645,115.645
2022-01-28 15:00:00,115.647,115.664,115.252,115.33,115.647,115.647
2022-01-28 16:00:00,115.327,115.46,115.152,115.227,115.327,115.328
2022-01-28 17:00:00,115.231,115.386,115.122,115.188,115.231,115.232
2022-01-28 18:00:00,115.187,115.23,115.124,115.207,115.187,115.187
2022-01-28 19:00:00,115.207,115.262,115.183,115.239,115.207,115.207
2022-01-28 20:00:00,115.24,115.332,115.237,115.296,115.24,115.24
2022-01-28 21:00:00,115.296,115.303,115.208,115.22,115.296,115.296
2022-01-28 22:00:00,115.22,115.252,115.189,115.242,115.22,115.221
2022-01-28 23:00:00,115.24,115.279,115.202,115.227,115.24,115.241
2022-01-31 00:00:00,115.272,115.326,115.259,115.305,115.272,115.312
2022-01-31 01:00:00,115.304,115.377,115.243,115.264,115.304,115.331
2022-01-31 02:00:00,115.266,115.452,115.222,115.444,115.266,115.267
2022-01-31 03:00:00,115.444,115.488,115.395,115.44,115.444,115.445
2022-01-31 04:00:00,115.44,115.593,115.427,115.579,115.44,115.44
2022-01-31 05:00:00,115.579,115.59,115.477,115.538,115.579,115.579
2022-01-31 06:00:00,115.538,115.54,115.432,115.486,115.538,115.538
2022-01-31 07:00:00,115.486,115.494,115.404,115.428,115.486,115.486
2022-01-31 08:00:00,115.428,115.531,115.418,115.438,115.428,115.428
2022-01-31 09:00:00,115.436,115.499,115.38,115.435,115.436,115.436
2022-01-31 10:00:00,115.436,115.493,115.344,115.466,115.436,115.436
2022-01-31 11:00:00,115.466,115.483,115.388,115.428,115.466,115.467
2022-01-31 12:00:00,115.428,115.53,115.416,115.484,115.428,115.428
2022-01-31 13:00:00,115.483,115.525,115.437,115.515,115.483,115.484
2022-01-31 14:00:00,115.514,115.517,115.395,115.445,115.514,115.516
2022-01-31 15:00:00,115.447,115.485,115.243,115.269,115.447,115.447
2022-01-31 16:00:00,115.27,115.424,115.241,115.39,115.27,115.271
2022-01-31 17:00:00,115.39,115.442,115.195,115.229,115.39,115.39
2022-01-31 18:00:00,115.23,115.308,115.163,115.257,115.23,115.23
2022-01-31 19:00:00,115.256,115.256,115.113,115.129,115.256,115.256
2022-01-31 20:00:00,115.13,115.146,114.975,114.983,115.13,115.131
2022-01-31 21:00:00,114.983,115.018,114.924,114.995,114.983,114.983
2022-01-31 22:00:00,114.995,115.117,114.989,115.082,114.995,114.995
2022-01-31 23:00:00,115.082,115.136,115.054,115.135,115.082,115.083
2022-02-01 00:00:00,115.048,115.141,115.048,115.101,115.048,115.148
2022-02-01 01:00:00,115.102,115.143,115.092,115.122,115.102,115.135
2022-02-01 02:00:00,115.122,115.187,115.11,115.155,115.122,115.125
2022-02-01 03:00:00,115.156,115.193,115.018,115.052,115.156,115.156
2022-02-01 04:00:00,115.052,115.139,115.006,115.057,115.052,115.054
2022-02-01 05:00:00,115.057,115.071,114.971,114.987,115.057,115.058
2022-02-01 06:00:00,114.988,114.991,114.888,114.924,114.988,114.988
2022-02-01 07:00:00,114.925,115.022,114.92,114.996,114.925,114.927
2022-02-01 08:00:00,114.995,115.054,114.968,115.043,114.995,114.995
2022-02-01 09:00:00,115.041,115.07,114.923,114.943,115.041,115.041
2022-02-01 10:00:00,114.944,115.043,114.9,114.908,114.944,114.945
2022-02-01 11:00:00,114.906,114.906,114.644,114.687,114.906,114.906
2022-02-01 12:00:00,114.687,114.748,114.654,114.72,114.687,114.689
2022-02-01 13:00:00,114.721,114.765,114.607,114.626,114.721,114.722
2022-02-01 14:00:00,114.627,114.691,114.568,114.679,114.627,114.628
2022-02-01 15:00:00,114.676,114.766,114.636,114.694,114.676,114.677
2022-02-01 16:00:00,114.695,114.83,114.655,114.77,114.695,114.696
2022-02-01 17:00:00,114.756,114.893,114.72,114.798,114.756,114.757
2022-02-01 18:00:00,114.796,114.815,114.735,114.776,114.796,114.796
2022-02-01 19:00:00,114.776,114.776,114.647,114.686,114.776,114.777
2022-02-01 20:00:00,114.686,114.705,114.638,114.653,114.686,114.687
2022-02-01 21:00:00,114.654,114.741,114.639,114.696,114.654,114.654
2022-02-01 22:00:00,114.698,114.782,114.686,114.691,114.698,114.698
2022-02-01 23:00:00,114.691,114.72,114.669,114.684,114.691,114.693
2022-02-02 00:00:00,114.651,114.69,114.628,114.686,114.651,114.748
2022-02-02 01:00:00,114.692,114.745,114.692,114.737,114.692,114.706
2022-02-02 02:00:00,114.736,114.785,114.667,114.685,114.736,114.737
2022-02-02 03:00:00,114.685,114.702,114.649,114.702,114.685,114.685
2022-02-02 04:00:00,114.702,114.746,114.693,114.714,114.702,114.702
2022-02-02 05:00:00,114.714,114.804,114.71,114.797,114.714,114.716
2022-02-02 06:00:00,114.797,114.804,114.737,114.767,114.797,114.798
2022-02-02 07:00:00,114.766,114.778,114.735,114.755,114.766,114.767
2022-02-02 08:00:00,114.755,114.766,114.684,114.707,114.755,114.756
2022-02-02 09:00:00,114.708,114.708,114.597,114.63,114.708,114.708
2022-02-02 10:00:00,114.63,114.635,114.508,114.536,114.63,114.632
2022-02-02 11:00:00,114.536,114.607,114.4,114.405,114.536,114.537
2022-02-02 12:00:00,114.405,114.441,114.323,114.407,114.405,114.405
2022-02-02 13:00:00,114.407,114.423,114.336,114.343,114.407,114.408
2022-02-02 14:00:00,114.344,114.352,114.24,114.24,114.344,114.344
2022-02-02 15:00:00,114.241,114.43,114.154,114.427,114.241,114.241
2022-02-02 16:00:00,114.425,114.444,114.2,114.243,114.425,114.425
2022-02-02 17:00:00,114.243,114.408,114.197,114.378,114.243,114.244
2022-02-02 18:00:00,114.378,114.409,114.321,114.371,114.378,114.379
2022-02-02 19:00:00,114.371,114.375,114.296,114.327,114.371,114.372
2022-02-02 20:00:00,114.328,114.41,114.308,114.392,114.328,114.328
2022-02-02 21:00:00,114.393,114.42,114.373,114.381,114.393,114.394
2022-02-02 22:00:00,114.382,114.464,114.373,114.459,114.382,114.383
2022-02-02 23:00:00,114.459,114.466,114.408,114.436,114.459,114.459
2022-02-03 00:00:00,114.432,114.453,114.372,114.438,114.432,114.48
2022-02-03 01:00:00,114.444,114.456,114.346,114.382,114.444,114.458
2022-02-03 02:00:00,114.381,114.469,114.337,114.452,114.381,114.384
2022-02-03 03:00:00,114.453,114.471,114.372,114.381,114.453,114.453
2022-02-03 04:00:00,114.381,114.458,114.327,114.443,114.381,114.381
2022-02-03 05:00:00,114.443,114.452,114.398,114.422,114.443,114.444
2022-02-03 06:00:00,114.422,114.534,114.422,114.502,114.422,114.423
2022-02-03 07:00:00,114.501,114.535,114.49,114.524,114.501,114.502
2022-02-03 08:00:00,114.524,114.554,114.491,114.546,114.524,114.526
2022-02-03 09:00:00,114.544,114.606,114.503,114.58,114.544,114.546
2022-02-03 10:00:00,114.58,114.701,114.579,114.676,114.58,114.581
2022-02-03 11:00:00,114.677,114.781,114.652,114.749,114.677,114.677
2022-02-03 12:00:00,114.749,114.788,114.74,114.774,114.749,114.749
2022-02-03 13:00:00,114.774,114.849,114.758,114.837,114.774,114.775
2022-02-03 14:00:00,114.836,114.975,114.744,114.842,114.836,114.84
2022-02-03 15:00:00,114.843,114.923,114.783,114.858,114.843,114.845
2022-02-03 16:00:00,114.856,114.931,114.736,114.841,114.856,114.856
2022-02-03 17:00:00,114.84,114.949,114.832,114.892,114.84,114.855
2022-02-03 18:00:00,114.892,114.938,114.809,114.879,114.892,114.893
2022-02-03 19:00:00,114.88,114.908,114.798,114.852,114.88,114.88
2022-02-03 20:00:00,114.852,114.939,114.844,114.914,114.852,114.852
2022-02-03 21:00:00,114.914,114.944,114.864,114.937,114.914,114.914
2022-02-03 22:00:00,114.935,114.958,114.889,114.94,114.935,114.937
2022-02-03 23:00:00,114.941,114.988,114.925,114.986,114.941,114.941
2022-02-04 00:00:00,114.952,114.978,114.93,114.966,114.952,114.991
2022-02-04 01:00:00,114.965,114.977,114.95,114.959,114.965,114.98
2022-02-04 02:00:00,114.96,115.053,114.931,114.963,114.96,114.961
2022-02-04 03:00:00,114.96,114.967,114.818,114.847,114.96,114.96
2022-02-04 04:00:00,114.848,114.953,114.814,114.933,114.848,114.849
2022-02-04 05:00:00,114.934,114.969,114.901,114.911,114.934,114.935
2022-02-04 06:00:00,114.911,114.916,114.868,114.887,114.911,114.911
2022-02-04 07:00:00,114.887,114.945,114.873,114.933,114.887,114.887
2022-02-04 08:00:00,114.933,115.013,114.907,114.99,114.933,114.934
2022-02-04 09:00:00,114.99,115.125,114.93,115.102,114.99,114.991
2022-02-04 10:00:00,115.103,115.153,115.038,115.083,115.103,115.104
2022-02-04 11:00:00,115.084,115.097,114.91,114.946,115.084,115.084
2022-02-04 12:00:00,114.946,114.974,114.9,114.955,114.946,114.946
2022-02-04 13:00:00,114.955,114.963,114.849,114.874,114.955,114.956
2022-02-04 14:00:00,114.873,114.919,114.775,114.915,114.873,114.874
2022-02-04 15:00:00,114.915,115.394,114.865,115.366,114.915,114.915
2022-02-04 16:00:00,115.366,115.369,115.136,115.346,115.366,115.367
2022-02-04 17:00:00,115.347,115.43,115.226,115.273,115.347,115.347
2022-02-04 18:00:00,115.273,115.289,115.203,115.227,115.273,115.275
2022-02-04 19:00:00,115.228,115.252,115.163,115.248,115.228,115.228
2022-02-04 20:00:00,115.249,115.257,115.188,115.234,115.249,115.25
2022-02-04 21:00:00,115.234,115.262,115.177,115.26,115.234,115.235
2022-02-04 22:00:00,115.259,115.264,115.176,115.191,115.259,115.261
2022-02-04 23:00:00,115.192,115.217,115.181,115.193,115.192,115.194
2022-02-07 00:00:00,115.199,115.303,115.199,115.265,115.199,115.267
2022-02-07 01:00:00,115.269,115.324,115.219,115.228,115.269,115.297
2022-02-07 02:00:00,115.228,115.264,115.139,115.244,115.228,115.231
2022-02-07 03:00:00,115.244,115.338,115.236,115.297,115.244,115.245
2022-02-07 04:00:00,115.296,115.344,115.255,115.296,115.296,115.296
2022-02-07 05:00:00,115.296,115.322,115.267,115.302,115.296,115.297
2022-02-07 06:00:00,115.302,115.308,115.267,115.272,115.302,115.304
2022-02-07 07:00:00,115.273,115.378,115.26,115.346,115.273,115.275
2022-02-07 08:00:00,115.346,115.349,115.293,115.346,115.346,115.348
2022-02-07 09:00:00,115.348,115.355,115.2,115.255,115.348,115.348
2022-02-07 10:00:00,115.255,115.255,115.038,115.102,115.255,115.256
2022-02-07 11:00:00,115.101,115.153,114.969,115.022,115.101,115.102
2022-02-07 12:00:00,115.022,115.086,114.977,115.018,115.022,115.024
2022-02-07 13:00:00,115.017,115.045,114.917,114.948,115.017,115.017
2022-02-07 14:00:00,114.948,115.024,114.915,114.967,114.948,114.949
2022-02-07 15:00:00,114.967,115.124,114.923,115.094,114.967,114.967
2022-02-07 16:00:00,115.093,115.141,115.05,115.063,115.093,115.095
2022-02-07 17:00:00,115.063,115.095,114.976,115.058,115.063,115.063
2022-02-07 18:00:00,115.057,115.119,115.004,115.099,115.057,115.057
2022-02-07 19:00:00,115.099,115.18,115.09,115.164,115.099,115.099
2022-02-07 20:00:00,115.164,115.166,115.116,115.116,115.164,115.164
2022-02-07 21:00:00,115.117,115.136,115.063,115.071,115.117,115.117
2022-02-07 22:00:00,115.071,115.106,115.054,115.105,115.071,115.071
2022-02-07 23:00:00,115.105,115.108,115.066,115.098,115.105,115.107
2022-02-08 00:00:00,115.049,115.093,115.048,115.085,115.049,115.152
2022-02-08 01:00:00,115.084,115.094,115.053,115.065,115.084,115.095
2022-02-08 02:00:00,115.065,115.313,115.062,115.293,115.065,115.067
2022-02-08 03:00:00,115.291,115.346,115.249,115.297,115.291,115.292
2022-02-08 04:00:00,115.296,115.414,115.293,115.386,115.296,115.297
2022-02-08 05:00:00,115.385,115.385,115.318,115.351,115.385,115.385
2022-02-08 06:00:00,115.35,115.418,115.344,115.406,115.35,115.35
2022-02-08 07:00:00,115.405,115.48,115.403,115.462,115.405,115.407
2022-02-08 08:00:00,115.461,115.528,115.443,115.485,115.461,115.464
2022-02-08 09:00:00,115.486,115.547,115.445,115.483,115.486,115.487
2022-02-08 10:00:00,115.483,115.492,115.33,115.37,115.483,115.483
2022-02-08 11:00:00,115.37,115.415,115.312,115.38,115.37,115.371
2022-02-08 12:00:00,115.38,115.382,115.232,115.248,115.38,115.381
2022-02-08 13:00:00,115.248,115.336,115.234,115.312,115.248,115.248
2022-02-08 14:00:00,115.312,115.374,115.301,115.374,115.312,115.312
2022-02-08 15:00:00,115.374,115.478,115.374,115.425,115.374,115.374
2022-02-08 16:00:00,115.425,115.497,115.385,115.474,115.425,115.425
2022-02-08 17:00:00,115.475,115.608,115.438,115.592,115.475,115.475
2022-02-08 18:00:00,115.592,115.628,115.572,115.624,115.592,115.592
2022-02-08 19:00:00,115.624,115.626,115.543,115.594,115.624,115.625
2022-02-08 20:00:00,115.593,115.604,115.512,115.527,115.593,115.593
2022-02-08 21:00:00,115.527,115.546,115.474,115.542,115.527,115.528
2022-02-08 22:00:00,115.54,115.545,115.492,115.544,115.54,115.54
2022-02-08 23:00:00,115.545,115.552,115.522,115.548,115.545,115.545
2022-02-09 00:00:00,115.535,115.554,115.513,115.549,115.535,115.561
2022-02-09 01:00:00,115.549,115.68,115.533,115.535,115.549,115.559
2022-02-09 02:00:00,115.535,115.594,115.436,115.525,115.535,115.536
2022-02-09 03:00:00,115.526,115.526,115.4,115.441,115.526,115.526
2022-02-09 04:00:00,115.441,115.442,115.324,115.332,115.441,115.442
2022-02-09 05:00:00,115.337,115.434,115.323,115.4,115.337,115.338
2022-02-09 06:00:00,115.404,115.476,115.371,115.463,115.404,115.404
2022-02-09 07:00:00,115.463,115.49,115.427,115.477,115.463,115.464
2022-02-09 08:00:00,115.477,115.541,115.421,115.518,115.477,115.479
2022-02-09 09:00:00,115.518,115.521,115.402,115.402,115.518,115.518
2022-02-09 10:00:00,115.404,115.423,115.337,115.402,115.404,115.404
2022-02-09 11:00:00,115.401,115.447,115.344,115.362,115.401,115.402
2022-02-09 12:00:00,115.362,115.464,115.359,115.43,115.362,115.362
2022-02-09 13:00:00,115.433,115.478,115.39,115.436,115.433,115.433
2022-02-09 14:00:00,115.437,115.47,115.414,115.444,115.437,115.438
2022-02-09 15:00:00,115.442,115.516,115.427,115.462,115.442,115.443
2022-02-09 16:00:00,115.462,115.51,115.379,115.457,115.462,115.463
2022-02-09 17:00:00,115.46,115.48,115.391,115.459,115.46,115.46
2022-02-09 18:00:00,115.458,115.468,115.412,115.456,115.458,115.458
2022-02-09 19:00:00,115.458,115.458,115.376,115.439,115.458,115.458
2022-02-09 20:00:00,115.44,115.498,115.384,115.49,115.44,115.44
2022-02-09 21:00:00,115.491,115.508,115.473,115.481,115.491,115.491
2022-02-09 22:00:00,115.48,115.564,115.465,115.526,115.48,115.481
2022-02-09 23:00:00,115.525,115.549,115.516,115.539,115.525,115.525
2022-02-10 00:00:00,115.459,115.553,115.459,115.542,115.459,115.556
2022-02-10 01:00:00,115.54,115.602,115.523,115.6,115.54,115.555
2022-02-10 02:00:00,115.601,115.635,115.554,115.575,115.601,115.602
2022-02-10 03:00:00,115.573,115.583,115.484,115.503,115.573,115.574
2022-02-10 04:00:00,115.503,115.558,115.494,115.504,115.503,115.504
2022-02-10 05:00:00,115.504,115.546,115.488,115.544,115.504,115.506
2022-02-10 06:00:00,115.548,115.652,115.527,115.638,115.548,115.548
2022-02-10 07:00:00,115.638,115.638,115.583,115.615,115.638,115.638
2022-02-10 08:00:00,115.616,115.708,115.598,115.668,115.616,115.617
2022-02-10 09:00:00,115.669,115.674,115.564,115.595,115.669,115.67
2022-02-10 10:00:00,115.595,115.642,115.558,115.564,115.595,115.595
2022-02-10 11:00:00,115.565,115.877,115.543,115.788,115.565,115.565
2022-02-10 12:00:00,115.789,115.846,115.746,115.831,115.789,115.791
2022-02-10 13:00:00,115.833,115.856,115.775,115.818,115.833,115.833
2022-02-10 14:00:00,115.818,115.828,115.762,115.778,115.818,115.818
2022-02-10 15:00:00,115.778,116.194,115.745,116.172,115.778,115.779
2022-02-10 16:00:00,116.169,116.338,116.135,116.171,116.169,116.169
2022-02-10 17:00:00,116.172,116.173,115.821,115.951,116.172,116.173
2022-02-10 18:00:00,115.954,115.955,115.733,115.832,115.954,115.954
2022-02-10 19:00:00,115.831,116.112,115.831,116.017,115.831,115.832
2022-02-10 20:00:00,116.017,116.033,115.845,115.861,116.017,116.017
2022-02-10 21:00:00,115.861,115.94,115.826,115.909,115.861,115.862
2022-02-10 22:00:00,115.908,116.047,115.906,116.047,115.908,115.911
2022-02-10 23:00:00,116.046,116.121,115.985,116.002,116.046,116.046
2022-02-11 00:00:00,115.947,116.053,115.947,116.044,115.947,116.033
2022-02-11 01:00:00,116.044,116.077,116.016,116.053,116.044,116.056
2022-02-11 02:00:00,116.053,116.176,116.038,116.069,116.053,116.055
2022-02-11 03:00:00,116.069,116.086,115.958,115.986,116.069,116.07
2022-02-11 04:00:00,115.985,116.054,115.974,116.051,115.985,115.987
2022-02-11 05:00:00,116.051,116.132,116.041,116.132,116.051,116.053
2022-02-11 06:00:00,116.132,116.17,116.079,116.132,116.132,116.133
2022-02-11 07:00:00,116.131,116.135,116.068,116.086,116.131,116.133
2022-02-11 08:00:00,116.083,116.11,116.038,116.043,116.083,116.084
2022-02-11 09:00:00,116.046,116.093,115.986,116.012,116.046,116.047
2022-02-11 10:00:00,116.012,116.097,115.883,116.049,116.012,116.013
2022-02-11 11:00:00,116.048,116.089,116.017,116.055,116.048,116.049
2022-02-11 12:00:00,116.055,116.068,115.989,116.017,116.055,116.055
2022-02-11 13:00:00,116.017,116.033,115.97,116.002,116.017,116.017
2022-02-11 14:00:00,116.002,116.026,115.895,115.945,116.002,116.004
2022-02-11 15:00:00,115.944,115.97,115.824,115.934,115.944,115.944
2022-02-11 16:00:00,115.934,115.958,115.85,115.915,115.934,115.934
2022-02-11 17:00:00,115.915,115.916,115.772,115.88,115.915,115.916
2022-02-11 18:00:00,115.881,115.991,115.862,115.91,115.881,115.882
2022-02-11 19:00:00,115.911,115.945,115.883,115.886,115.911,115.912
2022-02-11 20:00:00,115.887,115.926,115.28,115.373,115.887,115.887
2022-02-11 21:00:00,115.372,115.398,115.014,115.25,115.372,115.376
2022-02-11 22:00:00,115.249,115.326,115.157,115.292,115.249,115.252
2022-02-11 23:00:00,115.293,115.504,115.277,115.485,115.293,115.294
2022-02-14 00:00:00,115.328,115.446,115.326,115.446,115.328,115.391
2022-02-14 01:00:00,115.45,115.593,115.398,115.587,115.45,115.469
2022-02-14 02:00:00,115.587,115.595,115.304,115.396,115.587,115.588
2022-02-14 03:00:00,115.396,115.577,115.284,115.335,115.396,115.396
2022-02-14 04:00:00,115.335,115.495,115.335,115.472,115.335,115.337
2022-02-14 05:00:00,115.471,115.55,115.446,115.504,115.471,115.473
2022-02-14 06:00:00,115.505,115.549,115.483,115.508,115.505,115.505
2022-02-14 07:00:00,115.508,115.522,115.406,115.434,115.508,115.508
2022-02-14 08:00:00,115.434,115.449,115.303,115.35,115.434,115.434
2022-02-14 09:00:00,115.35,115.423,115.296,115.408,115.35,115.35
2022-02-14 10:00:00,115.408,115.409,115.074,115.119,115.408,115.41
2022-02-14 11:00:00,115.119,115.232,115.033,115.047,115.119,115.12
2022-02-14 12:00:00,115.047,115.21,115.01,115.147,115.047,115.047
2022-02-14 13:00:00,115.145,115.222,115.115,115.177,115.145,115.148
2022-02-14 14:00:00,115.177,115.467,115.116,115.456,115.177,115.179
2022-02-14 15:00:00,115.457,115.528,115.401,115.502,115.457,115.457
2022-02-14 16:00:00,115.505,115.56,115.461,115.525,115.505,115.505
2022-02-14 17:00:00,115.525,115.646,115.467,115.585,115.525,115.527
2022-02-14 18:00:00,115.584,115.726,115.543,115.722,115.584,115.584
2022-02-14 19:00:00,115.722,115.747,115.624,115.634,115.722,115.723
2022-02-14 20:00:00,115.633,115.635,115.432,115.432,115.633,115.634
2022-02-14 21:00:00,115.432,115.663,115.368,115.659,115.432,115.433
2022-02-14 22:00:00,115.66,115.662,115.53,115.615,115.66,115.661
2022-02-14 23:00:00,115.615,115.616,115.535,115.536,115.615,115.616
2022-02-15 00:00:00,115.53,115.545,115.506,115.533,115.53,115.604
2022-02-15 01:00:00,115.541,115.557,115.517,115.539,115.541,115.547
2022-02-15 02:00:00,115.539,115.556,115.358,115.369,115.539,115.54
2022-02-15 03:00:00,115.37,115.402,115.307,115.377,115.37,115.371
2022-02-15 04:00:00,115.377,115.452,115.376,115.403,115.377,115.378
2022-02-15 05:00:00,115.404,115.43,115.337,115.423,115.404,115.405
2022-02-15 06:00:00,115.423,115.432,115.351,115.392,115.423,115.424
2022-02-15 07:00:00,115.392,115.396,115.28,115.329,115.392,115.392
2022-02-15 08:00:00,115.329,115.373,115.259,115.296,115.329,115.331
2022-02-15 09:00:00,115.297,115.358,115.264,115.348,115.297,115.299
2022-02-15 10:00:00,115.348,115.647,115.323,115.583,115.348,115.348
2022-02-15 11:00:00,115.582,115.646,115.545,115.603,115.582,115.584
2022-02-15 12:00:00,115.605,115.644,115.48,115.639,115.605,115.605
2022-02-15 13:00:00,115.639,115.708,115.625,115.659,115.639,115.639
2022-02-15 14:00:00,115.658,115.696,115.615,115.651,115.658,115.658
2022-02-15 15:00:00,115.649,115.716,115.568,115.652,115.649,115.65
2022-02-15 16:00:00,115.652,115.842,115.578,115.816,115.652,115.653
2022-02-15 17:00:00,115.814,115.872,115.718,115.742,115.814,115.815
2022-02-15 18:00:00,115.743,115.746,115.634,115.634,115.743,115.743
2022-02-15 19:00:00,115.634,115.727,115.629,115.667,115.634,115.635
2022-02-15 20:00:00,115.669,115.67,115.607,115.649,115.669,115.669
2022-02-15 21:00:00,115.644,115.669,115.588,115.632,115.644,115.645
2022-02-15 22:00:00,115.632,115.649,115.596,115.627,115.632,115.632
2022-02-15 23:00:00,115.626,115.649,115.592,115.594,115.626,115.626
2022-02-16 00:00:00,115.588,115.618,115.571,115.611,115.588,115.688
2022-02-16 01:00:00,115.613,115.655,115.604,115.641,115.613,115.646
2022-02-16 02:00:00,115.64,115.703,115.62,115.684,115.64,115.642
2022-02-16 03:00:00,115.684,115.742,115.642,115.671,115.684,115.684
2022-02-16 04:00:00,115.671,115.714,115.662,115.69,115.671,115.672
2022-02-16 05:00:00,115.69,115.727,115.677,115.696,115.69,115.691
2022-02-16 06:00:00,115.696,115.702,115.657,115.679,115.696,115.698
2022-02-16 07:00:00,115.68,115.702,115.66,115.694,115.68,115.68
2022-02-16 08:00:00,115.694,115.707,115.635,115.638,115.694,115.694
2022-02-16 09:00:00,115.639,115.702,115.621,115.64,115.639,115.643
2022-02-16 10:00:00,115.645,115.788,115.605,115.722,115.645,115.645
2022-02-16 11:00:00,115.722,115.766,115.645,115.657,115.722,115.724
2022-02-16 12:00:00,115.657,115.727,115.635,115.691,115.657,115.657
2022-02-16 13:00:00,115.692,115.708,115.655,115.678,115.692,115.692
2022-02-16 14:00:00,115.678,115.728,115.654,115.689,115.678,115.678
2022-02-16 15:00:00,115.69,115.779,115.455,115.483,115.69,115.69
2022-02-16 16:00:00,115.482,115.552,115.382,115.439,115.482,115.484
2022-02-16 17:00:00,115.441,115.542,115.406,115.433,115.441,115.442
2022-02-16 18:00:00,115.436,115.502,115.406,115.418,115.436,115.436
2022-02-16 19:00:00,115.417,115.478,115.396,115.452,115.417,115.417
2022-02-16 20:00:00,115.452,115.561,115.44,115.523,115.452,115.452
2022-02-16 21:00:00,115.523,115.558,115.354,115.401,115.523,115.53
2022-02-16 22:00:00,115.402,115.469,115.39,115.424,115.402,115.402
2022-02-16 23:00:00,115.424,115.473,115.42,115.45,115.424,115.424
2022-02-17 00:00:00,115.467,115.467,115.437,115.461,115.467,115.532
2022-02-17 01:00:00,115.46,115.467,115.338,115.391,115.46,115.487
2022-02-17 02:00:00,115.392,115.477,115.329,115.458,115.392,115.393
2022-02-17 03:00:00,115.457,115.537,115.452,115.469,115.457,115.458
2022-02-17 04:00:00,115.468,115.527,115.437,115.47,115.468,115.468
2022-02-17 05:00:00,115.469,115.499,115.117,115.168,115.469,115.47
2022-02-17 06:00:00,115.169,115.304,115.135,115.261,115.169,115.17
2022-02-17 07:00:00,115.261,115.343,115.21,115.237,115.261,115.263
2022-02-17 08:00:00,115.237,115.408,115.165,115.291,115.237,115.239
2022-02-17 09:00:00,115.291,115.332,115.242,115.296,115.291,115.292
2022-02-17 10:00:00,115.296,115.352,115.006,115.086,115.296,115.298
2022-02-17 11:00:00,115.086,115.101,114.949,115.092,115.086,115.087
2022-02-17 12:00:00,115.092,115.186,115.038,115.04,115.092,115.094
2022-02-17 13:00:00,115.04,115.088,115.002,115.062,115.04,115.04
2022-02-17 14:00:00,115.064,115.108,114.988,114.999,115.064,115.066
2022-02-17 15:00:00,114.999,115.112,114.846,114.885,114.999,114.999
2022-02-17 16:00:00,114.884,115.147,114.872,114.941,114.884,114.886
2022-02-17 17:00:00,114.941,115.051,114.87,114.965,114.941,114.943
2022-02-17 18:00:00,114.965,115.042,114.936,115.037,114.965,114.966
2022-02-17 19:00:00,115.038,115.064,115.006,115.052,115.038,115.038
2022-02-17 20:00:00,115.052,115.082,114.997,115.009,115.052,115.053
2022-02-17 21:00:00,115.011,115.06,114.875,114.877,115.011,115.012
2022-02-17 22:00:00,114.878,114.981,114.878,114.91,114.878,114.878
2022-02-17 23:00:00,114.91,114.961,114.908,114.916,114.91,114.912
2022-02-18 00:00:00,114.93,114.955,114.877,114.948,114.93,114.937
2022-02-18 01:00:00,114.951,114.951,114.797,114.862,114.951,114.966
2022-02-18 02:00:00,114.862,114.944,114.79,114.917,114.862,114.863
2022-02-18 03:00:00,114.917,115.278,114.917,115.137,114.917,114.92
2022-02-18 04:00:00,115.136,115.225,115.124,115.2,115.136,115.138
2022-02-18 05:00:00,115.201,115.202,115.127,115.134,115.201,115.201
2022-02-18 06:00:00,115.134,115.202,115.126,115.181,115.134,115.135
2022-02-18 07:00:00,115.181,115.229,115.164,115.209,115.181,115.182
2022-02-18 08:00:00,115.209,115.214,115.155,115.17,115.209,115.21
2022-02-18 09:00:00,115.17,115.193,115.055,115.122,115.17,115.172
2022-02-18 10:00:00,115.122,115.297,115.106,115.193,115.122,115.122
2022-02-18 11:00:00,115.193,115.211,115.124,115.152,115.193,115.193
2022-02-18 12:00:00,115.152,115.196,115.135,115.183,115.152,115.153
2022-02-18 13:00:00,115.184,115.241,115.157,115.162,115.184,115.185
2022-02-18 14:00:00,115.162,115.173,115.103,115.129,115.162,115.162
2022-02-18 15:00:00,115.129,115.149,115.012,115.078,115.129,115.13
2022-02-18 16:00:00,115.077,115.125,114.97,115.03,115.077,115.078
2022-02-18 17:00:00,115.031,115.176,115.002,115.151,115.031,115.034
2022-02-18 18:00:00,115.152,115.156,115.062,115.08,115.152,115.152
2022-02-18 19:00:00,115.079,115.116,115.039,115.073,115.079,115.081
2022-02-18 20:00:00,115.072,115.074,114.999,115.027,115.072,115.073
2022-02-18 21:00:00,115.027,115.083,115.01,115.079,115.027,115.027
2022-02-18 22:00:00,115.08,115.096,115.023,115.085,115.08,115.08
2022-02-18 23:00:00,115.088,115.12,115.021,115.04,115.088,115.088
2022-02-21 00:00:00,115.002,115.045,114.951,114.972,115.002,115.058
2022-02-21 01:00:00,114.971,114.995,114.872,114.965,114.971,114.997
2022-02-21 02:00:00,114.965,115.111,114.878,115.074,114.965,114.965
2022-02-21 03:00:00,115.073,115.125,114.98,115.015,115.073,115.073
2022-02-21 04:00:00,115.015,115.052,114.974,114.978,115.015,115.015
2022-02-21 05:00:00,114.978,114.978,114.886,114.952,114.978,114.979
2022-02-21 06:00:00,114.952,114.996,114.926,114.985,114.952,114.953
2022-02-21 07:00:00,114.985,115.031,114.953,114.975,114.985,114.986
2022-02-21 08:00:00,114.975,114.977,114.938,114.96,114.975,114.976
2022-02-21 09:00:00,114.961,115.015,114.923,114.93,114.961,114.962
2022-02-21 10:00:00,114.93,114.967,114.809,114.937,114.93,114.93
2022-02-21 11:00:00,114.938,114.941,114.84,114.864,114.938,114.941
2022-02-21 12:00:00,114.864,114.864,114.803,114.854,114.864,114.864
2022-02-21 13:00:00,114.856,114.879,114.807,114.872,114.856,114.858
2022-02-21 14:00:00,114.872,114.949,114.841,114.871,114.872,114.873
2022-02-21 15:00:00,114.87,114.907,114.818,114.859,114.87,114.87
2022-02-21 16:00:00,114.859,114.893,114.827,114.868,114.859,114.859
2022-02-21 17:00:00,114.868,114.9,114.823,114.844,114.868,114.868
2022-02-21 18:00:00,114.844,114.853,114.797,114.799,114.844,114.845
2022-02-21 19:00:00,114.8,114.831,114.783,114.808,114.8,114.801
2022-02-21 20:00:00,114.807,114.83,114.763,114.772,114.807,114.808
2022-02-21 21:00:00,114.772,114.806,114.756,114.77,114.772,114.775
2022-02-21 22:00:00,114.772,114.802,114.749,114.799,114.772,114.775
2022-02-21 23:00:00,114.799,114.843,114.718,114.733,114.799,114.804
2022-02-22 00:00:00,114.737,114.738,114.672,114.698,114.737,114.774
2022-02-22 01:00:00,114.698,114.7,114.5,114.608,114.698,114.707
2022-02-22 02:00:00,114.613,114.797,114.522,114.733,114.613,114.614
2022-02-22 03:00:00,114.733,114.794,114.634,114.718,114.733,114.734
2022-02-22 04:00:00,114.712,114.721,114.616,114.671,114.712,114.713
2022-02-22 05:00:00,114.67,114.677,114.572,114.614,114.67,114.672
2022-02-22 06:00:00,114.614,114.708,114.613,114.689,114.614,114.615
2022-02-22 07:00:00,114.691,114.741,114.656,114.73,114.691,114.692
2022-02-22 08:00:00,114.728,114.782,114.663,114.681,114.728,114.729
2022-02-22 09:00:00,114.683,114.785,114.624,114.741,114.683,114.683
2022-02-22 10:00:00,114.738,114.907,114.719,114.881,114.738,114.738
2022-02-22 11:00:00,114.883,114.886,114.755,114.774,114.883,114.885
2022-02-22 12:00:00,114.775,114.973,114.773,114.93,114.775,114.776
2022-02-22 13:00:00,114.93,115.096,114.899,115.081,114.93,114.932
2022-02-22 14:00:00,115.081,115.117,115.024,115.085,115.081,115.082
2022-02-22 15:00:00,115.085,115.163,115.029,115.124,115.085,115.086
2022-02-22 16:00:00,115.121,115.239,115.098,115.234,115.121,115.121
2022-02-22 17:00:00,115.234,115.243,115.053,115.055,115.234,115.234
2022-02-22 18:00:00,115.055,115.088,114.926,114.942,115.055,115.055
2022-02-22 19:00:00,114.943,114.992,114.92,114.926,114.943,114.943
2022-02-22 20:00:00,114.928,114.953,114.877,114.95,114.928,114.928
2022-02-22 21:00:00,114.948,115.109,114.941,115.068,114.948,114.948
2022-02-22 22:00:00,115.069,115.111,115.012,115.025,115.069,115.069
2022-02-22 23:00:00,115.024,115.083,115.022,115.076,115.024,115.026
2022-02-23 00:00:00,115.048,115.07,115.019,115.054,115.048,115.099
2022-02-23 01:00:00,115.056,115.114,115.043,115.101,115.056,115.069
2022-02-23 02:00:00,115.1,115.127,115.005,115.023,115.1,115.1
2022-02-23 03:00:00,115.023,115.057,114.989,115.039,115.023,115.028
2022-02-23 04:00:00,115.039,115.097,115.031,115.078,115.039,115.041
2022-02-23 05:00:00,115.078,115.083,114.999,115.024,115.078,115.078
2022-02-23 06:00:00,115.023,115.051,115.008,115.041,115.023,115.025
2022-02-23 07:00:00,115.04,115.073,115.037,115.05,115.04,115.043
2022-02-23 08:00:00,115.05,115.061,115.025,115.06,115.05,115.05
2022-02-23 09:00:00,115.06,115.091,114.994,115.07,115.06,115.061
2022-02-23 10:00:00,115.071,115.148,114.994,115.142,115.071,115.073
2022-02-23 11:00:00,115.143,115.17,115.056,115.072,115.143,115.143
2022-02-23 12:00:00,115.072,115.085,115.021,115.062,115.072,115.073
2022-02-23 13:00:00,115.062,115.109,115.058,115.093,115.062,115.063
2022-02-23 14:00:00,115.098,115.125,115.056,115.097,115.098,115.099
2022-02-23 15:00:00,115.096,115.134,114.964,115.014,115.096,115.098
2022-02-23 16:00:00,115.013,115.201,115.0,115.149,115.013,115.013
2022-02-23 17:00:00,115.148,115.149,115.027,115.036,115.148,115.149
2022-02-23 18:00:00,115.036,115.131,115.02,115.124,115.036,115.036
2022-02-23 19:00:00,115.124,115.126,115.07,115.077,115.124,115.124
2022-02-23 20:00:00,115.078,115.091,114.927,114.93,115.078,115.078
2022-02-23 21:00:00,114.93,115.0,114.928,114.965,114.93,114.93
2022-02-23 22:00:00,114.966,115.029,114.928,115.003,114.966,114.967
2022-02-23 23:00:00,115.004,115.03,114.975,115.013,115.004,115.004
2022-02-24 00:00:00,114.968,115.014,114.955,114.979,114.968,115.052
2022-02-24 01:00:00,114.982,114.993,114.877,114.9,114.982,114.992
2022-02-24 02:00:00,114.898,114.941,114.83,114.914,114.898,114.898
2022-02-24 03:00:00,114.91,115.119,114.883,115.082,114.91,114.913
2022-02-24 04:00:00,115.081,115.104,114.975,115.022,115.081,115.082
2022-02-24 05:00:00,115.021,115.075,114.658,114.7,115.021,115.022
2022-02-24 06:00:00,114.701,114.735,114.514,114.664,114.701,114.701
2022-02-24 07:00:00,114.663,114.678,114.497,114.562,114.663,114.666
2022-02-24 08:00:00,114.56,114.626,114.413,114.432,114.56,114.562
2022-02-24 09:00:00,114.432,114.656,114.409,114.626,114.432,114.432
2022-02-24 10:00:00,114.627,114.785,114.596,114.668,114.627,114.629
2022-02-24 11:00:00,114.668,114.779,114.64,114.736,114.668,114.671
2022-02-24 12:00:00,114.735,114.784,114.629,114.664,114.735,114.737
2022-02-24 13:00:00,114.665,114.827,114.574,114.786,114.665,114.666
2022-02-24 14:00:00,114.786,114.794,114.61,114.792,114.786,114.786
2022-02-24 15:00:00,114.792,115.0,114.785,114.905,114.792,114.792
2022-02-24 16:00:00,114.905,115.187,114.902,115.171,114.905,114.905
2022-02-24 17:00:00,115.171,115.622,115.167,115.604,115.171,115.172
2022-02-24 18:00:00,115.603,115.652,115.364,115.465,115.603,115.605
2022-02-24 19:00:00,115.464,115.481,115.267,115.342,115.464,115.465
2022-02-24 20:00:00,115.341,115.426,115.317,115.362,115.341,115.341
2022-02-24 21:00:00,115.362,115.694,115.361,115.689,115.362,115.363
2022-02-24 22:00:00,115.681,115.695,115.576,115.592,115.681,115.681
2022-02-24 23:00:00,115.591,115.625,115.524,115.535,115.591,115.592
2022-02-25 00:00:00,115.467,115.525,115.463,115.491,115.467,115.57
2022-02-25 01:00:00,115.493,115.599,115.446,115.552,115.493,115.512
2022-02-25 02:00:00,115.549,115.613,115.434,115.492,115.549,115.551
2022-02-25 03:00:00,115.492,115.624,115.385,115.44,115.492,115.494
2022-02-25 04:00:00,115.443,115.443,115.258,115.274,115.443,115.445
2022-02-25 05:00:00,115.274,115.334,115.179,115.244,115.274,115.275
2022-02-25 06:00:00,115.245,115.29,115.148,115.193,115.245,115.247
2022-02-25 07:00:00,115.194,115.238,115.163,115.181,115.194,115.196
2022-02-25 08:00:00,115.185,115.278,115.182,115.235,115.185,115.185
2022-02-25 09:00:00,115.236,115.351,115.208,115.287,115.236,115.237
2022-02-25 10:00:00,115.286,115.335,115.187,115.306,115.286,115.286
2022-02-25 11:00:00,115.306,115.379,115.263,115.322,115.306,115.307
2022-02-25 12:00:00,115.322,115.398,115.297,115.386,115.322,115.323
2022-02-25 13:00:00,115.386,115.502,115.366,115.471,115.386,115.388
2022-02-25 14:00:00,115.473,115.593,115.445,115.569,115.473,115.475
2022-02-25 15:00:00,115.569,115.61,115.501,115.558,115.569,115.569
2022-02-25 16:00:00,115.558,115.629,115.471,115.628,115.558,115.56
2022-02-25 17:00:00,115.628,115.628,115.467,115.573,115.628,115.632
2022-02-25 18:00:00,115.573,115.635,115.522,115.632,115.573,115.573
2022-02-25 19:00:00,115.632,115.762,115.605,115.751,115.632,115.632
2022-02-25 20:00:00,115.75,115.752,115.678,115.689,115.75,115.751
2022-02-25 21:00:00,115.689,115.689,115.59,115.597,115.689,115.689
2022-02-25 22:00:00,115.597,115.606,115.521,115.533,115.597,115.598
2022-02-25 23:00:00,115.534,115.561,115.52,115.539,115.534,115.534
2022-02-28 00:00:00,115.245,115.766,115.245,115.534,115.245,115.345
2022-02-28 01:00:00,115.541,115.739,115.369,115.588,115.541,115.549
2022-02-28 02:00:00,115.588,115.667,115.456,115.576,115.588,115.59
2022-02-28 03:00:00,115.573,115.601,115.493,115.517,115.573,115.574
2022-02-28 04:00:00,115.517,115.521,115.444,115.492,115.517,115.52
2022-02-28 05:00:00,115.493,115.553,115.447,115.523,115.493,115.495
2022-02-28 06:00:00,115.525,115.69,115.498,115.574,115.525,115.527
2022-02-28 07:00:00,115.575,115.578,115.509,115.542,115.575,115.575
2022-02-28 08:00:00,115.542,115.563,115.485,115.539,115.542,115.542
2022-02-28 09:00:00,115.538,115.584,115.485,115.499,115.538,115.54
2022-02-28 10:00:00,115.499,115.623,115.456,115.565,115.499,115.499
2022-02-28 11:00:00,115.564,115.594,115.507,115.55,115.564,115.564
2022-02-28 12:00:00,115.549,115.641,115.539,115.554,115.549,115.55
2022-02-28 13:00:00,115.556,115.583,115.516,115.543,115.556,115.558
2022-02-28 14:00:00,115.543,115.566,115.501,115.511,115.543,115.544
2022-02-28 15:00:00,115.511,115.517,115.319,115.325,115.511,115.513
2022-02-28 16:00:00,115.325,115.387,115.158,115.278,115.325,115.326
2022-02-28 17:00:00,115.279,115.425,115.148,115.165,115.279,115.279
2022-02-28 18:00:00,115.167,115.303,115.12,115.121,115.167,115.167
2022-02-28 19:00:00,115.122,115.134,114.982,115.114,115.122,115.123
2022-02-28 20:00:00,115.113,115.119,114.956,114.958,115.113,115.113
2022-02-28 21:00:00,114.958,114.983,114.862,114.862,114.958,114.959
2022-02-28 22:00:00,114.862,115.01,114.861,114.957,114.862,114.863
2022-02-28 23:00:00,114.954,114.976,114.907,114.976,114.954,114.955
2022-03-01 00:00:00,114.97,115.004,114.97,115.0,114.97,115.052
2022-03-01 01:00:00,115.0,115.086,114.995,115.085,115.0,115.007
2022-03-01 02:00:00,115.086,115.289,114.995,115.26,115.086,115.087
2022-03-01 03:00:00,115.26,115.268,115.171,115.194,115.26,115.261
2022-03-01 04:00:00,115.193,115.22,115.137,115.185,115.193,115.193
2022-03-01 05:00:00,115.184,115.192,115.133,115.151,115.184,115.185
2022-03-01 06:00:00,115.15,115.181,115.115,115.14,115.15,115.151
2022-03-01 07:00:00,115.14,115.158,115.017,115.057,115.14,115.14
2022-03-01 08:00:00,115.057,115.123,115.044,115.056,115.057,115.058
2022-03-01 09:00:00,115.053,115.075,114.993,115.035,115.053,115.054
2022-03-01 10:00:00,115.034,115.064,114.921,114.927,115.034,115.034
2022-03-01 11:00:00,114.926,114.958,114.746,114.779,114.926,114.927
2022-03-01 12:00:00,114.779,114.888,114.772,114.86,114.779,114.779
2022-03-01 13:00:00,114.857,114.864,114.745,114.806,114.857,114.857
2022-03-01 14:00:00,114.808,114.878,114.716,114.826,114.808,114.808
2022-03-01 15:00:00,114.826,114.95,114.763,114.913,114.826,114.828
2022-03-01 16:00:00,114.914,114.927,114.82,114.88,114.914,114.914
2022-03-01 17:00:00,114.881,114.947,114.753,114.803,114.881,114.884
2022-03-01 18:00:00,114.806,114.924,114.79,114.892,114.806,114.806
2022-03-01 19:00:00,114.892,114.911,114.77,114.839,114.892,114.892
2022-03-01 20:00:00,114.838,114.857,114.7,114.726,114.838,114.839
2022-03-01 21:00:00,114.726,114.91,114.721,114.857,114.726,114.726
2022-03-01 22:00:00,114.858,114.911,114.818,114.823,114.858,114.858
2022-03-01 23:00:00,114.823,114.924,114.808,114.906,114.823,114.825
2022-03-02 00:00:00,114.892,114.904,114.857,114.901,114.892,114.928
2022-03-02 01:00:00,114.901,114.912,114.796,114.841,114.901,114.911
2022-03-02 02:00:00,114.841,115.024,114.793,114.991,114.841,114.842
2022-03-02 03:00:00,114.992,115.082,114.981,115.003,114.992,114.993
2022-03-02 04:00:00,115.003,115.061,114.967,114.996,115.003,115.003
2022-03-02 05:00:00,114.996,115.06,114.986,115.042,114.996,114.996
2022-03-02 06:00:00,115.04,115.067,115.016,115.041,115.04,115.041
2022-03-02 07:00:00,115.041,115.109,115.033,115.06,115.041,115.043
2022-03-02 08:00:00,115.059,115.175,115.026,115.147,115.059,115.059
2022-03-02 09:00:00,115.147,115.172,115.098,115.155,115.147,115.147
2022-03-02 10:00:00,115.155,115.265,115.149,115.193,115.155,115.156
2022-03-02 11:00:00,115.192,115.246,115.089,115.2,115.192,115.192
2022-03-02 12:00:00,115.2,115.29,115.198,115.277,115.2,115.2
2022-03-02 13:00:00,115.276,115.279,115.21,115.249,115.276,115.278
2022-03-02 14:00:00,115.249,115.392,115.238,115.285,115.249,115.249
2022-03-02 15:00:00,115.285,115.432,115.262,115.397,115.285,115.285
2022-03-02 16:00:00,115.399,115.526,115.365,115.471,115.399,115.399
2022-03-02 17:00:00,115.472,115.572,115.248,115.566,115.472,115.474
2022-03-02 18:00:00,115.566,115.686,115.529,115.602,115.566,115.566
2022-03-02 19:00:00,115.601,115.647,115.591,115.598,115.601,115.601
2022-03-02 20:00:00,115.599,115.616,115.526,115.581,115.599,115.599
2022-03-02 21:00:00,115.582,115.594,115.534,115.579,115.582,115.582
2022-03-02 22:00:00,115.578,115.59,115.498,115.522,115.578,115.579
2022-03-02 23:00:00,115.522,115.564,115.497,115.522,115.522,115.522
2022-03-03 00:00:00,115.522,115.539,115.494,115.516,115.522,115.528
2022-03-03 01:00:00,115.517,115.522,115.442,115.515,115.517,115.525
2022-03-03 02:00:00,115.516,115.614,115.493,115.601,115.516,115.518
2022-03-03 03:00:00,115.6,115.667,115.533,115.596,115.6,115.6
2022-03-03 04:00:00,115.598,115.665,115.576,115.632,115.598,115.599
2022-03-03 05:00:00,115.632,115.66,115.62,115.627,115.632,115.632
2022-03-03 06:00:00,115.627,115.717,115.626,115.671,115.627,115.629
2022-03-03 07:00:00,115.671,115.674,115.626,115.656,115.671,115.671
2022-03-03 08:00:00,115.656,115.712,115.647,115.698,115.656,115.657
2022-03-03 09:00:00,115.699,115.738,115.673,115.724,115.699,115.699
2022-03-03 10:00:00,115.724,115.791,115.653,115.7,115.724,115.724
2022-03-03 11:00:00,115.699,115.806,115.683,115.784,115.699,115.7
2022-03-03 12:00:00,115.785,115.785,115.711,115.733,115.785,115.785
2022-03-03 13:00:00,115.734,115.782,115.713,115.764,115.734,115.734
2022-03-03 14:00:00,115.764,115.764,115.642,115.715,115.764,115.764
2022-03-03 15:00:00,115.713,115.73,115.644,115.662,115.713,115.714
2022-03-03 16:00:00,115.662,115.701,115.586,115.601,115.662,115.662
2022-03-03 17:00:00,115.587,115.641,115.511,115.639,115.587,115.587
2022-03-03 18:00:00,115.639,115.668,115.575,115.661,115.639,115.639
2022-03-03 19:00:00,115.661,115.682,115.557,115.562,115.661,115.663
2022-03-03 20:00:00,115.562,115.563,115.43,115.444,115.562,115.562
2022-03-03 21:00:00,115.444,115.472,115.421,115.424,115.444,115.444
2022-03-03 22:00:00,115.422,115.457,115.384,115.438,115.422,115.424
2022-03-03 23:00:00,115.44,115.463,115.43,115.462,115.44,115.44
2022-03-04 00:00:00,115.458,115.471,115.446,115.465,115.458,115.467
2022-03-04 01:00:00,115.461,115.5,115.46,115.481,115.461,115.47
2022-03-04 02:00:00,115.482,115.489,115.258,115.41,115.482,115.482
2022-03-04 03:00:00,115.409,115.556,115.348,115.469,115.409,115.412
2022-03-04 04:00:00,115.47,115.481,115.321,115.371,115.47,115.471
2022-03-04 05:00:00,115.37,115.397,115.319,115.356,115.37,115.372
2022-03-04 06:00:00,115.356,115.444,115.345,115.438,115.356,115.358
2022-03-04 07:00:00,115.438,115.496,115.409,115.447,115.438,115.44
2022-03-04 08:00:00,115.447,115.528,115.437,115.49,115.447,115.448
2022-03-04 09:00:00,115.491,115.534,115.423,115.453,115.491,115.492
2022-03-04 10:00:00,115.452,115.473,115.357,115.394,115.452,115.452
2022-03-04 11:00:00,115.394,115.421,115.322,115.415,115.394,115.394
2022-03-04 12:00:00,115.416,115.46,115.344,115.346,115.416,115.416
2022-03-04 13:00:00,115.345,115.406,115.308,115.38,115.345,115.345
2022-03-04 14:00:00,115.38,115.446,115.335,115.433,115.38,115.38
2022-03-04 15:00:00,115.434,115.465,115.305,115.42,115.434,115.434
2022-03-04 16:00:00,115.42,115.42,115.163,115.174,115.42,115.424
2022-03-04 17:00:00,115.173,115.195,114.797,114.824,115.173,115.173
2022-03-04 18:00:00,114.823,114.87,114.649,114.655,114.823,114.825
2022-03-04 19:00:00,114.656,114.894,114.651,114.77,114.656,114.656
2022-03-04 20:00:00,114.77,114.864,114.728,114.793,114.77,114.77
2022-03-04 21:00:00,114.794,114.818,114.702,114.749,114.794,114.794
2022-03-04 22:00:00,114.749,114.886,114.749,114.813,114.749,114.75
2022-03-04 23:00:00,114.812,114.877,114.812,114.867,114.812,114.814
2022-03-07 00:00:00,114.888,114.939,114.847,114.9,114.888,114.971
2022-03-07 01:00:00,114.901,114.958,114.82,114.952,114.901,114.925
2022-03-07 02:00:00,114.952,115.063,114.893,115.035,114.952,114.955
2022-03-07 03:00:00,115.035,115.047,114.833,114.902,115.035,115.037
2022-03-07 04:00:00,114.903,114.962,114.872,114.927,114.903,114.903
2022-03-07 05:00:00,114.925,114.945,114.88,114.892,114.925,114.927
2022-03-07 06:00:00,114.892,114.927,114.863,114.898,114.892,114.894
2022-03-07 07:00:00,114.898,114.967,114.888,114.93,114.898,114.899
2022-03-07 08:00:00,114.93,115.003,114.912,114.975,114.93,114.93
2022-03-07 09:00:00,114.974,115.128,114.973,115.011,114.974,114.976
2022-03-07 10:00:00,115.011,115.055,114.91,114.965,115.011,115.012
2022-03-07 11:00:00,114.965,115.079,114.948,115.071,114.965,114.965
2022-03-07 12:00:00,115.071,115.14,115.052,115.078,115.071,115.074
2022-03-07 13:00:00,115.079,115.106,115.023,115.084,115.079,115.08
2022-03-07 14:00:00,115.085,115.288,115.084,115.27,115.085,115.085
2022-03-07 15:00:00,115.269,115.328,115.218,115.3,115.269,115.269
2022-03-07 16:00:00,115.298,115.353,115.206,115.33,115.298,115.299
2022-03-07 17:00:00,115.328,115.433,115.257,115.384,115.328,115.328
2022-03-07 18:00:00,115.386,115.473,115.356,115.418,115.386,115.386
2022-03-07 19:00:00,115.418,115.42,115.308,115.402,115.418,115.418
2022-03-07 20:00:00,115.4,115.423,115.295,115.387,115.4,115.4
2022-03-07 21:00:00,115.387,115.413,115.258,115.302,115.387,115.388
2022-03-07 22:00:00,115.302,115.357,115.259,115.27,115.302,115.302
2022-03-07 23:00:00,115.269,115.334,115.244,115.292,115.269,115.271
2022-03-08 00:00:00,115.272,115.337,115.261,115.329,115.272,115.372
2022-03-08 01:00:00,115.329,115.378,115.277,115.367,115.329,115.346
2022-03-08 02:00:00,115.367,115.474,115.325,115.447,115.367,115.369
2022-03-08 03:00:00,115.448,115.515,115.438,115.481,115.448,115.449
2022-03-08 04:00:00,115.482,115.482,115.353,115.382,115.482,115.482
2022-03-08 05:00:00,115.381,115.468,115.37,115.45,115.381,115.383
2022-03-08 06:00:00,115.449,115.463,115.393,115.451,115.449,115.45
2022-03-08 07:00:00,115.451,115.507,115.428,115.493,115.451,115.453
2022-03-08 08:00:00,115.496,115.536,115.433,115.481,115.496,115.496
2022-03-08 09:00:00,115.476,115.487,115.365,115.449,115.476,115.476
2022-03-08 10:00:00,115.45,115.578,115.382,115.549,115.45,115.45
2022-03-08 11:00:00,115.549,115.636,115.544,115.596,115.549,115.552
2022-03-08 12:00:00,115.596,115.636,115.553,115.593,115.596,115.596
2022-03-08 13:00:00,115.592,115.703,115.587,115.635,115.592,115.594
2022-03-08 14:00:00,115.636,115.75,115.596,115.721,115.636,115.636
2022-03-08 15:00:00,115.721,115.791,115.672,115.697,115.721,115.723
2022-03-08 16:00:00,115.694,115.72,115.508,115.537,115.694,115.694
2022-03-08 17:00:00,115.539,115.599,115.421,115.588,115.539,115.539
2022-03-08 18:00:00,115.588,115.708,115.588,115.643,115.588,115.589
2022-03-08 19:00:00,115.644,115.704,115.574,115.601,115.644,115.644
2022-03-08 20:00:00,115.601,115.738,115.592,115.704,115.601,115.601
2022-03-08 21:00:00,115.705,115.75,115.689,115.742,115.705,115.705
2022-03-08 22:00:00,115.742,115.742,115.619,115.645,115.742,115.743
2022-03-08 23:00:00,115.644,115.681,115.624,115.678,115.644,115.644
2022-03-09 00:00:00,115.68,115.709,115.608,115.668,115.68,115.744
2022-03-09 01:00:00,115.667,115.748,115.667,115.727,115.667,115.675
2022-03-09 02:00:00,115.728,115.875,115.728,115.833,115.728,115.728
2022-03-09 03:00:00,115.833,115.924,115.831,115.889,115.833,115.833
2022-03-09 04:00:00,115.889,115.901,115.827,115.853,115.889,115.89
2022-03-09 05:00:00,115.853,115.864,115.803,115.836,115.853,115.853
2022-03-09 06:00:00,115.837,115.861,115.81,115.822,115.837,115.837
2022-03-09 07:00:00,115.822,115.824,115.757,115.786,115.822,115.823
2022-03-09 08:00:00,115.787,115.797,115.708,115.778,115.787,115.787
2022-03-09 09:00:00,115.778,115.881,115.759,115.88,115.778,115.778
2022-03-09 10:00:00,115.883,115.887,115.738,115.818,115.883,115.883
2022-03-09 11:00:00,115.818,115.891,115.778,115.857,115.818,115.819
2022-03-09 12:00:00,115.857,115.888,115.797,115.869,115.857,115.857
2022-03-09 13:00:00,115.868,115.942,115.854,115.917,115.868,115.868
2022-03-09 14:00:00,115.917,115.935,115.83,115.845,115.917,115.917
2022-03-09 15:00:00,115.844,115.86,115.726,115.768,115.844,115.846
2022-03-09 16:00:00,115.768,115.823,115.56,115.757,115.768,115.769
2022-03-09 17:00:00,115.759,115.836,115.676,115.813,115.759,115.76
2022-03-09 18:00:00,115.814,115.874,115.698,115.873,115.814,115.814
2022-03-09 19:00:00,115.871,115.888,115.761,115.793,115.871,115.871
2022-03-09 20:00:00,115.793,115.899,115.771,115.88,115.793,115.794
2022-03-09 21:00:00,115.882,115.893,115.821,115.85,115.882,115.882
2022-03-09 22:00:00,115.851,115.868,115.79,115.806,115.851,115.851
2022-03-09 23:00:00,115.806,115.876,115.804,115.866,115.806,115.807
2022-03-10 00:00:00,115.799,115.873,115.799,115.87,115.799,115.878
2022-03-10 01:00:00,115.872,115.948,115.845,115.91,115.872,115.882
2022-03-10 02:00:00,115.91,116.014,115.883,115.97,115.91,115.911
2022-03-10 03:00:00,115.97,116.113,115.952,116.051,115.97,115.97
2022-03-10 04:00:00,116.05,116.102,116.04,116.073,116.05,116.051
2022-03-10 05:00:00,116.073,116.197,116.072,116.169,116.073,116.074
2022-03-10 06:00:00,116.168,116.169,116.103,116.148,116.168,116.17
2022-03-10 07:00:00,116.149,116.156,116.078,116.091,116.149,116.149
2022-03-10 08:00:00,116.092,116.102,116.009,116.029,116.092,116.094
2022-03-10 09:00:00,116.028,116.028,115.921,115.924,116.028,116.03
2022-03-10 10:00:00,115.924,115.943,115.813,115.888,115.924,115.924
2022-03-10 11:00:00,115.888,115.993,115.843,115.94,115.888,115.889
2022-03-10 12:00:00,115.941,116.037,115.908,115.987,115.941,115.943
2022-03-10 13:00:00,115.987,115.999,115.912,115.942,115.987,115.988
2022-03-10 14:00:00,115.942,115.98,115.849,115.92,115.942,115.944
2022-03-10 15:00:00,115.919,116.086,115.852,116.081,115.919,115.92
2022-03-10 16:00:00,116.08,116.195,116.061,116.181,116.08,116.081
2022-03-10 17:00:00,116.181,116.19,115.929,115.976,116.181,116.182
2022-03-10 18:00:00,115.976,116.074,115.948,116.05,115.976,115.976
2022-03-10 19:00:00,116.05,116.139,116.032,116.12,116.05,116.05
2022-03-10 20:00:00,116.118,116.149,116.084,116.108,116.118,116.119
2022-03-10 21:00:00,116.108,116.109,116.062,116.104,116.108,116.109
2022-03-10 22:00:00,116.104,116.127,116.048,116.115,116.104,116.104
2022-03-10 23:00:00,116.115,116.146,116.108,116.129,116.115,116.116
2022-03-11 00:00:00,116.135,116.137,116.078,116.13,116.135,116.145
2022-03-11 01:00:00,116.129,116.219,116.129,116.181,116.129,116.135
2022-03-11 02:00:00,116.182,116.38,116.145,116.319,116.182,116.183
2022-03-11 03:00:00,116.319,116.347,116.225,116.292,116.319,116.321
2022-03-11 04:00:00,116.292,116.293,116.231,116.258,116.292,116.292
2022-03-11 05:00:00,116.258,116.479,116.255,116.451,116.258,116.26
2022-03-11 06:00:00,116.45,116.567,116.428,116.561,116.45,116.451
2022-03-11 07:00:00,116.561,116.746,116.515,116.696,116.561,116.563
2022-03-11 08:00:00,116.692,116.727,116.58,116.718,116.692,116.694
2022-03-11 09:00:00,116.718,116.8,116.676,116.72,116.718,116.72
2022-03-11 10:00:00,116.72,116.981,116.702,116.961,116.72,116.72
2022-03-11 11:00:00,116.957,117.061,116.915,116.95,116.957,116.96
2022-03-11 12:00:00,116.951,116.957,116.799,116.891,116.951,116.951
2022-03-11 13:00:00,116.891,116.997,116.797,116.893,116.891,116.892
2022-03-11 14:00:00,116.893,116.962,116.822,116.882,116.893,116.893
2022-03-11 15:00:00,116.88,116.969,116.823,116.918,116.88,116.881
2022-03-11 16:00:00,116.918,116.958,116.86,116.899,116.918,116.919
2022-03-11 17:00:00,116.897,117.0,116.872,116.995,116.897,116.904
2022-03-11 18:00:00,116.994,117.183,116.978,117.091,116.994,116.995
2022-03-11 19:00:00,117.091,117.215,117.073,117.199,117.091,117.092
2022-03-11 20:00:00,117.198,117.307,117.153,117.252,117.198,117.198
2022-03-11 21:00:00,117.251,117.358,117.236,117.354,117.251,117.251
2022-03-11 22:00:00,117.354,117.354,117.247,117.251,117.354,117.354
2022-03-11 23:00:00,117.252,117.307,117.242,117.293,117.252,117.252
2022-03-14 00:00:00,117.333,117.358,117.328,117.333,117.333,117.379
2022-03-14 01:00:00,117.332,117.558,117.311,117.518,117.332,117.371
2022-03-14 02:00:00,117.519,117.599,117.463,117.533,117.519,117.521
2022-03-14 03:00:00,117.532,117.611,117.457,117.531,117.532,117.534
2022-03-14 04:00:00,117.532,117.736,117.469,117.718,117.532,117.533
2022-03-14 05:00:00,117.718,117.878,117.691,117.835,117.718,117.72
2022-03-14 06:00:00,117.836,117.844,117.792,117.821,117.836,117.836
2022-03-14 07:00:00,117.821,117.838,117.622,117.642,117.821,117.823
2022-03-14 08:00:00,117.643,117.813,117.643,117.807,117.643,117.644
2022-03-14 09:00:00,117.807,117.835,117.765,117.816,117.807,117.807
2022-03-14 10:00:00,117.817,117.822,117.685,117.722,117.817,117.819
2022-03-14 11:00:00,117.722,117.831,117.7,117.736,117.722,117.723
2022-03-14 12:00:00,117.738,117.923,117.738,117.915,117.738,117.739
2022-03-14 13:00:00,117.914,118.061,117.876,118.049,117.914,117.914
2022-03-14 14:00:00,118.048,118.05,117.927,117.955,118.048,118.049
2022-03-14 15:00:00,117.956,117.962,117.829,117.907,117.956,117.956
2022-03-14 16:00:00,117.907,118.024,117.871,118.007,117.907,117.907
2022-03-14 17:00:00,118.007,118.014,117.85,117.901,118.007,118.01
2022-03-14 18:00:00,117.904,118.001,117.895,117.998,117.904,117.906
2022-03-14 19:00:00,117.998,118.03,117.939,117.972,117.998,118.0
2022-03-14 20:00:00,117.973,117.979,117.904,117.971,117.973,117.974
2022-03-14 21:00:00,117.971,118.099,117.956,118.098,117.971,117.971
2022-03-14 22:00:00,118.097,118.192,118.075,118.188,118.097,118.099
2022-03-14 23:00:00,118.187,118.217,118.122,118.19,118.187,118.189
2022-03-15 00:00:00,118.182,118.197,118.102,118.178,118.182,118.186
2022-03-15 01:00:00,118.178,118.3,118.178,118.284,118.178,118.201
2022-03-15 02:00:00,118.284,118.296,118.217,118.219,118.284,118.287
2022-03-15 03:00:00,118.22,118.262,118.109,118.204,118.22,118.22
2022-03-15 04:00:00,118.205,118.45,118.191,118.327,118.205,118.205
2022-03-15 05:00:00,118.324,118.384,118.251,118.307,118.324,118.326
2022-03-15 06:00:00,118.307,118.375,118.233,118.334,118.307,118.309
2022-03-15 07:00:00,118.334,118.369,118.297,118.366,118.334,118.336
2022-03-15 08:00:00,118.366,118.393,118.329,118.333,118.366,118.367
2022-03-15 09:00:00,118.333,118.36,118.284,118.343,118.333,118.334
2022-03-15 10:00:00,118.342,118.357,117.846,117.979,118.342,118.344
2022-03-15 11:00:00,117.979,118.059,117.701,117.792,117.979,117.98
2022-03-15 12:00:00,117.793,118.007,117.792,117.973,117.793,117.793
2022-03-15 13:00:00,117.973,118.046,117.925,118.016,117.973,117.976
2022-03-15 14:00:00,118.016,118.1,117.899,117.899,118.016,118.017
2022-03-15 15:00:00,117.889,117.987,117.791,117.975,117.889,117.889
2022-03-15 16:00:00,117.98,118.045,117.862,117.877,117.98,117.981
2022-03-15 17:00:00,117.877,118.198,117.856,118.12,117.877,117.877
2022-03-15 18:00:00,118.121,118.254,118.115,118.196,118.121,118.122
2022-03-15 19:00:00,118.197,118.342,118.187,118.31,118.197,118.199
2022-03-15 20:00:00,118.31,118.34,118.235,118.339,118.31,118.31
2022-03-15 21:00:00,118.339,118.398,118.29,118.319,118.339,118.34
2022-03-15 22:00:00,118.319,118.325,118.259,118.296,118.319,118.32
2022-03-15 23:00:00,118.296,118.334,118.262,118.288,118.296,118.299
2022-03-16 00:00:00,118.296,118.328,118.274,118.3,118.296,118.296
2022-03-16 01:00:00,118.302,118.352,118.299,118.318,118.302,118.317
2022-03-16 02:00:00,118.317,118.32,118.274,118.312,118.317,118.318
2022-03-16 03:00:00,118.313,118.429,118.305,118.418,118.313,118.314
2022-03-16 04:00:00,118.419,118.424,118.246,118.269,118.419,118.421
2022-03-16 05:00:00,118.271,118.286,118.205,118.228,118.271,118.272
2022-03-16 06:00:00,118.229,118.273,118.196,118.23,118.229,118.23
2022-03-16 07:00:00,118.231,118.242,118.173,118.229,118.231,118.232
2022-03-16 08:00:00,118.228,118.262,118.198,118.198,118.228,118.23
2022-03-16 09:00:00,118.198,118.333,118.195,118.245,118.198,118.199
2022-03-16 10:00:00,118.245,118.38,118.22,118.368,118.245,118.246
2022-03-16 11:00:00,118.368,118.373,118.261,118.318,118.368,118.369
2022-03-16 12:00:00,118.319,118.356,118.293,118.327,118.319,118.319
2022-03-16 13:00:00,118.327,118.355,118.269,118.304,118.327,118.327
2022-03-16 14:00:00,118.304,118.316,118.192,118.242,118.304,118.306
2022-03-16 15:00:00,118.241,118.34,118.229,118.315,118.241,118.243
2022-03-16 16:00:00,118.315,118.32,118.238,118.303,118.315,118.315
2022-03-16 17:00:00,118.304,118.413,118.214,118.411,118.304,118.304
2022-03-16 18:00:00,118.414,118.519,118.343,118.495,118.414,118.414
2022-03-16 19:00:00,118.496,118.588,118.44,118.578,118.496,118.497
2022-03-16 20:00:00,118.577,118.634,118.542,118.576,118.577,118.577
2022-03-16 21:00:00,118.593,119.122,118.564,118.669,118.593,118.603
2022-03-16 22:00:00,118.667,118.772,118.572,118.61,118.667,118.669
2022-03-16 23:00:00,118.611,118.764,118.582,118.757,118.611,118.612
2022-03-17 00:00:00,118.691,118.766,118.653,118.753,118.691,118.764
2022-03-17 01:00:00,118.758,118.997,118.75,118.849,118.758,118.781
2022-03-17 02:00:00,118.85,118.886,118.786,118.87,118.85,118.853
2022-03-17 03:00:00,118.869,119.026,118.833,118.886,118.869,118.871
2022-03-17 04:00:00,118.886,118.915,118.702,118.745,118.886,118.888
2022-03-17 05:00:00,118.747,118.86,118.724,118.745,118.747,118.749
2022-03-17 06:00:00,118.741,118.742,118.596,118.705,118.741,118.742
2022-03-17 07:00:00,118.705,118.786,118.682,118.75,118.705,118.706
2022-03-17 08:00:00,118.75,118.82,118.737,118.817,118.75,118.75
2022-03-17 09:00:00,118.818,118.851,118.724,118.81,118.818,118.819
2022-03-17 10:00:00,118.809,118.853,118.663,118.671,118.809,118.811
2022-03-17 11:00:00,118.672,118.768,118.632,118.68,118.672,118.672
2022-03-17 12:00:00,118.682,118.735,118.599,118.623,118.682,118.682
2022-03-17 13:00:00,118.624,118.645,118.491,118.59,118.624,118.626
2022-03-17 14:00:00,118.59,118.649,118.572,118.627,118.59,118.59
2022-03-17 15:00:00,118.627,118.814,118.593,118.784,118.627,118.633
2022-03-17 16:00:00,118.783,118.842,118.727,118.749,118.783,118.784
2022-03-17 17:00:00,118.75,118.818,118.628,118.7,118.75,118.751
2022-03-17 18:00:00,118.701,118.706,118.4,118.435,118.701,118.701
2022-03-17 19:00:00,118.438,118.51,118.396,118.408,118.438,118.438
2022-03-17 20:00:00,118.408,118.489,118.367,118.478,118.408,118.411
2022-03-17 21:00:00,118.478,118.599,118.476,118.58,118.478,118.48
2022-03-17 22:00:00,118.58,118.664,118.569,118.643,118.58,118.582
2022-03-17 23:00:00,118.643,118.669,118.561,118.593,118.643,118.646
2022-03-18 00:00:00,118.591,118.604,118.566,118.603,118.591,118.6
2022-03-18 01:00:00,118.611,118.613,118.548,118.556,118.611,118.63
2022-03-18 02:00:00,118.557,118.594,118.472,118.486,118.557,118.559
2022-03-18 03:00:00,118.486,118.712,118.47,118.696,118.486,118.49
2022-03-18 04:00:00,118.694,118.742,118.656,118.711,118.694,118.695
2022-03-18 05:00:00,118.711,118.801,118.707,118.74,118.711,118.712
2022-03-18 06:00:00,118.74,118.776,118.7,118.776,118.74,118.742
2022-03-18 07:00:00,118.777,118.777,118.739,118.769,118.777,118.777
2022-03-18 08:00:00,118.77,118.785,118.715,118.752,118.77,118.77
2022-03-18 09:00:00,118.751,118.884,118.751,118.856,118.751,118.753
2022-03-18 10:00:00,118.856,119.006,118.833,118.866,118.856,118.858
2022-03-18 11:00:00,118.866,118.928,118.784,118.866,118.866,118.866
2022-03-18 12:00:00,118.866,118.965,118.855,118.929,118.866,118.868
2022-03-18 13:00:00,118.929,119.123,118.913,119.075,118.929,118.929
2022-03-18 14:00:00,119.075,119.079,119.005,119.04,119.075,119.076
2022-03-18 15:00:00,119.042,119.252,119.028,119.186,119.042,119.042
2022-03-18 16:00:00,119.186,119.4,119.166,119.203,119.186,119.186
2022-03-18 17:00:00,119.203,119.307,119.128,119.214,119.203,119.204
2022-03-18 18:00:00,119.215,119.272,119.123,119.188,119.215,119.215
2022-03-18 19:00:00,119.188,119.188,119.12,119.149,119.188,119.19
2022-03-18 20:00:00,119.149,119.177,119.133,119.162,119.149,119.149
2022-03-18 21:00:00,119.162,119.202,119.128,119.13,119.162,119.162
2022-03-18 22:00:00,119.128,119.152,119.084,119.131,119.128,119.129
2022-03-18 23:00:00,119.131,119.165,119.105,119.15,119.131,119.132
2022-03-21 00:00:00,119.132,119.136,119.046,119.088,119.132,119.232
2022-03-21 01:00:00,119.086,119.307,119.084,119.28,119.086,119.163
2022-03-21 02:00:00,119.279,119.295,119.238,119.265,119.279,119.284
2022-03-21 03:00:00,119.265,119.287,119.147,119.182,119.265,119.268
2022-03-21 04:00:00,119.184,119.224,119.15,119.195,119.184,119.184
2022-03-21 05:00:00,119.195,119.195,119.136,119.164,119.195,119.197
2022-03-21 06:00:00,119.165,119.199,119.159,119.196,119.165,119.166
2022-03-21 07:00:00,119.195,119.247,119.18,119.247,119.195,119.198
2022-03-21 08:00:00,119.247,119.292,119.239,119.276,119.247,119.25
2022-03-21 09:00:00,119.276,119.297,119.245,119.262,119.276,119.276
2022-03-21 10:00:00,119.262,119.29,119.197,119.211,119.262,119.264
2022-03-21 11:00:00,119.21,119.24,119.167,119.208,119.21,119.21
2022-03-21 12:00:00,119.208,119.28,119.205,119.244,119.208,119.208
2022-03-21 13:00:00,119.244,119.244,119.174,119.222,119.244,119.245
2022-03-21 14:00:00,119.222,119.233,119.104,119.173,119.222,119.222
2022-03-21 15:00:00,119.175,119.277,119.158,119.223,119.175,119.175
2022-03-21 16:00:00,119.223,119.234,119.119,119.166,119.223,119.223
2022-03-21 17:00:00,119.166,119.209,119.114,119.139,119.166,119.168
2022-03-21 18:00:00,119.138,119.245,119.115,119.165,119.138,119.139
2022-03-21 19:00:00,119.165,119.293,119.115,119.267,119.165,119.166
2022-03-21 20:00:00,119.267,119.47,119.266,119.372,119.267,119.268
2022-03-21 21:00:00,119.373,119.477,119.358,119.474,119.373,119.373
2022-03-21 22:00:00,119.474,119.488,119.448,119.484,119.474,119.475
2022-03-21 23:00:00,119.484,119.501,119.445,119.473,119.484,119.486
2022-03-22 00:00:00,119.459,119.465,119.444,119.46,119.459,119.479
2022-03-22 01:00:00,119.46,119.481,119.436,119.473,119.46,119.481
2022-03-22 02:00:00,119.473,119.628,119.471,119.594,119.473,119.475
2022-03-22 03:00:00,119.593,120.074,119.582,119.946,119.593,119.594
2022-03-22 04:00:00,119.946,119.986,119.826,119.858,119.946,119.947
2022-03-22 05:00:00,119.86,119.925,119.856,119.878,119.86,119.86
2022-03-22 06:00:00,119.878,119.938,119.867,119.911,119.878,119.88
2022-03-22 07:00:00,119.91,120.466,119.909,120.377,119.91,119.912
2022-03-22 08:00:00,120.377,120.41,120.279,120.327,120.377,120.381
2022-03-22 09:00:00,120.328,120.483,120.311,120.472,120.328,120.329
2022-03-22 10:00:00,120.473,120.493,120.407,120.467,120.473,120.474
2022-03-22 11:00:00,120.472,120.494,120.325,120.46,120.472,120.472
2022-03-22 12:00:00,120.46,120.882,120.434,120.836,120.46,120.461
2022-03-22 13:00:00,120.837,121.033,120.816,120.879,120.837,120.838
2022-03-22 14:00:00,120.878,120.934,120.582,120.78,120.878,120.878
2022-03-22 15:00:00,120.785,120.909,120.381,120.549,120.785,120.786
2022-03-22 16:00:00,120.549,120.681,120.496,120.619,120.549,120.55
2022-03-22 17:00:00,120.62,120.785,120.601,120.764,120.62,120.62
2022-03-22 18:00:00,120.765,120.815,120.63,120.667,120.765,120.766
2022-03-22 19:00:00,120.667,120.694,120.526,120.676,120.667,120.667
2022-03-22 20:00:00,120.677,120.822,120.647,120.82,120.677,120.678
2022-03-22 21:00:00,120.82,120.824,120.7,120.727,120.82,120.82
2022-03-22 22:00:00,120.729,120.784,120.713,120.767,120.729,120.729
2022-03-22 23:00:00,120.767,120.836,120.763,120.78,120.767,120.767
2022-03-23 00:00:00,120.771,120.83,120.737,120.811,120.771,120.843
2022-03-23 01:00:00,120.819,121.287,120.809,121.192,120.819,120.834
2022-03-23 02:00:00,121.192,121.413,121.079,121.341,121.192,121.196
2022-03-23 03:00:00,121.342,121.344,121.105,121.12,121.342,121.343
2022-03-23 04:00:00,121.119,121.19,120.794,121.159,121.119,121.121
2022-03-23 05:00:00,121.163,121.176,120.931,121.031,121.163,121.164
2022-03-23 06:00:00,121.032,121.128,120.98,121.081,121.032,121.034
2022-03-23 07:00:00,121.081,121.158,121.066,121.071,121.081,121.084
2022-03-23 08:00:00,121.072,121.104,120.985,121.031,121.072,121.074
2022-03-23 09:00:00,121.036,121.165,121.036,121.144,121.036,121.037
2022-03-23 10:00:00,121.144,121.144,121.009,121.058,121.144,121.148
2022-03-23 11:00:00,121.058,121.089,120.852,120.9,121.058,121.06
2022-03-23 12:00:00,120.9,121.032,120.891,121.002,120.9,120.9
2022-03-23 13:00:00,121.002,121.053,120.958,120.995,121.002,121.003
2022-03-23 14:00:00,120.995,121.011,120.79,120.795,120.995,120.995
2022-03-23 15:00:00,120.795,120.886,120.594,120.718,120.795,120.796
2022-03-23 16:00:00,120.717,120.791,120.637,120.739,120.717,120.719
2022-03-23 17:00:00,120.74,121.005,120.658,120.974,120.74,120.742
2022-03-23 18:00:00,120.969,121.142,120.918,121.032,120.969,120.969
2022-03-23 19:00:00,121.034,121.072,120.986,121.069,121.034,121.034
2022-03-23 20:00:00,121.069,121.097,121.015,121.066,121.069,121.07
2022-03-23 21:00:00,121.067,121.131,121.027,121.126,121.067,121.068
2022-03-23 22:00:00,121.129,121.159,121.085,121.122,121.129,121.129
2022-03-23 23:00:00,121.126,121.153,121.09,121.139,121.126,121.127
2022-03-24 00:00:00,121.152,121.152,121.11,121.123,121.152,121.162
2022-03-24 01:00:00,121.13,121.132,121.044,121.107,121.13,121.143
2022-03-24 02:00:00,121.103,121.178,121.065,121.122,121.103,121.103
2022-03-24 03:00:00,121.122,121.202,120.963,120.981,121.122,121.125
2022-03-24 04:00:00,120.981,121.303,120.953,121.222,120.981,120.982
2022-03-24 05:00:00,121.222,121.265,121.164,121.213,121.222,121.226
2022-03-24 06:00:00,121.213,121.239,121.17,121.222,121.213,121.214
2022-03-24 07:00:00,121.227,121.258,121.187,121.224,121.227,121.228
2022-03-24 08:00:00,121.224,121.488,121.221,121.44,121.224,121.225
2022-03-24 09:00:00,121.439,121.609,121.364,121.581,121.439,121.443
2022-03-24 10:00:00,121.586,121.749,121.541,121.632,121.586,121.589
2022-03-24 11:00:00,121.633,121.681,121.469,121.626,121.633,121.634
2022-03-24 12:00:00,121.625,121.734,121.602,121.673,121.625,121.628
2022-03-24 13:00:00,121.674,121.719,121.611,121.652,121.674,121.675
2022-03-24 14:00:00,121.652,121.679,121.541,121.58,121.652,121.654
2022-03-24 15:00:00,121.58,121.731,121.566,121.657,121.58,121.58
2022-03-24 16:00:00,121.657,121.992,121.657,121.976,121.657,121.659
2022-03-24 17:00:00,121.974,122.001,121.848,121.927,121.974,121.975
2022-03-24 18:00:00,121.926,122.128,121.833,122.053,121.926,121.929
2022-03-24 19:00:00,122.053,122.409,122.041,122.379,122.053,122.053
2022-03-24 20:00:00,122.379,122.383,122.276,122.299,122.379,122.379
2022-03-24 21:00:00,122.301,122.358,122.234,122.238,122.301,122.301
2022-03-24 22:00:00,122.238,122.326,122.223,122.315,122.238,122.24
2022-03-24 23:00:00,122.317,122.41,122.302,122.364,122.317,122.318
2022-03-25 00:00:00,122.318,122.362,122.299,122.361,122.318,122.371
2022-03-25 01:00:00,122.361,122.422,122.312,122.384,122.361,122.399
2022-03-25 02:00:00,122.385,122.437,122.309,122.352,122.385,122.389
2022-03-25 03:00:00,122.351,122.361,121.965,122.056,122.351,122.353
2022-03-25 04:00:00,122.057,122.094,121.713,121.933,122.057,122.06
2022-03-25 05:00:00,121.933,121.942,121.74,121.805,121.933,121.937
2022-03-25 06:00:00,121.807,121.826,121.506,121.601,121.807,121.808
2022-03-25 07:00:00,121.601,121.626,121.178,121.469,121.601,121.602
2022-03-25 08:00:00,121.469,121.724,121.426,121.706,121.469,121.472
2022-03-25 09:00:00,121.705,121.954,121.697,121.789,121.705,121.709
2022-03-25 10:00:00,121.79,121.869,121.655,121.741,121.79,121.791
2022-03-25 11:00:00,121.74,121.808,121.419,121.51,121.74,121.74
2022-03-25 12:00:00,121.511,121.67,121.454,121.631,121.511,121.512
2022-03-25 13:00:00,121.631,121.734,121.544,121.727,121.631,121.632
2022-03-25 14:00:00,121.727,121.781,121.603,121.665,121.727,121.729
2022-03-25 15:00:00,121.665,121.796,121.632,121.752,121.665,121.667
2022-03-25 16:00:00,121.752,122.24,121.732,122.149,121.752,121.754
2022-03-25 17:00:00,122.149,122.193,121.872,122.019,122.149,122.154
2022-03-25 18:00:00,122.018,122.059,121.774,121.998,122.018,122.021
2022-03-25 19:00:00,121.998,122.077,121.959,122.029,121.998,121.998
2022-03-25 20:00:00,122.03,122.125,121.955,122.102,122.03,122.031
2022-03-25 21:00:00,122.104,122.156,122.011,122.131,122.104,122.104
2022-03-25 22:00:00,122.133,122.191,122.087,122.151,122.133,122.133
2022-03-25 23:00:00,122.151,122.21,122.073,122.096,122.151,122.152
2022-03-28 00:00:00,121.999,122.04,121.998,122.008,121.999,122.081
2022-03-28 01:00:00,122.023,122.295,122.023,122.278,122.023,122.053
2022-03-28 02:00:00,122.278,122.363,122.225,122.271,122.278,122.279
2022-03-28 03:00:00,122.269,122.316,122.146,122.23,122.269,122.271
2022-03-28 04:00:00,122.229,122.978,122.172,122.969,122.229,122.233
2022-03-28 05:00:00,122.97,123.108,122.76,122.902,122.97,122.973
2022-03-28 06:00:00,122.902,123.165,122.854,123.078,122.902,122.904
2022-03-28 07:00:00,123.077,123.111,122.965,123.05,123.077,123.081
2022-03-28 08:00:00,123.05,123.26,123.045,123.234,123.05,123.051
2022-03-28 09:00:00,123.232,123.346,123.026,123.335,123.232,123.234
2022-03-28 10:00:00,123.337,124.016,123.276,123.923,123.337,123.338
2022-03-28 11:00:00,123.923,125.097,123.866,124.685,123.923,123.926
2022-03-28 12:00:00,124.686,124.707,124.051,124.289,124.686,124.689
2022-03-28 13:00:00,124.295,124.393,123.67,124.269,124.295,124.296
2022-03-28 14:00:00,124.263,124.265,123.911,124.051,124.263,124.264
2022-03-28 15:00:00,124.052,124.125,123.377,123.652,124.052,124.056
2022-03-28 16:00:00,123.654,123.874,123.509,123.818,123.654,123.658
2022-03-28 17:00:00,123.818,123.858,123.4,123.545,123.818,123.82
2022-03-28 18:00:00,123.545,123.561,123.248,123.276,123.545,123.546
2022-03-28 19:00:00,123.276,123.412,123.149,123.401,123.276,123.277
2022-03-28 20:00:00,123.401,123.485,123.256,123.485,123.401,123.402
2022-03-28 21:00:00,123.485,123.7,123.449,123.561,123.485,123.485
2022-03-28 22:00:00,123.561,123.897,123.561,123.833,123.561,123.563
2022-03-28 23:00:00,123.833,123.935,123.832,123.907,123.833,123.835
2022-03-29 01:00:00,123.879,124.19,123.738,124.147,123.879,123.902
2022-03-29 02:00:00,124.147,124.147,123.541,123.603,124.147,124.15
2022-03-29 03:00:00,123.603,124.304,123.311,124.145,123.603,123.605
2022-03-29 04:00:00,124.144,124.182,123.518,123.689,124.144,124.144
2022-03-29 05:00:00,123.689,123.777,123.249,123.356,123.689,123.692
2022-03-29 06:00:00,123.356,123.49,123.103,123.181,123.356,123.361
2022-03-29 07:00:00,123.177,123.417,123.153,123.367,123.177,123.182
2022-03-29 08:00:00,123.366,123.676,123.297,123.597,123.366,123.37
2022-03-29 09:00:00,123.598,123.618,123.304,123.514,123.598,123.6
2022-03-29 10:00:00,123.507,123.776,123.431,123.573,123.507,123.51
2022-03-29 11:00:00,123.572,123.783,123.401,123.726,123.572,123.574
2022-03-29 12:00:00,123.724,123.808,123.588,123.751,123.724,123.725
2022-03-29 13:00:00,123.749,123.749,123.44,123.507,123.749,123.749
2022-03-29 14:00:00,123.508,123.752,123.506,123.582,123.508,123.512
2022-03-29 15:00:00,123.581,123.583,122.497,122.856,123.581,123.583
2022-03-29 16:00:00,122.855,123.025,122.189,122.284,122.855,122.856
2022-03-29 17:00:00,122.275,122.799,121.98,122.716,122.275,122.284
2022-03-29 18:00:00,122.717,122.834,122.54,122.593,122.717,122.718
2022-03-29 19:00:00,122.594,122.729,122.552,122.659,122.594,122.595
2022-03-29 20:00:00,122.66,122.853,122.653,122.827,122.66,122.663
2022-03-29 21:00:00,122.827,122.939,122.78,122.93,122.827,122.828
2022-03-29 22:00:00,122.93,122.953,122.862,122.877,122.93,122.932
2022-03-29 23:00:00,122.876,122.907,122.853,122.889,122.876,122.876
2022-03-30 00:00:00,122.875,122.888,122.823,122.876,122.875,122.903
2022-03-30 01:00:00,122.879,122.994,122.845,122.983,122.879,122.896
2022-03-30 02:00:00,122.98,123.206,122.839,123.126,122.98,122.985
2022-03-30 03:00:00,123.126,123.127,122.417,122.491,123.126,123.127
2022-03-30 04:00:00,122.491,122.536,121.976,122.34,122.491,122.493
2022-03-30 05:00:00,122.341,122.349,121.785,121.907,122.341,122.342
2022-03-30 06:00:00,121.909,121.964,121.312,121.661,121.909,121.912
2022-03-30 07:00:00,121.661,121.912,121.536,121.897,121.661,121.666
2022-03-30 08:00:00,121.898,122.02,121.782,122.002,121.898,121.899
2022-03-30 09:00:00,122.001,122.08,121.618,121.937,122.001,122.002
2022-03-30 10:00:00,121.937,122.007,121.611,121.882,121.937,121.941
2022-03-30 11:00:00,121.882,121.888,121.524,121.61,121.882,121.885
2022-03-30 12:00:00,121.611,121.967,121.569,121.88,121.611,121.615
2022-03-30 13:00:00,121.88,122.041,121.743,121.926,121.88,121.881
2022-03-30 14:00:00,121.926,121.951,121.628,121.731,121.926,121.929
2022-03-30 15:00:00,121.731,121.896,121.659,121.849,121.731,121.731
2022-03-30 16:00:00,121.85,122.242,121.642,121.904,121.85,121.852
2022-03-30 17:00:00,121.906,122.026,121.732,122.015,121.906,121.907
2022-03-30 18:00:00,122.015,122.051,121.836,121.953,122.015,122.015
2022-03-30 19:00:00,121.954,121.98,121.875,121.896,121.954,121.955
2022-03-30 20:00:00,121.896,121.926,121.867,121.923,121.896,121.897
2022-03-30 21:00:00,121.923,121.925,121.739,121.741,121.923,121.923
2022-03-30 22:00:00,121.74,121.863,121.74,121.822,121.74,121.743
2022-03-30 23:00:00,121.823,121.848,121.786,121.828,121.823,121.825
2022-03-31 00:00:00,121.861,121.878,121.827,121.87,121.861,121.957
2022-03-31 01:00:00,121.871,121.99,121.844,121.908,121.871,121.886
2022-03-31 02:00:00,121.91,122.164,121.905,122.021,121.91,121.915
2022-03-31 03:00:00,122.022,122.45,121.902,122.288,122.022,122.026
2022-03-31 04:00:00,122.289,122.454,122.091,122.139,122.289,122.294
2022-03-31 05:00:00,122.139,122.188,121.967,122.174,122.139,122.142
2022-03-31 06:00:00,122.175,122.39,122.151,122.331,122.175,122.178
2022-03-31 07:00:00,122.332,122.356,122.189,122.225,122.332,122.337
2022-03-31 08:00:00,122.226,122.277,122.055,122.06,122.226,122.228
2022-03-31 09:00:00,122.054,122.054,121.534,121.57,122.054,122.054
2022-03-31 10:00:00,121.569,121.692,121.341,121.641,121.569,121.572
2022-03-31 11:00:00,121.639,122.226,121.638,122.179,121.639,121.642
2022-03-31 12:00:00,122.178,122.179,121.92,121.945,122.178,122.18
2022-03-31 13:00:00,121.945,121.974,121.668,121.673,121.945,121.947
2022-03-31 14:00:00,121.674,121.804,121.593,121.628,121.674,121.675
2022-03-31 15:00:00,121.628,121.852,121.545,121.619,121.628,121.629
2022-03-31 16:00:00,121.619,121.761,121.504,121.508,121.619,121.621
2022-03-31 17:00:00,121.507,121.824,121.299,121.379,121.507,121.509
2022-03-31 18:00:00,121.379,121.514,121.281,121.426,121.379,121.379
2022-03-31 19:00:00,121.425,121.675,121.422,121.557,121.425,121.425
2022-03-31 20:00:00,121.557,121.635,121.529,121.562,121.557,121.559
2022-03-31 21:00:00,121.561,121.611,121.525,121.606,121.561,121.562
2022-03-31 22:00:00,121.606,121.769,121.567,121.722,121.606,121.607
2022-03-31 23:00:00,121.721,121.777,121.677,121.699,121.721,121.721
2022-04-01 01:00:00,121.669,121.816,121.669,121.753,121.669,121.698
2022-04-01 02:00:00,121.753,121.91,121.741,121.745,121.753,121.754
2022-04-01 03:00:00,121.745,122.196,121.744,122.116,121.745,121.747
2022-04-01 04:00:00,122.116,122.377,122.074,122.335,122.116,122.12
2022-04-01 05:00:00,122.335,122.69,122.271,122.655,122.335,122.335
2022-04-01 06:00:00,122.656,122.734,122.581,122.628,122.656,122.661
2022-04-01 07:00:00,122.63,122.633,122.447,122.602,122.63,122.63
2022-04-01 08:00:00,122.602,122.653,122.335,122.393,122.602,122.604
2022-04-01 09:00:00,122.393,122.494,122.242,122.468,122.393,122.396
2022-04-01 10:00:00,122.468,122.649,122.427,122.63,122.468,122.469
2022-04-01 11:00:00,122.629,122.763,122.478,122.57,122.629,122.632
2022-04-01 12:00:00,122.57,122.57,122.36,122.455,122.57,122.573
2022-04-01 13:00:00,122.455,122.5,122.334,122.432,122.455,122.459
2022-04-01 14:00:00,122.431,122.497,122.385,122.453,122.431,122.433
2022-04-01 15:00:00,122.455,122.82,122.443,122.798,122.455,122.455
2022-04-01 16:00:00,122.798,123.0,122.618,122.944,122.798,122.8
2022-04-01 17:00:00,122.944,123.036,122.798,122.837,122.944,122.955
2022-04-01 18:00:00,122.837,122.941,122.551,122.599,122.837,122.838
2022-04-01 19:00:00,122.6,122.631,122.515,122.571,122.6,122.601
2022-04-01 20:00:00,122.571,122.595,122.478,122.574,122.571,122.571
2022-04-01 21:00:00,122.574,122.654,122.563,122.619,122.574,122.575
2022-04-01 22:00:00,122.619,122.619,122.461,122.539,122.619,122.621
2022-04-01 23:00:00,122.539,122.58,122.459,122.554,122.539,122.539
2022-04-04 00:00:00,122.598,122.647,122.478,122.539,122.598,122.659
2022-04-04 01:00:00,122.539,122.738,122.537,122.659,122.539,122.574
2022-04-04 02:00:00,122.667,122.691,122.581,122.635,122.667,122.668
2022-04-04 03:00:00,122.637,122.638,122.262,122.406,122.637,122.639
2022-04-04 04:00:00,122.403,122.579,122.381,122.574,122.403,122.405
2022-04-04 05:00:00,122.573,122.704,122.565,122.654,122.573,122.573
2022-04-04 06:00:00,122.654,122.776,122.611,122.731,122.654,122.657
2022-04-04 07:00:00,122.736,122.76,122.565,122.594,122.736,122.736
2022-04-04 08:00:00,122.594,122.688,122.553,122.664,122.594,122.595
2022-04-04 09:00:00,122.664,122.799,122.627,122.646,122.664,122.665
2022-04-04 10:00:00,122.645,122.695,122.5,122.65,122.645,122.647
2022-04-04 11:00:00,122.651,122.651,122.509,122.626,122.651,122.653
2022-04-04 12:00:00,122.626,122.642,122.56,122.57,122.626,122.626
2022-04-04 13:00:00,122.569,122.834,122.568,122.808,122.569,122.57
2022-04-04 14:00:00,122.811,122.814,122.707,122.783,122.811,122.811
2022-04-04 15:00:00,122.781,122.788,122.602,122.635,122.781,122.784
2022-04-04 16:00:00,122.635,122.78,122.624,122.754,122.635,122.637
2022-04-04 17:00:00,122.757,122.959,122.701,122.738,122.757,122.757
2022-04-04 18:00:00,122.736,122.779,122.669,122.722,122.736,122.736
2022-04-04 19:00:00,122.722,122.824,122.701,122.746,122.722,122.724
2022-04-04 20:00:00,122.745,122.794,122.679,122.788,122.745,122.747
2022-04-04 21:00:00,122.788,122.814,122.741,122.809,122.788,122.79
2022-04-04 22:00:00,122.809,122.833,122.752,122.765,122.809,122.81
2022-04-04 23:00:00,122.764,122.791,122.735,122.768,122.764,122.767
2022-04-05 00:00:00,122.775,122.805,122.764,122.78,122.775,122.826
2022-04-05 01:00:00,122.78,122.792,122.72,122.739,122.78,122.799
2022-04-05 02:00:00,122.74,122.814,122.74,122.798,122.74,122.743
2022-04-05 03:00:00,122.799,122.861,122.377,122.564,122.799,122.799
2022-04-05 04:00:00,122.563,122.635,122.469,122.555,122.563,122.565
2022-04-05 05:00:00,122.555,122.587,122.489,122.583,122.555,122.555
2022-04-05 06:00:00,122.583,122.594,122.482,122.52,122.583,122.585
2022-04-05 07:00:00,122.519,122.618,122.489,122.547,122.519,122.521
2022-04-05 08:00:00,122.547,122.581,122.429,122.503,122.547,122.55
2022-04-05 09:00:00,122.504,122.598,122.492,122.584,122.504,122.506
2022-04-05 10:00:00,122.582,122.997,122.572,122.906,122.582,122.584
2022-04-05 11:00:00,122.904,122.952,122.786,122.824,122.904,122.904
2022-04-05 12:00:00,122.826,122.844,122.694,122.822,122.826,122.826
2022-04-05 13:00:00,122.822,122.986,122.82,122.892,122.822,122.825
2022-04-05 14:00:00,122.893,122.975,122.814,122.926,122.893,122.894
2022-04-05 15:00:00,122.926,123.001,122.79,122.834,122.926,122.928
2022-04-05 16:00:00,122.833,122.887,122.751,122.84,122.833,122.833
2022-04-05 17:00:00,122.84,123.445,122.801,123.305,122.84,122.845
2022-04-05 18:00:00,123.305,123.493,123.261,123.49,123.305,123.305
2022-04-05 19:00:00,123.49,123.597,123.481,123.587,123.49,123.493
2022-04-05 20:00:00,123.588,123.671,123.551,123.646,123.588,123.588
2022-04-05 21:00:00,123.646,123.654,123.563,123.604,123.646,123.647
2022-04-05 22:00:00,123.6,123.649,123.565,123.609,123.6,123.601
2022-04-05 23:00:00,123.609,123.644,123.585,123.598,123.609,123.612
2022-04-06 00:00:00,123.6,123.604,123.544,123.585,123.6,123.612
2022-04-06 01:00:00,123.582,123.685,123.57,123.607,123.582,123.62
2022-04-06 02:00:00,123.608,123.716,123.538,123.659,123.608,123.609
2022-04-06 03:00:00,123.657,123.891,123.577,123.832,123.657,123.659
2022-04-06 04:00:00,123.834,123.996,123.817,123.936,123.834,123.834
2022-04-06 05:00:00,123.937,124.051,123.641,123.889,123.937,123.94
2022-04-06 06:00:00,123.889,123.91,123.724,123.753,123.889,123.893
2022-04-06 07:00:00,123.753,123.925,123.741,123.883,123.753,123.756
2022-04-06 08:00:00,123.883,123.963,123.833,123.954,123.883,123.885
2022-04-06 09:00:00,123.954,124.003,123.88,123.933,123.954,123.954
2022-04-06 10:00:00,123.928,124.026,123.833,123.884,123.928,123.931
2022-04-06 11:00:00,123.884,123.968,123.731,123.788,123.884,123.885
2022-04-06 12:00:00,123.788,123.867,123.614,123.84,123.788,123.791
2022-04-06 13:00:00,123.84,123.998,123.829,123.96,123.84,123.841
2022-04-06 14:00:00,123.96,123.982,123.859,123.869,123.96,123.961
2022-04-06 15:00:00,123.869,123.882,123.715,123.816,123.869,123.87
2022-04-06 16:00:00,123.816,123.945,123.8,123.862,123.816,123.818
2022-04-06 17:00:00,123.861,123.918,123.711,123.763,123.861,123.862
2022-04-06 18:00:00,123.767,123.826,123.684,123.722,123.767,123.769
2022-04-06 19:00:00,123.721,123.8,123.706,123.746,123.721,123.723
2022-04-06 20:00:00,123.747,123.83,123.735,123.794,123.747,123.748
2022-04-06 21:00:00,123.794,123.93,123.451,123.772,123.794,123.795
2022-04-06 22:00:00,123.771,123.826,123.752,123.788,123.771,123.773
2022-04-06 23:00:00,123.79,123.806,123.744,123.791,123.79,123.79
2022-04-07 01:00:00,123.777,123.933,123.771,123.862,123.777,123.797
2022-04-07 02:00:00,123.865,123.889,123.693,123.725,123.865,123.871
2022-04-07 03:00:00,123.724,123.731,123.468,123.601,123.724,123.727
2022-04-07 04:00:00,123.6,123.734,123.584,123.623,123.6,123.602
2022-04-07 05:00:00,123.623,123.744,123.623,123.676,123.623,123.627
2022-04-07 06:00:00,123.676,123.748,123.667,123.706,123.676,123.679
2022-04-07 07:00:00,123.706,123.71,123.613,123.684,123.706,123.708
2022-04-07 08:00:00,123.684,123.736,123.635,123.653,123.684,123.686
2022-04-07 09:00:00,123.653,123.845,123.592,123.843,123.653,123.656
2022-04-07 10:00:00,123.843,123.843,123.739,123.765,123.843,123.844
2022-04-07 11:00:00,123.764,123.781,123.611,123.739,123.764,123.767
2022-04-07 12:00:00,123.74,123.773,123.665,123.72,123.74,123.742
2022-04-07 13:00:00,123.719,123.863,123.69,123.815,123.719,123.721
2022-04-07 14:00:00,123.816,123.955,123.81,123.942,123.816,123.817
2022-04-07 15:00:00,123.939,123.998,123.918,123.984,123.939,123.941
2022-04-07 16:00:00,123.985,124.001,123.824,123.943,123.985,123.987
2022-04-07 17:00:00,123.943,123.998,123.878,123.917,123.943,123.943
2022-04-07 18:00:00,123.917,123.961,123.754,123.804,123.917,123.92
2022-04-07 19:00:00,123.804,123.945,123.8,123.918,123.804,123.804
2022-04-07 20:00:00,123.918,123.968,123.867,123.962,123.918,123.918
2022-04-07 21:00:00,123.962,124.002,123.941,123.96,123.962,123.964
2022-04-07 22:00:00,123.959,124.001,123.946,123.95,123.959,123.962
2022-04-07 23:00:00,123.949,123.996,123.93,123.97,123.949,123.95
2022-04-08 00:00:00,123.902,123.974,123.902,123.953,123.902,124.003
2022-04-08 01:00:00,123.953,124.228,123.949,124.127,123.953,123.977
2022-04-08 02:00:00,124.129,124.179,124.08,124.097,124.129,124.129
2022-04-08 03:00:00,124.097,124.154,123.722,123.8,124.097,124.101
2022-04-08 04:00:00,123.799,123.834,123.67,123.815,123.799,123.801
2022-04-08 05:00:00,123.815,123.944,123.793,123.925,123.815,123.818
2022-04-08 06:00:00,123.925,123.987,123.897,123.947,123.925,123.927
2022-04-08 07:00:00,123.947,123.992,123.908,123.978,123.947,123.95
2022-04-08 08:00:00,123.978,124.035,123.925,123.955,123.978,123.98
2022-04-08 09:00:00,123.955,124.098,123.954,124.069,123.955,123.957
2022-04-08 10:00:00,124.07,124.148,124.009,124.044,124.07,124.072
2022-04-08 11:00:00,124.045,124.12,124.033,124.102,124.045,124.048
2022-04-08 12:00:00,124.102,124.121,124.04,124.087,124.102,124.104
2022-04-08 13:00:00,124.087,124.11,124.054,124.096,124.087,124.088
2022-04-08 14:00:00,124.097,124.195,124.095,124.175,124.097,124.098
2022-04-08 15:00:00,124.174,124.405,124.158,124.397,124.174,124.174
2022-04-08 16:00:00,124.397,124.677,124.365,124.581,124.397,124.399
2022-04-08 17:00:00,124.584,124.62,124.352,124.4,124.584,124.584
2022-04-08 18:00:00,124.402,124.411,124.269,124.309,124.402,124.403
2022-04-08 19:00:00,124.309,124.394,124.276,124.39,124.309,124.311
2022-04-08 20:00:00,124.39,124.431,124.355,124.417,124.39,124.39
2022-04-08 21:00:00,124.417,124.418,124.345,124.369,124.417,124.418
2022-04-08 22:00:00,124.369,124.4,124.329,124.35,124.369,124.37
2022-04-08 23:00:00,124.348,124.356,124.275,124.278,124.348,124.351
2022-04-11 00:00:00,124.024,124.243,123.969,124.214,124.024,124.107
2022-04-11 01:00:00,124.215,124.374,124.191,124.348,124.215,124.249
2022-04-11 02:00:00,124.345,124.431,124.343,124.401,124.345,124.351
2022-04-11 03:00:00,124.401,124.641,124.285,124.595,124.401,124.401
2022-04-11 04:00:00,124.595,124.957,124.52,124.752,124.595,124.595
2022-04-11 05:00:00,124.752,124.996,124.745,124.881,124.752,124.754
2022-04-11 06:00:00,124.879,124.942,124.814,124.868,124.879,124.883
2022-04-11 07:00:00,124.87,124.943,124.835,124.922,124.87,124.871
2022-04-11 08:00:00,124.922,125.055,124.894,125.001,124.922,124.924
2022-04-11 09:00:00,125.003,125.439,124.975,125.427,125.003,125.003
2022-04-11 10:00:00,125.427,125.43,125.126,125.246,125.427,125.43
2022-04-11 11:00:00,125.247,125.366,125.161,125.33,125.247,125.251
2022-04-11 12:00:00,125.328,125.441,125.297,125.339,125.328,125.331
2022-04-11 13:00:00,125.339,125.54,125.245,125.475,125.339,125.342
2022-04-11 14:00:00,125.474,125.706,125.447,125.704,125.474,125.476
2022-04-11 15:00:00,125.703,125.771,125.511,125.557,125.703,125.703
2022-04-11 16:00:00,125.562,125.601,125.407,125.549,125.562,125.562
2022-04-11 17:00:00,125.549,125.612,125.47,125.527,125.549,125.549
2022-04-11 18:00:00,125.527,125.569,125.41,125.551,125.527,125.529
2022-04-11 19:00:00,125.552,125.585,125.48,125.515,125.552,125.553
2022-04-11 20:00:00,125.514,125.609,125.496,125.572,125.514,125.514
2022-04-11 21:00:00,125.572,125.572,125.452,125.452,125.572,125.574
2022-04-11 22:00:00,125.454,125.474,125.398,125.407,125.454,125.456
2022-04-11 23:00:00,125.404,125.418,125.349,125.395,125.404,125.405
2022-04-12 00:00:00,125.347,125.399,125.318,125.378,125.347,125.388
2022-04-12 01:00:00,125.363,125.489,125.359,125.477,125.363,125.45
2022-04-12 02:00:00,125.477,125.556,125.445,125.485,125.477,125.477
2022-04-12 03:00:00,125.482,125.562,125.109,125.472,125.482,125.482
2022-04-12 04:00:00,125.471,125.561,125.344,125.398,125.471,125.473
2022-04-12 05:00:00,125.399,125.486,125.348,125.438,125.399,125.401
2022-04-12 06:00:00,125.443,125.463,125.406,125.424,125.443,125.443
2022-04-12 07:00:00,125.424,125.424,125.199,125.353,125.424,125.424
2022-04-12 08:00:00,125.352,125.541,125.34,125.502,125.352,125.357
2022-04-12 09:00:00,125.502,125.758,125.444,125.701,125.502,125.505
2022-04-12 10:00:00,125.701,125.718,125.461,125.518,125.701,125.703
2022-04-12 11:00:00,125.519,125.723,125.505,125.632,125.519,125.519
2022-04-12 12:00:00,125.633,125.715,125.566,125.622,125.633,125.634
2022-04-12 13:00:00,125.621,125.629,125.541,125.593,125.621,125.621
2022-04-12 14:00:00,125.593,125.595,125.478,125.479,125.593,125.594
2022-04-12 15:00:00,125.479,125.6,124.767,124.933,125.479,125.479
2022-04-12 16:00:00,124.938,125.34,124.905,125.277,124.938,124.938
2022-04-12 17:00:00,125.275,125.281,125.115,125.173,125.275,125.276
2022-04-12 18:00:00,125.178,125.258,125.12,125.243,125.178,125.178
2022-04-12 19:00:00,125.243,125.295,125.052,125.238,125.243,125.244
2022-04-12 20:00:00,125.238,125.326,125.156,125.236,125.238,125.238
2022-04-12 21:00:00,125.237,125.318,125.215,125.283,125.237,125.239
2022-04-12 22:00:00,125.284,125.346,125.259,125.334,125.284,125.284
2022-04-12 23:00:00,125.338,125.406,125.309,125.398,125.338,125.338
2022-04-13 00:00:00,125.324,125.399,125.304,125.377,125.324,125.377
2022-04-13 01:00:00,125.376,125.407,125.348,125.394,125.376,125.397
2022-04-13 02:00:00,125.394,125.497,125.383,125.433,125.394,125.398
2022-04-13 03:00:00,125.431,125.639,125.35,125.592,125.431,125.432
2022-04-13 04:00:00,125.595,125.638,125.524,125.594,125.595,125.597
2022-04-13 05:00:00,125.596,125.65,125.552,125.583,125.596,125.596
2022-04-13 06:00:00,125.583,125.585,125.466,125.512,125.583,125.583
2022-04-13 07:00:00,125.512,125.615,125.491,125.604,125.512,125.513
2022-04-13 08:00:00,125.606,125.727,125.561,125.597,125.606,125.608
2022-04-13 09:00:00,125.598,126.224,125.569,126.135,125.598,125.599
2022-04-13 10:00:00,126.134,126.319,126.007,126.038,126.134,126.137
2022-04-13 11:00:00,126.038,126.159,125.949,126.044,126.038,126.042
2022-04-13 12:00:00,126.044,126.212,126.041,126.056,126.044,126.047
2022-04-13 13:00:00,126.056,126.116,126.008,126.044,126.056,126.057
2022-04-13 14:00:00,126.044,126.07,125.619,125.831,126.044,126.045
2022-04-13 15:00:00,125.834,125.999,125.778,125.902,125.834,125.836
2022-04-13 16:00:00,125.903,125.963,125.685,125.835,125.903,125.905
2022-04-13 17:00:00,125.837,125.914,125.705,125.725,125.837,125.84
2022-04-13 18:00:00,125.725,125.764,125.489,125.537,125.725,125.726
2022-04-13 19:00:00,125.537,125.606,125.375,125.596,125.537,125.538
2022-04-13 20:00:00,125.595,125.631,125.491,125.6,125.595,125.595
2022-04-13 21:00:00,125.6,125.629,125.531,125.616,125.6,125.6
2022-04-13 22:00:00,125.615,125.711,125.602,125.68,125.615,125.617
2022-04-13 23:00:00,125.68,125.686,125.64,125.655,125.68,125.682
2022-04-14 00:00:00,125.574,125.699,125.533,125.671,125.574,125.674
2022-04-14 01:00:00,125.671,125.688,125.577,125.597,125.671,125.707
2022-04-14 02:00:00,125.595,125.611,125.357,125.365,125.595,125.597
2022-04-14 03:00:00,125.366,125.594,125.21,125.509,125.366,125.37
2022-04-14 04:00:00,125.509,125.544,125.229,125.279,125.509,125.512
2022-04-14 05:00:00,125.278,125.397,125.255,125.341,125.278,125.28
2022-04-14 06:00:00,125.341,125.35,125.103,125.223,125.341,125.342
2022-04-14 07:00:00,125.223,125.358,125.22,125.273,125.223,125.224
2022-04-14 08:00:00,125.274,125.437,125.182,125.419,125.274,125.274
2022-04-14 09:00:00,125.42,125.467,125.275,125.281,125.42,125.42
2022-04-14 10:00:00,125.282,125.346,125.085,125.334,125.282,125.283
2022-04-14 11:00:00,125.337,125.426,125.325,125.388,125.337,125.341
2022-04-14 12:00:00,125.39,125.447,125.325,125.377,125.39,125.39
2022-04-14 13:00:00,125.377,125.43,125.251,125.255,125.377,125.377
2022-04-14 14:00:00,125.254,125.358,125.199,125.35,125.254,125.257
2022-04-14 15:00:00,125.35,125.593,125.276,125.533,125.35,125.35
2022-04-14 16:00:00,125.534,126.015,125.473,125.947,125.534,125.537
2022-04-14 17:00:00,125.948,125.98,125.722,125.892,125.948,125.95
2022-04-14 18:00:00,125.892,125.991,125.816,125.926,125.892,125.892
2022-04-14 19:00:00,125.926,125.967,125.829,125.933,125.926,125.928
2022-04-14 20:00:00,125.934,125.99,125.883,125.966,125.934,125.934
2022-04-14 21:00:00,125.967,125.991,125.93,125.99,125.967,125.968
2022-04-14 22:00:00,125.988,125.988,125.933,125.945,125.988,125.988
2022-04-14 23:00:00,125.945,125.958,125.872,125.886,125.945,125.948
2022-04-15 00:00:00,125.871,125.912,125.849,125.911,125.871,125.877
2022-04-15 01:00:00,125.911,125.965,125.906,125.957,125.911,125.953
2022-04-15 02:00:00,125.957,126.21,125.953,126.172,125.957,125.969
2022-04-15 03:00:00,126.175,126.355,126.053,126.308,126.175,126.179
2022-04-15 04:00:00,126.308,126.552,126.238,126.427,126.308,126.32
2022-04-15 05:00:00,126.428,126.47,126.292,126.444,126.428,126.434
2022-04-15 06:00:00,126.444,126.445,126.362,126.367,126.444,126.445
2022-04-15 07:00:00,126.368,126.431,126.362,126.378,126.368,126.381
2022-04-15 08:00:00,126.378,126.466,126.333,126.424,126.378,126.388
2022-04-15 09:00:00,126.424,126.679,126.417,126.574,126.424,126.431
2022-04-15 10:00:00,126.573,126.605,126.414,126.466,126.573,126.585
2022-04-15 11:00:00,126.466,126.494,126.415,126.486,126.466,126.468
2022-04-15 12:00:00,126.487,126.494,126.452,126.479,126.487,126.494
2022-04-15 13:00:00,126.479,126.482,126.416,126.435,126.479,126.485
2022-04-15 14:00:00,126.435,126.508,126.427,126.467,126.435,126.444
2022-04-15 15:00:00,126.467,126.536,126.451,126.476,126.467,126.483
2022-04-15 16:00:00,126.476,126.529,126.448,126.501,126.476,126.483
2022-04-15 17:00:00,126.501,126.513,126.455,126.474,126.501,126.501
2022-04-15 18:00:00,126.473,126.48,126.307,126.322,126.473,126.479
2022-04-15 19:00:00,126.322,126.392,126.322,126.388,126.322,126.34
2022-04-15 20:00:00,126.388,126.402,126.35,126.389,126.388,126.416
2022-04-15 21:00:00,126.389,126.411,126.36,126.366,126.389,126.413
2022-04-15 22:00:00,126.366,126.395,126.328,126.376,126.366,126.374
2022-04-15 23:00:00,126.377,126.478,126.353,126.406,126.377,126.384
2022-04-18 00:00:00,126.411,126.432,126.333,126.389,126.411,126.511
2022-04-18 01:00:00,126.391,126.728,126.336,126.531,126.391,126.482
2022-04-18 02:00:00,126.532,126.692,126.503,126.617,126.532,126.539
2022-04-18 03:00:00,126.615,126.789,126.557,126.565,126.615,126.616
2022-04-18 04:00:00,126.565,126.642,126.241,126.463,126.565,126.567
2022-04-18 05:00:00,126.462,126.618,126.444,126.593,126.462,126.469
2022-04-18 06:00:00,126.591,126.695,126.563,126.668,126.591,126.593
2022-04-18 07:00:00,126.668,126.684,126.603,126.643,126.668,126.671
2022-04-18 08:00:00,126.644,126.671,126.582,126.645,126.644,126.646
2022-04-18 09:00:00,126.649,126.672,126.593,126.622,126.649,126.65
2022-04-18 10:00:00,126.622,126.655,126.449,126.637,126.622,126.624
2022-04-18 11:00:00,126.638,126.692,126.575,126.631,126.638,126.641
2022-04-18 12:00:00,126.632,126.641,126.575,126.62,126.632,126.633
2022-04-18 13:00:00,126.621,126.631,126.599,126.612,126.621,126.623
2022-04-18 14:00:00,126.612,126.621,126.534,126.549,126.612,126.615
2022-04-18 15:00:00,126.548,126.666,126.436,126.529,126.548,126.55
2022-04-18 16:00:00,126.522,126.596,126.466,126.589,126.522,126.524
2022-04-18 17:00:00,126.586,126.673,126.542,126.652,126.586,126.588
2022-04-18 18:00:00,126.653,126.81,126.642,126.776,126.653,126.654
2022-04-18 19:00:00,126.776,126.968,126.759,126.966,126.776,126.778
2022-04-18 20:00:00,126.966,126.967,126.861,126.941,126.966,126.966
2022-04-18 21:00:00,126.945,126.981,126.889,126.98,126.945,126.948
2022-04-18 22:00:00,126.977,126.978,126.92,126.941,126.977,126.979
2022-04-18 23:00:00,126.941,126.999,126.936,126.995,126.941,126.944
2022-04-19 00:00:00,126.979,127.102,126.966,127.083,126.979,127.002
2022-04-19 01:00:00,127.085,127.125,127.012,127.089,127.085,127.118
2022-04-19 02:00:00,127.088,127.222,127.068,127.143,127.088,127.09
2022-04-19 03:00:00,127.145,127.357,126.987,127.312,127.145,127.145
2022-04-19 04:00:00,127.311,127.548,127.257,127.507,127.311,127.315
2022-04-19 05:00:00,127.511,127.807,127.459,127.733,127.511,127.511
2022-04-19 06:00:00,127.733,127.973,127.612,127.92,127.733,127.733
2022-04-19 07:00:00,127.92,128.234,127.839,128.145,127.92,127.922
2022-04-19 08:00:00,128.144,128.215,128.065,128.167,128.144,128.148
2022-04-19 09:00:00,128.166,128.325,128.12,128.221,128.166,128.17
2022-04-19 10:00:00,128.22,128.227,127.78,128.064,128.22,128.22
2022-04-19 11:00:00,128.064,128.461,128.045,128.31,128.064,128.067
2022-04-19 12:00:00,128.311,128.444,128.284,128.343,128.311,128.311
2022-04-19 13:00:00,128.343,128.389,128.207,128.341,128.343,128.345
2022-04-19 14:00:00,128.341,128.406,128.15,128.198,128.341,128.341
2022-04-19 15:00:00,128.197,128.496,128.069,128.462,128.197,128.2
2022-04-19 16:00:00,128.46,128.749,128.452,128.677,128.46,128.46
2022-04-19 17:00:00,128.676,128.847,128.578,128.832,128.676,128.676
2022-04-19 18:00:00,128.832,128.914,128.503,128.545,128.832,128.833
2022-04-19 19:00:00,128.546,128.801,128.546,128.753,128.546,128.55
2022-04-19 20:00:00,128.754,128.806,128.702,128.804,128.754,128.755
2022-04-19 21:00:00,128.805,128.82,128.705,128.755,128.805,128.805
2022-04-19 22:00:00,128.754,128.973,128.725,128.864,128.754,128.754
2022-04-19 23:00:00,128.865,128.906,128.852,128.891,128.865,128.865
2022-04-20 00:00:00,128.899,128.948,128.871,128.929,128.899,128.933
2022-04-20 01:00:00,128.943,129.401,128.911,129.303,128.943,128.957
2022-04-20 02:00:00,129.301,129.355,129.092,129.328,129.301,129.304
2022-04-20 03:00:00,129.328,129.402,129.096,129.293,129.328,129.331
2022-04-20 04:00:00,129.293,129.376,128.878,129.004,129.293,129.294
2022-04-20 05:00:00,129.006,129.18,128.544,128.771,129.006,129.012
2022-04-20 06:00:00,128.765,128.765,128.061,128.352,128.765,128.766
2022-04-20 07:00:00,128.352,128.665,128.352,128.556,128.352,128.355
2022-04-20 08:00:00,128.558,128.734,128.486,128.7,128.558,128.559
2022-04-20 09:00:00,128.699,128.745,128.58,128.664,128.699,128.701
2022-04-20 10:00:00,128.663,128.698,128.442,128.67,128.663,128.663
2022-04-20 11:00:00,128.669,128.704,128.351,128.404,128.669,128.671
2022-04-20 12:00:00,128.403,128.46,127.843,128.062,128.403,128.405
2022-04-20 13:00:00,128.062,128.062,127.603,127.773,128.062,128.064
2022-04-20 14:00:00,127.773,128.069,127.675,127.882,127.773,127.774
2022-04-20 15:00:00,127.882,128.28,127.81,128.104,127.882,127.883
2022-04-20 16:00:00,128.103,128.153,127.792,127.902,128.103,128.107
2022-04-20 17:00:00,127.906,127.923,127.457,127.681,127.906,127.909
2022-04-20 18:00:00,127.681,127.834,127.618,127.767,127.681,127.682
2022-04-20 19:00:00,127.769,127.9,127.704,127.887,127.769,127.769
2022-04-20 20:00:00,127.89,127.918,127.68,127.733,127.89,127.89
2022-04-20 21:00:00,127.732,127.841,127.658,127.779,127.732,127.734
2022-04-20 22:00:00,127.783,127.815,127.713,127.717,127.783,127.783
2022-04-20 23:00:00,127.717,127.879,127.717,127.879,127.717,127.719
2022-04-21 00:00:00,127.93,127.987,127.743,127.954,127.93,128.03
2022-04-21 01:00:00,127.956,128.225,127.823,127.965,127.956,127.974
2022-04-21 02:00:00,127.966,128.12,127.861,127.981,127.966,127.966
2022-04-21 03:00:00,127.986,128.476,127.963,128.153,127.986,127.989
2022-04-21 04:00:00,128.156,128.452,128.11,128.383,128.156,128.157
2022-04-21 05:00:00,128.383,128.614,128.328,128.611,128.383,128.387
2022-04-21 06:00:00,128.611,128.637,128.284,128.311,128.611,128.612
2022-04-21 07:00:00,128.31,128.441,128.247,128.362,128.31,128.31
2022-04-21 08:00:00,128.364,128.382,128.057,128.203,128.364,128.367
2022-04-21 09:00:00,128.202,128.21,127.91,128.012,128.202,128.204
2022-04-21 10:00:00,128.012,128.11,127.865,128.02,128.012,128.012
2022-04-21 11:00:00,128.02,128.273,128.017,128.062,128.02,128.021
2022-04-21 12:00:00,128.063,128.169,128.009,128.075,128.063,128.066
2022-04-21 13:00:00,128.075,128.075,127.802,128.057,128.075,128.076
2022-04-21 14:00:00,128.056,128.273,128.048,128.235,128.056,128.058
2022-04-21 15:00:00,128.234,128.381,128.037,128.128,128.234,128.235
2022-04-21 16:00:00,128.128,128.447,128.081,128.433,128.128,128.13
2022-04-21 17:00:00,128.437,128.574,128.28,128.52,128.437,128.437
2022-04-21 18:00:00,128.521,128.706,128.379,128.599,128.521,128.522
2022-04-21 19:00:00,128.6,128.69,128.511,128.599,128.6,128.601
2022-04-21 20:00:00,128.598,128.598,128.067,128.142,128.598,128.598
2022-04-21 21:00:00,128.147,128.352,128.105,128.254,128.147,128.147
2022-04-21 22:00:00,128.252,128.33,128.196,128.282,128.252,128.253
2022-04-21 23:00:00,128.283,128.387,128.242,128.386,128.283,128.286
2022-04-22 00:00:00,128.314,128.414,128.314,128.377,128.314,128.414
2022-04-22 01:00:00,128.377,128.489,128.313,128.331,128.377,128.448
2022-04-22 02:00:00,128.329,128.474,128.261,128.438,128.329,128.331
2022-04-22 03:00:00,128.439,128.661,128.373,128.621,128.439,128.442
2022-04-22 04:00:00,128.619,128.691,128.474,128.652,128.619,128.624
2022-04-22 05:00:00,128.652,128.652,128.542,128.606,128.652,128.656
2022-04-22 06:00:00,128.605,128.679,128.327,128.46,128.605,128.605
2022-04-22 07:00:00,128.461,128.523,128.055,128.189,128.461,128.465
2022-04-22 08:00:00,128.189,128.209,127.903,127.912,128.189,128.194
2022-04-22 09:00:00,127.912,128.032,127.734,127.921,127.912,127.913
2022-04-22 10:00:00,127.917,128.162,127.865,128.069,127.917,127.917
2022-04-22 11:00:00,128.068,128.33,128.065,128.264,128.068,128.069
2022-04-22 12:00:00,128.264,128.523,128.207,128.427,128.264,128.264
2022-04-22 13:00:00,128.429,128.53,128.323,128.453,128.429,128.43
2022-04-22 14:00:00,128.453,128.466,128.261,128.267,128.453,128.455
2022-04-22 15:00:00,128.267,128.486,128.263,128.442,128.267,128.27
2022-04-22 16:00:00,128.443,128.595,128.197,128.418,128.443,128.443
2022-04-22 17:00:00,128.425,128.431,128.138,128.379,128.425,128.425
2022-04-22 18:00:00,128.379,129.109,128.363,128.79,128.379,128.381
2022-04-22 19:00:00,128.79,128.938,128.747,128.89,128.79,128.79
2022-04-22 20:00:00,128.89,128.89,128.436,128.537,128.89,128.892
2022-04-22 21:00:00,128.535,128.632,128.503,128.586,128.535,128.537
2022-04-22 22:00:00,128.587,128.595,128.487,128.539,128.587,128.589
2022-04-22 23:00:00,128.539,128.569,128.468,128.556,128.539,128.541
2022-04-25 01:00:00,128.498,128.855,128.497,128.739,128.498,128.6
2022-04-25 02:00:00,128.739,128.767,128.584,128.609,128.739,128.747
2022-04-25 03:00:00,128.608,128.811,128.482,128.756,128.608,128.611
2022-04-25 04:00:00,128.756,128.864,128.509,128.578,128.756,128.759
2022-04-25 05:00:00,128.578,128.609,128.243,128.32,128.578,128.583
2022-04-25 06:00:00,128.32,128.468,128.319,128.366,128.32,128.324
2022-04-25 07:00:00,128.37,128.55,128.278,128.523,128.37,128.37
2022-04-25 08:00:00,128.523,128.597,128.482,128.486,128.523,128.527
2022-04-25 09:00:00,128.487,128.531,128.016,128.09,128.487,128.487
2022-04-25 10:00:00,128.094,128.273,127.976,128.203,128.094,128.094
2022-04-25 11:00:00,128.203,128.339,127.882,128.123,128.203,128.204
2022-04-25 12:00:00,128.123,128.228,127.992,128.213,128.123,128.128
2022-04-25 13:00:00,128.212,128.268,128.03,128.167,128.212,128.215
2022-04-25 14:00:00,128.167,128.501,128.146,128.167,128.167,128.169
2022-04-25 15:00:00,128.171,128.27,128.001,128.161,128.171,128.172
2022-04-25 16:00:00,128.16,128.279,127.608,127.661,128.16,128.163
2022-04-25 17:00:00,127.662,128.016,127.627,127.862,127.662,127.663
2022-04-25 18:00:00,127.862,127.903,127.523,127.674,127.862,127.866
2022-04-25 19:00:00,127.674,127.759,127.557,127.696,127.674,127.675
2022-04-25 20:00:00,127.695,127.865,127.695,127.853,127.695,127.695
2022-04-25 21:00:00,127.853,128.032,127.831,128.031,127.853,127.855
2022-04-25 22:00:00,128.031,128.102,127.892,128.019,128.031,128.032
2022-04-25 23:00:00,128.02,128.136,128.019,128.133,128.02,128.021
2022-04-26 00:00:00,128.128,128.193,128.069,128.134,128.128,128.14
2022-04-26 01:00:00,128.137,128.218,127.936,127.983,128.137,128.189
2022-04-26 02:00:00,127.983,128.066,127.74,127.775,127.983,127.988
2022-04-26 03:00:00,127.775,127.828,127.349,127.599,127.775,127.78
2022-04-26 04:00:00,127.599,127.678,127.387,127.535,127.599,127.604
2022-04-26 05:00:00,127.533,127.823,127.456,127.805,127.533,127.533
2022-04-26 06:00:00,127.803,128.088,127.769,128.024,127.803,127.806
2022-04-26 07:00:00,128.025,128.183,127.999,128.106,128.025,128.027
2022-04-26 08:00:00,128.105,128.203,127.89,127.97,128.105,128.108
2022-04-26 09:00:00,127.968,128.008,127.727,127.877,127.968,127.972
2022-04-26 10:00:00,127.881,128.021,127.717,127.892,127.881,127.883
2022-04-26 11:00:00,127.892,128.054,127.8,127.87,127.892,127.893
2022-04-26 12:00:00,127.87,127.931,127.682,127.824,127.87,127.872
2022-04-26 13:00:00,127.825,127.87,127.698,127.721,127.825,127.825
2022-04-26 14:00:00,127.722,127.73,127.488,127.545,127.722,127.722
2022-04-26 15:00:00,127.547,127.606,127.182,127.216,127.547,127.549
2022-04-26 16:00:00,127.217,127.374,127.026,127.161,127.217,127.219
2022-04-26 17:00:00,127.158,127.349,127.138,127.174,127.158,127.17
2022-04-26 18:00:00,127.182,127.459,127.124,127.374,127.182,127.183
2022-04-26 19:00:00,127.373,127.546,127.354,127.526,127.373,127.373
2022-04-26 20:00:00,127.527,127.59,127.424,127.58,127.527,127.529
2022-04-26 21:00:00,127.581,127.639,127.541,127.581,127.581,127.581
2022-04-26 22:00:00,127.58,127.684,127.418,127.427,127.58,127.583
2022-04-26 23:00:00,127.427,127.456,127.2,127.208,127.427,127.428
2022-04-27 00:00:00,127.223,127.251,127.153,127.196,127.223,127.254
2022-04-27 01:00:00,127.198,127.22,126.943,127.101,127.198,127.222
2022-04-27 02:00:00,127.101,127.303,127.101,127.265,127.101,127.108
2022-04-27 03:00:00,127.265,127.627,127.244,127.547,127.265,127.27
2022-04-27 04:00:00,127.546,127.627,127.467,127.481,127.546,127.548
2022-04-27 05:00:00,127.479,127.791,127.36,127.791,127.479,127.482
2022-04-27 06:00:00,127.791,127.827,127.677,127.721,127.791,127.793
2022-04-27 07:00:00,127.721,127.796,127.605,127.652,127.721,127.722
2022-04-27 08:00:00,127.653,127.766,127.486,127.716,127.653,127.655
2022-04-27 09:00:00,127.715,128.103,127.699,127.94,127.715,127.718
2022-04-27 10:00:00,127.937,128.007,127.731,127.989,127.937,127.939
2022-04-27 11:00:00,127.99,128.008,127.787,127.966,127.99,127.992
2022-04-27 12:00:00,127.963,127.986,127.799,127.918,127.963,127.966
2022-04-27 13:00:00,127.919,127.997,127.797,127.92,127.919,127.921
2022-04-27 14:00:00,127.922,128.197,127.894,128.06,127.922,127.925
2022-04-27 15:00:00,128.06,128.159,127.925,128.071,128.06,128.063
2022-04-27 16:00:00,128.071,128.237,128.036,128.134,128.071,128.072
2022-04-27 17:00:00,128.132,128.328,127.912,128.318,128.132,128.134
2022-04-27 18:00:00,128.318,128.591,128.306,128.449,128.318,128.318
2022-04-27 19:00:00,128.45,128.454,128.223,128.276,128.45,128.451
2022-04-27 20:00:00,128.276,128.337,128.227,128.249,128.276,128.276
2022-04-27 21:00:00,128.249,128.36,128.2,128.341,128.249,128.25
2022-04-27 22:00:00,128.342,128.376,128.238,128.31,128.342,128.343
2022-04-27 23:00:00,128.312,128.448,128.311,128.424,128.312,128.314
2022-04-28 00:00:00,128.418,128.49,128.398,128.473,128.418,128.454
2022-04-28 01:00:00,128.477,128.552,128.341,128.521,128.477,128.502
2022-04-28 02:00:00,128.522,128.554,128.39,128.447,128.522,128.527
2022-04-28 03:00:00,128.445,128.846,128.353,128.819,128.445,128.448
2022-04-28 04:00:00,128.818,128.895,128.663,128.703,128.818,128.82
2022-04-28 05:00:00,128.702,128.785,128.644,128.686,128.702,128.706
2022-04-28 06:00:00,128.686,129.869,128.623,129.701,128.686,128.689
2022-04-28 07:00:00,129.702,129.905,129.553,129.846,129.702,129.707
2022-04-28 08:00:00,129.846,130.277,129.78,130.027,129.846,129.848
2022-04-28 09:00:00,130.025,130.665,129.957,130.53,130.025,130.03
2022-04-28 10:00:00,130.534,130.705,129.961,130.593,130.534,130.535
2022-04-28 11:00:00,130.593,130.957,130.552,130.927,130.593,130.597
2022-04-28 12:00:00,130.928,131.013,130.183,130.592,130.928,130.928
2022-04-28 13:00:00,130.594,130.603,130.175,130.396,130.594,130.599
2022-04-28 14:00:00,130.395,130.939,130.368,130.918,130.395,130.4
2022-04-28 15:00:00,130.917,130.921,130.276,130.811,130.917,130.921
2022-04-28 16:00:00,130.809,130.904,130.58,130.898,130.809,130.81
2022-04-28 17:00:00,130.897,131.251,130.811,131.023,130.897,130.901
2022-04-28 18:00:00,131.022,131.085,130.72,130.937,131.022,131.027
2022-04-28 19:00:00,130.934,131.125,130.881,130.963,130.934,130.937
2022-04-28 20:00:00,130.964,131.133,130.95,131.106,130.964,130.967
2022-04-28 21:00:00,131.108,131.114,130.813,130.896,131.108,131.108
2022-04-28 22:00:00,130.897,130.945,130.82,130.885,130.897,130.899
2022-04-28 23:00:00,130.885,130.914,130.784,130.841,130.885,130.888
2022-04-29 00:00:00,130.846,130.869,130.819,130.838,130.846,130.946
2022-04-29 01:00:00,130.835,130.958,130.799,130.895,130.835,130.877
2022-04-29 02:00:00,130.901,130.906,130.776,130.787,130.901,130.904
2022-04-29 03:00:00,130.788,130.822,130.542,130.576,130.788,130.79
2022-04-29 04:00:00,130.576,130.693,130.367,130.677,130.576,130.577
2022-04-29 05:00:00,130.676,130.8,130.635,130.741,130.676,130.681
2022-04-29 06:00:00,130.741,130.749,130.576,130.643,130.741,130.745
2022-04-29 07:00:00,130.643,130.667,130.465,130.538,130.643,130.646
2022-04-29 08:00:00,130.537,130.567,130.361,130.388,130.537,130.54
2022-04-29 09:00:00,130.39,130.481,130.171,130.25,130.39,130.39
2022-04-29 10:00:00,130.252,130.366,129.984,130.014,130.252,130.252
2022-04-29 11:00:00,130.014,130.204,129.77,130.105,130.014,130.018
2022-04-29 12:00:00,130.106,130.497,130.105,130.304,130.106,130.108
2022-04-29 13:00:00,130.304,130.426,130.048,130.097,130.304,130.309
2022-04-29 14:00:00,130.097,130.099,129.838,130.009,130.097,130.1
2022-04-29 15:00:00,130.008,130.373,129.95,130.086,130.008,130.012
2022-04-29 16:00:00,130.086,130.384,130.056,130.069,130.086,130.09
2022-04-29 17:00:00,130.07,130.195,129.456,129.649,130.07,130.071
2022-04-29 18:00:00,129.649,129.87,129.379,129.817,129.649,129.653
2022-04-29 19:00:00,129.819,129.876,129.629,129.677,129.819,129.819
2022-04-29 20:00:00,129.676,129.699,129.315,129.504,129.676,129.676
2022-04-29 21:00:00,129.499,129.548,129.36,129.444,129.499,129.502
2022-04-29 22:00:00,129.445,129.81,129.435,129.763,129.445,129.447
2022-04-29 23:00:00,129.761,129.92,129.756,129.85,129.761,129.767
2022-05-02 00:00:00,129.739,129.879,129.739,129.853,129.739,129.811
2022-05-02 01:00:00,129.859,130.299,129.825,130.138,129.859,129.919
2022-05-02 02:00:00,130.14,130.151,129.853,130.001,130.14,130.147
2022-05-02 03:00:00,130.004,130.112,129.613,130.06,130.004,130.007
2022-05-02 04:00:00,130.059,130.237,129.953,130.184,130.059,130.062
2022-05-02 05:00:00,130.182,130.199,130.01,130.144,130.182,130.185
2022-05-02 06:00:00,130.144,130.372,130.122,130.284,130.144,130.149
2022-05-02 07:00:00,130.283,130.4,130.252,130.385,130.283,130.286
2022-05-02 08:00:00,130.385,130.425,130.344,130.406,130.385,130.388
2022-05-02 09:00:00,130.404,130.477,130.252,130.303,130.404,130.411
2022-05-02 10:00:00,130.309,130.314,130.072,130.111,130.309,130.311
2022-05-02 11:00:00,130.112,130.166,129.92,130.044,130.112,130.116
2022-05-02 12:00:00,130.044,130.114,129.823,129.87,130.044,130.049
2022-05-02 13:00:00,129.87,130.036,129.868,129.879,129.87,129.87
2022-05-02 14:00:00,129.879,130.003,129.846,129.895,129.879,129.884
2022-05-02 15:00:00,129.897,130.157,129.698,130.117,129.897,129.897
2022-05-02 16:00:00,130.117,130.164,129.987,130.141,130.117,130.12
2022-05-02 17:00:00,130.114,130.242,129.952,130.229,130.114,130.114
2022-05-02 18:00:00,130.23,130.35,130.176,130.199,130.23,130.231
2022-05-02 19:00:00,130.2,130.204,130.075,130.173,130.2,130.204
2022-05-02 20:00:00,130.173,130.233,130.121,130.172,130.173,130.176
2022-05-02 21:00:00,130.172,130.172,130.081,130.139,130.172,130.174
2022-05-02 22:00:00,130.139,130.255,130.123,130.209,130.139,130.14
2022-05-02 23:00:00,130.208,130.208,130.13,130.184,130.208,130.208
2022-05-03 00:00:00,130.086,130.205,130.084,130.202,130.086,130.184
2022-05-03 01:00:00,130.202,130.204,130.086,130.147,130.202,130.233
2022-05-03 02:00:00,130.151,130.216,130.095,130.103,130.151,130.155
2022-05-03 03:00:00,130.103,130.103,129.855,129.912,130.103,130.106
2022-05-03 04:00:00,129.915,130.046,129.898,129.944,129.915,129.917
2022-05-03 05:00:00,129.942,130.054,129.927,129.996,129.942,129.942
2022-05-03 06:00:00,129.996,130.035,129.977,129.984,129.996,129.997
2022-05-03 07:00:00,129.984,130.167,129.97,130.131,129.984,129.989
2022-05-03 08:00:00,130.131,130.225,130.101,130.152,130.131,130.135
2022-05-03 09:00:00,130.151,130.187,130.059,130.132,130.151,130.152
2022-05-03 10:00:00,130.132,130.29,130.121,130.191,130.132,130.136
2022-05-03 11:00:00,130.191,130.208,130.045,130.116,130.191,130.194
2022-05-03 12:00:00,130.116,130.187,130.077,130.132,130.116,130.116
2022-05-03 13:00:00,130.132,130.137,130.047,130.082,130.132,130.135
2022-05-03 14:00:00,130.081,130.125,129.907,129.916,130.081,130.083
2022-05-03 15:00:00,129.918,129.948,129.74,129.884,129.918,129.92
2022-05-03 16:00:00,129.883,129.925,129.697,129.857,129.883,129.885
2022-05-03 17:00:00,129.861,130.04,129.83,129.931,129.861,129.866
2022-05-03 18:00:00,129.929,130.082,129.856,130.074,129.929,129.931
2022-05-03 19:00:00,130.074,130.197,130.074,130.17,130.074,130.075
2022-05-03 20:00:00,130.17,130.177,130.058,130.103,130.17,130.171
2022-05-03 21:00:00,130.102,130.204,130.078,130.186,130.102,130.104
2022-05-03 22:00:00,130.186,130.192,130.113,130.124,130.186,130.187
2022-05-03 23:00:00,130.124,130.169,130.115,130.141,130.124,130.125
2022-05-04 00:00:00,130.135,130.135,130.103,130.11,130.135,130.153
2022-05-04 01:00:00,130.109,130.159,130.038,130.107,130.109,130.144
2022-05-04 02:00:00,130.109,130.159,130.093,130.125,130.109,130.114
2022-05-04 03:00:00,130.125,130.204,130.07,130.147,130.125,130.125
2022-05-04 04:00:00,130.143,130.17,130.074,130.106,130.143,130.145
2022-05-04 05:00:00,130.106,130.126,130.078,130.101,130.106,130.111
2022-05-04 06:00:00,130.101,130.135,130.092,130.134,130.101,130.105
2022-05-04 07:00:00,130.136,130.158,130.105,130.148,130.136,130.136
2022-05-04 08:00:00,130.148,130.154,130.12,130.142,130.148,130.151
2022-05-04 09:00:00,130.142,130.186,130.118,130.135,130.142,130.145
2022-05-04 10:00:00,130.135,130.173,130.074,130.099,130.135,130.137
2022-05-04 11:00:00,130.099,130.102,129.978,130.048,130.099,130.101
2022-05-04 12:00:00,130.048,130.096,129.996,130.015,130.048,130.048
2022-05-04 13:00:00,130.015,130.035,129.961,129.971,130.015,130.016
2022-05-04 14:00:00,129.971,130.024,129.891,129.946,129.971,129.973
2022-05-04 15:00:00,129.946,130.042,129.789,129.874,129.946,129.948
2022-05-04 16:00:00,129.877,130.108,129.801,130.068,129.877,129.878
2022-05-04 17:00:00,130.069,130.128,129.96,129.999,130.069,130.07
2022-05-04 18:00:00,129.999,130.007,129.886,129.976,129.999,130.0
2022-05-04 19:00:00,129.976,130.06,129.972,130.005,129.976,129.977
2022-05-04 20:00:00,130.005,130.126,129.969,130.004,130.005,130.007
2022-05-04 21:00:00,129.996,130.381,128.625,128.783,129.996,130.024
2022-05-04 22:00:00,128.783,129.3,128.667,129.134,128.783,128.784
2022-05-04 23:00:00,129.134,129.187,129.05,129.052,129.134,129.141
2022-05-05 00:00:00,129.047,129.174,129.047,129.156,129.047,129.105
2022-05-05 01:00:00,129.17,129.552,129.113,129.527,129.17,129.208
2022-05-05 02:00:00,129.527,129.54,129.132,129.237,129.527,129.533
2022-05-05 03:00:00,129.237,129.302,129.057,129.098,129.237,129.239
2022-05-05 04:00:00,129.097,129.176,128.752,128.903,129.097,129.103
2022-05-05 05:00:00,128.903,129.083,128.876,129.064,128.903,128.907
2022-05-05 06:00:00,129.064,129.194,129.064,129.096,129.064,129.07
2022-05-05 07:00:00,129.096,129.286,129.095,129.259,129.096,129.099
2022-05-05 08:00:00,129.264,129.422,129.238,129.351,129.264,129.264
2022-05-05 09:00:00,129.351,129.643,129.274,129.618,129.351,129.355
2022-05-05 10:00:00,129.615,129.764,129.462,129.685,129.615,129.615
2022-05-05 11:00:00,129.692,129.826,129.644,129.699,129.692,129.695
2022-05-05 12:00:00,129.7,129.764,129.604,129.677,129.7,129.701
2022-05-05 13:00:00,129.679,129.758,129.536,129.718,129.679,129.679
2022-05-05 14:00:00,129.718,130.004,129.681,129.995,129.718,129.724
2022-05-05 15:00:00,129.996,129.996,129.72,129.904,129.996,129.996
2022-05-05 16:00:00,129.901,130.336,129.859,130.252,129.901,129.904
2022-05-05 17:00:00,130.251,130.291,130.107,130.242,130.251,130.251
2022-05-05 18:00:00,130.24,130.442,130.211,130.407,130.24,130.242
2022-05-05 19:00:00,130.407,130.557,130.344,130.417,130.407,130.409
2022-05-05 20:00:00,130.418,130.546,130.337,130.505,130.418,130.419
2022-05-05 21:00:00,130.51,130.518,130.364,130.395,130.51,130.511
2022-05-05 22:00:00,130.392,130.392,129.983,130.019,130.392,130.392
2022-05-05 23:00:00,130.021,130.218,130.018,130.186,130.021,130.021
2022-05-06 00:00:00,130.2,130.209,130.164,130.197,130.2,130.287
2022-05-06 01:00:00,130.2,130.284,130.1,130.104,130.2,130.222
2022-05-06 02:00:00,130.104,130.356,130.094,130.324,130.104,130.104
2022-05-06 03:00:00,130.325,130.537,130.213,130.481,130.325,130.326
2022-05-06 04:00:00,130.479,130.789,130.363,130.759,130.479,130.484
2022-05-06 05:00:00,130.76,130.806,130.551,130.631,130.76,130.763
2022-05-06 06:00:00,130.632,130.632,130.417,130.606,130.632,130.637
2022-05-06 07:00:00,130.607,130.653,130.502,130.564,130.607,130.61
2022-05-06 08:00:00,130.561,130.695,130.56,130.688,130.561,130.564
2022-05-06 09:00:00,130.688,130.692,130.497,130.625,130.688,130.691
2022-05-06 10:00:00,130.625,130.628,130.328,130.523,130.625,130.626
2022-05-06 11:00:00,130.521,130.575,130.397,130.442,130.521,130.526
2022-05-06 12:00:00,130.44,130.537,130.392,130.495,130.44,130.443
2022-05-06 13:00:00,130.497,130.5,130.24,130.256,130.497,130.497
2022-05-06 14:00:00,130.257,130.443,130.247,130.421,130.257,130.259
2022-05-06 15:00:00,130.418,130.707,130.143,130.662,130.418,130.422
2022-05-06 16:00:00,130.664,130.664,130.199,130.326,130.664,130.664
2022-05-06 17:00:00,130.327,130.532,130.259,130.409,130.327,130.329
2022-05-06 18:00:00,130.411,130.429,130.215,130.363,130.411,130.414
2022-05-06 19:00:00,130.363,130.432,130.287,130.428,130.363,130.366
2022-05-06 20:00:00,130.429,130.585,130.412,130.579,130.429,130.429
2022-05-06 21:00:00,130.579,130.585,130.506,130.584,130.579,130.581
2022-05-06 22:00:00,130.584,130.635,130.499,130.543,130.584,130.584
2022-05-06 23:00:00,130.545,130.604,130.534,130.541,130.545,130.547
2022-05-09 00:00:00,130.504,130.585,130.456,130.576,130.504,130.604
2022-05-09 01:00:00,130.583,130.788,130.509,130.679,130.583,130.632
2022-05-09 02:00:00,130.68,130.782,130.638,130.743,130.68,130.689
2022-05-09 03:00:00,130.741,130.958,130.721,130.85,130.741,130.743
2022-05-09 04:00:00,130.849,130.885,130.677,130.779,130.849,130.852
2022-05-09 05:00:00,130.781,130.948,130.772,130.864,130.781,130.784
2022-05-09 06:00:00,130.865,131.07,130.854,130.962,130.865,130.869
2022-05-09 07:00:00,130.962,130.999,130.882,130.998,130.962,130.964
2022-05-09 08:00:00,130.997,131.109,130.997,131.009,130.997,131.0
2022-05-09 09:00:00,131.012,131.349,131.004,131.274,131.012,131.014
2022-05-09 10:00:00,131.276,131.28,131.124,131.205,131.276,131.276
2022-05-09 11:00:00,131.204,131.214,131.038,131.195,131.204,131.206
2022-05-09 12:00:00,131.194,131.247,131.076,131.181,131.194,131.197
2022-05-09 13:00:00,131.181,131.207,131.061,131.108,131.181,131.182
2022-05-09 14:00:00,131.108,131.162,130.992,131.022,131.108,131.11
2022-05-09 15:00:00,131.021,131.025,130.489,130.723,131.021,131.024
2022-05-09 16:00:00,130.723,130.893,130.594,130.83,130.723,130.725
2022-05-09 17:00:00,130.83,130.855,130.48,130.538,130.83,130.832
2022-05-09 18:00:00,130.535,130.55,130.113,130.396,130.535,130.536
2022-05-09 19:00:00,130.396,130.429,130.124,130.296,130.396,130.399
2022-05-09 20:00:00,130.296,130.438,130.241,130.394,130.296,130.299
2022-05-09 21:00:00,130.394,130.406,130.284,130.309,130.394,130.396
2022-05-09 22:00:00,130.311,130.338,130.18,130.211,130.311,130.311
2022-05-09 23:00:00,130.211,130.352,130.211,130.33,130.211,130.213
2022-05-10 00:00:00,130.274,130.4,130.274,130.37,130.274,130.282
2022-05-10 01:00:00,130.374,130.577,130.347,130.47,130.374,130.382
2022-05-10 02:00:00,130.471,130.476,130.296,130.381,130.471,130.477
2022-05-10 03:00:00,130.38,130.429,129.946,130.039,130.38,130.382
2022-05-10 04:00:00,130.039,130.285,129.797,130.271,130.039,130.039
2022-05-10 05:00:00,130.271,130.476,130.257,130.391,130.271,130.274
2022-05-10 06:00:00,130.394,130.407,130.174,130.257,130.394,130.397
2022-05-10 07:00:00,130.257,130.502,130.213,130.469,130.257,130.259
2022-05-10 08:00:00,130.464,130.553,130.339,130.352,130.464,130.469
2022-05-10 09:00:00,130.352,130.502,130.304,130.456,130.352,130.355
2022-05-10 10:00:00,130.456,130.464,130.224,130.357,130.456,130.458
2022-05-10 11:00:00,130.357,130.362,129.971,130.076,130.357,130.357
2022-05-10 12:00:00,130.077,130.264,130.037,130.212,130.077,130.08
2022-05-10 13:00:00,130.215,130.218,130.036,130.084,130.215,130.217
2022-05-10 14:00:00,130.084,130.111,129.862,130.077,130.084,130.088
2022-05-10 15:00:00,130.078,130.286,129.916,129.977,130.078,130.078
2022-05-10 16:00:00,129.977,130.173,129.943,130.09,129.977,129.978
2022-05-10 17:00:00,130.092,130.234,130.036,130.223,130.092,130.095
2022-05-10 18:00:00,130.223,130.458,130.14,130.222,130.223,130.223
2022-05-10 19:00:00,130.222,130.252,130.092,130.248,130.222,130.224
2022-05-10 20:00:00,130.248,130.395,130.209,130.332,130.248,130.251
2022-05-10 21:00:00,130.332,130.44,130.303,130.414,130.332,130.335
2022-05-10 22:00:00,130.416,130.432,130.364,130.372,130.416,130.416
2022-05-10 23:00:00,130.37,130.458,130.358,130.436,130.37,130.373
2022-05-11 00:00:00,130.435,130.458,130.419,130.436,130.435,130.487
2022-05-11 01:00:00,130.436,130.441,130.279,130.355,130.436,130.444
2022-05-11 02:00:00,130.358,130.387,130.31,130.367,130.358,130.364
2022-05-11 03:00:00,130.367,130.469,130.227,130.346,130.367,130.367
2022-05-11 04:00:00,130.346,130.437,130.329,130.388,130.346,130.346
2022-05-11 05:00:00,130.388,130.422,130.324,130.352,130.388,130.39
2022-05-11 06:00:00,130.351,130.4,130.349,130.391,130.351,130.354
2022-05-11 07:00:00,130.391,130.491,130.314,130.342,130.391,130.396
2022-05-11 08:00:00,130.341,130.391,130.274,130.361,130.341,130.344
2022-05-11 09:00:00,130.362,130.383,130.194,130.227,130.362,130.366
2022-05-11 10:00:00,130.227,130.227,129.891,129.974,130.227,130.229
2022-05-11 11:00:00,129.974,130.08,129.806,129.861,129.974,129.975
2022-05-11 12:00:00,129.862,129.871,129.587,129.75,129.862,129.865
2022-05-11 13:00:00,129.751,129.902,129.738,129.843,129.751,129.753
2022-05-11 14:00:00,129.844,129.857,129.635,129.815,129.844,129.846
2022-05-11 15:00:00,129.816,130.802,129.772,130.75,129.816,129.816
2022-05-11 16:00:00,130.75,130.813,129.952,130.255,130.75,130.754
2022-05-11 17:00:00,130.253,130.312,130.049,130.254,130.253,130.255
2022-05-11 18:00:00,130.253,130.313,130.147,130.2,130.253,130.253
2022-05-11 19:00:00,130.201,130.23,129.89,129.933,130.201,130.204
2022-05-11 20:00:00,129.931,129.932,129.446,129.559,129.931,129.932
2022-05-11 21:00:00,129.559,129.933,129.52,129.757,129.559,129.561
2022-05-11 22:00:00,129.758,129.975,129.747,129.945,129.758,129.76
2022-05-11 23:00:00,129.944,130.065,129.925,129.974,129.944,129.945
2022-05-12 00:00:00,129.882,129.98,129.882,129.968,129.882,129.97
2022-05-12 01:00:00,129.97,130.056,129.826,129.914,129.97,129.978
2022-05-12 02:00:00,129.913,129.954,129.818,129.846,129.913,129.914
2022-05-12 03:00:00,129.846,129.851,129.508,129.74,129.846,129.849
2022-05-12 04:00:00,129.74,129.898,129.671,129.858,129.74,129.745
2022-05-12 05:00:00,129.859,129.908,129.694,129.784,129.859,129.864
2022-05-12 06:00:00,129.784,129.853,129.688,129.827,129.784,129.787
2022-05-12 07:00:00,129.827,129.85,129.758,129.784,129.827,129.831
2022-05-12 08:00:00,129.785,129.799,129.586,129.616,129.785,129.786
2022-05-12 09:00:00,129.614,129.663,129.197,129.302,129.614,129.614
2022-05-12 10:00:00,129.308,129.315,128.592,128.84,129.308,129.312
2022-05-12 11:00:00,128.84,128.878,128.406,128.55,128.84,128.843
2022-05-12 12:00:00,128.55,128.848,128.504,128.731,128.55,128.554
2022-05-12 13:00:00,128.73,128.826,128.633,128.686,128.73,128.734
2022-05-12 14:00:00,128.686,128.723,128.438,128.528,128.686,128.688
2022-05-12 15:00:00,128.528,128.743,127.967,128.116,128.528,128.53
2022-05-12 16:00:00,128.116,128.25,127.519,127.95,128.116,128.119
2022-05-12 17:00:00,127.948,128.255,127.765,128.122,127.948,127.951
2022-05-12 18:00:00,128.121,128.343,128.088,128.103,128.121,128.123
2022-05-12 19:00:00,128.104,128.406,128.098,128.404,128.104,128.105
2022-05-12 20:00:00,128.399,128.399,128.178,128.299,128.399,128.399
2022-05-12 21:00:00,128.3,128.367,128.076,128.099,128.3,128.304
2022-05-12 22:00:00,128.099,128.449,128.099,128.447,128.099,128.103
2022-05-12 23:00:00,128.448,128.458,128.298,128.316,128.448,128.448
2022-05-13 00:00:00,128.37,128.44,128.274,128.434,128.37,128.378
2022-05-13 01:00:00,128.438,128.599,128.406,128.493,128.438,128.446
2022-05-13 02:00:00,128.493,128.633,128.442,128.604,128.493,128.496
2022-05-13 03:00:00,128.604,128.924,128.347,128.822,128.604,128.607
2022-05-13 04:00:00,128.821,129.358,128.785,129.068,128.821,128.823
2022-05-13 05:00:00,129.068,129.164,128.816,128.826,129.068,129.073
2022-05-13 06:00:00,128.826,129.149,128.815,129.085,128.826,128.83
2022-05-13 07:00:00,129.085,129.133,128.872,128.946,129.085,129.089
2022-05-13 08:00:00,128.946,128.982,128.796,128.896,128.946,128.949
2022-05-13 09:00:00,128.897,128.901,128.583,128.676,128.897,128.9
2022-05-13 10:00:00,128.678,128.927,128.49,128.803,128.678,128.682
2022-05-13 11:00:00,128.806,128.885,128.707,128.806,128.806,128.809
2022-05-13 12:00:00,128.806,128.977,128.738,128.84,128.806,128.808
2022-05-13 13:00:00,128.841,128.999,128.81,128.963,128.841,128.843
2022-05-13 14:00:00,128.964,129.096,128.902,129.058,128.964,128.966
2022-05-13 15:00:00,129.058,129.114,128.868,129.011,129.058,129.06
2022-05-13 16:00:00,129.013,129.393,128.928,129.327,129.013,129.016
2022-05-13 17:00:00,129.325,129.454,129.132,129.352,129.325,129.325
2022-05-13 18:00:00,129.352,129.361,129.156,129.234,129.352,129.353
2022-05-13 19:00:00,129.236,129.385,129.222,129.372,129.236,129.238
2022-05-13 20:00:00,129.374,129.432,129.207,129.361,129.374,129.374
2022-05-13 21:00:00,129.361,129.374,129.276,129.342,129.361,129.365
2022-05-13 22:00:00,129.342,129.361,129.276,129.327,129.342,129.345
2022-05-13 23:00:00,129.327,129.349,129.255,129.259,129.327,129.328
2022-05-16 00:00:00,129.286,129.425,129.213,129.376,129.286,129.39
2022-05-16 01:00:00,129.378,129.49,129.311,129.439,129.378,129.386
2022-05-16 02:00:00,129.409,129.499,129.356,129.41,129.409,129.412
2022-05-16 03:00:00,129.409,129.637,129.329,129.483,129.409,129.41
2022-05-16 04:00:00,129.484,129.546,128.996,129.1,129.484,129.49
2022-05-16 05:00:00,129.099,129.11,128.7,128.986,129.099,129.104
2022-05-16 06:00:00,128.986,129.039,128.721,128.906,128.986,128.989
2022-05-16 07:00:00,128.909,129.039,128.862,129.014,128.909,128.912
2022-05-16 08:00:00,129.015,129.078,128.862,128.991,129.015,129.018
2022-05-16 10:00:00,128.888,129.4,128.797,129.333,128.888,128.889
2022-05-16 12:00:00,129.377,129.422,129.292,129.322,129.377,129.381
2022-05-16 13:00:00,129.326,129.396,129.231,129.311,129.326,129.33
2022-05-16 14:00:00,129.311,129.495,129.303,129.485,129.311,129.313
2022-05-16 15:00:00,129.485,129.616,129.168,129.298,129.485,129.487
2022-05-16 16:00:00,129.299,129.331,128.982,129.09,129.299,129.301
2022-05-16 17:00:00,129.09,129.171,129.035,129.073,129.09,129.093
2022-05-16 18:00:00,129.073,129.151,129.05,129.138,129.073,129.074
2022-05-16 19:00:00,129.138,129.171,129.022,129.048,129.138,129.141
2022-05-16 20:00:00,129.048,129.282,129.039,129.268,129.048,129.048
2022-05-16 21:00:00,129.268,129.404,129.082,129.101,129.268,129.27
2022-05-16 22:00:00,129.101,129.132,129.012,129.11,129.101,129.105
2022-05-16 23:00:00,129.11,129.156,129.063,129.156,129.11,129.112
2022-05-17 00:00:00,129.16,129.165,129.032,129.074,129.16,129.168
2022-05-17 01:00:00,129.067,129.088,128.956,129.016,129.067,129.075
2022-05-17 02:00:00,129.015,129.05,128.86,128.949,129.015,129.021
2022-05-17 03:00:00,128.947,129.286,128.829,129.208,128.947,128.947
2022-05-17 04:00:00,129.202,129.352,129.102,129.296,129.202,129.204
2022-05-17 05:00:00,129.298,129.355,129.166,129.251,129.298,129.3
2022-05-17 06:00:00,129.252,129.448,129.24,129.337,129.252,129.253
2022-05-17 07:00:00,129.337,129.431,129.294,129.392,129.337,129.339
2022-05-17 08:00:00,129.393,129.413,129.291,129.341,129.393,129.395
2022-05-17 09:00:00,129.338,129.371,129.2,129.266,129.338,129.342
2022-05-17 10:00:00,129.266,129.42,129.252,129.39,129.266,129.27
2022-05-17 11:00:00,129.394,129.56,129.329,129.371,129.394,129.394
2022-05-17 12:00:00,129.37,129.375,129.246,129.283,129.37,129.37
2022-05-17 13:00:00,129.283,129.342,129.21,129.335,129.283,129.286
2022-05-17 14:00:00,129.335,129.404,129.186,129.326,129.335,129.338
2022-05-17 15:00:00,129.324,129.595,129.278,129.578,129.324,129.326
2022-05-17 16:00:00,129.578,129.778,129.494,129.593,129.578,129.582
2022-05-17 17:00:00,129.592,129.658,129.071,129.292,129.592,129.593
2022-05-17 18:00:00,129.292,129.362,129.231,129.317,129.292,129.295
2022-05-17 19:00:00,129.317,129.385,129.24,129.357,129.317,129.319
2022-05-17 20:00:00,129.356,129.387,129.264,129.288,129.356,129.357
2022-05-17 21:00:00,129.287,129.449,129.181,129.415,129.287,129.291
2022-05-17 22:00:00,129.415,129.47,129.361,129.382,129.415,129.418
2022-05-17 23:00:00,129.38,129.4,129.341,129.348,129.38,129.382
2022-05-18 00:00:00,129.438,129.44,129.362,129.366,129.438,129.446
2022-05-18 01:00:00,129.369,129.444,129.34,129.411,129.369,129.377
2022-05-18 02:00:00,129.413,129.537,129.387,129.425,129.413,129.42
2022-05-18 03:00:00,129.425,129.46,129.226,129.237,129.425,129.426
2022-05-18 04:00:00,129.246,129.343,129.082,129.222,129.246,129.25
2022-05-18 05:00:00,129.227,129.252,129.1,129.173,129.227,129.227
2022-05-18 06:00:00,129.172,129.19,129.074,129.127,129.172,129.176
2022-05-18 07:00:00,129.13,129.169,128.941,129.095,129.13,129.132
2022-05-18 08:00:00,129.103,129.228,129.072,129.141,129.103,129.107
2022-05-18 09:00:00,129.14,129.282,129.021,129.229,129.14,129.147
2022-05-18 10:00:00,129.232,129.342,129.139,129.325,129.232,129.233
2022-05-18 11:00:00,129.326,129.348,129.159,129.22,129.326,129.327
2022-05-18 12:00:00,129.221,129.243,129.118,129.16,129.221,129.224
2022-05-18 13:00:00,129.159,129.189,129.062,129.163,129.159,129.159
2022-05-18 14:00:00,129.162,129.244,129.091,129.105,129.162,129.165
2022-05-18 15:00:00,129.105,129.129,128.866,128.899,129.105,129.106
2022-05-18 16:00:00,128.9,128.924,128.506,128.575,128.9,128.901
2022-05-18 17:00:00,128.576,128.69,128.465,128.481,128.576,128.578
2022-05-18 18:00:00,128.481,128.496,128.12,128.214,128.481,128.483
2022-05-18 19:00:00,128.216,128.351,128.214,128.337,128.216,128.217
2022-05-18 20:00:00,128.337,128.339,128.006,128.07,128.337,128.337
2022-05-18 21:00:00,128.07,128.193,128.066,128.101,128.07,128.071
2022-05-18 22:00:00,128.101,128.261,128.081,128.249,128.101,128.101
2022-05-18 23:00:00,128.25,128.276,128.17,128.242,128.25,128.253
2022-05-19 00:00:00,128.222,128.358,128.156,128.316,128.222,128.23
2022-05-19 01:00:00,128.318,128.474,128.283,128.296,128.318,128.326
2022-05-19 02:00:00,128.297,128.394,127.908,127.929,128.297,128.302
2022-05-19 03:00:00,127.928,128.48,127.895,128.369,127.928,127.934
2022-05-19 04:00:00,128.373,128.627,128.373,128.461,128.373,128.373
2022-05-19 05:00:00,128.462,128.72,128.423,128.69,128.462,128.466
2022-05-19 06:00:00,128.691,128.86,128.685,128.75,128.691,128.696
2022-05-19 07:00:00,128.75,128.944,128.737,128.834,128.75,128.754
2022-05-19 08:00:00,128.834,128.887,128.599,128.607,128.834,128.837
2022-05-19 09:00:00,128.612,128.683,128.457,128.573,128.612,128.616
2022-05-19 10:00:00,128.574,128.624,127.982,128.232,128.574,128.578
2022-05-19 11:00:00,128.231,128.232,127.808,127.855,128.231,128.235
2022-05-19 12:00:00,127.855,127.952,127.584,127.616,127.855,127.859
2022-05-19 13:00:00,127.615,127.814,127.578,127.732,127.615,127.619
2022-05-19 14:00:00,127.732,127.955,127.616,127.937,127.732,127.732
2022-05-19 15:00:00,127.936,127.973,127.09,127.187,127.936,127.936
2022-05-19 16:00:00,127.187,127.468,127.025,127.211,127.187,127.188
2022-05-19 17:00:00,127.208,127.417,127.164,127.37,127.208,127.208
2022-05-19 18:00:00,127.371,127.736,127.345,127.63,127.371,127.371
2022-05-19 19:00:00,127.628,127.708,127.509,127.602,127.628,127.632
2022-05-19 20:00:00,127.602,127.699,127.555,127.633,127.602,127.603
2022-05-19 21:00:00,127.633,127.732,127.559,127.727,127.633,127.637
2022-05-19 22:00:00,127.729,127.748,127.669,127.714,127.729,127.73
2022-05-19 23:00:00,127.715,127.839,127.707,127.83,127.715,127.718
2022-05-20 00:00:00,127.792,127.842,127.651,127.78,127.792,127.8
2022-05-20 01:00:00,127.715,127.802,127.672,127.739,127.715,127.818
2022-05-20 02:00:00,127.738,127.953,127.669,127.851,127.738,127.743
2022-05-20 03:00:00,127.856,127.999,127.669,127.77,127.856,127.858
2022-05-20 04:00:00,127.768,128.175,127.691,128.11,127.768,127.773
2022-05-20 05:00:00,128.106,128.215,127.947,128.058,128.106,128.111
2022-05-20 06:00:00,128.058,128.059,127.527,127.613,128.058,128.059
2022-05-20 07:00:00,127.613,127.787,127.562,127.764,127.613,127.616
2022-05-20 08:00:00,127.765,127.843,127.644,127.738,127.765,127.769
2022-05-20 09:00:00,127.739,127.963,127.683,127.751,127.739,127.743
2022-05-20 10:00:00,127.754,128.108,127.727,127.942,127.754,127.754
2022-05-20 11:00:00,127.942,128.097,127.869,128.087,127.942,127.946
2022-05-20 12:00:00,128.088,128.296,128.049,128.122,128.088,128.09
2022-05-20 13:00:00,128.119,128.177,127.989,128.024,128.119,128.122
2022-05-20 14:00:00,128.024,128.087,127.853,128.05,128.024,128.026
2022-05-20 15:00:00,128.052,128.104,127.728,127.786,128.052,128.054
2022-05-20 16:00:00,127.786,128.155,127.782,128.127,127.786,127.789
2022-05-20 17:00:00,128.125,128.246,127.936,127.997,128.125,128.129
2022-05-20 18:00:00,127.996,128.045,127.816,127.865,127.996,128.0
2022-05-20 19:00:00,127.865,127.887,127.611,127.702,127.865,127.867
2022-05-20 20:00:00,127.702,127.891,127.588,127.852,127.702,127.703
2022-05-20 21:00:00,127.851,127.887,127.796,127.796,127.851,127.855
2022-05-20 22:00:00,127.797,127.858,127.703,127.855,127.797,127.798
2022-05-20 23:00:00,127.857,127.931,127.813,127.911,127.857,127.86
2022-05-23 00:00:00,127.95,127.95,127.791,127.791,127.95,127.958
2022-05-23 01:00:00,127.826,128.06,127.826,127.959,127.826,127.927
2022-05-23 02:00:00,127.959,127.959,127.84,127.892,127.959,127.962
2022-05-23 03:00:00,127.892,127.957,127.637,127.712,127.892,127.892
2022-05-23 04:00:00,127.712,127.793,127.321,127.371,127.712,127.718
2022-05-23 05:00:00,127.37,127.412,127.153,127.35,127.37,127.374
2022-05-23 06:00:00,127.35,127.404,127.202,127.378,127.35,127.35
2022-05-23 07:00:00,127.378,127.465,127.307,127.43,127.378,127.382
2022-05-23 08:00:00,127.429,127.859,127.425,127.79,127.429,127.433
2022-05-23 09:00:00,127.791,127.93,127.726,127.764,127.791,127.792
2022-05-23 10:00:00,127.763,127.774,127.502,127.591,127.763,127.767
2022-05-23 11:00:00,127.591,127.665,127.416,127.558,127.591,127.595
2022-05-23 12:00:00,127.558,127.585,127.446,127.517,127.558,127.56
2022-05-23 13:00:00,127.518,127.535,127.362,127.534,127.518,127.519
2022-05-23 14:00:00,127.534,127.618,127.453,127.616,127.534,127.537
2022-05-23 15:00:00,127.616,127.884,127.601,127.824,127.616,127.618
2022-05-23 16:00:00,127.826,127.842,127.548,127.568,127.826,127.827
2022-05-23 17:00:00,127.569,127.689,127.478,127.662,127.569,127.57
2022-05-23 18:00:00,127.663,127.893,127.644,127.808,127.663,127.663
2022-05-23 19:00:00,127.815,127.942,127.768,127.847,127.815,127.817
2022-05-23 20:00:00,127.851,127.856,127.738,127.836,127.851,127.853
2022-05-23 21:00:00,127.834,127.918,127.796,127.896,127.834,127.836
2022-05-23 22:00:00,127.896,127.944,127.826,127.897,127.896,127.896
2022-05-23 23:00:00,127.897,127.936,127.883,127.892,127.897,127.899
2022-05-24 00:00:00,127.907,127.91,127.75,127.894,127.907,127.915
2022-05-24 01:00:00,127.894,127.894,127.78,127.852,127.894,127.902
2022-05-24 02:00:00,127.852,127.863,127.743,127.819,127.852,127.857
2022-05-24 03:00:00,127.819,127.868,127.63,127.808,127.819,127.822
2022-05-24 04:00:00,127.808,128.086,127.659,127.96,127.808,127.81
2022-05-24 05:00:00,127.962,127.983,127.75,127.779,127.962,127.963
2022-05-24 06:00:00,127.782,127.808,127.671,127.782,127.782,127.784
2022-05-24 07:00:00,127.782,127.782,127.556,127.657,127.782,127.787
2022-05-24 08:00:00,127.657,127.687,127.534,127.612,127.657,127.661
2022-05-24 09:00:00,127.608,127.744,127.484,127.604,127.608,127.612
2022-05-24 10:00:00,127.603,127.638,127.241,127.288,127.603,127.605
2022-05-24 11:00:00,127.287,127.475,127.193,127.433,127.287,127.291
2022-05-24 12:00:00,127.434,127.449,127.087,127.356,127.434,127.435
2022-05-24 13:00:00,127.355,127.526,127.328,127.456,127.355,127.358
2022-05-24 14:00:00,127.456,127.526,127.339,127.392,127.456,127.458
2022-05-24 15:00:00,127.391,127.485,127.197,127.234,127.391,127.393
2022-05-24 16:00:00,127.236,127.277,126.482,126.695,127.236,127.237
2022-05-24 17:00:00,126.696,126.704,126.362,126.513,126.696,126.7
2022-05-24 18:00:00,126.517,126.698,126.479,126.559,126.517,126.517
2022-05-24 19:00:00,126.559,126.665,126.482,126.569,126.559,126.561
2022-05-24 20:00:00,126.568,126.775,126.521,126.761,126.568,126.568
2022-05-24 21:00:00,126.761,126.875,126.706,126.812,126.761,126.763
2022-05-24 22:00:00,126.811,126.892,126.769,126.879,126.811,126.812
2022-05-24 23:00:00,126.879,126.898,126.802,126.854,126.879,126.879
2022-05-25 00:00:00,126.824,126.876,126.776,126.84,126.824,126.83
2022-05-25 01:00:00,126.84,126.891,126.782,126.813,126.84,126.846
2022-05-25 02:00:00,126.813,126.923,126.716,126.737,126.813,126.817
2022-05-25 03:00:00,126.735,126.983,126.652,126.899,126.735,126.736
2022-05-25 04:00:00,126.899,127.064,126.792,126.893,126.899,126.903
2022-05-25 05:00:00,126.894,127.058,126.798,127.028,126.894,126.901
2022-05-25 06:00:00,127.027,127.22,127.014,127.082,127.027,127.029
2022-05-25 07:00:00,127.082,127.139,126.943,126.948,127.082,127.085
2022-05-25 08:00:00,126.949,127.06,126.911,127.01,126.949,126.952
2022-05-25 09:00:00,127.015,127.037,126.838,126.991,127.015,127.017
2022-05-25 10:00:00,126.991,127.297,126.989,127.125,126.991,126.992
2022-05-25 11:00:00,127.124,127.152,126.934,127.06,127.124,127.125
2022-05-25 12:00:00,127.06,127.132,126.951,127.113,127.06,127.062
2022-05-25 13:00:00,127.113,127.16,127.068,127.154,127.113,127.115
2022-05-25 14:00:00,127.154,127.186,126.851,126.973,127.154,127.156
2022-05-25 15:00:00,126.973,127.099,126.799,127.057,126.973,126.974
2022-05-25 16:00:00,127.057,127.283,127.042,127.178,127.057,127.06
2022-05-25 17:00:00,127.176,127.443,127.135,127.364,127.176,127.177
2022-05-25 18:00:00,127.366,127.375,127.203,127.315,127.366,127.367
2022-05-25 19:00:00,127.315,127.475,127.302,127.466,127.315,127.317
2022-05-25 20:00:00,127.467,127.496,127.395,127.435,127.467,127.469
2022-05-25 21:00:00,127.435,127.493,127.232,127.299,127.435,127.439
2022-05-25 22:00:00,127.303,127.357,127.253,127.308,127.303,127.303
2022-05-25 23:00:00,127.306,127.338,127.259,127.298,127.306,127.31
2022-05-26 00:00:00,127.273,127.296,127.215,127.264,127.273,127.279
2022-05-26 01:00:00,127.266,127.287,127.205,127.217,127.266,127.272
2022-05-26 02:00:00,127.217,127.245,127.12,127.152,127.217,127.22
2022-05-26 03:00:00,127.155,127.513,127.13,127.455,127.155,127.158
2022-05-26 04:00:00,127.455,127.583,127.253,127.297,127.455,127.458
2022-05-26 05:00:00,127.287,127.452,127.28,127.373,127.287,127.288
2022-05-26 06:00:00,127.373,127.568,127.333,127.398,127.373,127.376
2022-05-26 07:00:00,127.399,127.446,127.342,127.358,127.399,127.402
2022-05-26 08:00:00,127.358,127.443,127.302,127.336,127.358,127.36
2022-05-26 09:00:00,127.336,127.362,127.154,127.179,127.336,127.34
2022-05-26 10:00:00,127.178,127.182,126.552,126.601,127.178,127.181
2022-05-26 11:00:00,126.6,126.802,126.563,126.686,126.6,126.603
2022-05-26 12:00:00,126.686,126.83,126.604,126.735,126.686,126.686
2022-05-26 13:00:00,126.735,126.778,126.568,126.763,126.735,126.735
2022-05-26 14:00:00,126.765,127.15,126.737,127.03,126.765,126.766
2022-05-26 15:00:00,127.03,127.283,126.891,127.179,127.03,127.032
2022-05-26 16:00:00,127.179,127.181,127.007,127.088,127.179,127.181
2022-05-26 17:00:00,127.089,127.348,127.033,127.326,127.089,127.091
2022-05-26 18:00:00,127.325,127.423,127.22,127.224,127.325,127.325
2022-05-26 19:00:00,127.224,127.382,127.224,127.36,127.224,127.226
2022-05-26 20:00:00,127.36,127.373,127.206,127.266,127.36,127.363
2022-05-26 21:00:00,127.265,127.288,127.175,127.181,127.265,127.266
2022-05-26 22:00:00,127.181,127.185,127.039,127.096,127.181,127.183
2022-05-26 23:00:00,127.096,127.104,127.034,127.08,127.096,127.099
2022-05-27 00:00:00,127.104,127.182,127.058,127.122,127.104,127.11
2022-05-27 01:00:00,127.125,127.163,127.043,127.059,127.125,127.131
2022-05-27 02:00:00,127.06,127.106,126.994,127.105,127.06,127.062
2022-05-27 03:00:00,127.105,127.193,126.905,127.005,127.105,127.108
2022-05-27 04:00:00,127.004,127.169,126.756,126.791,127.004,127.007
2022-05-27 05:00:00,126.789,126.845,126.679,126.691,126.789,126.795
2022-05-27 06:00:00,126.692,126.832,126.679,126.814,126.692,126.694
2022-05-27 07:00:00,126.814,126.888,126.803,126.817,126.814,126.818
2022-05-27 08:00:00,126.818,126.872,126.726,126.861,126.818,126.821
2022-05-27 09:00:00,126.86,127.029,126.756,127.011,126.86,126.861
2022-05-27 10:00:00,127.011,127.198,126.963,127.133,127.011,127.014
2022-05-27 11:00:00,127.133,127.192,126.979,127.043,127.133,127.136
2022-05-27 12:00:00,127.043,127.119,127.012,127.071,127.043,127.045
2022-05-27 13:00:00,127.07,127.145,127.029,127.098,127.07,127.071
2022-05-27 14:00:00,127.096,127.108,126.874,126.921,127.096,127.099
2022-05-27 15:00:00,126.915,127.098,126.83,127.035,126.915,126.915
2022-05-27 16:00:00,127.037,127.068,126.818,126.887,127.037,127.037
2022-05-27 17:00:00,126.887,127.141,126.813,127.118,126.887,126.889
2022-05-27 18:00:00,127.116,127.258,127.057,127.147,127.116,127.116
2022-05-27 19:00:00,127.148,127.196,127.085,127.14,127.148,127.149
2022-05-27 20:00:00,127.141,127.168,127.076,127.096,127.141,127.141
2022-05-27 21:00:00,127.1,127.121,127.072,127.098,127.1,127.1
2022-05-27 22:00:00,127.096,127.13,127.024,127.129,127.096,127.096
2022-05-27 23:00:00,127.13,127.144,127.08,127.122,127.13,127.13
2022-05-30 00:00:00,127.034,127.128,127.001,127.124,127.034,127.04
2022-05-30 01:00:00,127.13,127.213,127.128,127.195,127.13,127.136
2022-05-30 02:00:00,127.194,127.344,127.181,127.274,127.194,127.198
2022-05-30 03:00:00,127.273,127.32,126.964,127.054,127.273,127.275
2022-05-30 04:00:00,127.054,127.133,126.858,126.957,127.054,127.057
2022-05-30 05:00:00,126.96,127.038,126.921,126.992,126.96,126.96
2022-05-30 06:00:00,126.993,127.035,126.938,126.98,126.993,126.994
2022-05-30 07:00:00,126.982,127.032,126.946,127.001,126.982,126.982
2022-05-30 08:00:00,127.002,127.036,126.959,127.034,127.002,127.004
2022-05-30 09:00:00,127.035,127.218,127.021,127.119,127.035,127.035
2022-05-30 10:00:00,127.119,127.385,127.094,127.361,127.119,127.12
2022-05-30 11:00:00,127.36,127.387,127.264,127.294,127.36,127.362
2022-05-30 12:00:00,127.293,127.364,127.25,127.29,127.293,127.293
2022-05-30 13:00:00,127.29,127.435,127.249,127.379,127.29,127.29
2022-05-30 14:00:00,127.378,127.432,127.344,127.422,127.378,127.381
2022-05-30 15:00:00,127.422,127.824,127.422,127.733,127.422,127.426
2022-05-30 16:00:00,127.73,127.765,127.636,127.727,127.73,127.733
2022-05-30 17:00:00,127.727,127.771,127.579,127.627,127.727,127.73
2022-05-30 18:00:00,127.626,127.645,127.436,127.538,127.626,127.63
2022-05-30 19:00:00,127.539,127.61,127.533,127.544,127.539,127.539
2022-05-30 20:00:00,127.546,127.556,127.523,127.543,127.546,127.55
2022-05-30 21:00:00,127.543,127.553,127.518,127.528,127.543,127.543
2022-05-30 22:00:00,127.524,127.568,127.514,127.565,127.524,127.525
2022-05-30 23:00:00,127.565,127.616,127.534,127.609,127.565,127.567
2022-05-31 00:00:00,127.503,127.647,127.503,127.624,127.503,127.605
2022-05-31 01:00:00,127.63,127.64,127.532,127.621,127.63,127.635
2022-05-31 02:00:00,127.621,127.87,127.61,127.784,127.621,127.624
2022-05-31 03:00:00,127.784,128.27,127.749,128.195,127.784,127.784
2022-05-31 04:00:00,128.198,128.342,128.091,128.164,128.198,128.2
2022-05-31 05:00:00,128.164,128.183,128.011,128.157,128.164,128.165
2022-05-31 06:00:00,128.153,128.153,128.044,128.086,128.153,128.154
2022-05-31 07:00:00,128.086,128.157,127.945,128.007,128.086,128.088
2022-05-31 08:00:00,128.007,128.008,127.815,127.895,128.007,128.009
2022-05-31 09:00:00,127.893,128.073,127.697,128.05,127.893,127.896
2022-05-31 10:00:00,128.047,128.047,127.634,127.754,128.047,128.048
2022-05-31 11:00:00,127.754,127.928,127.672,127.923,127.754,127.754
2022-05-31 12:00:00,127.924,127.996,127.84,127.946,127.924,127.924
2022-05-31 13:00:00,127.946,128.103,127.874,127.98,127.946,127.946
2022-05-31 14:00:00,127.98,128.239,127.968,128.182,127.98,127.981
2022-05-31 15:00:00,128.18,128.674,128.18,128.66,128.18,128.18
2022-05-31 16:00:00,128.661,128.8,128.466,128.708,128.661,128.663
2022-05-31 17:00:00,128.708,128.89,128.525,128.646,128.708,128.708
2022-05-31 18:00:00,128.648,128.657,128.502,128.541,128.648,128.648
2022-05-31 19:00:00,128.542,128.622,128.508,128.55,128.542,128.542
2022-05-31 20:00:00,128.55,128.645,128.466,128.623,128.55,128.551
2022-05-31 21:00:00,128.622,128.657,128.571,128.639,128.622,128.623
2022-05-31 22:00:00,128.641,128.777,128.634,128.723,128.641,128.643
2022-05-31 23:00:00,128.719,128.744,128.676,128.705,128.719,128.722
2022-06-01 00:00:00,128.65,128.706,128.65,128.698,128.65,128.656
2022-06-01 01:00:00,128.7,128.762,128.67,128.756,128.7,128.706
2022-06-01 02:00:00,128.759,128.761,128.645,128.737,128.759,128.762
2022-06-01 03:00:00,128.737,128.955,128.737,128.917,128.737,128.739
2022-06-01 04:00:00,128.917,129.187,128.87,129.1,128.917,128.92
2022-06-01 05:00:00,129.1,129.162,129.018,129.043,129.1,129.104
2022-06-01 06:00:00,129.044,129.15,128.975,129.133,129.044,129.046
2022-06-01 07:00:00,129.132,129.252,129.107,129.226,129.132,129.132
2022-06-01 08:00:00,129.226,129.294,129.186,129.228,129.226,129.229
2022-06-01 09:00:00,129.228,129.404,129.154,129.389,129.228,129.228
2022-06-01 10:00:00,129.388,129.544,129.334,129.405,129.388,129.388
2022-06-01 11:00:00,129.406,129.488,129.226,129.481,129.406,129.406
2022-06-01 12:00:00,129.48,129.491,129.309,129.341,129.48,129.484
2022-06-01 13:00:00,129.34,129.46,129.288,129.425,129.34,129.341
2022-06-01 14:00:00,129.426,129.616,129.421,129.555,129.426,129.428
2022-06-01 15:00:00,129.554,129.555,129.306,129.327,129.554,129.556
2022-06-01 16:00:00,129.327,129.446,129.206,129.364,129.327,129.328
2022-06-01 17:00:00,129.366,129.987,129.366,129.946,129.366,129.368
2022-06-01 18:00:00,129.946,130.133,129.889,130.101,129.946,129.946
2022-06-01 19:00:00,130.102,130.136,129.954,130.131,130.102,130.102
2022-06-01 20:00:00,130.131,130.176,130.058,130.154,130.131,130.134
2022-06-01 21:00:00,130.154,130.185,130.091,130.127,130.154,130.158
2022-06-01 22:00:00,130.127,130.184,130.119,130.169,130.127,130.127
2022-06-01 23:00:00,130.169,130.188,130.134,130.16,130.169,130.172
2022-06-02 00:00:00,130.12,130.153,130.108,130.143,130.12,130.126
2022-06-02 01:00:00,130.144,130.193,130.096,130.118,130.144,130.15
2022-06-02 02:00:00,130.117,130.241,130.106,130.127,130.117,130.121
2022-06-02 03:00:00,130.128,130.217,129.885,130.04,130.128,130.131
2022-06-02 04:00:00,130.041,130.109,129.993,129.994,130.041,130.042
2022-06-02 05:00:00,129.994,130.142,129.892,130.134,129.994,129.995
2022-06-02 06:00:00,130.136,130.138,130.047,130.082,130.136,130.138
2022-06-02 07:00:00,130.086,130.093,129.989,130.055,130.086,130.086
2022-06-02 08:00:00,130.057,130.09,129.953,130.03,130.057,130.057
2022-06-02 09:00:00,130.029,130.042,129.822,129.847,130.029,130.031
2022-06-02 10:00:00,129.848,129.967,129.767,129.896,129.848,129.85
2022-06-02 11:00:00,129.896,129.966,129.839,129.892,129.896,129.896
2022-06-02 12:00:00,129.892,129.908,129.688,129.763,129.892,129.894
2022-06-02 13:00:00,129.763,129.839,129.706,129.725,129.763,129.765
2022-06-02 14:00:00,129.725,129.764,129.613,129.673,129.725,129.727
2022-06-02 15:00:00,129.675,129.754,129.512,129.644,129.675,129.677
2022-06-02 16:00:00,129.644,129.984,129.633,129.943,129.644,129.645
2022-06-02 17:00:00,129.942,130.04,129.811,129.842,129.942,129.946
2022-06-02 18:00:00,129.843,129.866,129.694,129.839,129.843,129.845
2022-06-02 19:00:00,129.838,129.858,129.719,129.781,129.838,129.84
2022-06-02 20:00:00,129.782,129.883,129.772,129.834,129.782,129.784
2022-06-02 21:00:00,129.834,129.865,129.78,129.859,129.834,129.836
2022-06-02 22:00:00,129.858,129.879,129.835,129.856,129.858,129.86
2022-06-02 23:00:00,129.856,129.902,129.837,129.9,129.856,129.859
2022-06-03 00:00:00,129.831,129.894,129.82,129.87,129.831,129.837
2022-06-03 01:00:00,129.87,129.903,129.841,129.881,129.87,129.876
2022-06-03 02:00:00,129.881,129.963,129.867,129.938,129.881,129.885
2022-06-03 03:00:00,129.937,130.04,129.698,129.755,129.937,129.937
2022-06-03 04:00:00,129.755,129.833,129.683,129.752,129.755,129.759
2022-06-03 05:00:00,129.755,129.869,129.749,129.801,129.755,129.757
2022-06-03 06:00:00,129.801,129.852,129.732,129.839,129.801,129.803
2022-06-03 07:00:00,129.839,129.894,129.814,129.848,129.839,129.841
2022-06-03 08:00:00,129.848,129.883,129.8,129.834,129.848,129.85
2022-06-03 09:00:00,129.838,129.948,129.814,129.935,129.838,129.838
2022-06-03 10:00:00,129.935,130.054,129.835,129.884,129.935,129.937
2022-06-03 11:00:00,129.884,129.987,129.866,129.972,129.884,129.886
2022-06-03 12:00:00,129.971,130.093,129.969,130.086,129.971,129.972
2022-06-03 13:00:00,130.085,130.196,130.05,130.145,130.085,130.087
2022-06-03 14:00:00,130.144,130.189,130.093,130.136,130.144,130.145
2022-06-03 15:00:00,130.132,130.65,130.075,130.495,130.132,130.133
2022-06-03 16:00:00,130.497,130.583,130.392,130.501,130.497,130.497
2022-06-03 17:00:00,130.502,130.734,130.423,130.707,130.502,130.506
2022-06-03 18:00:00,130.707,130.976,130.682,130.949,130.707,130.707
2022-06-03 19:00:00,130.947,130.98,130.797,130.81,130.947,130.95
2022-06-03 20:00:00,130.809,130.885,130.804,130.884,130.809,130.811
2022-06-03 21:00:00,130.886,130.921,130.818,130.836,130.886,130.886
2022-06-03 22:00:00,130.836,130.88,130.812,130.861,130.836,130.836
2022-06-03 23:00:00,130.859,130.88,130.8,130.826,130.859,130.86
2022-06-06 00:00:00,130.915,130.915,130.817,130.848,130.915,130.921
2022-06-06 01:00:00,130.86,130.992,130.801,130.82,130.86,130.948
2022-06-06 02:00:00,130.821,130.875,130.711,130.722,130.821,130.826
2022-06-06 03:00:00,130.72,130.84,130.662,130.83,130.72,130.72
2022-06-06 04:00:00,130.829,130.834,130.532,130.587,130.829,130.834
2022-06-06 05:00:00,130.588,130.633,130.551,130.605,130.588,130.59
2022-06-06 06:00:00,130.604,130.614,130.466,130.493,130.604,130.605
2022-06-06 07:00:00,130.493,130.674,130.43,130.661,130.493,130.493
2022-06-06 08:00:00,130.661,130.742,130.603,130.622,130.661,130.664
2022-06-06 09:00:00,130.624,130.695,130.485,130.495,130.624,130.626
2022-06-06 10:00:00,130.495,130.83,130.468,130.771,130.495,130.496
2022-06-06 11:00:00,130.769,130.828,130.665,130.752,130.769,130.772
2022-06-06 12:00:00,130.753,130.787,130.657,130.709,130.753,130.754
2022-06-06 13:00:00,130.708,130.755,130.618,130.639,130.708,130.709
2022-06-06 14:00:00,130.639,130.684,130.616,130.654,130.639,130.641
2022-06-06 15:00:00,130.654,130.866,130.651,130.791,130.654,130.654
2022-06-06 16:00:00,130.792,130.954,130.781,130.944,130.792,130.794
2022-06-06 17:00:00,130.944,131.447,130.933,131.329,130.944,130.944
2022-06-06 18:00:00,131.33,131.684,131.328,131.556,131.33,131.33
2022-06-06 19:00:00,131.557,131.683,131.502,131.672,131.557,131.557
2022-06-06 20:00:00,131.673,131.84,131.672,131.834,131.673,131.673
2022-06-06 21:00:00,131.834,132.008,131.797,132.001,131.834,131.836
2022-06-06 22:00:00,132.003,132.011,131.838,131.846,132.003,132.003
2022-06-06 23:00:00,131.845,131.91,131.845,131.89,131.845,131.848
2022-06-07 00:00:00,131.866,131.916,131.862,131.906,131.866,131.872
